SET
FOREIGN_KEY_CHECKS=0;
SET
SQL_MODE = "NO_AUTO_VALUE_ON_ZERO";
/*------------------------------------Housing-------------------------------------*/

INSERT INTO `lodging_room_levels` (`id`, `name`, `description`, `created_at`, `updated_at`, `deleted_at`, `status`,
                                   `business_id`)
VALUES (1, 'Planta Penthouse',
        'El penthouse generalmente se encuentra en la parte superior del hotel y ofrece alojamiento de lujo con comodidades adicionales.',
        '2024-02-29 14:24:06', '2024-02-29 14:24:06', NULL, 'ACTIVE', 1),
       (2, 'Planta Baja',
        'El primer piso suele ser una parte crucial del hotel, ya que es donde los huéspedes entran y salen y donde se encuentran las áreas comunes principales.',
        '2024-02-29 14:24:29', '2024-02-29 14:24:45', NULL, 'ACTIVE', 1),
       (3, 'Primer Piso', NULL, '2024-02-29 14:24:52', '2024-02-29 14:24:52', NULL, 'ACTIVE', 1),
       (4, 'Segundo Piso', NULL, '2024-02-29 14:24:57', '2024-02-29 14:24:57', NULL, 'ACTIVE', 1);
INSERT INTO `lodging_room_features` (`id`, `name`, `description`, `created_at`, `updated_at`, `deleted_at`, `status`,
                                     `business_id`)
VALUES (1, 'Vistas panorámicas desde grandes ventanales o balcones.',
        'Vistas panorámicas desde grandes ventanales o balcones', '2024-02-29 14:31:11', '2024-02-29 14:31:11', NULL,
        'ACTIVE', 1),
       (2, 'Servicio de mayordomo personalizado', NULL, '2024-02-29 14:31:27', '2024-02-29 14:31:27', NULL, 'ACTIVE',
        1);



INSERT INTO `roles` (`id`, `name`, `status`, `created_at`, `updated_at`)
VALUES (1, 'GOD', 'ACTIVE', NULL, NULL),
       (2, 'BUSINESS', 'ACTIVE', '2020-06-14 18:50:42', '2020-06-14 18:50:42'),
       (3, 'EMPLOYER', 'ACTIVE', '2020-06-14 19:08:45', '2020-06-14 22:10:21'),
       (4, 'CUSTOMER', 'ACTIVE', '2020-06-14 19:17:10', '2020-06-14 19:17:10');



INSERT INTO `tax_by_business` (`id`, `tax_id`, `state`, `business_id`)
VALUES (1, 1, 'ACTIVE', 1);

INSERT INTO `users` (`id`, `name`, `email`, `username`, `password`, `remember_token`, `status`, `created_at`,
                     `updated_at`, `provider_id`, `provider`, `api_token`, `user_id`, `avatar`)
VALUES (1, 'Admin', 'admin@system.dev', NULL, '$2y$10$bzHa0mwLff7MNndE5DSOpu9Ae2CZefyQnqZW9f4PV3CWsFQnG.zeS',
        'YD8q4rYh5b1qMa2gjtlJrZMI3IvT0kllGUOFEkJalFBub0W1Dw0rtiuYVMZ3', 'ACTIVE', '2017-11-25 15:41:16',
        '2017-11-25 15:41:16', 'server', 'server', NULL, NULL, NULL),
       (2, 'Supervisor', 'supervisor@system.dev', 'supervisor@system.dev',
        '$2y$10$bzHa0mwLff7MNndE5DSOpu9Ae2CZefyQnqZW9f4PV3CWsFQnG.zeS', NULL, 'ACTIVE', '2021-05-09 02:23:48',
        '2021-05-09 02:23:48', NULL, NULL, NULL, NULL, NULL),
       (3, 'Alex', 'kalexmiguelalba@gmail.com', NULL, '$2y$10$bzHa0mwLff7MNndE5DSOpu9Ae2CZefyQnqZW9f4PV3CWsFQnG.zeS',
        NULL, 'ACTIVE', '2024-02-26 23:30:23', '2024-02-26 23:30:23', NULL, 'server', NULL, NULL, NULL);
INSERT INTO `users_has_roles` (`user_id`, `role_id`)
VALUES (1, 1),
       (2, 2),
       (3, 4);

INSERT INTO `business` (`id`, `description`, `title`, `email`, `page_url`, `phone_value`, `street_1`, `street_2`,
                        `street_lat`, `street_lng`, `user_id`, `business_subcategories_id`, `created_at`, `updated_at`,
                        `deleted_at`, `status`, `qualification`, `source`, `options_map`, `has_document`, `has_about`,
                        `has_service_delivery`, `type_business`, `type_manager_payment`, `business_name`,
                        `keep_accounting`, `type_ruc_id`, `allow_cash_and_banks`, `entity_plans_id`,
                        `entity_position_fiscal_id`, `document`)
VALUES (1, 'ADD', 'INKA', 'KALEXMI@GMAIL.COM', 'null', '0994838506', 'CALLE UNO', 'CALLE DOS', 0.23148, -78.2685, 1, 69,
        NULL, NULL, NULL, 'ACTIVE', 0,
        '/uploads/business/information/1662390741_295794136_1472633853164606_2532871475146847925_n.jpg', NULL, 0, 0, 0,
        0, 0, '', 0, 4, 0, 3, 1, '');

INSERT INTO `human_resources_department` (`id`, `name`, `description`, `status`, `business_id`)
VALUES (1, 'Sistemas', '', 'ACTIVE', 1),
       (2, 'Marketing', '', 'ACTIVE', 1),
       (3, 'Diseño', '', 'ACTIVE', 1),
       (4, 'Ventas', '', 'ACTIVE', 1);

INSERT INTO `business_by_language` (`id`, `language_id`, `business_id`, `state`, `main`)
VALUES (1, 1, 1, 'ACTIVE', 0),
       (2, 2, 1, 'ACTIVE', 0),
       (3, 3, 1, 'ACTIVE', 1);

INSERT INTO `business_by_schedule` (`id`, `type`, `open`, `business_id`, `status`, `schedule_days_category_id`)
VALUES (1, 0, 1, 1, 'ACTIVE', 1),
       (2, 0, 1, 1, 'ACTIVE', 2),
       (3, 0, 1, 1, 'ACTIVE', 3),
       (4, 0, 1, 1, 'ACTIVE', 4),
       (5, 0, 1, 1, 'ACTIVE', 5),
       (6, 0, 1, 1, 'ACTIVE', 6),
       (7, 0, 1, 1, 'ACTIVE', 7);
INSERT INTO `business_location` (`id`, `zones_id`, `business_id`)
VALUES (1, 2, 1);

INSERT INTO `information_mail` (`id`, `value`, `state`, `entity_id`, `main`, `entity_type`, `information_mail_type_id`)
VALUES (1, 'kalexmigujelalba@gmail.com', 'ACTIVE', 3, 1, 1, 1);




INSERT INTO `information_social_network` (`id`, `value`, `state`, `entity_id`, `main`, `entity_type`,
                                          `information_social_network_type_id`)
VALUES (1, 'http://flowers.com/', 'ACTIVE', 2, 1, 4, 1);


INSERT INTO `business_by_gamification` (`id`, `gamification_id`, `business_id`, `allow_exchange`,
                                        `allow_exchange_business`, `state`)
VALUES (1, 1, 6, 0, 0, 'ACTIVE');

--
-- Volcado de datos para la tabla `gamification`
--

INSERT INTO `gamification` (`id`, `value`, `description`, `value_unit`, `state`, `maximum_exchange`)
VALUES (1, 'Configuracion Inicial Gamificacion', 'Configuracion', 0, 'ACTIVE', 0);


/*  MANAGER BUSINESS PROCESS*/
INSERT INTO `human_resources_organizational_chart_area` (`id`, `parent_id`, `weight`, `icon`, `type`, `description`,
                                                         `type_item`, `status`, `name`, `business_id`)
VALUES (1, NULL, 1, 'fa fa-developer', 2, 'Asamblea de Socios', 1, 'ACTIVE', 'Asamblea de Socios', 1),
       (2, 1, 1, 'fa fa-developer', 0, 'GERENTE GENERAL', 1, 'ACTIVE', 'GERENTE GENERAL', 1),
       (3, 2, 1, 'fa fa-developer', 0, 'ADMINISTRATIVO', 1, 'ACTIVE', 'ADMINISTRATIVO', 1),
       (4, 2, 2, 'fa fa-developer', 0, 'COMERCIAL', 1, 'ACTIVE', 'COMERCIAL', 1),
       (5, 2, 3, 'fa fa-developer', 0, 'OPERACIONES', 1, 'ACTIVE', 'OPERACIONES', 1);
INSERT INTO `human_resources_schedule_type` (`id`, `name`, `code`, `description`, `created_at`, `updated_at`,
                                             `deleted_at`, `status`, `predetermined`, `rotary`, `business_id`)
VALUES (1, 'HORARIO OPERATIVO', '001', 'HORARIO OPERATIVO', '2023-06-14 00:05:17', NULL, NULL, 'ACTIVE', 0, 0, 1);


INSERT INTO `human_resources_department_by_organizational_chart_area` (`id`, `human_resources_department_id`,
                                                                       `human_resources_organizational_chart_area_id`)
VALUES (1, 5, 3),
       (2, 1, 3),
       (3, 4, 4),
       (4, 2, 4),
       (5, 6, 5);



INSERT INTO `actions` (`id`, `name`, `link`, `parent_id`, `weight`, `icon`, `type`, `description`, `type_item`)
VALUES (1, 'RBAC', '#', NULL, 2, 'fas fa-user-cog', 2, '#', 1),
       (2, 'Gestion Usuarios', 'user', 1, 3, NULL, 0, 'user', 1),
       (3, 'ADMIN GRID-RBAC', 'user/list', 1, 4, NULL, 1, 'user/list', 1),
       (4, 'Create Formulario', 'user/form', 1, 5, NULL, 1, 'user/form', 1),
       (5, 'Update Formulario', 'user/form', 1, 6, NULL, 1, 'user/form', 1),
       (6, 'Email Validacion', 'user/unique-email', 1, 7, NULL, 1, 'user/unique-email', 1),
       (7, 'Nombre de Usuario Validacion', 'user/unique-username', 1, 8, NULL, 1, 'user/unique-username', 1),
       (8, 'Obtencion de Datos Roles', 'role/list/select', 1, 9, NULL, 1, 'role/list/select', 1),
       (9, 'Cambio de contraseña Validacion anterior contraseña', 'user/check-password-old', 1, 10, NULL, 1,
        'user/check-password-old', 1),
       (10, 'Cambio de contraseña Validacion anterior contraseña', 'user/save', 1, 11, NULL, 1, 'user/save', 1),
       (11, 'Cambio de contraseña Validacion anterior contraseña', 'user/save', 1, 12, NULL, 1, 'user/save', 1),
       (12, 'Gestion Roles', 'role', 1, 13, NULL, 0, 'role', 1),
       (13, 'ADMIN GRID-RBAC', 'role/list', 12, 14, NULL, 1, 'role/list', 1),
       (14, 'Create Formulario', 'role/form', 12, 15, NULL, 1, 'role/form', 1),
       (15, 'Update Formulario', 'role/form', 12, 16, NULL, 1, 'role/form', 1),
       (16, 'Guardar Registro Formulario Roles', 'role/save', 12, 17, NULL, 1, 'role/save', 1),
       (17, 'Gestion Menu', 'actions/manager', 1, 18, NULL, 0, 'actions/manager', 1),
       (18, 'ADMIN GRID-GESTION MENU', 'actions/admin', 17, 19, NULL, 1, 'actions/admin', 1),
       (19, 'Select datos de subproceso Actions', 'actions/listActionsParent', 17, 20, NULL, 1,
        'actions/listActionsParent', 1),
       (20, 'Guardar Registro Formulario Actions', 'actions/save', 17, 21, NULL, 1, 'actions/save', 1),
       (21, 'Guardar Registro Formulario Actions', 'actions/save', 17, 22, NULL, 1, 'actions/save', 1),
       (22, 'Contabilidad', '#', NULL, 23, 'fas fa-cash-register', 2, '#', 1),
       (23, 'Gestion Iva', 'tax/manager', 22, 24, NULL, 0, 'tax/manager', 1),
       (24, 'ADMIN GRID-IVA', 'tax/admin', 22, 25, NULL, 1, 'tax/admin', 1),
       (25, 'Creacion registro Formulario Tax', 'tax/save', 22, 26, NULL, 1, 'tax/save', 1),
       (26, 'Creacion registro Formulario Tax', 'tax/save', 22, 27, NULL, 1, 'tax/save', 1),
       (27, 'Contabilidad Cuentas', 'accountingAccount/manager', 22, 28, NULL, 0, 'accountingAccount/manager', 1),
       (28, 'ADMIN GRID-CONTABILIDAD CUENTAS', 'accountingAccount/admin', 27, 29, NULL, 1, 'accountingAccount/admin',
        1),
       (29, 'Update registro Formulario Accounting', 'accountingAccount/save', 27, 30, NULL, 1,
        'accountingAccount/save', 1),
       (30, 'Creacion registro Formulario Accounting', 'accountingAccount/save', 27, 31, NULL, 1,
        'accountingAccount/save', 1),
       (31, 'Gestion Tipos de Ruc', 'rucType/manager', 22, 32, NULL, 0, 'rucType/manager', 1),
       (32, 'ADMIN GRID-CONTABILIDAD CUENTAS', 'rucType/admin', 31, 33, NULL, 1, 'rucType/admin', 1),
       (33, 'Update registro Formulario Accounting', 'rucType/save', 31, 34, NULL, 1, 'rucType/save', 1),
       (34, 'Creacion registro Formulario Accounting', 'rucType/save', 31, 35, NULL, 1, 'rucType/save', 1),
       (35, 'Gestion Modulos Tipos', 'accountingConfigModulesTypes/manager', 22, 36, NULL, 0,
        'accountingConfigModulesTypes/manager', 1),
       (36, 'ADMIN GRID-CONTABILIDAD MODULOS TIPOS', 'accountingConfigModulesTypes/admin', 35, 37, NULL, 1,
        'accountingConfigModulesTypes/admin', 1),
       (37, 'Update registro Formulario MODULOS TIPOS', 'accountingConfigModulesTypes/save', 35, 38, NULL, 1,
        'accountingConfigModulesTypes/save', 1),
       (38, 'Creacion registro Formulario MODULOS TIPOS', 'accountingConfigModulesTypes/save', 35, 39, NULL, 1,
        'accountingConfigModulesTypes/save', 1),
       (39, 'Gestion Niveles', 'accountingLevel/manager', 22, 40, NULL, 0, 'accountingLevel/manager', 1),
       (40, 'ADMIN GRID-CONTABILIDAD NIVELES', 'accountingLevel/admin', 39, 41, NULL, 1, 'accountingLevel/admin', 1),
       (41, 'Update registro Formulario NIVELES', 'accountingLevel/save', 39, 42, NULL, 1, 'accountingLevel/save', 1),
       (42, 'Creacion registro Formulario NIVELES', 'accountingLevel/save', 39, 43, NULL, 1, 'accountingLevel/save', 1),
       (43, 'Gestion Modulos Contables', 'accountingConfigModulesAccountByAccount/manager', 22, 44, NULL, 0,
        'accountingConfigModulesAccountByAccount/manager', 1),
       (44, 'ADMIN GRID-CONTABILIDAD MODULOS CONTABLES', 'accountingConfigModulesAccountByAccount/admin', 43, 45, NULL,
        1, 'accountingConfigModulesAccountByAccount/admin', 1),
       (45, 'Update registro Formulario MODULOS CONTABLES', 'accountingConfigModulesAccountByAccount/save', 43, 46,
        NULL, 1, 'accountingConfigModulesAccountByAccount/save', 1),
       (46, 'Creacion registro Formulario MODULOS CONTABLES', 'accountingConfigModulesAccountByAccount/save', 43, 47,
        NULL, 1, 'accountingConfigModulesAccountByAccount/save', 1),
       (47, 'Ubicacion', '#', NULL, 48, 'fas fa-map-marked-alt', 2, '#', 1),
       (48, 'Gestion Paises', 'country', 47, 49, NULL, 0, 'country', 1),
       (49, 'ADMIN GRID-country', 'country/list', 48, 50, NULL, 1, 'country/list', 1),
       (50, 'Create Formulario country', 'country/form', 48, 51, NULL, 1, 'country/form', 1),
       (51, 'Update Formulario country', 'country/form', 48, 52, NULL, 1, 'country/form', 1),
       (52, 'Nombre de Usuario Validacion', 'country/unique-name', 48, 53, NULL, 1, 'country/unique-name', 1),
       (53, 'Actualizar Registro country', 'country/save', 48, 54, NULL, 1, 'country/save', 1),
       (54, 'Save Registro country', 'country/save', 48, 55, NULL, 1, 'country/save', 1),
       (55, 'Gestion Provincias/Estados', 'province', 47, 56, NULL, 0, 'province', 1),
       (56, 'ADMIN GRID-country', 'province/list', 55, 57, NULL, 1, 'province/list', 1),
       (57, 'Create Formulario country', 'province/form', 55, 58, NULL, 1, 'province/form', 1),
       (58, 'Update Formulario country', 'province/form', 55, 59, NULL, 1, 'province/form', 1),
       (59, 'Obtencion Valores Paises', 'country/list/select', 55, 60, NULL, 1, 'country/list/select', 1),
       (60, 'Nombre Validacion', 'province/unique-name', 55, 61, NULL, 1, 'province/unique-name', 1),
       (61, 'Actualizar Registro country', 'province/save', 55, 62, NULL, 1, 'province/save', 1),
       (62, 'Save Registro country', 'province/save', 55, 63, NULL, 1, 'province/save', 1),
       (63, 'Gestion Ciudades', 'city', 47, 64, NULL, 0, 'city', 1),
       (64, 'ADMIN MANAGER PAISES-CIUDADES', 'country/list/select', 63, 65, NULL, 1, 'country/list/select', 1),
       (65, 'ADMIN MANAGER PROVINCIAS-CIUDADES', 'province/list/select', 63, 66, NULL, 1, 'province/list/select', 1),
       (66, 'ADMIN GRID-CIUDADES', 'city/list', 63, 67, NULL, 1, 'city/list', 1),
       (67, 'Create Formulario CIUDADES', 'city/form', 63, 68, NULL, 1, 'city/form', 1),
       (68, 'Update Formulario CIUDADES', 'city/form', 63, 69, NULL, 1, 'city/form', 1),
       (69, 'Actualizar Registro CIUDADES', 'city/save', 63, 70, NULL, 1, 'city/save', 1),
       (70, 'Save Registro CIUDADES', 'city/save', 63, 71, NULL, 1, 'city/save', 1),
       (71, 'Gestion Zonas', 'zone', 47, 72, NULL, 0, 'zone', 1),
       (72, 'ADMIN MANAGER PAISES-ZONAS', 'country/list/select', 71, 73, NULL, 1, 'country/list/select', 1),
       (73, 'ADMIN MANAGER PROVINCIAS-ZONAS', 'province/list/select', 71, 74, NULL, 1, 'province/list/select', 1),
       (74, 'ADMIN MANAGER ciudades-ZONAS', 'city/list/select', 71, 75, NULL, 1, 'city/list/select', 1),
       (75, 'ADMIN MANAGER mapa-ZONAS', 'zone/list/map', 71, 76, NULL, 1, 'zone/list/map', 1),
       (76, 'ADMIN GRID-ZONAS', 'zone/list', 71, 77, NULL, 1, 'zone/list', 1),
       (77, 'Create Formulario ZONAS', 'zone/form', 71, 78, NULL, 1, 'zone/form', 1),
       (78, 'Unique Formulario ZONAS', 'zone/unique-name', 71, 79, NULL, 1, 'zone/unique-name', 1),
       (79, 'Update Formulario ZONAS', 'zone/form', 71, 80, NULL, 1, 'zone/form', 1),
       (80, 'Actualizar Registro ZONAS', 'zone/save', 71, 81, NULL, 1, 'zone/save', 1),
       (81, 'Save Registro ZONAS', 'zone/save', 71, 82, NULL, 1, 'zone/save', 1),
       (82, 'Config Envios', '#', NULL, 83, 'fas fa-truck', 2, '#', 1),
       (83, 'Formas de Envio', 'shippingRateKindsOfWay/manager', 82, 84, NULL, 0, 'shippingRateKindsOfWay/manager', 1),
       (84, 'ADMIN GRID-FORMAS DE ENVIO', 'shippingRateKindsOfWay/admin', 83, 85, NULL, 1,
        'shippingRateKindsOfWay/admin', 1),
       (85, 'Creacion registro Formulario FORMAS DE ENVIO', 'shippingRateKindsOfWay/save', 83, 86, NULL, 1,
        'shippingRateKindsOfWay/save', 1),
       (86, 'Creacion registro Formulario FORMAS DE ENVIO', 'shippingRateKindsOfWay/save', 83, 87, NULL, 1,
        'shippingRateKindsOfWay/save', 1),
       (87, 'Empresas de Envio', 'shippingRateBusiness/manager', 82, 88, NULL, 0, 'shippingRateBusiness/manager', 1),
       (88, 'ADMIN GRID-EMPRESAS DE ENVIO', 'shippingRateBusiness/admin', 87, 89, NULL, 1, 'shippingRateBusiness/admin',
        1),
       (89, 'Creacion registro Formulario EMPRESAS DE ENVIO', 'shippingRateBusiness/save', 87, 90, NULL, 1,
        'shippingRateBusiness/save', 1),
       (90, 'Creacion registro Formulario EMPRESAS DE ENVIO', 'shippingRateBusiness/save', 87, 91, NULL, 1,
        'shippingRateBusiness/save', 1),
       (91, 'Boton Administracion de Servicios Envios', 'shippingRateServices/admin', 87, 92, NULL, 1,
        'shippingRateServices/admin', 1),
       (92, 'ADMIN GRID-Servicios Envios', 'shippingRateServices/admin', 91, 93, NULL, 1, 'shippingRateServices/admin',
        1),
       (93, 'Creacion registro Formulario Servicios Envios', 'shippingRateServices/save', 91, 94, NULL, 1,
        'shippingRateServices/save', 1),
       (94, 'Creacion registro Formulario Servicios Envios', 'shippingRateServices/save', 91, 95, NULL, 1,
        'shippingRateServices/save', 1),
       (95, 'Boton Administracion de Factor de Conversion', 'shippingRateBusinessByConversionFactor/admin', 87, 96,
        NULL, 1, 'shippingRateBusinessByConversionFactor/admin', 1),
       (96, 'ADMIN GRID-Factor de Conversion', 'shippingRateBusinessByConversionFactor/admin', 95, 97, NULL, 1,
        'shippingRateBusinessByConversionFactor/admin', 1),
       (97, 'Creacion registro Formulario Factor de Conversion', 'shippingRateBusinessByConversionFactor/save', 95, 98,
        NULL, 1, 'shippingRateBusinessByConversionFactor/save', 1),
       (98, 'Creacion registro Formulario Factor de Conversion', 'shippingRateBusinessByConversionFactor/save', 95, 99,
        NULL, 1, 'shippingRateBusinessByConversionFactor/save', 1),
       (99, 'form Get Servicios', 'shippingRateKindsOfWay/listSelect2', 95, 100, NULL, 1,
        'shippingRateKindsOfWay/listSelect2', 1),
       (100, 'form Get Formas de envio', 'shippingRateKindsOfWay/listSelect2', 95, 101, NULL, 1,
        'shippingRateKindsOfWay/listSelect2', 1),
       (101, 'form Get Medidas', 'productMeasureType/listSelect2', 95, 102, NULL, 1, 'productMeasureType/listSelect2',
        1),
       (102, 'Informacion Adicional', '#', NULL, 103, 'fas fa-address-card', 2, '#', 1),
       (103, 'Tipo de Email', 'informationMailType/manager', 102, 104, NULL, 0, 'informationMailType/manager', 1),
       (104, 'ADMIN GRID-Tipo de Email', 'informationMailType/admin', 103, 105, NULL, 1, 'informationMailType/admin',
        1),
       (105, 'Creacion registro Formulario Tipo de Email', 'informationMailType/save', 103, 106, NULL, 1,
        'informationMailType/save', 1),
       (106, 'Creacion registro Formulario Tipo de Email', 'informationMailType/save', 103, 107, NULL, 1,
        'informationMailType/save', 1),
       (107, 'Tipos de Redes Sociales', 'informationSocialNetworkType/manager', 102, 108, NULL, 0,
        'informationSocialNetworkType/manager', 1),
       (108, 'ADMIN GRID-Tipos de Redes Sociales', 'informationSocialNetworkType/admin', 107, 109, NULL, 1,
        'informationSocialNetworkType/admin', 1),
       (109, 'Creacion registro Formulario Tipos de Redes Sociales', 'informationSocialNetworkType/save', 107, 110,
        NULL, 1, 'informationSocialNetworkType/save', 1),
       (110, 'Creacion registro Formulario Tipos de Redes Sociales', 'informationSocialNetworkType/save', 107, 111,
        NULL, 1, 'informationSocialNetworkType/save', 1),
       (111, 'Tipos de Telefonos', 'informationPhoneType/manager', 102, 112, NULL, 0, 'informationPhoneType/manager',
        1),
       (112, 'ADMIN GRID-Tipos de Telefonos', 'informationPhoneType/admin', 111, 113, NULL, 1,
        'informationPhoneType/admin', 1),
       (113, 'Creacion registro Formulario Tipos de Telefonos', 'informationPhoneType/save', 111, 114, NULL, 1,
        'informationPhoneType/save', 1),
       (114, 'Creacion registro Formulario Tipos de Telefonos', 'informationPhoneType/save', 111, 115, NULL, 1,
        'informationPhoneType/save', 1),
       (115, 'Tipos de Direccion', 'informationAddressType/manager', 102, 116, NULL, 0,
        'informationAddressType/manager', 1),
       (116, 'ADMIN GRID-Tipos de Direccion', 'informationAddressType/admin', 115, 117, NULL, 1,
        'informationAddressType/admin', 1),
       (117, 'Creacion registro Formulario Tipos de Direccion', 'informationAddressType/save', 115, 118, NULL, 1,
        'informationAddressType/save', 1),
       (118, 'Creacion registro Formulario Tipos de Direccion', 'informationAddressType/save', 115, 119, NULL, 1,
        'informationAddressType/save', 1),
       (119, 'Config Productos', '#', NULL, 120, 'fab fa-product-hunt', 2, '#', 1),
       (120, 'Categorias', 'productCategory/manager', 119, 121, NULL, 0, 'productCategory/manager', 1),
       (121, 'ADMIN GRID-Categorias', 'productCategory/admin', 120, 122, NULL, 1, 'productCategory/admin', 1),
       (122, 'Creacion registro Formulario Categorias', 'productCategory/save', 120, 123, NULL, 1,
        'productCategory/save', 1),
       (123, 'Creacion registro Formulario Categorias', 'productCategory/save', 120, 124, NULL, 1,
        'productCategory/save', 1),
       (124, 'Boton Administracion Traduccion', 'languageProductCategory/admin', 120, 125, NULL, 1,
        'languageProductCategory/admin', 1),
       (125, 'ADMIN GRID-Traduccion', 'languageProductCategory/admin', 124, 126, NULL, 1,
        'languageProductCategory/admin', 1),
       (126, 'Creacion registro Formulario Traduccion', 'languageProductCategory/save', 124, 127, NULL, 1,
        'languageProductCategory/save', 1),
       (127, 'Creacion registro Formulario Traduccion', 'languageProductCategory/save', 124, 128, NULL, 1,
        'languageProductCategory/save', 1),
       (128, 'Get Formulario Idiomas', 'language/listSelect2', 124, 129, NULL, 1, 'language/listSelect2', 1),
       (129, 'Boton Eliminar Grid', 'languageProductCategory/delete', 120, 130, NULL, 1,
        'languageProductCategory/delete', 1),
       (130, 'SubCategorias', 'productSubcategory/manager', 119, 131, NULL, 0, 'productSubcategory/manager', 1),
       (131, 'ADMIN GRID-SubCategorias', 'productSubcategory/admin', 130, 132, NULL, 1, 'productSubcategory/admin', 1),
       (132, 'Creacion registro Formulario SubCategorias', 'productSubcategory/save', 130, 133, NULL, 1,
        'productSubcategory/save', 1),
       (133, 'Creacion registro Formulario SubCategorias', 'productCategory/save', 130, 134, NULL, 1,
        'productCategory/save', 1),
       (134, 'Obtencion de Datos Categorias', 'productCategory/listSelect2', 130, 135, NULL, 1,
        'productCategory/listSelect2', 1),
       (135, 'Boton Administracion Traduccion Subcategoria Producto', 'languageProductCategory/admin', 130, 136, NULL,
        1, 'languageProductCategory/admin', 1),
       (136, 'ADMIN GRID- Traduccion Subcategoria Producto', 'languageProductSubcategory/admin', 135, 137, NULL, 1,
        'languageProductSubcategory/admin', 1),
       (137, 'Creacion registro Formulario Traduccion Subcategoria Producto', 'languageProductSubcategory/save', 135,
        138, NULL, 1, 'languageProductSubcategory/save', 1),
       (138, 'Creacion registro Formulario Traduccion Subcategoria Producto', 'languageProductSubcategory/save', 135,
        139, NULL, 1, 'languageProductSubcategory/save', 1),
       (139, 'Get Formulario Idiomas Subcategoria Producto', 'language/listSelect2', 135, 140, NULL, 1,
        'language/listSelect2', 1),
       (140, 'Boton Eliminar Grid', 'languageProductSubcategory/delete', 130, 141, NULL, 1,
        'languageProductSubcategory/delete', 1),
       (141, 'Colores', 'productColor/manager', 119, 142, NULL, 0, 'productColor/manager', 1),
       (142, 'ADMIN GRID-Colores', 'productColor/admin', 141, 143, NULL, 1, 'productColor/admin', 1),
       (143, 'Creacion registro Formulario Colores', 'productColor/save', 141, 144, NULL, 1, 'productColor/save', 1),
       (144, 'Creacion registro Formulario Colores', 'productColor/save', 141, 145, NULL, 1, 'productColor/save', 1),
       (145, 'Boton Administracion Traduccion Colores', 'languageProductColor/admin', 141, 146, NULL, 1,
        'languageProductColor/admin', 1),
       (146, 'ADMIN GRID-Traduccion Colores', 'languageProductColor/admin', 145, 147, NULL, 1,
        'languageProductColor/admin', 1),
       (147, 'Creacion registro Formulario Traduccion Colores', 'languageProductColor/save', 145, 148, NULL, 1,
        'languageProductColor/save', 1),
       (148, 'Creacion registro Formulario Traduccion Colores', 'languageProductColor/save', 145, 149, NULL, 1,
        'languageProductColor/save', 1),
       (149, 'Get Formulario Idiomas Colores', 'language/listSelect2', 145, 150, NULL, 1, 'language/listSelect2', 1),
       (150, 'Boton Eliminar Grid Colores', 'languageProductColor/delete', 141, 151, NULL, 1,
        'languageProductColor/delete', 1),
       (151, 'Tamaños', 'productSizes/manager', 119, 152, NULL, 0, 'productSizes/manager', 1),
       (152, 'ADMIN GRID-Tamaños', 'productSizes/admin', 151, 153, NULL, 1, 'productSizes/admin', 1),
       (153, 'Creacion registro Formulario Tamaños', 'productSizes/save', 151, 154, NULL, 1, 'productSizes/save', 1),
       (154, 'Creacion registro Formulario Tamaños', 'productSizes/save', 151, 155, NULL, 1, 'productSizes/save', 1),
       (155, 'Marcas', 'productTrademark/manager', 119, 156, NULL, 0, 'productTrademark/manager', 1),
       (156, 'ADMIN GRID-Marcas', 'productTrademark/admin', 155, 157, NULL, 1, 'productTrademark/admin', 1),
       (157, 'Creacion registro Formulario Marcas', 'productTrademark/save', 155, 158, NULL, 1, 'productTrademark/save',
        1),
       (158, 'Creacion registro Formulario Marcas', 'productTrademark/save', 155, 159, NULL, 1, 'productTrademark/save',
        1),
       (159, 'Boton Administracion Traduccion Marcas', 'languageProductTrademark/admin', 155, 160, NULL, 1,
        'languageProductTrademark/admin', 1),
       (160, 'ADMIN GRID-Traduccion Marcas', 'languageProductTrademark/admin', 159, 161, NULL, 1,
        'languageProductTrademark/admin', 1),
       (161, 'Creacion registro Formulario Traduccion Marcas', 'languageProductTrademark/save', 159, 162, NULL, 1,
        'languageProductTrademark/save', 1),
       (162, 'Creacion registro Formulario Traduccion Marcas', 'languageProductTrademark/save', 159, 163, NULL, 1,
        'languageProductTrademark/save', 1),
       (163, 'Get Formulario Idiomas Marcas', 'language/listSelect2', 159, 164, NULL, 1, 'language/listSelect2', 1),
       (164, 'Boton Eliminar Grid Traduccion Marcas', 'languageProductTrademark/delete', 155, 165, NULL, 1,
        'languageProductTrademark/delete', 1),
       (165, 'Medidas', 'productMeasureType/manager', 119, 166, NULL, 0, 'productMeasureType/manager', 1),
       (166, 'ADMIN GRID-Medidas', 'productMeasureType/admin', 165, 167, NULL, 1, 'productMeasureType/admin', 1),
       (167, 'Creacion registro Formulario Medidas', 'productMeasureType/save', 165, 168, NULL, 1,
        'productMeasureType/save', 1),
       (168, 'Creacion registro Formulario Medidas', 'productMeasureType/save', 165, 169, NULL, 1,
        'productMeasureType/save', 1),
       (169, 'Boton Administracion Traduccion Medidas', 'languageProductMeasureType/admin', 165, 170, NULL, 1,
        'languageProductMeasureType/admin', 1),
       (170, 'ADMIN GRID-Traduccion Medidas', 'languageProductMeasureType/admin', 169, 171, NULL, 1,
        'languageProductMeasureType/admin', 1),
       (171, 'Creacion registro Formulario Traduccion Medidas', 'languageProductMeasureType/save', 169, 172, NULL, 1,
        'languageProductMeasureType/save', 1),
       (172, 'Creacion registro Formulario Traduccion Medidas', 'languageProductMeasureType/save', 169, 173, NULL, 1,
        'languageProductMeasureType/save', 1),
       (173, 'Get Formulario Idiomas Medidas', 'language/listSelect2', 169, 174, NULL, 1, 'language/listSelect2', 1),
       (174, 'Boton Eliminar Grid Traduccion Medidas', 'languageProductMeasureType/delete', 165, 175, NULL, 1,
        'languageProductMeasureType/delete', 1),
       (175, 'Persona', '#', NULL, 176, 'fas fa-user-clock', 2, '#', 1),
       (176, 'Nacionalidad', 'peopleNationality/manager', 175, 177, NULL, 0, 'peopleNationality/manager', 1),
       (177, 'ADMIN GRID-Nacionalidad', 'peopleNationality/admin', 176, 178, NULL, 1, 'peopleNationality/admin', 1),
       (178, 'Creacion registro Formulario Nacionalidad', 'peopleNationality/save', 176, 179, NULL, 1,
        'peopleNationality/save', 1),
       (179, 'Creacion registro Formulario Nacionalidad', 'peopleNationality/save', 176, 180, NULL, 1,
        'peopleNationality/save', 1),
       (180, 'Get Formulario Paises', 'country/list/select2', 176, 181, NULL, 1, 'country/list/select2', 1),
       (181, 'Tipos de Identificacion', 'peopleTypeIdentification/manager', 175, 182, NULL, 0,
        'peopleTypeIdentification/manager', 1),
       (182, 'ADMIN GRID-Tipos de Identificacion', 'peopleTypeIdentification/admin', 181, 183, NULL, 1,
        'peopleTypeIdentification/admin', 1),
       (183, 'Creacion registro Formulario Tipos de Identificacion', 'peopleTypeIdentification/save', 181, 184, NULL, 1,
        'peopleTypeIdentification/save', 1),
       (184, 'Creacion registro Formulario Tipos de Identificacion', 'peopleTypeIdentification/save', 181, 185, NULL, 1,
        'peopleTypeIdentification/save', 1),
       (185, 'Profesion', 'peopleProfession/manager', 175, 186, NULL, 0, 'peopleProfession/manager', 1),
       (186, 'ADMIN GRID-Profesion', 'peopleProfession/admin', 185, 187, NULL, 1, 'peopleProfession/admin', 1),
       (187, 'Creacion registro Formulario Profesion', 'peopleProfession/save', 185, 188, NULL, 1,
        'peopleProfession/save', 1),
       (188, 'Creacion registro Formulario Profesion', 'peopleProfession/save', 185, 189, NULL, 1,
        'peopleProfession/save', 1),
       (189, 'Genero', 'peopleGender/manager', 175, 190, NULL, 0, 'peopleGender/manager', 1),
       (190, 'ADMIN GRID-Genero', 'peopleGender/admin', 189, 191, NULL, 1, 'peopleGender/admin', 1),
       (191, 'Creacion registro Formulario Genero', 'peopleGender/save', 189, 192, NULL, 1, 'peopleGender/save', 1),
       (192, 'Creacion registro Formulario Genero', 'peopleGender/save', 189, 193, NULL, 1, 'peopleGender/save', 1),
       (193, 'Odontograma', '#', NULL, 194, 'fas fa-user-cog', 2, '#', 1),
       (194, 'Piezas Posiciones', 'referencePiecePosition', 193, 195, NULL, 0, 'referencePiecePosition', 1),
       (195, 'ADMIN GRID-Piezas Posiciones', 'referencePiecePosition/list', 194, 196, NULL, 1,
        'referencePiecePosition/list', 1),
       (196, 'Create Formulario Piezas Posiciones', 'referencePiecePosition/form', 194, 197, NULL, 1,
        'referencePiecePosition/form', 1),
       (197, 'Update Formulario Piezas Posiciones', 'referencePiecePosition/form', 194, 198, NULL, 1,
        'referencePiecePosition/form', 1),
       (198, 'Actualizar Informacion Piezas Posiciones', 'referencePiecePosition/save', 194, 199, NULL, 1,
        'referencePiecePosition/save', 1),
       (199, 'Crear Informacion Piezas Posiciones', 'referencePiecePosition/save', 194, 200, NULL, 1,
        'referencePiecePosition/save', 1),
       (200, 'Piezas Dentales', 'dentalPiece', 193, 201, NULL, 0, 'dentalPiece', 1),
       (201, 'ADMIN GRID-Piezas Dentales', 'dentalPiece/list', 200, 202, NULL, 1, 'dentalPiece/list', 1),
       (202, 'Create Formulario Piezas Dentales', 'dentalPiece/form', 200, 203, NULL, 1, 'dentalPiece/form', 1),
       (203, 'Update Formulario Piezas Dentales', 'dentalPiece/form', 200, 204, NULL, 1, 'dentalPiece/form', 1),
       (204, 'Actualizar Informacion Piezas Dentales', 'dentalPiece/save', 200, 205, NULL, 1, 'dentalPiece/save', 1),
       (205, 'Crear Informacion Piezas Dentales', 'dentalPiece/save', 200, 206, NULL, 1, 'dentalPiece/save', 1),
       (206, 'Piezas Referencia', 'referencePiece', 193, 213, NULL, 0, 'referencePiece', 1),
       (207, 'ADMIN GRID-Piezas Referencia', 'referencePiece/list', 206, 208, NULL, 1, 'referencePiece/list', 1),
       (208, 'Create Formulario Piezas Referencia', 'referencePiece/form', 206, 209, NULL, 1, 'referencePiece/form', 1),
       (209, 'Update Formulario Piezas Referencia', 'referencePiece/form', 206, 210, NULL, 1, 'referencePiece/form', 1),
       (210, 'Actualizar Informacion Piezas Referencia', 'referencePiece/save', 206, 211, NULL, 1,
        'referencePiece/save', 1),
       (211, 'Crear Informacion Piezas Referencia', 'referencePiece/save', 206, 212, NULL, 1, 'referencePiece/save', 1),
       (212, 'Referencias Tipos', 'referencePieceType', 193, 207, NULL, 0, 'referencePieceType', 1),
       (213, 'ADMIN GRID-Referencias Tipos', 'referencePieceType/list', 212, 214, NULL, 1, 'referencePieceType/list',
        1),
       (214, 'Create Formulario Referencias Tipos', 'referencePieceType/form', 212, 215, NULL, 1,
        'referencePieceType/form', 1),
       (215, 'Update Formulario Piezas Referencia', 'referencePieceType/form', 212, 216, NULL, 1,
        'referencePieceType/form', 1),
       (216, 'Actualizar Informacion Referencias Tipos', 'referencePieceType/save', 212, 217, NULL, 1,
        'referencePieceType/save', 1),
       (217, 'Crear Informacion Referencias Tipos', 'referencePieceType/save', 212, 218, NULL, 1,
        'referencePieceType/save', 1),
       (218, 'Antecedentes', 'antecedent', 193, 219, NULL, 0, 'antecedent', 1),
       (219, 'ADMIN GRID-Antecedentes', 'antecedent/list', 218, 220, NULL, 1, 'antecedent/list', 1),
       (220, 'Create Formulario Antecedentes', 'antecedent/form', 218, 221, NULL, 1, 'antecedent/form', 1),
       (221, 'Update Formulario Antecedentes', 'antecedent/form', 218, 222, NULL, 1, 'antecedent/form', 1),
       (222, 'Actualizar Informacion Antecedentes', 'antecedent/save', 218, 223, NULL, 1, 'antecedent/save', 1),
       (223, 'Crear Informacion Antecedentes', 'antecedent/save', 218, 224, NULL, 1, 'antecedent/save', 1),
       (224, 'Examenes Clinicos', 'clinicalExam', 193, 225, NULL, 0, 'clinicalExam', 1),
       (225, 'ADMIN GRID-Examenes Clinicos', 'clinicalExam/list', 224, 226, NULL, 1, 'clinicalExam/list', 1),
       (226, 'Create Formulario Examenes Clinicos', 'clinicalExam/form', 224, 227, NULL, 1, 'clinicalExam/form', 1),
       (227, 'Update Formulario Examenes Clinicos', 'clinicalExam/form', 224, 228, NULL, 1, 'clinicalExam/form', 1),
       (228, 'Actualizar Informacion Examenes Clinicos', 'clinicalExam/save', 224, 229, NULL, 1, 'clinicalExam/save',
        1),
       (229, 'Crear Informacion Examenes Clinicos', 'clinicalExam/save', 224, 230, NULL, 1, 'clinicalExam/save', 1),
       (230, 'Config Eventos', '#', NULL, 231, 'fas fa-table-tennis', 2, '#', 1),
       (231, 'Tipos de Eventos', 'eventsTrailsTypes/manager', 230, 232, NULL, 0, 'eventsTrailsTypes/manager', 1),
       (232, 'ADMIN GRID-Nacionalidad', 'eventsTrailsTypes/admin', 231, 233, NULL, 1, 'eventsTrailsTypes/admin', 1),
       (233, 'Creacion registro Formulario Nacionalidad', 'eventsTrailsTypes/save', 231, 234, NULL, 1,
        'eventsTrailsTypes/save', 1),
       (234, 'Creacion registro Formulario Nacionalidad', 'eventsTrailsTypes/save', 231, 235, NULL, 1,
        'eventsTrailsTypes/save', 1),
       (235, 'Dashboard', 'dashboardManager', NULL, 1, 'remixicon-dashboard-line', 0, 'home', 0),
       (236, 'Dashboard Business', 'managerBusiness', NULL, 236, 'remixicon-dashboard-line', 1, 'managerBusiness', 0),
       (237, 'Empresa', '#', NULL, 237, 'fas fa-business-time', 1, '#', 1),
       (238, 'Idiomas', 'businessByLanguage/admin', 237, 238, NULL, 1, 'businessByLanguage/admin', 1),
       (239, 'ADMIN GRID-Idiomas', 'businessByLanguage/admin', 238, 239, NULL, 1, 'businessByLanguage/admin', 1),
       (240, 'Update registro Formulario Idiomas', 'businessByLanguage/save', 238, 240, NULL, 1,
        'businessByLanguage/save', 1),
       (241, 'Creacion registro Formulario Idiomas', 'businessByLanguage/save', 238, 241, NULL, 1,
        'businessByLanguage/save', 1),
       (242, 'Obtencion Valores Formulario Idiomas', 'language/listSelect2', 238, 242, NULL, 1, 'language/listSelect2',
        1),
       (243, 'Iva', 'taxByBusiness/admin', 237, 243, NULL, 1, 'taxByBusiness/admin', 1),
       (244, 'ADMIN GRID-Iva', 'taxByBusiness/admin', 243, 244, NULL, 1, 'taxByBusiness/admin', 1),
       (245, 'Update registro Formulario Iva', 'taxByBusiness/save', 243, 245, NULL, 1, 'taxByBusiness/save', 1),
       (246, 'Creacion registro Formulario Iva', 'taxByBusiness/save', 243, 246, NULL, 1, 'taxByBusiness/save', 1),
       (247, 'Obtencion Valores Formulario Iva', 'tax/listSelect2', 243, 247, NULL, 1, 'tax/listSelect2', 1),
       (248, 'Galeria Empresa', 'business/gallery/adminBusiness', 237, 248, NULL, 1, 'business/gallery/adminBusiness',
        1),
       (249, 'ADMIN GRID- Galeria Empresa', 'business/gallery/adminBusiness', 248, 249, NULL, 1,
        'business/gallery/adminBusiness', 1),
       (250, 'Update registro Formulario Galeria Empresa', 'business/gallery/saveBusiness', 248, 250, NULL, 1,
        'business/gallery/saveBusiness', 1),
       (251, 'Creacion registro Formulario Galeria Empresa', 'business/gallery/saveBusiness', 248, 251, NULL, 1,
        'business/gallery/saveBusiness', 1),
       (252, 'Horarios', 'business/schedules', 237, 252, NULL, 1, 'business/schedules', 1),
       (253, 'ADMIN GRID- Horarios', 'business/schedules', 252, 253, NULL, 1, 'business/schedules', 1),
       (254, 'Update registro Formulario Horarios', 'business/businessBySchedules/saveSchedules', 252, 254, NULL, 1,
        'business/businessBySchedules/saveSchedules', 1),
       (255, 'Creacion registro Formulario Horarios', 'business/businessBySchedules/saveSchedules', 252, 255, NULL, 1,
        'business/businessBySchedules/saveSchedules', 1),
       (256, 'Historia', 'businessByHistory/admin', 237, 256, NULL, 1, 'businessByHistory/admin', 1),
       (257, 'ADMIN GRID- Historia', 'businessByHistory/admin', 256, 257, NULL, 1, 'businessByHistory/admin', 1),
       (258, 'Update registro Formulario Historia', 'businessByHistory/save', 256, 258, NULL, 1,
        'businessByHistory/save', 1),
       (259, 'Creacion registro Formulario Historia', 'businessByHistory/save', 256, 259, NULL, 1,
        'businessByHistory/save', 1),
       (260, 'Button Manager- Multmedia Historia', 'businessByHistoryByData/admin', 256, 260, NULL, 1,
        'businessByHistoryByData/admin', 1),
       (261, 'ADMIN GRID- Multmedia Historia', 'businessByHistoryByData/admin', 260, 261, NULL, 1,
        'businessByHistoryByData/admin', 1),
       (262, 'Update registro Formulario Multmedia Historia', 'businessByHistoryByData/save', 260, 262, NULL, 1,
        'businessByHistoryByData/save', 1),
       (263, 'Creacion registro Formulario Multmedia Historia', 'businessByHistoryByData/save', 260, 263, NULL, 1,
        'businessByHistoryByData/save', 1),
       (264, 'Mision/Vision', 'businessByInformationCustom/admin', 237, 264, NULL, 1,
        'businessByInformationCustom/admin', 1),
       (265, 'ADMIN GRID- Mision/Vision', 'businessByInformationCustom/admin', 264, 265, NULL, 1,
        'businessByInformationCustom/admin', 1),
       (266, 'Update registro Formulario Mision/Vision', 'businessByInformationCustom/save', 264, 266, NULL, 1,
        'businessByInformationCustom/save', 1),
       (267, 'Creacion registro Formulario Mision/Vision', 'businessByInformationCustom/save', 264, 267, NULL, 1,
        'businessByInformationCustom/save', 1),
       (268, 'Counters', 'businessCounterCustom/admin', 237, 268, NULL, 1, 'businessCounterCustom/admin', 1),
       (269, 'ADMIN GRID- Counters', 'businessCounterCustomByData/admin', 268, 269, NULL, 1,
        'businessCounterCustomByData/admin', 1),
       (270, 'Update registro Formulario Counters', 'businessCounterCustom/save', 268, 270, NULL, 1,
        'businessCounterCustom/save', 1),
       (271, 'Creacion registro Formulario Counters', 'businessCounterCustom/save', 268, 271, NULL, 1,
        'businessCounterCustom/save', 1),
       (272, 'Button Manager- Multmedia Counters', 'businessCounterCustomByData/admin', 268, 272, NULL, 1,
        'businessCounterCustomByData/admin', 1),
       (273, 'ADMIN GRID- Datos Counters', 'businessCounterCustomByData/admin', 272, 273, NULL, 1,
        'businessCounterCustomByData/admin', 1),
       (274, 'Update registro Formulario Datos Counters', 'businessCounterCustomByData/save', 272, 274, NULL, 1,
        'businessCounterCustomByData/save', 1),
       (275, 'Creacion registro Formulario Datos Counters', 'businessCounterCustomByData/save', 272, 275, NULL, 1,
        'businessCounterCustomByData/save', 1),
       (276, 'Empresas Aliadas', 'businessByPartnerCompanies/admin', 237, 276, NULL, 1,
        'businessByPartnerCompanies/admin', 1),
       (277, 'ADMIN GRID- Empresas Aliadas', 'businessByPartnerCompanies/admin', 276, 277, NULL, 1,
        'businessByPartnerCompanies/admin', 1),
       (278, 'Update registro Formulario Empresas Aliadas', 'businessByPartnerCompanies/save', 276, 278, NULL, 1,
        'businessByPartnerCompanies/save', 1),
       (279, 'Creacion registro Formulario Empresas Aliadas', 'businessByPartnerCompanies/save', 276, 279, NULL, 1,
        'businessByPartnerCompanies/save', 1),
       (280, 'RRHH', '#', NULL, 280, 'fa fa-sitemap', 1, '#', 1),
       (281, 'Departamentos', 'business/humanResourcesDepartment/admin', 280, 281, NULL, 1,
        'business/humanResourcesDepartment/admin', 1),
       (282, 'ADMIN GRID - Departamentos', 'business/humanResourcesDepartment/admin', NULL, 282, NULL, 1,
        'business/humanResourcesDepartment/admin', 1),
       (283, 'Update registro Formulario Departamentos', 'business/humanResourcesDepartment/save', NULL, 283, NULL, 1,
        'business/humanResourcesDepartment/save', 1),
       (284, 'Creacion registro Formulario Departamentos', 'business/humanResourcesDepartment/save', NULL, 284, NULL, 1,
        'business/humanResourcesDepartment/save', 1),
       (285, 'Personal', 'business/humanResourcesEmployeeProfile/admin', 280, 285, NULL, 1,
        'business/humanResourcesEmployeeProfile/admin', 1),
       (286, 'ADMIN GRID - Personal', 'business/humanResourcesEmployeeProfile/admin', 285, 286, NULL, 1,
        'business/humanResourcesEmployeeProfile/admin', 1),
       (287, 'Update registro Formulario Personal', 'business/humanResourcesEmployeeProfile/save', 285, 287, NULL, 1,
        'business/humanResourcesEmployeeProfile/save', 1),
       (288, 'Creacion registro Formulario Personal', 'business/humanResourcesEmployeeProfile/save', 285, 288, NULL, 1,
        'business/humanResourcesEmployeeProfile/save', 1),
       (289, 'Obtencion de datos o Formulario Departamentos Personal', 'business/humanResourcesDepartment/listAll', 285,
        289, NULL, 1, 'business/humanResourcesDepartment/listAll', 1),
       (290, 'Button Manager- Direcciones Personal', 'business/informationAddress/admin', 285, 290, NULL, 1,
        'business/informationAddress/admin', 1),
       (291, 'ADMIN GRID - Direcciones Personal', 'business/informationAddress/admin', 290, 291, NULL, 1,
        'business/informationAddress/admin', 1),
       (292, 'Update registro Formulario Direcciones Personal', 'business/informationAddress/save', 290, 292, NULL, 1,
        'business/informationAddress/save', 1),
       (293, 'Creacion registro Formulario Direcciones Personal', 'business/informationAddress/save', 290, 293, NULL, 1,
        'business/informationAddress/save', 1),
       (294, 'Obtencion datos Tipos de Direccion Formulario Direcciones Personal', 'business/informationAddress/save',
        290, 294, NULL, 1, 'business/informationAddress/save', 1),
       (295, 'Button Manager- Telefonos Personal', 'business/informationAddress/admin', 285, 295, NULL, 1,
        'business/informationAddress/admin', 1),
       (296, 'ADMIN GRID - Telefonos Personal', 'business/informationAddress/admin', 295, 296, NULL, 1,
        'business/informationAddress/admin', 1),
       (297, 'Update registro Formulario Telefonos Personal', 'business/informationAddress/save', 295, 297, NULL, 1,
        'business/informationAddress/save', 1),
       (298, 'Creacion registro Formulario Telefonos Personal', 'business/informationAddress/save', 295, 298, NULL, 1,
        'business/informationAddress/save', 1),
       (299, 'Obtencion datos Tipos de Telefonos Formulario Direcciones Personal', 'informationPhoneType/listSelect2',
        295, 299, NULL, 1, 'informationPhoneType/listSelect2', 1),
       (300, 'Obtencion datos Tipos de Operadoras Formulario Direcciones Personal',
        'informationPhoneOperator/listSelect2', 295, 300, NULL, 1, 'informationPhoneOperator/listSelect2', 1),
       (301, 'Button Manager- Emails Personal', 'business/informationMail/admin', 285, 301, NULL, 1,
        'business/informationMail/admin', 1),
       (302, 'ADMIN GRID - Emails Personal', 'business/informationMail/admin', 301, 302, NULL, 1,
        'business/informationMail/admin', 1),
       (303, 'Update registro Formulario Emails Personal', 'business/informationMail/save', 301, 303, NULL, 1,
        'business/informationMail/save', 1),
       (304, 'Creacion registro Formulario Emails Personal', 'business/informationMail/save', 301, 304, NULL, 1,
        'business/informationMail/save', 1),
       (305, 'Obtencion datos Tipos de Emails Formulario Personal', 'informationMailType/listSelect2', 301, 305, NULL,
        1, 'informationMailType/listSelect2', 1),
       (306, 'Button Manager- Emails Personal', 'business/informationMail/admin', 285, 306, NULL, 1,
        'business/informationMail/admin', 1),
       (307, 'ADMIN GRID - Emails Personal', 'business/informationMail/admin', 306, 307, NULL, 1,
        'business/informationMail/admin', 1),
       (308, 'Update registro Formulario Emails Personal', 'business/informationMail/save', 306, 308, NULL, 1,
        'business/informationMail/save', 1),
       (309, 'Creacion registro Formulario Emails Personal', 'business/informationMail/save', 306, 309, NULL, 1,
        'business/informationMail/save', 1),
       (310, 'Obtencion datos Tipos de Emails Formulario Personal', 'informationMailType/listSelect2', 306, 310, NULL,
        1, 'informationMailType/listSelect2', 1),
       (311, 'Button Manager- Redes Sociales Personal', 'business/informationSocialNetwork/admin', 285, 311, NULL, 1,
        'business/informationSocialNetwork/admin', 1),
       (312, 'ADMIN GRID - Redes Sociales Personal', 'business/informationSocialNetwork/admin', 311, 312, NULL, 1,
        'business/informationSocialNetwork/admin', 1),
       (313, 'Update registro Formulario Redes Sociales Personal', 'business/informationSocialNetwork/save', 311, 313,
        NULL, 1, 'business/informationSocialNetwork/save', 1),
       (314, 'Creacion registro Formulario Redes Sociales Personal', 'business/informationSocialNetwork/save', 311, 314,
        NULL, 1, 'business/informationSocialNetwork/save', 1),
       (315, 'Obtencion datos Tipos de Redes Sociales Formulario Personal', 'informationSocialNetworkType/listSelect2',
        311, 315, NULL, 1, 'informationSocialNetworkType/listSelect2', 1),
       (316, 'Button Manager- Usuario Personal', 'business/informationSocialNetwork/admin', 285, 316, NULL, 1,
        'business/informationSocialNetwork/admin', 1),
       (317, 'ADMIN GRID - Usuario Personal', 'business/informationSocialNetwork/admin', 316, 317, NULL, 1,
        'business/informationSocialNetwork/admin', 1),
       (318, 'Update registro Formulario Usuario Personal', 'business/businessByEmployeeProfile/save', 316, 318, NULL,
        1, 'business/businessByEmployeeProfile/save', 1),
       (319, 'Creacion registro Formulario Usuario Personal', 'business/businessByEmployeeProfile/save', 316, 319, NULL,
        1, 'business/businessByEmployeeProfile/save', 1),
       (320, 'Obtencion datos Tipos de Roles Usuario Formulario Personal', 'business/roles/listAll', 316, 320, NULL, 1,
        'business/roles/listAll', 1),
       (321, 'Validacion user Usuario Formulario Personal', 'user/unique/username', 316, 321, NULL, 1,
        'user/unique/username', 1),
       (322, 'Validacion emailUsuario Formulario Personal', 'user/unique/email', 316, 322, NULL, 1, 'user/unique/email',
        1),
       (323, 'Validacion passwor change Usuario Formulario Personal', 'user/unique/email', 316, 323, NULL, 1,
        'user/unique/email', 1),
       (324, 'MARKETING', '#', NULL, 324, 'fa fa-sitemap', 1, '#', 1),
       (325, 'Plantillas', 'mailingTemplate/admin', 324, 325, NULL, 1, 'mailingTemplate/admin', 1),
       (326, 'ADMIN GRID - Plantillas', 'mailingTemplate/admin', 325, 326, NULL, 1, 'mailingTemplate/admin', 1),
       (327, 'Update registro Formulario Plantillas', 'mailingTemplate/save', 325, 327, NULL, 1, 'mailingTemplate/save',
        1),
       (328, 'Creacion registro Formulario Plantillas', 'mailingTemplate/save', 325, 328, NULL, 1,
        'mailingTemplate/save', 1),
       (329, 'CRM', '#', NULL, 329, 'fas fa-users', 1, '#', 1),
       (330, 'Clientes', 'business/customer/admin', 329, 330, NULL, 1, 'business/customer/admin', 1),
       (331, 'ADMIN GRID - Clientes', 'business/customer/admin', 330, 331, NULL, 1, 'business/customer/admin', 1),
       (332, 'Update registro Formulario Clientes', 'business/customer/save', 330, 332, NULL, 1,
        'business/customer/save', 1),
       (333, 'Creacion registro Formulario Clientes', 'business/customer/save', 330, 333, NULL, 1,
        'business/customer/save', 1),
       (334, 'Button Manager- Direcciones Clientes', 'business/informationAddress/admin', 330, 334, NULL, 1,
        'business/informationAddress/admin', 1),
       (335, 'ADMIN GRID - Direcciones Clientes', 'business/informationAddress/admin', 334, 335, NULL, 1,
        'business/informationAddress/admin', 1),
       (336, 'Update registro Formulario Direcciones Clientes', 'business/informationAddress/save', 334, 336, NULL, 1,
        'business/informationAddress/save', 1),
       (337, 'Creacion registro Formulario Direcciones Clientes', 'business/informationAddress/save', 334, 337, NULL, 1,
        'business/informationAddress/save', 1),
       (338, 'Obtencion datos Tipos de Direccion Formulario Direcciones Clientes', 'business/informationAddress/save',
        334, 338, NULL, 1, 'business/informationAddress/save', 1),
       (339, 'Button Manager- Telefonos Clientes', 'business/informationAddress/admin', 330, 339, NULL, 1,
        'business/informationAddress/admin', 1),
       (340, 'ADMIN GRID - Telefonos Clientes', 'business/informationAddress/admin', 339, 340, NULL, 1,
        'business/informationAddress/admin', 1),
       (341, 'Update registro Formulario Telefonos Clientes', 'business/informationAddress/save', 339, 341, NULL, 1,
        'business/informationAddress/save', 1),
       (342, 'Creacion registro Formulario Telefonos Clientes', 'business/informationAddress/save', 339, 342, NULL, 1,
        'business/informationAddress/save', 1),
       (343, 'Obtencion datos Tipos de Telefonos Formulario Direcciones Clientes', 'informationPhoneType/listSelect2',
        339, 343, NULL, 1, 'informationPhoneType/listSelect2', 1),
       (344, 'Obtencion datos Tipos de Operadoras Formulario Direcciones Clientes',
        'informationPhoneOperator/listSelect2', 339, 344, NULL, 1, 'informationPhoneOperator/listSelect2', 1),
       (345, 'Button Manager- Emails Clientes', 'business/informationMail/admin', 330, 345, NULL, 1,
        'business/informationMail/admin', 1),
       (346, 'ADMIN GRID - Emails Clientes', 'business/informationMail/admin', 345, 346, NULL, 1,
        'business/informationMail/admin', 1),
       (347, 'Update registro Formulario Emails Clientes', 'business/informationMail/save', 345, 347, NULL, 1,
        'business/informationMail/save', 1),
       (348, 'Creacion registro Formulario Emails Clientes', 'business/informationMail/save', 345, 348, NULL, 1,
        'business/informationMail/save', 1),
       (349, 'Obtencion datos Tipos de Emails Formulario Clientes', 'informationMailType/listSelect2', 345, 349, NULL,
        1, 'informationMailType/listSelect2', 1),
       (350, 'Button Manager- Emails Clientes', 'business/informationMail/admin', 330, 350, NULL, 1,
        'business/informationMail/admin', 1),
       (351, 'ADMIN GRID - Emails Clientes', 'business/informationMail/admin', 350, 351, NULL, 1,
        'business/informationMail/admin', 1),
       (352, 'Update registro Formulario Emails Clientes', 'business/informationMail/save', 350, 352, NULL, 1,
        'business/informationMail/save', 1),
       (353, 'Creacion registro Formulario Emails Clientes', 'business/informationMail/save', 350, 353, NULL, 1,
        'business/informationMail/save', 1),
       (354, 'Obtencion datos Tipos de Emails Formulario Clientes', 'informationMailType/listSelect2', 350, 354, NULL,
        1, 'informationMailType/listSelect2', 1),
       (355, 'Button Manager- Redes Sociales Clientes', 'business/informationSocialNetwork/admin', 330, 355, NULL, 1,
        'business/informationSocialNetwork/admin', 1),
       (356, 'ADMIN GRID - Redes Sociales Clientes', 'business/informationSocialNetwork/admin', 355, 356, NULL, 1,
        'business/informationSocialNetwork/admin', 1),
       (357, 'Update registro Formulario Redes Sociales Clientes', 'business/informationSocialNetwork/save', 355, 357,
        NULL, 1, 'business/informationSocialNetwork/save', 1),
       (358, 'Creacion registro Formulario Redes Sociales Clientes', 'business/informationSocialNetwork/save', 355, 358,
        NULL, 1, 'business/informationSocialNetwork/save', 1),
       (359, 'Obtencion datos Tipos de Redes Sociales Formulario Clientes', 'informationSocialNetworkType/listSelect2',
        355, 359, NULL, 1, 'informationSocialNetworkType/listSelect2', 1),
       (360, 'Button Manager- Enviar Correos Clientes', 'business/customer/adminEmails', 330, 360, NULL, 1,
        'business/customer/adminEmails', 1),
       (361, 'ADMIN GRID - Emails Clientes', 'business/customer/adminEmails', 360, 361, NULL, 1,
        'business/customer/adminEmails', 1),
       (362, 'Send registro Formulario Email Clientes', 'mailingByDataSend/saveDataSend', 360, 362, NULL, 1,
        'mailingByDataSend/saveDataSend', 1),
       (363, 'Datos Plantillas registro Formulario Clientes', 'mailingTemplate/listSelect2', 360, 363, NULL, 1,
        'mailingTemplate/listSelect2', 1),
       (364, 'Button Manager- Ubicacion Clientes', 'business/customer/listAllInformationAddress', 330, 364, NULL, 1,
        'business/customer/listAllInformationAddress', 1),
       (365, 'Datos Personas Clientes registro Formulario Ubicacion Clientes',
        'business/customer/listS2InformationAddress', 364, 365, NULL, 1, 'business/customer/listS2InformationAddress',
        1),
       (366, 'Rutas-Mapas', '#', NULL, 366, 'fa fa-map-signs', 1, '#', 1),
       (367, 'Chakiñanes', 'business/routes/adminBusiness', 366, 367, NULL, 1, 'business/routes/adminBusiness', 1),
       (368, 'ADMIN GRID - Chakiñanes', 'business/routes/adminBusiness', 367, 368, NULL, 1,
        'business/routes/adminBusiness', 1),
       (369, 'Update registro Formulario Chakiñanes', 'business/routes/saveBusiness', 367, 369, NULL, 1,
        'business/routes/saveBusiness', 1),
       (370, 'Creacion registro Formulario Chakiñanes', 'business/routes/saveBusiness', 367, 370, NULL, 1,
        'business/routes/saveBusiness', 1),
       (371, 'Galeria Markers', 'business/panorama/adminBusiness', 366, 371, NULL, 1, 'business/panorama/adminBusiness',
        1),
       (372, 'ADMIN GRID - Galeria Markers', 'business/panorama/adminBusiness', 371, 372, NULL, 1,
        'business/panorama/adminBusiness', 1),
       (373, 'Update registro Formulario Galeria Markers', 'business/panorama/saveToBusiness', 371, 373, NULL, 1,
        'business/panorama/saveToBusiness', 1),
       (374, 'Creacion registro Formulario Galeria Markers', 'business/panorama/saveToBusiness', 371, 374, NULL, 1,
        'business/panorama/saveToBusiness', 1),
       (375, 'Datos Markers Chakinianes registro Formulario Galeria Markers', 'business/routes/markers/select', 371,
        375, NULL, 1, 'business/routes/markers/select', 1),
       (376, 'Tienda', '#', NULL, 376, 'fas fa-clipboard', 1, '#', 1),
       (377, 'Productos', 'product/admin', 376, 377, NULL, 1, 'product/admin', 1),
       (378, 'ADMIN GRID - Productos', 'product/admin', 377, 378, NULL, 1, 'product/admin', 1),
       (379, 'Update registro Formulario Productos', 'product/save', 377, 379, NULL, 1, 'product/save', 1),
       (380, 'Creacion registro Formulario Productos', 'product/save', 377, 380, NULL, 1, 'product/save', 1),
       (381, 'Datos Marcas registro Formulario Productos', 'productTrademark/listSelect2', 377, 381, NULL, 1,
        'productTrademark/listSelect2', 1),
       (382, 'Datos Categorias registro Formulario Productos', 'productCategory/listSelect2', 377, 382, NULL, 1,
        'productCategory/listSelect2', 1),
       (383, 'Datos Subcategorias registro Formulario Productos', 'productSubcategory/listSelect2', 377, 383, NULL, 1,
        'productSubcategory/listSelect2', 1),
       (384, 'Datos Medida registro Formulario Productos', 'productMeasureType/listSelect2', 377, 384, NULL, 1,
        'productMeasureType/listSelect2', 1),
       (385, 'Datos Tamanio registro Formulario Productos', 'productSizes/listSelect2', 377, 385, NULL, 1,
        'productSizes/listSelect2', 1),
       (386, 'Datos Colores registro Formulario Productos', 'productColor/listSelect2', 377, 386, NULL, 1,
        'productColor/listSelect2', 1),
       (387, 'Button Manager- Inventario Administracion', 'product/saveDataInputOutput', 377, 387, NULL, 1,
        'product/saveDataInputOutput', 1),
       (388, 'Button Manager- Galeria Productos', 'productByMultimedia/admin', 377, 388, NULL, 1,
        'productByMultimedia/admin', 1),
       (389, 'ADMIN GRID - Galeria Productos', 'productByMultimedia/admin', 388, 389, NULL, 1,
        'productByMultimedia/admin', 1),
       (390, 'Update registro Formulario Galeria Productos', 'productByMultimedia/save', 388, 390, NULL, 1,
        'productByMultimedia/save', 1),
       (391, 'Creacion registro Formulario Galeria Productos', 'productByMultimedia/save', 388, 391, NULL, 1,
        'productByMultimedia/save', 1),
       (392, 'Button Manager- Croquis Producto', 'productByRouteMap/getRouteProduct', 377, 392, NULL, 1,
        'productByRouteMap/getRouteProduct', 1),
       (393, 'Update registro Formulario Croquis Producto', 'productByRouteMap/save', 392, 393, NULL, 1,
        'productByRouteMap/save', 1),
       (394, 'Creacion registro Formulario Croquis Producto', 'productByRouteMap/save', 392, 394, NULL, 1,
        'productByRouteMap/save', 1),
       (395, 'Datos CHASQUIS registro Formulario Productos', 'routesMap/listSelect2', 392, 395, NULL, 1,
        'routesMap/listSelect2', 1),
       (396, 'eLIMINAR CHASQUIS registro Formulario Productos', 'productByRouteMap/deleteRouteProduct', 392, 396, NULL,
        1, 'productByRouteMap/deleteRouteProduct', 1),
       (397, 'Button Manager- Traduccion Producto', 'languageProduct/admin', 377, 397, NULL, 1, 'languageProduct/admin',
        1),
       (398, 'Update registro Formulario Traduccion Producto', 'languageProduct/save', 397, 398, NULL, 1,
        'languageProduct/save', 1),
       (399, 'Creacion registro Formulario Traduccion Producto', 'languageProduct/save', 397, 399, NULL, 1,
        'languageProduct/save', 1),
       (400, 'Datos Idiomas registro Formulario Traduccion Producto', 'language/listSelect2', 397, 400, NULL, 1,
        'language/listSelect2', 1),
       (401, 'Eliminar Idiomas registro Formulario Traduccion Producto', 'languageProduct/delete', 377, 401, NULL, 1,
        'languageProduct/delete', 1),
       (402, 'Desc. Productos', 'businessByDiscount/admin', 376, 402, NULL, 1, 'businessByDiscount/admin', 1),
       (403, 'ADMIN GRID - Desc. Productos', 'businessByDiscount/admin', 402, 403, NULL, 1, 'businessByDiscount/admin',
        1),
       (404, 'Update registro Formulario Desc. Productos', 'businessByDiscount/save', 402, 404, NULL, 1,
        'businessByDiscount/save', 1),
       (405, 'Creacion registro Formulario Desc. Productos', 'businessByDiscount/save', 402, 405, NULL, 1,
        'businessByDiscount/save', 1),
       (406, 'Datos Get Data Update registro Formulario Desc. Productos', 'discountByProducts/detailsProducts', 402,
        406, NULL, 1, 'discountByProducts/detailsProducts', 1),
       (407, 'Datos Admin registro Formulario Productos', 'discountByProducts/adminProducts', 402, 407, NULL, 1,
        'discountByProducts/adminProducts', 1),
       (414, 'Servicios', 'productService/admin', 376, 408, NULL, 1, 'productService/admin', 1),
       (415, 'ADMIN GRID - Servicios', 'productService/admin', 414, 409, NULL, 1, 'productService/admin', 1),
       (416, 'Update registro Formulario Servicios', 'productService/save', 414, 410, NULL, 1, 'productService/save',
        1),
       (417, 'Creacion registro Formulario Servicios', 'productService/save', 414, 411, NULL, 1, 'productService/save',
        1),
       (418, 'Datos Marcas registro Formulario Servicios', 'productTrademark/listSelect2', 414, 412, NULL, 1,
        'productTrademark/listSelect2', 1),
       (419, 'Datos Categorias registro Formulario Servicios', 'productCategory/listSelect2', 414, 413, NULL, 1,
        'productCategory/listSelect2', 1),
       (420, 'Datos Subcategorias registro Formulario Servicios', 'productSubcategory/listSelect2', 414, 414, NULL, 1,
        'productSubcategory/listSelect2', 1),
       (421, 'Datos Medida registro Formulario Servicios', 'productMeasureType/listSelect2', 414, 415, NULL, 1,
        'productMeasureType/listSelect2', 1),
       (422, 'Eccomerce', 'orderPaymentsManager/admin', 376, 416, NULL, 1, 'orderPaymentsManager/admin', 1),
       (423, 'ADMIN GRID - Eccomerce', 'productService/admin', 422, 417, NULL, 1, 'productService/admin', 1),
       (424, 'Buttons Manager- Configuracion de Tienda Diseño y Estructura', 'businessByInventoryManagement/admin', 422,
        418, NULL, 1, 'businessByInventoryManagement/admin', 1),
       (425, 'Update registro Formulario Configuracion de Tienda Diseño y Estructura',
        'businessByInventoryManagement/saveData', 424, 419, NULL, 1, 'businessByInventoryManagement/saveData', 1);
INSERT INTO `actions` (`id`, `name`, `link`, `parent_id`, `weight`, `icon`, `type`, `description`, `type_item`)
VALUES (426, 'Creacion registro Formulario Configuracion de Tienda Diseño y Estructura',
        'businessByInventoryManagement/saveData', 424, 420, NULL, 1, 'businessByInventoryManagement/saveData', 1),
       (427, 'Buttons Manager- Configuracion Subcategorias Publicidad',
        'businessByInventoryManagementSubcategory/getAdmin', 422, 421, NULL, 1,
        'businessByInventoryManagementSubcategory/getAdmin', 1),
       (428, 'ADMIN GRID - Configuracion Subcategorias Publicidad', 'businessByInventoryManagementSubcategory/getAdmin',
        427, 422, NULL, 1, 'businessByInventoryManagementSubcategory/getAdmin', 1),
       (429, 'Update registro Formulario Configuracion Subcategorias Publicidad',
        'businessByInventoryManagementSubcategory/saveData', 427, 423, NULL, 1,
        'businessByInventoryManagementSubcategory/saveData', 1),
       (430, 'Creacion registro Formulario Configuracion Subcategorias Publicidad',
        'businessByInventoryManagementSubcategory/saveData', 427, 424, NULL, 1,
        'businessByInventoryManagementSubcategory/saveData', 1),
       (431, 'Datos Subcategorias Productos registro Formulario Configuracion Subcategorias Publicidad',
        'productSubcategory/listSelect2Config', 427, 425, NULL, 1, 'productSubcategory/listSelect2Config', 1),
       (432, 'Buttons Manager Grid- Ver Pedido', 'businessByInventoryManagementSubcategory/getAdmin', 427, 426, NULL, 1,
        'businessByInventoryManagementSubcategory/getAdmin', 1),
       (433, 'Buttons Manager Grid- Manager Pedido', 'orderPaymentsManager/changeStateBankOrder', 422, 427, NULL, 1,
        'orderPaymentsManager/changeStateBankOrder', 1),
       (434, 'REalizar Entrega registro Formulario Manager Pedido', 'orderPaymentsManager/deliverOrder', 433, 428, NULL,
        1, 'orderPaymentsManager/deliverOrder', 1),
       (435, 'Creacion De verificacion de deposito registro Formulario Manager Pedido',
        'orderPaymentsManager/changeStateBankOrder', 433, 429, NULL, 1, 'orderPaymentsManager/changeStateBankOrder', 1),
       (436, 'Gamificacion', '#', NULL, 430, 'fas fa-gamepad', 1, '#', 1),
       (437, 'Tipos de Actividad', 'gamificationTypeActivity/admin', 436, 431, NULL, 1,
        'gamificationTypeActivity/admin', 1),
       (438, 'ADMIN GRID - Tipos de Actividad', 'gamificationTypeActivity/admin', 437, 432, NULL, 1,
        'gamificationTypeActivity/admin', 1),
       (439, 'Update registro Formulario Tipos de Actividad', 'gamificationTypeActivity/save', 437, 433, NULL, 1,
        'gamificationTypeActivity/save', 1),
       (440, 'Creacion registro Formulario Tipos de Actividad', 'gamificationTypeActivity/save', 437, 434, NULL, 1,
        'gamificationTypeActivity/save', 1),
       (441, 'Administracion', 'businessByGamification/admin', 436, 435, NULL, 1, 'businessByGamification/admin', 1),
       (442, 'ADMIN GRID - Administracion', 'businessByGamification/admin', 441, 436, NULL, 1,
        'businessByGamification/admin', 1),
       (443, 'Update registro Formulario Administracion', 'businessByGamification/save', 441, 437, NULL, 1,
        'businessByGamification/save', 1),
       (444, 'Creacion registro Formulario Administracion', 'businessByGamification/save', 441, 438, NULL, 1,
        'businessByGamification/save', 1),
       (445, 'Buttons Manager- Administracion Puntos', 'gamificationByProcess/admin', 441, 439, NULL, 1,
        'gamificationByProcess/admin', 1),
       (446, 'ADMIN GRID - Administracion Puntos', 'gamificationByProcess/admin', 445, 440, NULL, 1,
        'gamificationByProcess/admin', 1),
       (447, 'Update registro Formulario Administracion Puntos', 'gamificationByProcess/save', 445, 441, NULL, 1,
        'gamificationByProcess/save', 1),
       (448, 'Creacion registro Formulario Administracion Puntos', 'gamificationByProcess/save', 445, 442, NULL, 1,
        'gamificationByProcess/save', 1),
       (449, 'Datos tIPOS DE actividad registro Formulario Administracion Puntos',
        'gamificationTypeActivity/listSelect2', 445, 443, NULL, 1, 'gamificationTypeActivity/listSelect2', 1),
       (450, 'Buttons Manager- Administracion Premios', 'gamificationByRewards/admin', 441, 444, NULL, 1,
        'gamificationByRewards/admin', 1),
       (451, 'ADMIN GRID - Administracion Premios', 'gamificationByRewards/admin', 450, 445, NULL, 1,
        'gamificationByRewards/admin', 1),
       (452, 'Update registro Formulario Administracion Premios', 'gamificationByRewards/save', 450, 446, NULL, 1,
        'gamificationByRewards/save', 1),
       (453, 'Creacion registro Formulario Administracion Premios', 'gamificationByRewards/save', 450, 447, NULL, 1,
        'gamificationByRewards/save', 1),
       (454, 'Datos Productos registro Formulario Administracion Premios', 'business/products/listSelect2', 450, 448,
        NULL, 1, 'business/products/listSelect2', 1),
       (455, 'Datos Servicios registro Formulario Administracion Premios', 'business/products/listSelect2', NULL, 449,
        NULL, 1, 'business/products/listSelect2', 1),
       (456, 'Pagina Web', 'templateInformation/admin', NULL, 450, 'fab fa-html5', 1, 'templateInformation/admin', 0),
       (457, 'ADMIN GRID - Pagina Web', 'templateInformation/admin', 456, 451, NULL, 1, 'templateInformation/admin', 1),
       (458, 'Update registro Formulario Pagina Web', 'templateInformation/save', 456, 452, NULL, 1,
        'templateInformation/save', 1),
       (459, 'Creacion registro Formulario Pagina Web', 'templateInformation/save', 456, 453, NULL, 1,
        'templateInformation/save', 1),
       (460, 'Buttons Manager- Administracion Web', 'frontend/manager', 456, 454, NULL, 1, 'frontend/manager', 1),
       (461, 'Gestion de Reparacion', '#', NULL, 455, 'fas fa-toolbox', 1, '#', 1),
       (462, 'Partes/Otros', 'repairProductByBusiness/admin', 461, 456, NULL, 1, 'repairProductByBusiness/admin', 1),
       (463, 'ADMIN GRID - Partes/Otros', 'product/admin', 462, 457, NULL, 1, 'product/admin', 1),
       (464, 'Update registro Formulario Partes/Otros', 'repairProductByBusiness/save', 462, 458, NULL, 1,
        'repairProductByBusiness/save', 1),
       (465, 'Creacion registro Formulario Partes/Otros', 'repairProductByBusiness/save', 462, 459, NULL, 1,
        'repairProductByBusiness/save', 1),
       (466, 'Reparaciones', 'repairProductByBusiness/admin', 461, 460, NULL, 1, 'repairProductByBusiness/admin', 1),
       (467, 'ADMIN GRID - Reparaciones', 'product/admin', 466, 461, NULL, 1, 'product/admin', 1),
       (468, 'Update registro Formulario Reparaciones', 'repairProductByBusiness/save', 466, 462, NULL, 1,
        'repairProductByBusiness/save', 1),
       (469, 'Creacion registro Formulario Reparaciones', 'repairProductByBusiness/save', 466, 463, NULL, 1,
        'repairProductByBusiness/save', 1),
       (470, 'Datos Clientes registro Formulario Reparaciones', 'business/customer/listRepair', 466, 464, NULL, 1,
        'business/customer/listRepair', 1),
       (471, 'Datos Partes registro Formulario Reparaciones', 'repairProductByBusiness/listSelect2', 466, 465, NULL, 1,
        'repairProductByBusiness/listSelect2', 1),
       (472, 'Datos Marcas registro Formulario Reparaciones', 'productTrademark/listSelect2', 466, 466, NULL, 1,
        'productTrademark/listSelect2', 1),
       (473, 'Datos Colores registro Formulario Reparaciones', 'productColor/listSelect2', 466, 467, NULL, 1,
        'productColor/listSelect2', 1),
       (474, 'Datos Log Formulario Reparaciones', 'repair/getResults', 466, 468, NULL, 1, 'repair/getResults', 1),
       (475, 'Clinica', '#', NULL, 469, 'far fa-hospital', 1, '#', 1),
       (476, 'Alergias', 'allergies/admin', 475, 470, NULL, 1, 'allergies/admin', 1),
       (477, 'ADMIN GRID - Alergias', 'allergies/admin', 476, 471, NULL, 1, 'allergies/admin', 1),
       (478, 'Update registro Formulario Alergias', 'allergies/save', 476, 472, NULL, 1, 'allergies/save', 1),
       (479, 'Creacion registro Formulario Alergias', 'allergies/save', 476, 473, NULL, 1, 'allergies/save', 1),
       (480, 'Habitos', 'habits/admin', 475, 474, NULL, 1, 'habits/admin', 1),
       (481, 'ADMIN GRID - Habitos', 'habits/admin', 480, 475, NULL, 1, 'habits/admin', 1),
       (482, 'Update registro Formulario Habitos', 'habits/save', 480, 476, NULL, 1, 'habits/save', 1),
       (483, 'Creacion registro Formulario Habitos', 'habits/save', 480, 477, NULL, 1, 'habits/save', 1),
       (484, 'Pacientes', 'patient/admin', 475, 478, NULL, 1, 'patient/admin', 1),
       (485, 'ADMIN GRID - Pacientes', 'patient/admin', 484, 479, NULL, 1, 'patient/admin', 1),
       (486, 'Update registro Formulario Pacientes', 'historyClinic/saveDataProfilePatient', 484, 480, NULL, 1,
        'historyClinic/saveDataProfilePatient', 1),
       (487, 'Creacion registro Formulario Pacientes', 'historyClinic/saveDataProfilePatient', 484, 481, NULL, 1,
        'historyClinic/saveDataProfilePatient', 1),
       (488, 'Buttons Manager- Historial Clinico', 'gamificationByRewards/admin', 484, 482, NULL, 1,
        'gamificationByRewards/admin', 1),
       (489, 'Historia Clinica-Paciente', 'historyClinic/getDataHistoryClinicLog', 484, 483, NULL, 1,
        'historyClinic/getDataHistoryClinicLog', 1),
       (490, 'Historia Clinica-Paciente- Obtencion Datos Historial de Paciente',
        'historyClinic/getDataHistoryClinicLog', 489, 484, NULL, 1, 'historyClinic/getDataHistoryClinicLog', 1),
       (491, 'Historia Clinica-Antecedentes', 'antecedentByHistoryClinic/admin', 484, 485, NULL, 1,
        'antecedentByHistoryClinic/admin', 1),
       (492, 'Historia Clinica-Antecedentes Admin', 'antecedentByHistoryClinic/admin', 491, 486, NULL, 1,
        'antecedentByHistoryClinic/admin', 1),
       (493, 'Historia Clinica-Antecedentes Registrar', 'antecedentByHistoryClinic/save', 491, 487, NULL, 1,
        'antecedentByHistoryClinic/save', 1),
       (494, 'Historia Clinica-Antecedentes Actualizar', 'antecedentByHistoryClinic/save', 491, 488, NULL, 1,
        'antecedentByHistoryClinic/save', 1),
       (495, 'Historia Clinica-Consulta', 'medicalConsultationByPatient/admin', 484, 489, NULL, 1,
        'medicalConsultationByPatient/admin', 1),
       (496, 'Historia Clinica-Consulta Admin', 'medicalConsultationByPatient/admin', 495, 490, NULL, 1,
        'medicalConsultationByPatient/admin', 1),
       (497, 'Historia Clinica-ConsultaRegistrar', 'medicalConsultationByPatient/save', 495, 491, NULL, 1,
        'medicalConsultationByPatient/save', 1),
       (498, 'Historia Clinica-ConsultaActualizar', 'medicalConsultationByPatient/save', 495, 492, NULL, 1,
        'medicalConsultationByPatient/save', 1),
       (499, 'Historia Clinica-Tratamientos', 'treatmentByPatient/admin', 484, 493, NULL, 1, 'treatmentByPatient/admin',
        1),
       (500, 'Historia Clinica - TratamientosAdmin', 'treatmentByPatient/admin', 499, 494, NULL, 1,
        'treatmentByPatient/admin', 1),
       (501, 'Historia Clinica- Tratamientos Registrar', 'treatmentByPatient/save', 499, 495, NULL, 1,
        'treatmentByPatient/save', 1),
       (502, 'Historia Clinica - Tratamientos Actualizar', 'treatmentByPatient/save', 499, 496, NULL, 1,
        'treatmentByPatient/save', 1),
       (503, 'Historia Clinica - Tratamientos Datos Obtencion Servicios', 'product/getProductService', 499, 497, NULL,
        1, 'product/getProductService', 1),
       (504, 'Historia Clinica-Odontograma', 'odontogramByPatient/admin', 484, 498, NULL, 1,
        'odontogramByPatient/admin', 1),
       (505, 'Historia Clinica - Odontograma Admin', 'odontogramByPatient/admin', 504, 499, NULL, 1,
        'odontogramByPatient/admin', 1),
       (506, 'Historia Clinica- OdontogramaRegistrar', 'odontogramByPatient/save', 504, 500, NULL, 1,
        'odontogramByPatient/save', 1),
       (507, 'Historia Clinica - Obtencion Datos Registro', 'dentalPieceByOdontogram/list/byOdontogramodontogramId',
        504, 501, NULL, 1, 'dentalPieceByOdontogram/list/byOdontogramodontogramId', 1),
       (508, 'Historia Clinica - Odontograma Actualizar', 'odontogramByPatient/save', 504, 502, NULL, 1,
        'odontogramByPatient/save', 1),
       (509, 'Historia Clinica - Odontograma Datos Referencia Pieza', 'referencePiece/list/select', 504, 503, NULL, 1,
        'referencePiece/list/select', 1),
       (510, 'Hoteleria', '#', NULL, 504, 'fa fa-building', 1, '#', 1),
       (511, 'Tipos de Habitacion', 'business/lodgingTypeOfRoom/admin', 510, 505, NULL, 1,
        'business/lodgingTypeOfRoom/admin', 1),
       (512, 'ADMIN GRID - Tipos de Habitacion', 'business/lodgingTypeOfRoom/admin', NULL, 506, NULL, 1,
        'business/lodgingTypeOfRoom/admin', 1),
       (513, 'Update registro Formulario Tipos de Habitacion', 'business/lodgingTypeOfRoom/save', NULL, 507, NULL, 1,
        'business/lodgingTypeOfRoom/save', 1),
       (514, 'Creacion registro Formulario Tipos de Habitacion', 'business/lodgingTypeOfRoom/save', NULL, 508, NULL, 1,
        'business/lodgingTypeOfRoom/save', 1),
       (515, 'Nivel de Habitacion', 'business/lodgingRoomLevels/admin', 510, 509, NULL, 1,
        'business/lodgingRoomLevels/admin', 1),
       (516, 'ADMIN GRID - Nivel de Habitacion', 'business/lodgingRoomLevels/admin', NULL, 510, NULL, 1,
        'business/lodgingRoomLevels/admin', 1),
       (517, 'Update registro Formulario Nivel de Habitacion', 'business/lodgingRoomLevels/save', NULL, 511, NULL, 1,
        'business/lodgingRoomLevels/save', 1),
       (518, 'Creacion registro Formulario Nivel de Habitacion', 'business/lodgingRoomLevels/save', NULL, 512, NULL, 1,
        'business/lodgingRoomLevels/save', 1),
       (519, 'Caracteristicas Habitaciones', 'business/lodgingRoomFeatures/admin', 510, 513, NULL, 1,
        'business/lodgingRoomFeatures/admin', 1),
       (520, 'ADMIN GRID - Caracteristicas Habitaciones', 'business/lodgingRoomFeatures/admin', NULL, 514, NULL, 1,
        'business/lodgingRoomFeatures/admin', 1),
       (521, 'Update registro Formulario Caracteristicas Habitaciones', 'business/lodgingRoomFeatures/save', NULL, 515,
        NULL, 1, 'business/lodgingRoomFeatures/save', 1),
       (522, 'Creacion registro Formulario Caracteristicas Habitaciones', 'business/lodgingRoomFeatures/save', NULL,
        516, NULL, 1, 'business/lodgingRoomFeatures/save', 1),
       (523, 'Habitaciones', 'business/lodgingTypeOfRoomByPrice/admin', 510, 517, NULL, 1,
        'business/lodgingTypeOfRoomByPrice/admin', 1),
       (524, 'ADMIN GRID - Habitaciones', 'business/lodgingTypeOfRoomByPrice/admin', 523, 518, NULL, 1,
        'business/lodgingTypeOfRoomByPrice/admin', 1),
       (525, 'Update registro Formulario Habitaciones', 'business/lodgingTypeOfRoomByPrice/save', 523, 519, NULL, 1,
        'business/lodgingTypeOfRoomByPrice/save', 1),
       (526, 'Creacion registro Formulario Habitaciones', 'business/lodgingTypeOfRoomByPrice/save', 523, 520, NULL, 1,
        'business/lodgingTypeOfRoomByPrice/save', 1),
       (527, 'Habitaciones Datos Obtencion de Tipos de Habitacion', 'business/lodgingTypeOfRoom/listSelect2', 523, 521,
        NULL, 1, 'business/lodgingTypeOfRoom/listSelect2', 1),
       (528, 'Habitaciones Datos Obtencion de Niveles de Habitacion', 'business/lodgingRoomLevels/listSelect2', 523,
        522, NULL, 1, 'business/lodgingRoomLevels/listSelect2', 1),
       (529, 'Habitaciones Datos Obtencion de Caracteristicas de Habitacion',
        'business/lodgingRoomFeatures/listSelect2', 523, 523, NULL, 1, 'business/lodgingRoomFeatures/listSelect2', 1),
       (530, 'Recepcion', 'business/lodging/adminBusiness', 523, 524, NULL, 1, 'business/lodging/adminBusiness', 1),
       (531, 'ADMIN GRID - Recepcion', 'business/lodging/adminBusiness', 523, 525, NULL, 1,
        'business/lodging/adminBusiness', 1),
       (532, 'Update registro Formulario Recepcion', 'business/lodging/saveBusiness', 523, 526, NULL, 1,
        'business/lodging/saveBusiness', 1),
       (533, 'Creacion registro Formulario Recepcion', 'business/lodging/saveBusiness', 523, 527, NULL, 1,
        'business/lodging/saveBusiness', 1),
       (534, 'Recepcion Datos Obtencion de Clientes Registrados', 'business/customer/listSelect2NotLodging', 523, 528,
        NULL, 1, 'business/customer/listSelect2NotLodging', 1),
       (535, 'Buttons Manager- Gestion de Pagos', 'business/lodgingByPayment/savePayment', 530, 529, NULL, 1,
        'business/lodgingByPayment/savePayment', 1),
       (536, 'Creacion registro Formulario Gestion de Pagos', 'business/lodgingByPayment/savePayment', 535, 530, NULL,
        1, 'business/lodgingByPayment/savePayment', 1),
       (537, 'Buttons Manager- Recopilacion Informativa', 'business/lodgingByArrived/saveArrived', 530, 531, NULL, 1,
        'business/lodgingByArrived/saveArrived', 1),
       (538, 'Creacion registro Formulario Recopilacion Informativa', 'business/lodgingByArrived/saveArrived', 537, 532,
        NULL, 1, 'business/lodgingByArrived/saveArrived', 1),
       (539, 'Buttons Manager- Asignacion de Habitaciones', 'business/lodgingByTypeOfRoom/saveBusiness', 530, 533, NULL,
        1, 'business/lodgingByTypeOfRoom/saveBusiness', 1),
       (540, 'Creacion registro Formulario Asignacion de Habitaciones', 'business/lodgingByTypeOfRoom/saveBusiness',
        539, 534, NULL, 1, 'business/lodgingByTypeOfRoom/saveBusiness', 1),
       (541, 'Buttons Manager- Entrega de Habitaciones', 'business/lodging/delivery', 530, 535, NULL, 1,
        'business/lodging/delivery', 1),
       (542, 'Creacion registro Formulario Entrega de Habitaciones', 'business/lodging/delivery', 541, 536, NULL, 1,
        'business/lodging/delivery', 1),
       (543, 'Manager- Habitaciones Recepcion', 'business/lodgingTypeOfRoomByPrice/adminReception', 530, 537, NULL, 1,
        'business/lodgingTypeOfRoomByPrice/adminReception', 1),
       (544, 'ADMIN Habitaciones Recepcion', 'business/lodgingTypeOfRoomByPrice/adminReception', 543, 538, NULL, 1,
        'business/lodgingTypeOfRoomByPrice/adminReception', 1),
       (545, 'Creacion registro Formulario Manager- Habitaciones Entrega',
        'business/lodgingTypeOfRoomByPrice/saveReception', 543, 539, NULL, 1,
        'business/lodgingTypeOfRoomByPrice/saveReception', 1),
       (546, 'Reportes Estadisticos', 'business/lodging/results', 510, 540, NULL, 1, 'business/lodging/results', 1),
       (547, 'Obtencion de Datos - Reportes Estadisticos', 'business/lodging/results', 546, 541, NULL, 1,
        'business/lodging/results', 1),
       (548, 'Gestion Formularios\n', '#', NULL, 542, 'fa fa-list', 1, '#', 1),
       (549, 'Tipos', 'business/educationalInstitutionAskwerType/admin', 548, 543, NULL, 1,
        'business/educationalInstitutionAskwerType/admin', 1),
       (550, 'ADMIN GRID - Tipos', 'business/educationalInstitutionAskwerType/admin', 549, 544, NULL, 1,
        'business/educationalInstitutionAskwerType/admin', 1),
       (551, 'Update registro Formulario Tipos', 'business/educationalInstitutionAskwerType/save', 549, 545, NULL, 1,
        'business/educationalInstitutionAskwerType/save', 1),
       (552, 'Creacion registro Formulario Tipos', 'business/educationalInstitutionAskwerType/save', 549, 546, NULL, 1,
        'business/educationalInstitutionAskwerType/save', 1),
       (553, 'Formularios', 'business/educationalInstitutionByBusiness/admin', 548, 547, NULL, 1,
        'business/educationalInstitutionByBusiness/admin', 1),
       (554, 'ADMIN GRID - Formularios', 'business/educationalInstitutionByBusiness/admin', 553, 548, NULL, 1,
        'business/educationalInstitutionByBusiness/admin', 1),
       (555, 'Update registro Formulario Formularios', 'business/educationalInstitutionByBusiness/dataAskwer', 553, 549,
        NULL, 1, 'business/educationalInstitutionByBusiness/dataAskwer', 1),
       (556, 'Creacion registro Formulario Formularios', 'business/educationalInstitutionByBusiness/save', 553, 550,
        NULL, 1, 'business/educationalInstitutionByBusiness/save', 1),
       (557, 'Datos Obtencion de Tipos de Formulario Formularios',
        'business/educationalInstitutionAskwerType/listSelect2', 553, 551, NULL, 1,
        'business/educationalInstitutionAskwerType/listSelect2', 1),
       (558, 'Buttons Manager- Ver Formularios', 'business/educationalInstitutionByBusiness/dataAskwerForm', 553, 552,
        NULL, 1, 'business/educationalInstitutionByBusiness/dataAskwerForm', 1),
       (559, 'Buttons Manager- Guardar Formularios', 'business/askwerForm/saveAskwer', 553, 553, NULL, 1,
        'business/askwerForm/saveAskwer', 1),
       (560, 'Buttons Manager- Resultados Formularios', 'business/askwerForm/getDataSolutionsAskwer', 553, 554, NULL, 1,
        'business/askwerForm/getDataSolutionsAskwer', 1),
       (561, 'Eventos Deportes\n', '#', NULL, 555, 'fa fa-calendar', 1, '#', 1),
       (562, 'Eventos Deportes\n', 'eventsTrailsProject/admin', 561, 556, NULL, 1, 'eventsTrailsProject/admin', 1),
       (563, 'ADMIN GRID - Eventos Deportes', 'eventsTrailsProject/admin', 562, 557, NULL, 1,
        'eventsTrailsProject/admin', 1),
       (564, 'Update registro Formulario Eventos Deportes', 'business/educationalInstitutionByBusiness/dataAskwer', 562,
        558, NULL, 1, 'business/educationalInstitutionByBusiness/dataAskwer', 1),
       (565, 'Creacion registro Formulario Eventos Deportes', 'business/educationalInstitutionByBusiness/save', 562,
        559, NULL, 1, 'business/educationalInstitutionByBusiness/save', 1),
       (566, 'Datos Obtencion de Tipos de Formulario Formularios',
        'business/educationalInstitutionAskwerType/listSelect2', 562, 560, NULL, 1,
        'business/educationalInstitutionAskwerType/listSelect2', 1),
       (567, 'Buttons Manager- Administracion Eventos', 'eventsTrailsProject/manager', 561, 561, NULL, 1,
        'eventsTrailsProject/manager', 1),
       (568, 'Dashboard', 'frontend/manager', NULL, 562, 'remixicon-dashboard-line', 1, 'frontend/manager', 0),
       (569, 'Sliders', '#', NULL, 563, 'fas fa-business-time', 1, '#', 1),
       (570, 'Principal', 'templateSlider/admin', 569, 564, NULL, 1, 'templateSlider/admin', 1),
       (571, 'ADMIN GRID-Principal', 'templateSlider/admin', 570, 565, NULL, 1, 'templateSlider/admin', 1),
       (572, 'Update registro Formulario Principal', 'templateSlider/save', 570, 566, NULL, 1, 'templateSlider/save',
        1),
       (573, 'Creacion registro Formulario Principal', 'templateSlider/save', 570, 567, NULL, 1, 'templateSlider/save',
        1),
       (574, 'Button Manager- Agregar Fotografias Principal', 'templateSliderByImages/admin', 570, 568, NULL, 1,
        'templateSliderByImages/admin', 1),
       (575, 'ADMIN GRID-Agregar Fotografias Principal', 'templateSliderByImages/admin', 574, 569, NULL, 1,
        'templateSliderByImages/admin', 1),
       (576, 'Update registro Formulario Agregar Fotografias Principal', 'templateSliderByImages/save', 574, 570, NULL,
        1, 'templateSliderByImages/save', 1),
       (577, 'Creacion registro Formulario Agregar Fotografias Principal', 'templateSliderByImages/save', 574, 571,
        NULL, 1, 'templateSliderByImages/save', 1),
       (578, 'Button Manager- Traduccion Administracion Fotografias Principal', 'languageTemplateSliderByImages/admin',
        570, 572, NULL, 1, 'languageTemplateSliderByImages/admin', 1),
       (579, 'ADMIN GRID- Traduccion Administracion Fotografias Principal', 'languageTemplateSliderByImages/admin', 578,
        573, NULL, 1, 'languageTemplateSliderByImages/admin', 1),
       (580, 'Update registro Formulario Traduccion Administracion Fotografias Principal',
        'languageTemplateSliderByImages/save', 578, 574, NULL, 1, 'languageTemplateSliderByImages/save', 1),
       (581, 'Creacion registro Formulario Traduccion Administracion Fotografias Principal',
        'languageTemplateSliderByImages/save', 578, 575, NULL, 1, 'languageTemplateSliderByImages/save', 1),
       (582, 'Obtencion de datos o Formulario Traduccion Administracion Fotografias Principal', 'language/listSelect2',
        578, 576, NULL, 1, 'language/listSelect2', 1),
       (583, 'Delete registro Formulario Traduccion Administracion Fotografias Principal',
        'languageTemplateSliderByImages/delete', 578, 577, NULL, 1, 'languageTemplateSliderByImages/delete', 1),
       (584, 'Actividades Gamificacion', 'templateSlider/adminActivitiesGamification', 569, 578, NULL, 1,
        'templateSlider/adminActivitiesGamification', 1),
       (585, 'ADMIN GRID-Actividades Gamificacion', 'templateSlider/adminActivitiesGamification', 584, 579, NULL, 1,
        'templateSlider/adminActivitiesGamification', 1),
       (586, 'Update registro Formulario Actividades Gamificacion', 'templateSlider/saveActivitiesGamification', 584,
        580, NULL, 1, 'templateSlider/saveActivitiesGamification', 1),
       (587, 'Creacion registro Formulario Actividades Gamificacion', 'templateSlider/saveActivitiesGamification', 584,
        581, NULL, 1, 'templateSlider/saveActivitiesGamification', 1),
       (588, 'Button Manager- Agregar Fotografias Actividades Gamificacion',
        'templateSliderByImages/adminActivitiesGamification', 584, 582, NULL, 1,
        'templateSliderByImages/adminActivitiesGamification', 1),
       (589, 'ADMIN GRID- Agregar Fotografias Actividades Gamificacion',
        'templateSliderByImages/adminActivitiesGamification', 588, 583, NULL, 1,
        'templateSliderByImages/adminActivitiesGamification', 1),
       (590, 'Update registro Formulario Agregar Fotografias Actividades Gamificacion',
        'templateSliderByImages/saveActivitiesGamification', 588, 584, NULL, 1,
        'templateSliderByImages/saveActivitiesGamification', 1),
       (591, 'Creacion registro Formulario Agregar Fotografias Actividades Gamificacion',
        'templateSliderByImages/saveActivitiesGamification', 588, 585, NULL, 1,
        'templateSliderByImages/saveActivitiesGamification', 1),
       (592, 'Button Manager- Traduccion Administracion Fotografias Actividades Gamificacion',
        'languageTemplateSliderByImages/adminActivitiesGamification', 588, 586, NULL, 1,
        'languageTemplateSliderByImages/adminActivitiesGamification', 1),
       (593, 'ADMIN GRID- Traduccion Administracion Fotografias Actividades Gamificacion',
        'languageTemplateSliderByImages/adminActivitiesGamification', 592, 587, NULL, 1,
        'languageTemplateSliderByImages/adminActivitiesGamification', 1),
       (594, 'Update registro Formulario Traduccion Administracion Fotografias Actividades Gamificacion',
        'languageTemplateSliderByImages/saveActivitiesGamification', 592, 588, NULL, 1,
        'languageTemplateSliderByImages/saveActivitiesGamification', 1),
       (595, 'Creacion registro Formulario Traduccion Administracion Fotografias Actividades Gamificacion',
        'languageTemplateSliderByImages/saveActivitiesGamification', 592, 589, NULL, 1,
        'languageTemplateSliderByImages/saveActivitiesGamification', 1),
       (596, 'Obtencion de datos o Formulario Traduccion Administracion Fotografias Actividades Gamificacion',
        'language/listSelect2', 592, 590, NULL, 1, 'language/listSelect2', 1),
       (597, 'Delete registro Formulario Traduccion Administracion Fotografias Actividades Gamificacion',
        'languageTemplateSliderByImages/delete', 592, 591, NULL, 1, 'languageTemplateSliderByImages/delete', 1),
       (598, 'Premios Gamificacion', 'templateSlider/adminRewardsGamification', 569, 592, NULL, 1,
        'templateSlider/adminRewardsGamification', 1),
       (599, 'ADMIN GRID-Premios Gamificacion', 'templateSlider/adminRewardsGamification', 598, 593, NULL, 1,
        'templateSlider/adminRewardsGamification', 1),
       (600, 'Update registro Formulario Premios Gamificacion', 'templateSlider/saveRewardsGamification', 598, 594,
        NULL, 1, 'templateSlider/saveRewardsGamification', 1),
       (601, 'Creacion registro Formulario Premios Gamificacion', 'templateSlider/saveRewardsGamification', 598, 595,
        NULL, 1, 'templateSlider/saveRewardsGamification', 1),
       (602, 'Button Manager- Agregar Fotografias Premios Gamificacion',
        'templateSliderByImages/adminActivitiesGamification', 598, 596, NULL, 1,
        'templateSliderByImages/adminActivitiesGamification', 1),
       (603, 'ADMIN GRID- Agregar Fotografias Premios Gamificacion', 'templateSliderByImages/adminRewardsGamification',
        602, 597, NULL, 1, 'templateSliderByImages/adminRewardsGamification', 1),
       (604, 'Update registro Formulario Agregar Fotografias Premios Gamificacion',
        'templateSliderByImages/saveRewardsGamification', 602, 598, NULL, 1,
        'templateSliderByImages/saveRewardsGamification', 1),
       (605, 'Creacion registro Formulario Agregar Fotografias Premios Gamificacion',
        'templateSliderByImages/saveRewardsGamification', 602, 599, NULL, 1,
        'templateSliderByImages/saveRewardsGamification', 1),
       (606, 'Button Manager- Traduccion Administracion Fotografias Premios Gamificacion',
        'languageTemplateSliderByImages/adminRewardsGamification', 602, 600, NULL, 1,
        'languageTemplateSliderByImages/adminRewardsGamification', 1),
       (607, 'ADMIN GRID- Traduccion Administracion Fotografias Actividades Gamificacion',
        'languageTemplateSliderByImages/adminRewardsGamification', 606, 601, NULL, 1,
        'languageTemplateSliderByImages/adminRewardsGamification', 1),
       (608, 'Update registro Formulario Traduccion Administracion Fotografias Premios Gamificacion',
        'languageTemplateSliderByImages/saveRewardsGamification', 606, 602, NULL, 1,
        'languageTemplateSliderByImages/saveRewardsGamification', 1),
       (609, 'Creacion registro Formulario Traduccion Administracion Fotografias Premios Gamificacion',
        'languageTemplateSliderByImages/saveRewardsGamification', 606, 603, NULL, 1,
        'languageTemplateSliderByImages/saveRewardsGamification', 1),
       (610, 'Obtencion de datos o Formulario Traduccion Administracion Fotografias Premios Gamificacion',
        'language/listSelect2', 606, 604, NULL, 1, 'language/listSelect2', 1),
       (611, 'Delete registro Formulario Traduccion Administracion Fotografias Premios Gamificacion',
        'languageTemplateSliderByImages/delete', 606, 605, NULL, 1, 'languageTemplateSliderByImages/delete', 1),
       (612, 'Secciones Pagina', '#', NULL, 606, 'fas fa-sitemap', 1, '#', 1),
       (613, 'Quienes Somos', 'templateAboutUs/admin', 612, 607, NULL, 1, 'templateAboutUs/admin', 1),
       (614, 'ADMIN GRID-Quienes Somos', 'templateAboutUs/admin', 613, 608, NULL, 1, 'templateAboutUs/admin', 1),
       (615, 'Update registro Formulario Quienes Somos', 'templateAboutUs/save', 613, 609, NULL, 1,
        'templateAboutUs/save', 1),
       (616, 'Creacion registro Formulario Quienes Somos', 'templateAboutUs/save', 613, 610, NULL, 1,
        'templateAboutUs/save', 1),
       (617, 'Button Manager- Agregar Fotografias Quienes Somos', 'templateAboutUsByData/admin', 613, 611, NULL, 1,
        'templateAboutUsByData/admin', 1),
       (618, 'ADMIN GRID-Agregar Fotografias Quienes Somos', 'templateAboutUsByData/admin', 617, 612, NULL, 1,
        'templateAboutUsByData/admin', 1),
       (619, 'Update registro Formulario Agregar Fotografias Quienes Somos', 'templateAboutUsByData/save', 617, 613,
        NULL, 1, 'templateAboutUsByData/save', 1),
       (620, 'Creacion registro Formulario Agregar Fotografias Quienes Somos', 'templateAboutUsByData/save', 617, 614,
        NULL, 1, 'templateAboutUsByData/save', 1),
       (621, 'Button Manager- Traduccion Administracion Fotografias Quienes Somos',
        'languageTemplateAboutUsByData/admin', 617, 615, NULL, 1, 'languageTemplateAboutUsByData/admin', 1),
       (622, 'ADMIN GRID- Traduccion Administracion Fotografias Quienes Somos', 'languageTemplateAboutUsByData/admin',
        621, 616, NULL, 1, 'languageTemplateAboutUsByData/admin', 1),
       (623, 'Update registro Formulario Traduccion Administracion Fotografias Quienes Somos',
        'languageTemplateAboutUsByData/save', 621, 617, NULL, 1, 'languageTemplateAboutUsByData/save', 1),
       (624, 'Creacion registro Formulario Traduccion Administracion Fotografias Quienes Somos',
        'languageTemplateAboutUsByData/save', 621, 618, NULL, 1, 'languageTemplateAboutUsByData/save', 1),
       (625, 'Obtencion de datos o Formulario Traduccion Administracion Fotografias Quienes Somos',
        'language/listSelect2', 621, 619, NULL, 1, 'language/listSelect2', 1),
       (626, 'Delete registro Formulario Traduccion Administracion Fotografias Quienes Somos',
        'languageTemplateAboutUsByData/delete', 621, 620, NULL, 1, 'languageTemplateAboutUsByData/delete', 1),
       (627, 'Button Manager- Traduccion Quienes Somos', 'languageTemplateAboutUs/admin', 617, 621, NULL, 1,
        'languageTemplateAboutUs/admin', 1),
       (628, 'ADMIN GRID- Traduccion Administracion Quienes Somos', 'languageTemplateAboutUs/admin', 627, 622, NULL, 1,
        'languageTemplateAboutUs/admin', 1),
       (629, 'Update registro Formulario Traduccion Administracion Quienes Somos', 'languageTemplateAboutUs/save', 627,
        623, NULL, 1, 'languageTemplateAboutUs/save', 1),
       (630, 'Creacion registro Formulario Traduccion Administracion Quienes Somos', 'languageTemplateAboutUs/save',
        627, 624, NULL, 1, 'languageTemplateAboutUs/save', 1),
       (631, 'Obtencion de datos o Formulario Traduccion Administracion Quienes Somos', 'language/listSelect2', 627,
        625, NULL, 1, 'language/listSelect2', 1),
       (632, 'Delete registro Formulario Traduccion Administracion Quienes Somos', 'languageTemplateAboutUs/delete',
        627, 626, NULL, 1, 'languageTemplateAboutUs/delete', 1),
       (633, 'Politicas/Terminos', 'templatePolicies/admin', 612, 627, NULL, 1, 'templatePolicies/admin', 1),
       (634, 'ADMIN GRID-Politicas/Terminos', 'templatePolicies/admin', 633, 628, NULL, 1, 'templatePolicies/admin', 1),
       (635, 'Update registro Formulario Politicas/Terminos', 'templatePolicies/save', 633, 629, NULL, 1,
        'templatePolicies/save', 1),
       (636, 'Creacion registro Formulario Politicas/Terminos', 'templatePolicies/save', 633, 630, NULL, 1,
        'templatePolicies/save', 1),
       (637, 'Button Manager- Traduccion Politicas/Terminos', 'languageTemplatePolicies/admin', 633, 631, NULL, 1,
        'languageTemplatePolicies/admin', 1),
       (638, 'ADMIN GRID- Traduccion Administracion Politicas/Terminos', 'languageTemplatePolicies/admin', 637, 632,
        NULL, 1, 'languageTemplatePolicies/admin', 1),
       (639, 'Update registro Formulario Traduccion Administracion Politicas/Terminos', 'languageTemplatePolicies/save',
        637, 633, NULL, 1, 'languageTemplatePolicies/save', 1),
       (640, 'Creacion registro Formulario Traduccion Administracion Politicas/Terminos',
        'languageTemplatePolicies/save', 637, 634, NULL, 1, 'languageTemplatePolicies/save', 1),
       (641, 'Obtencion de datos o Formulario Traduccion Administracion Politicas/Terminos', 'language/listSelect2',
        637, 635, NULL, 1, 'language/listSelect2', 1),
       (642, 'Delete registro Formulario Traduccion Administracion Politicas/Terminos',
        'languageTemplatePolicies/delete', 637, 636, NULL, 1, 'languageTemplatePolicies/delete', 1),
       (643, 'Servicios', 'templateServices/admin', 612, 637, NULL, 1, 'templateServices/admin', 1),
       (644, 'ADMIN GRID-Servicios', 'templateServices/admin', 643, 638, NULL, 1, 'templateServices/admin', 1),
       (645, 'Update registro Formulario Servicios', 'templateServices/save\n', 643, 639, NULL, 1,
        'templateServices/save\n', 1),
       (646, 'Creacion registro Formulario Servicios', 'templateServices/save\n', 643, 640, NULL, 1,
        'templateServices/save\n', 1),
       (647, 'Button Manager- Agregar Fotografias Servicios', 'templateServicesByData/admin', 643, 641, NULL, 1,
        'templateServicesByData/admin', 1),
       (648, 'ADMIN GRID-Agregar Fotografias Servicios', 'templateServicesByData/admin', 647, 642, NULL, 1,
        'templateServicesByData/admin', 1),
       (649, 'Update registro Formulario Agregar Fotografias Servicios', 'templateServicesByData/save', 647, 643, NULL,
        1, 'templateServicesByData/save', 1),
       (650, 'Creacion registro Formulario Agregar Fotografias Servicios', 'templateServicesByData/save', 647, 644,
        NULL, 1, 'templateServicesByData/save', 1),
       (651, 'Button Manager- Traduccion Administracion Fotografias Servicios', 'languageTemplateServicesByData/admin',
        647, 645, NULL, 1, 'languageTemplateServicesByData/admin', 1),
       (652, 'ADMIN GRID- Traduccion Administracion Fotografias Servicios', 'languageTemplateServicesByData/admin', 651,
        646, NULL, 1, 'languageTemplateServicesByData/admin', 1),
       (653, 'Update registro Formulario Traduccion Administracion Fotografias Servicios',
        'languageTemplateServicesByData/save', 651, 647, NULL, 1, 'languageTemplateServicesByData/save', 1),
       (654, 'Creacion registro Formulario Traduccion Administracion Fotografias Servicios',
        'languageTemplateServicesByData/save', 651, 648, NULL, 1, 'languageTemplateServicesByData/save', 1),
       (655, 'Obtencion de datos o Formulario Traduccion Administracion Fotografias Servicios', 'language/listSelect2',
        651, 649, NULL, 1, 'language/listSelect2', 1),
       (656, 'Delete registro Formulario Traduccion Administracion Fotografias Servicios',
        'languageTemplateAboutUsByData/delete', 651, 650, NULL, 1, 'languageTemplateAboutUsByData/delete', 1),
       (657, 'Button Manager- Traduccion Servicios', 'languageTemplateServicesByData/admin', 643, 651, NULL, 1,
        'languageTemplateServicesByData/admin', 1),
       (658, 'ADMIN GRID- Traduccion Administracion Servicios', 'languageTemplateServicesByData/admin', 657, 652, NULL,
        1, 'languageTemplateServicesByData/admin', 1),
       (659, 'Update registro Formulario Traduccion Administracion Servicios', 'languageTemplateServicesByData/save',
        657, 653, NULL, 1, 'languageTemplateServicesByData/save', 1),
       (660, 'Creacion registro Formulario Traduccion Administracion Servicios', 'languageTemplateServicesByData/save',
        657, 654, NULL, 1, 'languageTemplateServicesByData/save', 1),
       (661, 'Obtencion de datos o Formulario Traduccion Administracion Servicios', 'language/listSelect2', 657, 655,
        NULL, 1, 'language/listSelect2', 1),
       (662, 'Delete registro Formulario Traduccion Administracion Servicios', 'languageTemplateServicesByData/delete',
        657, 656, NULL, 1, 'languageTemplateServicesByData/delete', 1),
       (663, 'Noticias', 'templateNews/admin', 612, 657, NULL, 1, 'templateNews/admin', 1),
       (664, 'ADMIN GRID-Noticias', 'templateNews/admin', 663, 658, NULL, 1, 'templateNews/admin', 1),
       (665, 'Update registro Formulario Noticias', 'templateNews/save\n', 663, 659, NULL, 1, 'templateNews/save\n', 1),
       (666, 'Creacion registro Formulario Noticias', 'templateNews/save\n', 663, 660, NULL, 1, 'templateNews/save\n',
        1),
       (667, 'Button Manager- Agregar Fotografias Noticias', 'templateNewsByData/admin', 663, 661, NULL, 1,
        'templateNewsByData/admin', 1),
       (668, 'ADMIN GRID-Agregar Fotografias Noticias', 'templateNewsByData/admin', 667, 662, NULL, 1,
        'templateNewsByData/admin', 1),
       (669, 'Update registro Formulario Agregar Fotografias Noticias', 'templateNewsByData/save', 667, 663, NULL, 1,
        'templateNewsByData/save', 1),
       (670, 'Creacion registro Formulario Agregar Fotografias Noticias', 'templateNewsByData/save', 667, 664, NULL, 1,
        'templateNewsByData/save', 1),
       (671, 'Contactanos-Informacion', 'templateContactUs/getContactUsData', 612, 665, NULL, 1,
        'templateContactUs/getContactUsData', 1),
       (672, 'ADMIN GRID-Contactanos-Informacion', 'templateContactUs/getContactUsData', 671, 666, NULL, 1,
        'templateContactUs/getContactUsData', 1),
       (673, 'Update registro Formulario Contactanos-Informacion', 'templateContactUs/uploadImage\n', 671, 667, NULL, 1,
        'templateContactUs/uploadImage\n', 1),
       (674, 'Creacion registro Formulario Contactanos-Informacion', 'templateContactUs/uploadImage\n', 671, 668, NULL,
        1, 'templateContactUs/uploadImage\n', 1),
       (675, 'Contactanos-Informacion Direccion', 'templateContactUs/getContactUsData', 671, 669, NULL, 1,
        'templateContactUs/getContactUsData', 1),
       (676, 'ADMIN GRID- Contactanos-Informacion Direccion', 'templateContactUs/getContactUsData', 675, 670, NULL, 1,
        'templateContactUs/getContactUsData', 1),
       (677, 'Update registro Formulario Contactanos-Informacion Direccion', 'business/saveDataFrontend\n', 675, 671,
        NULL, 1, 'business/saveDataFrontend\n', 1),
       (678, 'Creacion registro Formulario Contactanos-Informacion Direccion', 'business/saveDataFrontend\n', 675, 672,
        NULL, 1, 'business/saveDataFrontend\n', 1),
       (679, 'Contactanos-Redes Sociales', 'templateContactUs/getContactUsData', 671, 673, NULL, 1,
        'templateContactUs/getContactUsData', 1),
       (680, 'ADMIN GRID- Contactanos- Redes Sociales', 'templateContactUs/getContactUsData', 679, 674, NULL, 1,
        'templateContactUs/getContactUsData', 1),
       (681, 'Update registro Formulario Contactanos - Redes Sociales', 'informationSocialNetwork/saveFrontend\n', 679,
        675, NULL, 1, 'informationSocialNetwork/saveFrontend\n', 1),
       (682, 'Creacion registro Formulario Contactanos - Redes Sociales', 'informationSocialNetwork/saveFrontend\n',
        679, 676, NULL, 1, 'informationSocialNetwork/saveFrontend\n', 1),
       (683, 'Contactanos- Correos Contáctanos', 'templateConfigMailingByEmails/admin', 671, 677, NULL, 1,
        'templateConfigMailingByEmails/admin', 1),
       (684, 'ADMIN GRID- Contactanos- Correos Contáctanos', 'templateConfigMailingByEmails/admin', 683, 678, NULL, 1,
        'templateConfigMailingByEmails/admin', 1),
       (685, 'Update registro Formulario Contactanos - Correos Contáctanos', 'templateConfigMailingByEmails/save\n',
        683, 679, NULL, 1, 'templateConfigMailingByEmails/save\n', 1),
       (686, 'Creacion registro Formulario Contactanos -Correos Contáctanos', 'templateConfigMailingByEmails/save\n',
        683, 680, NULL, 1, 'templateConfigMailingByEmails/save\n', 1),
       (687, 'Delete registro Formulario Contactanos - Correos Contáctanos',
        'templateConfigMailingByEmails/deleteFrontend\n', 683, 681, NULL, 1,
        'templateConfigMailingByEmails/deleteFrontend\n', 1),
       (688, 'Contactanos- Chat Facebook Configuración', 'templateChatApi/save', 671, 682, NULL, 1,
        'templateChatApi/save', 1),
       (689, 'ADMIN GRID- Contactanos- Chat Facebook Configuración', 'templateConfigMailingByEmails/admin', 688, 683,
        NULL, 1, 'templateConfigMailingByEmails/admin', 1),
       (690, 'Update registro Formulario Contactanos - Chat Facebook Configuración', 'templateChatApi/save\n', 688, 684,
        NULL, 1, 'templateChatApi/save\n', 1),
       (691, 'Creacion registro Formulario Contactanos - Chat Facebook Configuración', 'templateChatApi/save\n', 688,
        685, NULL, 1, 'templateChatApi/save\n', 1),
       (692, 'Configuraciones', '#', NULL, 686, 'fa fa-cog', 1, '#', 1),
       (693, 'Imagenes-Logo Header Principal', 'templateBySource/getSourcesTypesData', 692, 687, NULL, 1,
        'templateBySource/getSourcesTypesData', 1),
       (694, 'ADMIN GRID-Logo Header Principal', 'templateBySource/getSourcesTypesData', 693, 688, NULL, 1,
        'templateBySource/getSourcesTypesData', 1),
       (695, 'Update registro Formulario Logo Header Principal', 'templateBySource/save', 693, 689, NULL, 1,
        'templateBySource/save', 1),
       (696, 'Creacion registro Formulario Logo Header Principal', 'templateBySource/save', 693, 690, NULL, 1,
        'templateBySource/save', 1),
       (697, 'Imagenes-Favicon', 'templateBySource/getSourcesTypesData', 692, 691, NULL, 1,
        'templateBySource/getSourcesTypesData', 1),
       (698, 'ADMIN GRID-Favicon', 'templateBySource/getSourcesTypesData', 697, 692, NULL, 1,
        'templateBySource/getSourcesTypesData', 1),
       (699, 'Update registro Formulario Favicon', 'templateBySource/save', 697, 693, NULL, 1, 'templateBySource/save',
        1),
       (700, 'Creacion registro Formulario Favicon', 'templateBySource/save', 697, 694, NULL, 1,
        'templateBySource/save', 1),
       (701, 'Formas de Pago', 'templatePayments/admin', 692, 695, NULL, 1, 'templatePayments/admin', 1),
       (702, 'ADMIN GRID- Formas de Pago', 'templatePayments/admin', 701, 696, NULL, 1, 'templatePayments/admin', 1),
       (703, 'Update registro Formulario Formas de Pago', 'templatePayments/save', 701, 697, NULL, 1,
        'templatePayments/save', 1),
       (704, 'Creacion registro Formulario Formas de Pago', 'templatePayments/save', 701, 698, NULL, 1,
        'templatePayments/save', 1),
       (705, 'Dashboard', 'managerDashboard', NULL, 699, 'remixicon-dashboard-line', 1, 'managerDashboard', 0),
       (706, 'Configuracion', '#', NULL, 700, 'fa fa-cog', 1, '#', 1),
       (707, 'Equipos', 'eventsTrailsTypeTeams/admin', 706, 701, NULL, 1, 'eventsTrailsTypeTeams/admin', 1),
       (708, 'ADMIN GRID-Equipos', 'eventsTrailsTypeTeams/admin', 707, 702, NULL, 1, 'eventsTrailsTypeTeams/admin', 1),
       (709, 'Update registro Formulario Equipos', 'eventsTrailsTypeTeams/save', 707, 703, NULL, 1,
        'eventsTrailsTypeTeams/save', 1),
       (710, 'Creacion registro Formulario Equipos', 'eventsTrailsTypeTeams/save', 707, 704, NULL, 1,
        'eventsTrailsTypeTeams/save', 1),
       (711, 'Categorias', 'eventsTrailsTypeOfCategories/admin', 706, 705, NULL, 1,
        'eventsTrailsTypeOfCategories/admin', 1),
       (712, 'ADMIN GRID-Categorias', 'eventsTrailsTypeOfCategories/admin', 711, 706, NULL, 1,
        'eventsTrailsTypeOfCategories/admin', 1),
       (713, 'Update registro Formulario Categorias', 'eventsTrailsTypeOfCategories/save', 711, 707, NULL, 1,
        'eventsTrailsTypeOfCategories/save', 1),
       (714, 'Creacion registro Formulario Categorias', 'eventsTrailsTypeOfCategories/save', 711, 708, NULL, 1,
        'eventsTrailsTypeOfCategories/save', 1),
       (715, 'Distancias', 'eventsTrailsDistances/admin', 706, 709, NULL, 1, 'eventsTrailsDistances/admin', 1),
       (716, 'ADMIN GRID-Distancias', 'eventsTrailsDistances/admin', 715, 710, NULL, 1, 'eventsTrailsDistances/admin',
        1),
       (717, 'Update registro Formulario Distancias', 'eventsTrailsDistances/save', 715, 711, NULL, 1,
        'eventsTrailsDistances/save', 1),
       (718, 'Creacion registro Formulario Distancias', 'eventsTrailsDistances/save', 715, 712, NULL, 1,
        'eventsTrailsDistances/save', 1),
       (719, 'Obtencion Valores Formulario Equipos', 'eventsTrailsTypeTeams/listSelect2', 715, 713, NULL, 1,
        'eventsTrailsTypeTeams/listSelect2', 1),
       (720, 'Kits', 'eventsTrailsByKit/admin', 706, 714, NULL, 1, 'eventsTrailsByKit/admin', 1),
       (721, 'ADMIN GRID-Kits', 'eventsTrailsByKit/admin', 720, 715, NULL, 1, 'eventsTrailsByKit/admin', 1),
       (722, 'Update registro Formulario Kits', 'eventsTrailsByKit/save', 720, 716, NULL, 1, 'eventsTrailsByKit/save',
        1),
       (723, 'Creacion registro Formulario Kits', 'eventsTrailsByKit/save', 720, 717, NULL, 1, 'eventsTrailsByKit/save',
        1),
       (724, 'Obtencion Valores Prendas Piezas Formulario Kits', 'product/events/getProductService', 720, 718, NULL, 1,
        'product/events/getProductService', 1),
       (725, 'Puntos de Venta', 'eventsTrailsRegistrationPoints/admin', 706, 719, NULL, 1,
        'eventsTrailsRegistrationPoints/admin', 1),
       (726, 'ADMIN GRID- Puntos de Venta', 'eventsTrailsRegistrationPoints/admin', 725, 720, NULL, 1,
        'eventsTrailsRegistrationPoints/admin', 1),
       (727, 'Update registro Formulario Puntos de Venta', 'eventsTrailsRegistrationPoints/save', 725, 721, NULL, 1,
        'eventsTrailsRegistrationPoints/save', 1),
       (728, 'Creacion registro Formulario Puntos de Venta', 'eventsTrailsRegistrationPoints/save', 725, 722, NULL, 1,
        'eventsTrailsRegistrationPoints/save', 1),
       (729, 'Obtencion Valores Empresas Puntos de Venta', 'business/managementBusinessEvents', 725, 723, NULL, 1,
        'business/managementBusinessEvents', 1),
       (730, 'Button Manager-Eliminar', 'eventsTrailsRegistrationPoints/deletePointSale', 725, 724, NULL, 1,
        'eventsTrailsRegistrationPoints/deletePointSale', 1),
       (731, 'Button Manager-Administracion pagos', 'getDataPaymentsManagementEvent', 725, 725, NULL, 1,
        'getDataPaymentsManagementEvent', 1),
       (732, 'Menu Frontend', 'businessByMenuManagementFrontend/admin', 237, 726, NULL, 1,
        'businessByMenuManagementFrontend/admin', 1),
       (733, 'ADMIN GRID - Menu Frontend', 'businessByMenuManagementFrontend/admin', 732, 727, NULL, 1,
        'businessByMenuManagementFrontend/admin', 1),
       (734, 'Update registro Formulario Menu Frontend', 'businessByMenuManagementFrontend/save', 732, 728, NULL, 1,
        'businessByMenuManagementFrontend/save', 1),
       (735, 'Creacion registro Formulario Menu Frontend', 'businessByMenuManagementFrontend/save', 732, 729, NULL, 1,
        'businessByMenuManagementFrontend/save', 1),
       (736, 'Obtencion Valores Formulario Menu Frontend', 'businessByMenuManagementFrontend/listActionsParent', 732,
        730, NULL, 1, 'businessByMenuManagementFrontend/listActionsParent', 1),
       (737, 'Ofertas Academicas Slider\n', 'businessByAcademicOfferings/admin', 237, 731, NULL, 1,
        'businessByAcademicOfferings/admin', 1),
       (738, 'ADMIN GRID - Ofertas Academicas Slider\n', 'businessByAcademicOfferings/admin', 737, 732, NULL, 1,
        'businessByAcademicOfferings/admin', 1),
       (739, 'Update registro Formulario Ofertas Academicas Slider\n', 'businessByAcademicOfferings/save', 737, 733,
        NULL, 1, 'businessByAcademicOfferings/save', 1),
       (740, 'Creacion registro Formulario Ofertas Academicas Slider\n', 'businessByAcademicOfferings/save', 737, 734,
        NULL, 1, 'businessByAcademicOfferings/save', 1),
       (741, 'Obtencion Valores Formulario Ofertas Academicas Slider\n',
        'businessByMenuManagementFrontend/listActionsParent', 737, 735, NULL, 1,
        'businessByMenuManagementFrontend/listActionsParent', 1),
       (742, 'Buttons Manager- Administracion Ofertas Datos', 'businessAcademicOfferingsByData/admin', 237, 736, NULL,
        1, 'businessAcademicOfferingsByData/admin', 1),
       (743, 'ADMIN GRID - Administracion Ofertas Datos\n', 'businessAcademicOfferingsByData/admin', 742, 737, NULL, 1,
        'businessAcademicOfferingsByData/admin', 1),
       (744, 'Update registro Formulario Administracion Ofertas Datos', 'businessAcademicOfferingsByData/save', 742,
        738, NULL, 1, 'businessAcademicOfferingsByData/save', 1),
       (745, 'Creacion registro Formulario Administracion Ofertas Datos\n', 'businessAcademicOfferingsByData/save', 742,
        739, NULL, 1, 'businessAcademicOfferingsByData/save', 1),
       (746, 'Ofertas Academicas \n', 'businessByAcademicOfferingsInstitution/admin\n', 237, 740, NULL, 1,
        'businessByAcademicOfferings/admin', 1),
       (747, 'ADMIN GRID - Ofertas Academicas', 'businessByAcademicOfferingsInstitution/admin', 746, 741, NULL, 1,
        'businessByAcademicOfferings/admin', 1),
       (748, 'Update registro Formulario Ofertas Academicas', 'businessByAcademicOfferingsInstitution/save', 746, 742,
        NULL, 1, 'businessByAcademicOfferings/save', 1),
       (749, 'Creacion registro Formulario Ofertas Academicas \n', 'businessByAcademicOfferingsInstitution/save', 746,
        743, NULL, 1, 'businessByAcademicOfferings/save', 1),
       (750, 'Preguntas Frecuentes\n', 'businessByFrequentQuestion/admin\n', 237, 744, NULL, 1,
        'businessByFrequentQuestion/admin\n', 1),
       (751, 'ADMIN GRID - Preguntas Frecuentes\n', 'businessByFrequentQuestion/admin', 750, 745, NULL, 1,
        'businessByFrequentQuestion/admin', 1),
       (752, 'Update registro Formulario Preguntas Frecuentes\n', 'businessByFrequentQuestion/save', 750, 746, NULL, 1,
        'businessByFrequentQuestion/save', 1),
       (753, 'Creacion registro Formulario Preguntas Frecuentes\n', 'businessByFrequentQuestion/save', 750, 747, NULL,
        1, 'businessByFrequentQuestion/save', 1),
       (754, 'Requerimientos\n', 'businessByRequirements/admin\n', 237, 748, NULL, 1, 'businessByRequirements/admin\n',
        1),
       (755, 'ADMIN GRID - Requerimientos\n', 'businessByRequirements/admin', 754, 749, NULL, 1,
        'businessByRequirements/admin', 1),
       (756, 'Update registro Formulario Requerimientos\n', 'businessByRequirements/save', 754, 750, NULL, 1,
        'businessByRequirements/save', 1),
       (757, 'Creacion registro Formulario Requerimientos\n', 'businessByRequirements/save', 754, 751, NULL, 1,
        'businessByRequirements/save', 1),
       (758, 'Cuenta', '#', NULL, 726, 'fas fa-business-time', 1, '#', 1),
       (759, 'Tablero', 'account', 732, 727, 'NULL', 1, 'account', 1),
       (760, 'ADMIN Information Perfil', 'myProfile', 732, 728, 'NULL', 1, 'myProfile', 1),
       (761, 'Creacion/Actualizacion registro Perfil', 'customerProfile/save', 732, 729, 'NULL', 1,
        'customerProfile/save', 1),
       (762, 'ADMIN Pasword', 'password', 732, 730, 'NULL', 1, 'password', 1),
       (763, 'Creacion/Actualizacion registro Contrasenia', 'user/save/changePassword', 732, 731, 'NULL', 1,
        'user/save/changePassword', 1),
       (764, 'ADMIN Pasword', 'suggestionsMailBox', 732, 732, 'NULL', 1, 'suggestionsMailBox', 1),
       (765, 'Administracion Meetclic', '#', NULL, 733, 'fas fa-business-time', 1, '#', 1),
       (766, 'Mis Negocios Manager', 'business', 739, 734, 'NULL', 1, 'business', 1),
       (767, 'ADMIN GRID- Mis Negocios', 'business/admin', 739, 735, 'NULL', 1, 'business/admin', 1),
       (768, 'Update registro Formulario Mis Negocios', 'business/save', 739, 736, 'NULL', 1, 'business/save', 1),
       (769, 'Creacion registro Formulario Mis Negocios', 'business/save', 739, 737, 'NULL', 1, 'business/save', 1),
       (770, 'Button Manager- Manager Business', 'managerBusiness', 740, 738, 'NULL', 1, 'managerBusiness', 1),
       (771, 'ADMIN GRID- Empresas Amigas', 'listingsQueen', 739, 739, 'NULL', 1, 'listingsQueen', 1),
       (772, 'ADMIN GRID- Amigos', 'bee', 739, 740, 'NULL', 1, 'bee', 1),
       (773, 'ADMIN GRID- Mis Sugerencias', 'reviewsTo', 739, 741, 'NULL', 1, 'reviewsTo', 1),
       (774, 'Puntos de Venta Manager', 'pointsSales', 739, 742, 'NULL', 1, 'pointsSales', 1),
       (775, 'ADMIN GRID- Puntos de Venta', 'pointsSales/admin', 739, 743, 'NULL', 1, 'pointsSales/admin', 1),
       (776, 'Update registro Formulario Puntos de Venta', 'pointsSales/save', 739, 744, 'NULL', 1, 'pointsSales/save',
        1),
       (777, 'Creacion registro Formulario Puntos de Venta', 'pointsSales/save', 739, 745, 'NULL', 1,
        'pointsSales/save', 1),
       (778, 'Historiales', '#', NULL, 746, 'fas fa-business-time', 1, '#', 1),
       (779, 'Ordenes Manager', 'orders', 752, 747, 'NULL', 1, 'orders', 1),
       (780, 'ADMIN GRID- Ordenes', 'orderPaymentsManager/adminCustomers', 752, 748, 'NULL', 1,
        'orderPaymentsManager/adminCustomers', 1);
INSERT INTO `actions` (`id`, `name`, `link`, `parent_id`, `weight`, `icon`, `type`, `description`, `type_item`)
VALUES (781, 'Update registro Formulario  Ordenes', 'orderPaymentsManager/save', 752, 749, 'NULL', 1,
        'orderPaymentsManager/save', 1),
       (782, 'Creacion registro Formulario Ordenes', 'orderPaymentsManager/save', 752, 750, 'NULL', 1,
        'orderPaymentsManager/save', 1);

--
-- Dumping data for table `actions_by_role`
--

INSERT INTO `actions_by_role` (`id`, `action_id`, `role_id`)
VALUES (1, 235, 4),
       (2, 1, 4),
       (3, 2, 4),
       (4, 3, 4),
       (5, 4, 4),
       (6, 5, 4),
       (7, 6, 4),
       (8, 7, 4),
       (9, 8, 4),
       (10, 9, 4),
       (11, 10, 4),
       (12, 11, 4),
       (13, 12, 4),
       (14, 13, 4),
       (15, 14, 4),
       (16, 15, 4),
       (17, 16, 4),
       (18, 17, 4),
       (19, 18, 4),
       (20, 19, 4),
       (21, 20, 4),
       (22, 21, 4),
       (23, 22, 4),
       (24, 23, 4),
       (25, 24, 4),
       (26, 25, 4),
       (27, 26, 4),
       (28, 27, 4),
       (29, 28, 4),
       (30, 29, 4),
       (31, 30, 4),
       (32, 31, 4),
       (33, 32, 4),
       (34, 33, 4),
       (35, 34, 4),
       (36, 35, 4),
       (37, 36, 4),
       (38, 37, 4),
       (39, 38, 4),
       (40, 39, 4),
       (41, 40, 4),
       (42, 41, 4),
       (43, 42, 4),
       (44, 43, 4),
       (45, 44, 4),
       (46, 45, 4),
       (47, 46, 4),
       (48, 102, 4),
       (49, 103, 4),
       (50, 104, 4),
       (51, 105, 4),
       (52, 106, 4),
       (53, 107, 4),
       (54, 108, 4),
       (55, 109, 4),
       (56, 110, 4),
       (57, 111, 4),
       (58, 112, 4),
       (59, 113, 4),
       (60, 114, 4),
       (61, 115, 4),
       (62, 116, 4),
       (63, 117, 4),
       (64, 118, 4),
       (65, 119, 4),
       (66, 120, 4),
       (67, 121, 4),
       (68, 122, 4),
       (69, 123, 4),
       (70, 124, 4),
       (71, 125, 4),
       (72, 126, 4),
       (73, 127, 4),
       (74, 128, 4),
       (75, 129, 4),
       (76, 130, 4),
       (77, 131, 4),
       (78, 132, 4),
       (79, 133, 4),
       (80, 134, 4),
       (81, 135, 4),
       (82, 136, 4),
       (83, 137, 4),
       (84, 138, 4),
       (85, 139, 4),
       (86, 140, 4),
       (87, 141, 4),
       (88, 142, 4),
       (89, 143, 4),
       (90, 144, 4),
       (91, 145, 4),
       (92, 146, 4),
       (93, 147, 4),
       (94, 148, 4),
       (95, 149, 4),
       (96, 150, 4),
       (97, 151, 4),
       (98, 152, 4),
       (99, 153, 4),
       (100, 154, 4),
       (101, 155, 4),
       (102, 156, 4),
       (103, 157, 4),
       (104, 158, 4),
       (105, 159, 4),
       (106, 160, 4),
       (107, 161, 4),
       (108, 162, 4),
       (109, 163, 4),
       (110, 164, 4),
       (111, 165, 4),
       (112, 166, 4),
       (113, 167, 4),
       (114, 168, 4),
       (115, 169, 4),
       (116, 170, 4),
       (117, 171, 4),
       (118, 172, 4),
       (119, 173, 4),
       (120, 174, 4),
       (121, 236, 4),
       (122, 237, 4),
       (123, 238, 4),
       (124, 239, 4),
       (125, 240, 4),
       (126, 241, 4),
       (127, 242, 4),
       (128, 243, 4),
       (129, 244, 4),
       (130, 245, 4),
       (131, 246, 4),
       (132, 247, 4),
       (133, 732, 4),
       (134, 733, 4),
       (135, 759, 4),
       (136, 734, 4),
       (137, 760, 4),
       (138, 735, 4),
       (139, 761, 4),
       (140, 736, 4),
       (141, 762, 4),
       (142, 763, 4),
       (143, 764, 4),
       (144, 280, 4),
       (145, 281, 4),
       (146, 285, 4),
       (147, 286, 4),
       (148, 287, 4),
       (149, 288, 4),
       (150, 289, 4),
       (151, 290, 4),
       (152, 291, 4),
       (153, 292, 4),
       (154, 293, 4),
       (155, 294, 4),
       (156, 295, 4),
       (157, 296, 4),
       (158, 297, 4),
       (159, 298, 4),
       (160, 299, 4),
       (161, 300, 4),
       (162, 301, 4),
       (163, 302, 4),
       (164, 303, 4),
       (165, 304, 4),
       (166, 305, 4),
       (167, 306, 4),
       (168, 307, 4),
       (169, 308, 4),
       (170, 309, 4),
       (171, 310, 4),
       (172, 311, 4),
       (173, 312, 4),
       (174, 313, 4),
       (175, 314, 4),
       (176, 315, 4),
       (177, 316, 4),
       (178, 317, 4),
       (179, 318, 4),
       (180, 319, 4),
       (181, 320, 4),
       (182, 321, 4),
       (183, 322, 4),
       (184, 323, 4),
       (185, 376, 4),
       (186, 377, 4),
       (187, 378, 4),
       (188, 379, 4),
       (189, 380, 4),
       (190, 381, 4),
       (191, 382, 4),
       (192, 383, 4),
       (193, 384, 4),
       (194, 385, 4),
       (195, 386, 4),
       (196, 387, 4),
       (197, 388, 4),
       (198, 389, 4),
       (199, 390, 4),
       (200, 391, 4),
       (201, 392, 4),
       (202, 393, 4),
       (203, 394, 4),
       (204, 395, 4),
       (205, 396, 4),
       (206, 397, 4),
       (207, 398, 4),
       (208, 399, 4),
       (209, 400, 4),
       (210, 401, 4),
       (211, 402, 4),
       (212, 403, 4),
       (213, 404, 4),
       (214, 405, 4),
       (215, 406, 4),
       (216, 407, 4),
       (217, 414, 4),
       (218, 415, 4),
       (219, 416, 4),
       (220, 417, 4),
       (221, 418, 4),
       (222, 419, 4),
       (223, 420, 4),
       (224, 421, 4),
       (225, 422, 4),
       (226, 423, 4),
       (227, 424, 4),
       (228, 425, 4),
       (229, 426, 4),
       (230, 427, 4),
       (231, 428, 4),
       (232, 429, 4),
       (233, 430, 4),
       (234, 431, 4),
       (235, 432, 4),
       (236, 433, 4),
       (237, 434, 4),
       (238, 435, 4),
       (239, 706, 4),
       (240, 725, 4),
       (241, 726, 4),
       (242, 727, 4),
       (243, 728, 4),
       (244, 729, 4),
       (245, 730, 4),
       (246, 731, 4),
       (247, 758, 4),
       (248, 765, 4),
       (249, 778, 4),
       (250, 235, 2),
       (251, 1, 2),
       (252, 2, 2),
       (253, 3, 2),
       (254, 4, 2),
       (255, 5, 2),
       (256, 6, 2),
       (257, 7, 2),
       (258, 8, 2),
       (259, 9, 2),
       (260, 10, 2),
       (261, 11, 2),
       (262, 12, 2),
       (263, 13, 2),
       (264, 14, 2),
       (265, 15, 2),
       (266, 16, 2),
       (267, 17, 2),
       (268, 18, 2),
       (269, 19, 2),
       (270, 20, 2),
       (271, 21, 2),
       (272, 22, 2),
       (273, 23, 2),
       (274, 24, 2),
       (275, 25, 2),
       (276, 26, 2),
       (277, 27, 2),
       (278, 28, 2),
       (279, 29, 2),
       (280, 30, 2),
       (281, 31, 2),
       (282, 32, 2),
       (283, 33, 2),
       (284, 34, 2),
       (285, 35, 2),
       (286, 36, 2),
       (287, 37, 2),
       (288, 38, 2),
       (289, 39, 2),
       (290, 40, 2),
       (291, 41, 2),
       (292, 42, 2),
       (293, 43, 2),
       (294, 44, 2),
       (295, 45, 2),
       (296, 46, 2),
       (297, 47, 2),
       (298, 48, 2),
       (299, 49, 2),
       (300, 50, 2),
       (301, 51, 2),
       (302, 52, 2),
       (303, 53, 2),
       (304, 54, 2),
       (305, 55, 2),
       (306, 56, 2),
       (307, 57, 2),
       (308, 58, 2),
       (309, 59, 2),
       (310, 60, 2),
       (311, 61, 2),
       (312, 62, 2),
       (313, 63, 2),
       (314, 64, 2),
       (315, 65, 2),
       (316, 66, 2),
       (317, 67, 2),
       (318, 68, 2),
       (319, 69, 2),
       (320, 70, 2),
       (321, 71, 2),
       (322, 72, 2),
       (323, 73, 2),
       (324, 74, 2),
       (325, 75, 2),
       (326, 76, 2),
       (327, 77, 2),
       (328, 78, 2),
       (329, 79, 2),
       (330, 80, 2),
       (331, 81, 2),
       (332, 119, 2),
       (333, 120, 2),
       (334, 121, 2),
       (335, 122, 2),
       (336, 123, 2),
       (337, 124, 2),
       (338, 125, 2),
       (339, 126, 2),
       (340, 127, 2),
       (341, 128, 2),
       (342, 129, 2),
       (343, 130, 2),
       (344, 131, 2),
       (345, 132, 2),
       (346, 133, 2),
       (347, 134, 2),
       (348, 135, 2),
       (349, 136, 2),
       (350, 137, 2),
       (351, 138, 2),
       (352, 139, 2),
       (353, 140, 2),
       (354, 141, 2),
       (355, 142, 2),
       (356, 143, 2),
       (357, 144, 2),
       (358, 145, 2),
       (359, 146, 2),
       (360, 147, 2),
       (361, 148, 2),
       (362, 149, 2),
       (363, 150, 2),
       (364, 151, 2),
       (365, 152, 2),
       (366, 153, 2),
       (367, 154, 2),
       (368, 155, 2),
       (369, 156, 2),
       (370, 157, 2),
       (371, 158, 2),
       (372, 159, 2),
       (373, 160, 2),
       (374, 161, 2),
       (375, 162, 2),
       (376, 163, 2),
       (377, 164, 2),
       (378, 165, 2),
       (379, 166, 2),
       (380, 167, 2),
       (381, 168, 2),
       (382, 169, 2),
       (383, 170, 2),
       (384, 171, 2),
       (385, 172, 2),
       (386, 173, 2),
       (387, 174, 2),
       (388, 175, 2),
       (389, 176, 2),
       (390, 177, 2),
       (391, 178, 2),
       (392, 179, 2),
       (393, 180, 2),
       (394, 181, 2),
       (395, 182, 2),
       (396, 183, 2),
       (397, 184, 2),
       (398, 185, 2),
       (399, 186, 2),
       (400, 187, 2),
       (401, 188, 2),
       (402, 189, 2),
       (403, 190, 2),
       (404, 191, 2),
       (405, 192, 2),
       (406, 280, 2),
       (407, 281, 2),
       (408, 285, 2),
       (409, 286, 2),
       (410, 287, 2),
       (411, 288, 2),
       (412, 289, 2),
       (413, 290, 2),
       (414, 291, 2),
       (415, 292, 2),
       (416, 293, 2),
       (417, 294, 2),
       (418, 295, 2),
       (419, 296, 2),
       (420, 297, 2),
       (421, 298, 2),
       (422, 299, 2),
       (423, 300, 2),
       (424, 301, 2),
       (425, 302, 2),
       (426, 303, 2),
       (427, 304, 2),
       (428, 305, 2),
       (429, 306, 2),
       (430, 307, 2),
       (431, 308, 2),
       (432, 309, 2),
       (433, 310, 2),
       (434, 311, 2),
       (435, 312, 2),
       (436, 313, 2),
       (437, 314, 2),
       (438, 315, 2),
       (439, 316, 2),
       (440, 317, 2),
       (441, 318, 2),
       (442, 319, 2),
       (443, 320, 2),
       (444, 321, 2),
       (445, 322, 2),
       (446, 323, 2),
       (447, 282, 2),
       (448, 283, 2),
       (449, 284, 2),
       (455, 329, 2),
       (456, 330, 2),
       (457, 331, 2),
       (458, 332, 2),
       (459, 333, 2),
       (460, 334, 2),
       (461, 335, 2),
       (462, 336, 2),
       (463, 337, 2),
       (464, 338, 2),
       (465, 339, 2),
       (466, 340, 2),
       (467, 341, 2),
       (468, 342, 2),
       (469, 343, 2),
       (470, 344, 2),
       (471, 345, 2),
       (472, 346, 2),
       (473, 347, 2),
       (474, 348, 2),
       (475, 349, 2),
       (476, 350, 2),
       (477, 351, 2),
       (478, 352, 2),
       (479, 353, 2),
       (480, 354, 2),
       (481, 355, 2),
       (482, 356, 2),
       (483, 357, 2),
       (484, 358, 2),
       (485, 359, 2),
       (486, 360, 2),
       (487, 361, 2),
       (488, 362, 2),
       (489, 363, 2),
       (490, 364, 2),
       (491, 365, 2),
       (492, 376, 2),
       (493, 377, 2),
       (494, 378, 2),
       (495, 379, 2),
       (496, 380, 2),
       (497, 381, 2),
       (498, 382, 2),
       (499, 383, 2),
       (500, 384, 2),
       (501, 385, 2),
       (502, 386, 2),
       (503, 387, 2),
       (504, 388, 2),
       (505, 389, 2),
       (506, 390, 2),
       (507, 391, 2),
       (508, 392, 2),
       (509, 393, 2),
       (510, 394, 2),
       (511, 395, 2),
       (512, 396, 2),
       (513, 397, 2),
       (514, 398, 2),
       (515, 399, 2),
       (516, 400, 2),
       (517, 401, 2),
       (518, 402, 2),
       (519, 403, 2),
       (520, 404, 2),
       (521, 405, 2),
       (522, 406, 2),
       (523, 407, 2),
       (524, 414, 2),
       (525, 415, 2),
       (526, 416, 2),
       (527, 417, 2),
       (528, 418, 2),
       (529, 419, 2),
       (530, 420, 2),
       (531, 421, 2),
       (532, 422, 2),
       (533, 423, 2),
       (534, 424, 2),
       (535, 425, 2),
       (536, 426, 2),
       (537, 427, 2),
       (538, 428, 2),
       (539, 429, 2),
       (540, 430, 2),
       (541, 431, 2),
       (542, 432, 2),
       (543, 433, 2),
       (544, 434, 2),
       (545, 435, 2),
       (546, 705, 2),
       (547, 758, 2),
       (548, 765, 2),
       (549, 778, 2),
       (550, 237, 2),
       (599, 238, 2),
       (600, 239, 2),
       (601, 240, 2),
       (602, 241, 2),
       (603, 242, 2),
       (604, 243, 2),
       (605, 244, 2),
       (606, 245, 2),
       (607, 246, 2),
       (608, 247, 2),
       (609, 236, 2);

INSERT INTO `human_resources_employee_profile` (`id`, `description`, `summary_web`, `people_id`,
                                                `people_type_identification_id`, `identification_document`, `src`,
                                                `date_of_birth`, `people_nationality_id`, `people_profession_id`,
                                                `contract_date`, `status`, `business_id`,
                                                `human_resources_department_id`, `allow_view_page_web`)
VALUES (1, '', NULL, 2, 2, '1002190138', NULL, '2020-11-01 00:00:00', 18, 5, '2020-11-01 00:00:00', 'ACTIVE', 1, 1, 0),
       (2, '<p>descriyuio</p>', '', 20, 2, '1720694',
        '/uploads/humanResourcesEmployeeProfile/profile/1663014691_AN_0004.jpg', '2022-09-22 00:00:00', 55, 48,
        '2022-09-20 00:00:00', 'ACTIVE', 1, 2, 0),
       (3, '<p>Gerente General</p>', '', 21, 2, '1720696275',
        '/uploads/humanResourcesEmployeeProfile/profile/1664204144_logo-inka-blanco-e1558117345837-1024x253.png',
        '2022-09-16 00:00:00', 66, 53, '2022-09-22 00:00:00', 'ACTIVE', 1, 1, 0);
INSERT INTO `business_by_employee_profile` (`id`, `human_resources_employee_profile_id`, `user_id`, `business_id`)
VALUES (1, 1, 2, 1),
       (2, 2, 7, 1),
       (3, 3, 8, 1);

INSERT INTO `people` (`id`, `last_name`, `name`, `birthdate`, `age`, `gender`)
VALUES (1, 'Lema', 'Leonel', '0000-00-00 00:00:00', 0, 3),
       (2, 'Rea', 'Fernando', '2020-11-01 00:00:00', 0, 0),
       (3, 'MARTINEZ', 'TAIRA', '1989-09-23 00:00:00', 0, 1),
       (4, 'MORALES', 'LUIS', '1900-01-01 00:00:00', 0, 0),
       (5, 'VIRTUAL', 'REALIDAD', '1987-07-24 00:00:00', 0, 1),
       (6, 'Isama Peralta', 'Edwin Patricio', '0000-00-00 00:00:00', 0, 3),
       (13, 'Isama', 'Edwin', '0000-00-00 00:00:00', 0, 3),
       (14, 'Isama', 'Edwin', '0000-00-00 00:00:00', 0, 3),
       (15, 'Isama', 'Edwin', '0000-00-00 00:00:00', 0, 3),
       (16, 'Lema', 'Leonel', '0000-00-00 00:00:00', 0, 3),
       (17, 'lema', 'leonel', '0000-00-00 00:00:00', 0, 3),
       (18, 'CANDO', 'FABIOLA', '1989-08-17 00:00:00', 0, 1),
       (19, 'JHON CANDO', 'JC GOLDEN SUPPY', '2022-09-16 00:00:00', 0, 0),
       (20, 'Lema', 'Leonel', '2022-09-22 00:00:00', 0, 0),
       (21, 'Lema', 'Leonel', '2022-09-16 00:00:00', 0, 0),
       (23, 'PEREZ', 'JOSE MANUEL', '2022-09-06 00:00:00', 0, 0),
       (26, 'FORTUNA', 'ANNY', '2022-09-26 00:00:00', 0, 3),
       (28, 'TAVERAS', 'MARTHA', '2022-10-03 00:00:00', 0, 1),
       (29, 'SN', 'INKA SAMBIL', '2022-09-26 00:00:00', 0, 1),
       (32, 'MEGACENTRO 2', 'INKA', '2022-10-03 00:00:00', 0, 1),
       (33, 'SN', 'INKA MEGA CENTRO 1', '2022-10-03 00:00:00', 0, 1),
       (35, 'SN', 'INKA CONDE', '2022-09-26 00:00:00', 0, 1),
       (36, 'SANTIAGO', 'INKA SANTIAGO', '2022-10-03 00:00:00', 0, 0),
       (37, 'HOLGUIN', 'AIDA', '2022-10-04 00:00:00', 0, 1),
       (52, 'CAPELLAN', 'MARLEN JIMENEZ', '2020-01-01 00:00:00', 0, 1),
       (53, 'SRL', 'AQUAMUNDO', '2022-11-01 00:00:00', 0, 0),
       (56, 'TORNILLO Y MAS , SRL', 'FERREBOUTIQUE TALADRO', '2022-12-07 00:00:00', 0, 1),
       (57, 'PLAZA CENTRAL', 'INKA', '2017-11-28 00:00:00', 0, 1),
       (61, 'IZA/SIMBA', 'MAGOLA/CARLOS', '2022-11-08 00:00:00', 0, 1),
       (64, 'POLANCO', 'ALI VANESSA', '2022-12-06 00:00:00', 0, 1),
       (65, 'DUARTE', 'ROSA', '2022-12-14 00:00:00', 0, 1),
       (66, 'CASTRO', 'JAIMERIS', '2022-12-07 00:00:00', 0, 3),
       (67, 'RAMOS', 'ISABEL', '2023-01-03 00:00:00', 0, 1),
       (68, 'ESPINAL', 'MARIEL', '2023-01-10 00:00:00', 0, 0),
       (69, 'LIDIA VALERIO', 'OLGA', '2023-01-09 00:00:00', 0, 1),
       (70, 'TAVAREZ', 'KARINA', '2023-01-02 00:00:00', 0, 1),
       (73, 'COLON', 'YARIBEL', '2023-01-03 00:00:00', 0, 0),
       (74, 'ALVAREZ', 'MARIA VICTORIA', '2023-01-03 00:00:00', 0, 1),
       (75, 'SANCHEZ', 'ANNETTY', '2023-01-03 00:00:00', 0, 1),
       (76, 'JIMENEZ', 'YASMIN EVELYN', '2023-02-13 00:00:00', 0, 1),
       (77, 'SANCHEZ', 'MARIA ANDREA', '2023-01-31 00:00:00', 0, 1),
       (78, 'vasquez', 'gedhaily', '2023-02-06 00:00:00', 0, 1),
       (79, 'PAYANO', 'johanna', '2023-02-08 00:00:00', 0, 1),
       (80, 'DEL ROSARIO CASTILLO', 'AURILYS', '2023-02-13 00:00:00', 0, 1),
       (81, 'FIESTA & GITS SRL', 'PARTY BOX', '2023-02-07 00:00:00', 0, 3),
       (82, 'SOUVENIRS SRL', 'SBS', '2023-02-13 00:00:00', 0, 3),
       (83, 'ROSARIO', 'ANTONIA MARIA', '2023-03-01 00:00:00', 0, 1),
       (84, 'PERALTA', 'VIVIAN JOSEFINA', '2023-03-13 00:00:00', 0, 1),
       (85, 'QUEVEDO BAUTISTA', 'ARIANNY', '2023-06-29 00:00:00', 0, 1),
       (86, 'VALDEZ', 'YOCAINA', '2023-06-06 00:00:00', 0, 1),
       (87, 'RAMIREZ TEJADA', 'WANDA MILAGROS', '2023-06-14 00:00:00', 0, 1),
       (88, 'NUÑEZ', 'YESENIA', '2023-06-05 00:00:00', 0, 1),
       (89, 'DILONE DURAN', 'VILEIRI', '2023-07-04 00:00:00', 0, 1),
       (90, 'POLANCO', 'JENNYFER', '2023-08-01 00:00:00', 0, 1),
       (91, 'RODRIGUEZ SANCHEZ', 'XIOMARA ANDREA', '2023-08-08 00:00:00', 0, 1),
       (92, 'MIRAMBEAUX MARTINEZ', 'ARMENIA ESTEFANY', '2023-07-04 00:00:00', 0, 1),
       (93, 'BATISTA', 'NERI', '2023-11-14 00:00:00', 0, 1),
       (94, 'PALEN DE PEÑA', 'JENNIFER', '2023-11-06 00:00:00', 0, 1),
       (95, 'DE LOS SANTOS', 'KADELIN', '2023-11-07 00:00:00', 0, 1),
       (100, 'SENA', 'LARIMAR', '2023-11-01 00:00:00', 0, 1),
       (101, 'NUNEZ', 'LUZ', '2023-12-20 00:00:00', 0, 1),
       (104, 'DIAZ', 'GELEN FORTUNA', '2023-12-05 00:00:00', 0, 1),
       (105, 'SARANSIG MAIGUA', 'LUIS ENRIQUE', '2023-12-04 00:00:00', 0, 0),
       (106, 'VALERIO', 'OLGA LIDIA', '2023-12-12 00:00:00', 0, 1),
       (107, 'DEL ROSARIO', 'AURILYS', '2024-01-10 00:00:00', 0, 1),
       (108, 'VARGAS', 'JHON', '2024-01-18 00:00:00', 0, 0),
       (109, 'ALVAREZ', 'MARIA VICTORIA', '2024-01-23 00:00:00', 0, 1),
       (110, 'PERDOMO', 'ABRAHAN', '2024-01-16 00:00:00', 0, 0),
       (111, 'REYES ZARZUELA', 'DAURY MIGUEL', '2024-01-08 00:00:00', 0, 1),
       (112, 'QUEVEDO BAUTISTA', 'ARIANNY', '2024-01-08 00:00:00', 0, 1),
       (113, 'GENAO', 'ANA MARIA', '2024-01-08 00:00:00', 0, 1),
       (114, 'BELTRE', 'PRICILA', '2024-01-08 00:00:00', 0, 1),
       (115, 'DE JESUS MONTILLA MORA', 'RAFAEL', '2024-01-08 00:00:00', 0, 0),
       (118, 'MAGUA CORNELIO', 'ARIANNY PAMELA', '2024-01-16 00:00:00', 0, 1),
       (119, 'HIDALGO', 'NADEZKA', '2024-01-08 00:00:00', 0, 1),
       (120, 'CACERES RIOS', 'KATHERINE', '2024-01-15 00:00:00', 0, 1),
       (121, 'Ricart', 'Maria', '2024-01-10 00:00:00', 0, 1),
       (122, 'MARTINEZ', 'CARMEN CELIS', '2024-01-08 00:00:00', 0, 1),
       (128, 'GUERRERO', 'CLARA', '2024-02-01 00:00:00', 0, 1),
       (131, 'ESPAILLAT INFANTE', 'IPZEL EDILI', '2024-02-14 00:00:00', 0, 1),
       (149, 'MARIE', 'SUPERMARKET', '2024-02-07 00:00:00', 0, 1),
       (150, 'GRULLON', 'PALOMA', '2024-02-08 00:00:00', 0, 1),
       (153, 'GARCIA', 'ARON', '2024-02-07 00:00:00', 0, 0),
       (216, 'SANCHEZ', 'NATALIE', '2024-02-07 00:00:00', 0, 1),
       (218, 'PEREZ', 'JAVIER', '2024-02-07 00:00:00', 0, 0),
       (220, 'DE LOS SANTOS', 'JAVIER', '2024-02-08 00:00:00', 0, 0),
       (221, 'VILLAMAN', 'YASMIRI', '2024-02-08 00:00:00', 0, 1),
       (224, 'MONTILLA', 'RAFAEL DE JESUS', '2024-02-01 00:00:00', 0, 0),
       (226, 'FULY', 'KIN', '2024-02-07 00:00:00', 0, 0),
       (228, 'MARCELINO', 'VICTOR', '2024-02-07 00:00:00', 0, 0),
       (229, 'JESUS', 'LISSETTE DE', '2024-02-06 00:00:00', 0, 1),
       (231, 'DIONICIO', 'ILIANA', '2024-02-15 00:00:00', 0, 1),
       (232, 'JUNSEN', 'JUNSEN', '2024-02-08 00:00:00', 0, 1),
       (233, 'ROSADO', 'LIZMAXIEL', '2024-02-07 00:00:00', 0, 0),
       (235, 'FAMILIA', 'MOISES', '2024-02-15 00:00:00', 0, 0),
       (237, 'K', 'SUPERTIENDA', '2024-02-22 00:00:00', 0, 0),
       (238, 'DE GARCIA', 'KARINA', '2024-01-10 00:00:00', 0, 0),
       (240, 'PAULINO', 'MARIA', '2024-02-06 00:00:00', 0, 1),
       (250, 'LIRIANO', 'ARIANNA', '2024-01-25 00:00:00', 0, 2),
       (251, 'VILLALONA', 'JORGE ANTONIO', '2024-02-15 00:00:00', 0, 0),
       (252, 'PEÑA', 'PERLA', '2024-02-14 00:00:00', 0, 1),
       (256, 'TAKKULA', 'LIAM', '2024-02-14 00:00:00', 0, 0),
       (258, 'DELGADO', 'YAMILKA', '2024-02-14 00:00:00', 0, 0),
       (259, 'cando', 'grace', '2024-02-26 00:00:00', 0, 1),
       (261, 'cando', 'yessica', '2024-03-11 00:00:00', 0, 1),
       (274, 'dominguez', 'anyolina', '2024-03-04 00:00:00', 0, 1);

INSERT INTO `customer` (`id`, `identification_document`, `src`, `people_type_identification_id`, `people_id`,
                        `business_name`, `business_reason`, `ruc_type_id`, `has_representative`,
                        `representative_fullname`)
VALUES (1, '1003224456', NULL, 2, 3, '', '', 4, 0, NULL),
       (2, '9999999999999', NULL, 5, 4, '', '', 4, 0, NULL),
       (3, '1002954889', NULL, 2, 5, '', '', 4, 0, NULL),
       (4, '1003233069', NULL, 2, 18, '', '', 4, 0, NULL),
       (5, '402-5273769-3', NULL, 3, 19, '', '', 4, 0, NULL),
       (6, '130931844', NULL, 3, 23, '', '', 4, 0, NULL),
       (7, '6546546', NULL, 3, 26, '', '', 4, 0, NULL),
       (8, '0142589634', NULL, 3, 28, '', '', 4, 0, NULL),
       (9, '101808098', NULL, 3, 29, '', '', 4, 0, NULL),
       (10, '1018080981', NULL, 3, 32, '', '', 4, 0, NULL),
       (11, '1018080982', NULL, 3, 33, '', '', 4, 0, NULL),
       (12, '1018080983', NULL, 3, 35, '', '', 4, 0, NULL),
       (13, '1018080984', NULL, 3, 36, '', '', 4, 0, NULL),
       (14, '1234564812', NULL, 3, 37, '', '', 4, 0, NULL),
       (15, '40225062765', NULL, 3, 52, '', '', 4, 0, NULL),
       (16, '130976661', NULL, 3, 53, '', '', 4, 0, NULL),
       (17, '131687466', NULL, 3, 56, '', '', 4, 0, NULL),
       (18, '00116190638', NULL, 3, 57, '', '', 4, 0, NULL),
       (19, '0142589637', NULL, 3, 61, '', '', 4, 0, NULL),
       (20, '0142589635', NULL, 3, 64, '', '', 4, 0, NULL),
       (21, '0481129240', NULL, 3, 65, '', '', 4, 0, NULL),
       (22, '123456879', NULL, 3, 66, '', '', 4, 0, NULL),
       (23, '1234567890', NULL, 3, 67, '', '', 4, 0, NULL),
       (24, '40228280547', NULL, 3, 68, '', '', 4, 0, NULL),
       (25, '1180015908', NULL, 3, 69, '', '', 4, 0, NULL),
       (26, '40221408087', NULL, 3, 70, '', '', 4, 0, NULL),
       (27, '0142589633', NULL, 3, 73, '', '', 4, 0, NULL),
       (28, '00301109708', NULL, 3, 74, '', '', 4, 0, NULL),
       (29, '7900165866', NULL, 3, 75, '', '', 4, 0, NULL),
       (30, '5613136664', NULL, 3, 76, '', '', 4, 0, NULL),
       (31, '40212628297', NULL, 3, 77, '', '', 4, 0, NULL),
       (32, '04000135494', NULL, 3, 78, '', '', 4, 0, NULL),
       (33, '05100242733', NULL, 3, 79, '', '', 4, 0, NULL),
       (34, '02800757771', NULL, 3, 80, '', '', 4, 0, NULL),
       (35, '132564512', NULL, 3, 81, '', '', 4, 0, NULL),
       (36, '131898051', NULL, 3, 82, '', '', 4, 0, NULL),
       (37, '25546464646', NULL, 3, 83, '', '', 4, 0, NULL),
       (38, '354363332', NULL, 3, 84, '', '', 4, 0, NULL),
       (39, '00100345774', NULL, 3, 85, '', '', 4, 0, NULL),
       (40, '01201154511', NULL, 3, 86, '', '', 4, 0, NULL),
       (41, '5556565666', NULL, 3, 87, '', '', 4, 0, NULL),
       (42, '11111111111', NULL, 3, 88, '', '', 4, 0, NULL),
       (43, '40210403768', NULL, 3, 89, '', '', 4, 0, NULL),
       (44, '03505896248', NULL, 3, 90, '', '', 4, 0, NULL),
       (45, '02801060738', NULL, 3, 91, '', '', 4, 0, NULL),
       (46, '216545445', NULL, 3, 92, '', '', 4, 0, NULL),
       (47, '666556566', NULL, 3, 93, '', '', 4, 0, NULL),
       (48, '656262262', NULL, 3, 94, '', '', 4, 0, NULL),
       (49, '54455155', NULL, 3, 95, '', '', 4, 0, NULL),
       (50, '01302302320', NULL, 3, 100, '', '', 4, 0, NULL),
       (51, '40200511646', NULL, 3, 101, '', '', 4, 0, NULL),
       (52, '00106614746', NULL, 3, 104, '', '', 4, 0, NULL),
       (53, 'a4549905', NULL, 3, 105, '', '', 4, 0, NULL),
       (54, '555441552', NULL, 3, 106, '', '', 4, 0, NULL),
       (55, '0280075771', NULL, 3, 107, '', '', 4, 0, NULL),
       (56, '123401623', NULL, 4, 108, '', '', 4, 0, NULL),
       (57, '000000000', NULL, 3, 109, '', '', 4, 0, NULL),
       (58, '333232322', NULL, 3, 110, '', '', 4, 0, NULL),
       (59, '55165646', NULL, 3, 111, '', '', 4, 0, NULL),
       (60, '369563536', NULL, 3, 112, '', '', 4, 0, NULL),
       (61, '3.3366333', NULL, 3, 113, '', '', 4, 0, NULL),
       (62, '362252522', NULL, 3, 114, '', '', 4, 0, NULL),
       (63, '63263332323', NULL, 3, 115, '', '', 4, 0, NULL),
       (64, '6512111122210', NULL, 3, 118, '', '', 4, 0, NULL),
       (65, '55252525252', NULL, 3, 119, '', '', 4, 0, NULL),
       (66, '5252252220', NULL, 3, 120, '', '', 4, 0, NULL),
       (67, '00117798680', NULL, 3, 121, '', '', 4, 0, NULL),
       (68, '5313205222', NULL, 3, 122, '', '', 4, 0, NULL),
       (69, '40224670097', NULL, 3, 128, '', '', 4, 0, NULL),
       (70, '03056946140', NULL, 3, 131, '', '', 4, 0, NULL),
       (71, '142589634', NULL, 3, 149, '', '', 4, 0, NULL),
       (72, '130941302', NULL, 3, 150, '', '', 4, 0, NULL),
       (73, '40238347286', NULL, 3, 153, '', '', 4, 0, NULL),
       (74, '40224670098', NULL, 3, 216, '', '', 4, 0, NULL),
       (75, '40278978923', NULL, 3, 218, '', '', 4, 0, NULL),
       (76, '40229661679', NULL, 3, 220, '', '', 4, 0, NULL),
       (77, '04000139495', NULL, 3, 221, '', '', 4, 0, NULL),
       (78, '03105717178', NULL, 3, 224, '', '', 4, 0, NULL),
       (79, '057986263', NULL, 3, 226, '', '', 4, 0, NULL),
       (80, '00301017869', NULL, 3, 228, '', '', 4, 0, NULL),
       (81, '02800658722', NULL, 3, 229, '', '', 4, 0, NULL),
       (82, '00201229903', NULL, 3, 231, '', '', 4, 0, NULL),
       (83, '1236547896', NULL, 3, 232, '', '', 4, 0, NULL),
       (84, '1256954783', NULL, 2, 233, '', '', 4, 0, NULL),
       (85, '1259874536', NULL, 3, 235, '', '', 4, 0, NULL),
       (86, '1589648735', NULL, 3, 237, '', '', 4, 0, NULL),
       (87, '8098044450', NULL, 3, 238, '', '', 4, 0, NULL),
       (88, '00114191331', NULL, 3, 240, '', '', 4, 0, NULL),
       (89, '1720696275', NULL, 2, 250, '', '', 4, 0, NULL),
       (90, '40224670091', NULL, 3, 251, '', '', 4, 0, NULL),
       (91, '40227602501', NULL, 3, 252, '', '', 4, 0, NULL),
       (92, '40238347287', NULL, 3, 256, '', '', 4, 0, NULL),
       (93, '40224076824', NULL, 3, 258, '', '', 4, 0, NULL),
       (94, '03105389690', NULL, 3, 259, '', '', 4, 0, NULL),
       (95, '40224670095', NULL, 3, 261, '', '', 4, 0, NULL),
       (96, '13400031723', NULL, 3, 274, '', '', 4, 0, NULL);

INSERT INTO `customer_by_information` (`id`, `customer_id`, `people_nationality_id`, `people_profession_id`)
VALUES (1, 1, 71, 1),
       (2, 2, 71, 1),
       (3, 3, 71, 1),
       (4, 4, 71, 1),
       (5, 5, 18, 3),
       (6, 6, 59, 53),
       (7, 7, 59, 46),
       (8, 8, 59, 1),
       (9, 9, 59, 1),
       (10, 10, 71, 1),
       (11, 11, 71, 1),
       (12, 12, 71, 1),
       (13, 13, 71, 1),
       (14, 14, 71, 1),
       (15, 15, 59, 25),
       (16, 16, 71, 1),
       (17, 17, 69, 47),
       (18, 18, 18, 47),
       (19, 19, 18, 25),
       (20, 20, 59, 25),
       (21, 21, 59, 25),
       (22, 22, 71, 1),
       (23, 23, 20, 7),
       (24, 24, 71, 1),
       (25, 25, 59, 47),
       (26, 26, 59, 47),
       (27, 27, 71, 53),
       (28, 28, 71, 1),
       (29, 29, 71, 1),
       (30, 30, 59, 47),
       (31, 31, 59, 47),
       (32, 32, 59, 47),
       (33, 33, 59, 53),
       (34, 34, 59, 47),
       (35, 35, 59, 47),
       (36, 36, 59, 47),
       (37, 37, 59, 47),
       (38, 38, 59, 47),
       (39, 39, 59, 47),
       (40, 40, 59, 47),
       (41, 41, 59, 47),
       (42, 42, 59, 47),
       (43, 43, 59, 47),
       (44, 44, 71, 1),
       (45, 45, 59, 47),
       (46, 46, 59, 47),
       (47, 47, 59, 47),
       (48, 48, 59, 47),
       (49, 49, 59, 47),
       (50, 50, 59, 53),
       (51, 51, 71, 1),
       (52, 52, 59, 53),
       (53, 53, 18, 47),
       (54, 54, 59, 47),
       (55, 55, 59, 53),
       (56, 56, 61, 1),
       (57, 57, 59, 47),
       (58, 58, 59, 47),
       (59, 59, 59, 47),
       (60, 60, 59, 47),
       (61, 61, 59, 47),
       (62, 62, 59, 47),
       (63, 63, 59, 47),
       (64, 64, 59, 47),
       (65, 65, 59, 47),
       (66, 66, 59, 47),
       (67, 67, 59, 1),
       (68, 68, 59, 47),
       (69, 69, 59, 7),
       (70, 70, 59, 47),
       (71, 71, 71, 1),
       (72, 72, 59, 16),
       (73, 73, 59, 45),
       (74, 74, 59, 45),
       (75, 75, 59, 19),
       (76, 76, 59, 46),
       (77, 77, 71, 1),
       (78, 78, 59, 19),
       (79, 79, 59, 19),
       (80, 80, 59, 54),
       (81, 81, 59, 53),
       (82, 82, 59, 19),
       (83, 83, 59, 56),
       (84, 84, 71, 23),
       (85, 85, 59, 54),
       (86, 86, 59, 48),
       (87, 87, 71, 1),
       (88, 88, 59, 2),
       (89, 89, 54, 2),
       (90, 90, 59, 23),
       (91, 91, 59, 46),
       (92, 92, 59, 23),
       (93, 93, 59, 19),
       (94, 94, 59, 1),
       (95, 95, 54, 53),
       (96, 96, 67, 1);

INSERT INTO `customer_by_profile` (`id`, `customer_id`, `user_id`)
VALUES (1, 1, 3),
       (2, 2, 4),
       (3, 3, 5),
       (4, 4, 6);
-- s
INSERT INTO `information_phone` (`id`, `value`, `state`, `entity_id`, `main`, `entity_type`,
                                 `information_phone_operator_id`, `information_phone_type_id`)
VALUES (1, '809-415-1114', 'ACTIVE', 1, 1, 0, 1, 4),
       (2, '8296374666', 'ACTIVE', 2, 0, 0, 1, 4),
       (3, '8299071113', 'ACTIVE', 3, 0, 0, 1, 4),
       (4, '8299631711', 'ACTIVE', 4, 0, 0, 1, 4),
       (5, '0997808035', 'ACTIVE', 5, 1, 0, 4, 2),
       (6, '0997865482', 'ACTIVE', 4, 0, 0, 4, 3),
       (7, '8092061153', 'ACTIVE', 6, 1, 0, 1, 4),
       (8, '8099359135', 'ACTIVE', 8, 1, 0, 1, 4),
       (9, '829547446', 'ACTIVE', 9, 0, 0, 4, 3),
       (10, '8093865159', 'ACTIVE', 7, 0, 0, 3, 3),
       (11, '8299862438', 'ACTIVE', 14, 0, 0, 4, 4),
       (12, '8292130114', 'ACTIVE', 11, 0, 0, 4, 3),
       (13, '8098359094', 'ACTIVE', 15, 0, 0, 4, 4),
       (14, '8095912485', 'ACTIVE', 10, 0, 0, 2, 3),
       (15, 'SN', 'ACTIVE', 16, 0, 0, 4, 3),
       (16, '8494528959', 'ACTIVE', 17, 0, 0, 4, 3),
       (17, '8292130114', 'ACTIVE', 18, 0, 0, 3, 3),
       (18, '8292130112', 'INACTIVE', 13, 0, 0, 3, 3),
       (19, '8096875893', 'ACTIVE', 12, 0, 0, 3, 3),
       (20, '8295509949', 'ACTIVE', 19, 0, 0, 4, 3),
       (21, '8293830549', 'ACTIVE', 20, 0, 0, 4, 4),
       (22, '8293407372', 'ACTIVE', 21, 0, 0, 4, 4),
       (23, '8298270156', 'ACTIVE', 22, 0, 0, 4, 3),
       (24, '8095895001', 'ACTIVE', 23, 0, 0, 3, 3),
       (25, '8493158494', 'ACTIVE', 23, 0, 0, 3, 3),
       (26, '8492658433', 'ACTIVE', 24, 0, 0, 3, 4),
       (27, '8095512947', 'INACTIVE', 25, 0, 0, 4, 3),
       (28, '8095440360', 'INACTIVE', 26, 0, 0, 3, 4),
       (29, '8097505752', 'ACTIVE', 27, 0, 0, 3, 3),
       (30, '8297655983', 'ACTIVE', 28, 0, 0, 3, 3),
       (31, '8099013888', 'ACTIVE', 29, 0, 0, 4, 3),
       (32, '849-657-8417', 'ACTIVE', 30, 0, 0, 4, 4),
       (33, '8292662316', 'ACTIVE', 31, 0, 0, 3, 3),
       (34, '8296621510', 'ACTIVE', 32, 0, 0, 4, 3),
       (35, '8299327653', 'ACTIVE', 33, 0, 0, 3, 3),
       (36, '8296619976', 'ACTIVE', 34, 1, 0, 3, 4),
       (37, '809-801-2898', 'ACTIVE', 35, 0, 0, 3, 4),
       (38, '809-801-2898', 'ACTIVE', 36, 0, 0, 3, 4),
       (39, '829-533-3194', 'ACTIVE', 37, 0, 0, 3, 4),
       (40, '829-526-2618', 'ACTIVE', 38, 0, 0, 4, 4),
       (41, '809-854-5203', 'ACTIVE', 39, 0, 0, 3, 4),
       (42, '829-850-0267', 'ACTIVE', 40, 0, 0, 3, 4),
       (43, '829-804-9249', 'ACTIVE', 41, 0, 0, 4, 4),
       (44, '809-249-6885', 'ACTIVE', 42, 0, 0, 3, 4),
       (45, '849-407-3124', 'ACTIVE', 43, 0, 0, 4, 4),
       (46, '8297432588', 'ACTIVE', 44, 0, 0, 4, 2),
       (47, '809-359-3138', 'ACTIVE', 45, 0, 0, 4, 4),
       (48, '829-767-6121', 'ACTIVE', 46, 0, 0, 4, 4),
       (49, '829-788-4688', 'ACTIVE', 47, 0, 0, 1, 4),
       (50, '809-427-2020', 'ACTIVE', 48, 0, 0, 3, 4),
       (51, '829-405-1231', 'ACTIVE', 49, 0, 0, 3, 4),
       (52, '8099077721', 'ACTIVE', 50, 0, 0, 4, 4),
       (53, '8294671022', 'ACTIVE', 51, 0, 0, 3, 3),
       (54, '8498174846', 'ACTIVE', 52, 0, 0, 4, 4),
       (55, '829-498-6326', 'ACTIVE', 53, 0, 0, 4, 4),
       (56, '829-505-5613', 'ACTIVE', 25, 0, 0, 4, 4),
       (57, '8498695403', 'ACTIVE', 56, 0, 0, 4, 2),
       (58, '829-686-6118', 'ACTIVE', 58, 0, 0, 3, 4),
       (59, '849-447-1445', 'ACTIVE', 59, 0, 0, 3, 4),
       (60, '809-854-5203', 'ACTIVE', 60, 0, 0, 3, 4),
       (61, '809-766-8594', 'ACTIVE', 61, 0, 0, 3, 4),
       (62, '809-890-7465', 'ACTIVE', 62, 0, 0, 3, 4),
       (63, '809-765-5321', 'ACTIVE', 64, 0, 0, 3, 4),
       (64, '809-963-9773', 'ACTIVE', 63, 0, 0, 3, 4),
       (65, '829-791-1385', 'ACTIVE', 65, 0, 0, 3, 4),
       (66, '809-458-0869', 'ACTIVE', 66, 0, 0, 3, 4),
       (67, '+8293808386', 'ACTIVE', 67, 1, 0, 4, 3),
       (68, '809-443-0044', 'ACTIVE', 68, 0, 0, 3, 4),
       (69, '8492764503', 'ACTIVE', 69, 0, 0, 4, 4),
       (70, '8096617701', 'ACTIVE', 70, 1, 0, 4, 4),
       (71, '8097693813', 'ACTIVE', 71, 0, 0, 4, 3),
       (72, '8298557705', 'ACTIVE', 72, 0, 0, 4, 4),
       (73, '8093335671', 'ACTIVE', 73, 0, 0, 4, 4),
       (74, '8092838342', 'ACTIVE', 74, 0, 0, 4, 4),
       (75, '8098485190', 'ACTIVE', 75, 0, 0, 4, 4),
       (76, '8299845843', 'ACTIVE', 77, 0, 0, 4, 4),
       (77, '8099369773', 'ACTIVE', 78, 0, 0, 4, 4),
       (78, '8298033210', 'ACTIVE', 79, 0, 0, 4, 4),
       (79, '8094607836', 'ACTIVE', 80, 0, 0, 4, 4),
       (80, '8097030766', 'INACTIVE', 81, 0, 0, 3, 3),
       (81, '8092587383', 'ACTIVE', 82, 0, 0, 4, 4),
       (82, '8092422111', 'ACTIVE', 83, 0, 0, 4, 4),
       (83, '8094819466', 'ACTIVE', 84, 0, 0, 4, 4),
       (84, '8292782144', 'ACTIVE', 85, 0, 0, 4, 4),
       (85, '8099734485', 'ACTIVE', 86, 0, 0, 4, 4),
       (86, '8098044550', 'ACTIVE', 87, 0, 0, 4, 4),
       (87, '829984966', 'ACTIVE', 88, 0, 0, 4, 4),
       (88, '8293150197', 'ACTIVE', 89, 0, 0, 3, 3),
       (89, '8099786274', 'ACTIVE', 90, 0, 0, 4, 4),
       (90, '8492766651', 'ACTIVE', 91, 0, 0, 4, 4),
       (91, '8093335671', 'ACTIVE', 45, 0, 0, 4, 4),
       (92, '8095912485', 'ACTIVE', 92, 0, 0, 4, 4),
       (93, '8099903270', 'ACTIVE', 93, 0, 0, 4, 4),
       (94, '8298270156', 'ACTIVE', 94, 0, 0, 4, 3),
       (95, '8095895001', 'ACTIVE', 95, 0, 0, 4, 3),
       (96, '0969143060', 'ACTIVE', 3, 1, 1, 2, 2);

INSERT INTO `information_address` (`id`, `street_one`, `street_two`, `reference`, `state`, `entity_id`, `main`,
                                   `entity_type`, `information_address_type_id`, `has_location`, `options_map`,
                                   `country_code_id`, `administrative_area_level_2`, `administrative_area_level_1`,
                                   `administrative_area_level_3`)
VALUES (1, 'SAMBIL', 'Santo Domingo , Distrito Nacional', 'PLAZA SAMBIL JOHN F KENNEDY', 'ACTIVE', 3, 1, 0, 1, 1,
        '{\"zoom\":17,\"latLng\":{\"lat\":18.467797244879826,\"lng\":-69.90011750370483}}',
        'ChIJ9bbx3jiIr44R4PcNBiQPAqY', 'ChIJB8HwYOuJr44Rq0-_e40_N_0', 'ChIJ9bbx3jiIr44Rn83_cBw_FCk', ''),
       (2, 'La Mella', 'Sirena', 'Edificio en la calle mella cerca a la sirena', 'ACTIVE', 5, 1, 0, 1, 1,
        '{\"zoom\":15,\"latLng\":{\"lat\":0.2314799,\"lng\":-78.271874}}', 'ChIJ1UuaqN2HI5ARAjecEQSvdp0',
        'ChIJ8WXUfPdrKo4R2h0TE4mhAto', 'ChIJXTdbeKE8Ko4Ra1N65thz2_c', ''),
       (3, 'Santiago 15484', 'sn', 'frente al retminer', 'ACTIVE', 4, 1, 0, 2, 1,
        '{\"zoom\":15,\"latLng\":{\"lat\":0.2314799,\"lng\":-78.271874}}', 'ChIJ1UuaqN2HI5ARAjecEQSvdp0',
        'ChIJ8WXUfPdrKo4R2h0TE4mhAto', 'ChIJXTdbeKE8Ko4Ra1N65thz2_c', ''),
       (4, 'Av. Duarte', 'sn', 'sn', 'ACTIVE', 6, 0, 0, 3, 1,
        '{\"zoom\":17,\"latLng\":{\"lat\":18.4940255,\"lng\":-69.8998795}}', 'ChIJ9bbx3jiIr44R4PcNBiQPAqY',
        'ChIJB8HwYOuJr44Rq0-_e40_N_0', 'ChIJ9bbx3jiIr44Rn83_cBw_FCk', ''),
       (5, 'Bavaro Friusa', 'EXPRESO BAVARO', 'SN', 'ACTIVE', 6, 1, 0, 1, 1,
        '{\"zoom\":15,\"latLng\":{\"lat\":18.685704379976954,\"lng\":-68.45353491219483}}',
        'ChIJ9bbx3jiIr44R4PcNBiQPAqY', 'ChIJnSpfXDDHqI4RHlHE6rjqzUc', 'ChIJQTzPG5sapo4RNWuVsD4KAFg', ''),
       (6, 'SANTIAGO', 'SAN LUIS', 'SANTIAGO SAN LUIS', 'ACTIVE', 8, 0, 0, 3, 1,
        '{\"zoom\":15,\"latLng\":{\"lat\":0.2314799,\"lng\":-78.271874}}', 'ChIJ1UuaqN2HI5ARAjecEQSvdp0',
        'ChIJ8WXUfPdrKo4R2h0TE4mhAto', 'ChIJXTdbeKE8Ko4Ra1N65thz2_c', ''),
       (7, 'TRANSPORTE ESPINAL', 'SANTIAGO SAN LUIS', 'SN', 'ACTIVE', 8, 0, 0, 3, 1,
        '{\"zoom\":15,\"latLng\":{\"lat\":0.2314799,\"lng\":-78.271874}}', 'ChIJ1UuaqN2HI5ARAjecEQSvdp0',
        'ChIJ8WXUfPdrKo4R2h0TE4mhAto', 'ChIJXTdbeKE8Ko4Ra1N65thz2_c', ''),
       (8, 'SAMBIL LOCAL', 'AV JOHN F KENNEDY', 'LOCAL K95 PASILLO KENEDY', 'ACTIVE', 9, 1, 0, 1, 1,
        '{\"zoom\":15,\"latLng\":{\"lat\":0.2314799,\"lng\":-78.271874}}', 'ChIJ1UuaqN2HI5ARAjecEQSvdp0',
        'ChIJ8WXUfPdrKo4R2h0TE4mhAto', 'ChIJXTdbeKE8Ko4Ra1N65thz2_c', ''),
       (9, 'MEGA CENTRO', 'LOCAL 92A', 'FRENTE A CAFE SANTO DOMINGO', 'ACTIVE', 10, 1, 0, 1, 1,
        '{\"zoom\":15,\"latLng\":{\"lat\":0.2314799,\"lng\":-78.271874}}', 'ChIJ1UuaqN2HI5ARAjecEQSvdp0',
        'ChIJ8WXUfPdrKo4R2h0TE4mhAto', 'ChIJXTdbeKE8Ko4Ra1N65thz2_c', ''),
       (10, 'MEGA CENTRO', 'LOCAL 21A', 'FRENTE AL BANCO BHD', 'ACTIVE', 11, 1, 0, 1, 1,
        '{\"zoom\":15,\"latLng\":{\"lat\":0.2314799,\"lng\":-78.271874}}', 'ChIJ1UuaqN2HI5ARAjecEQSvdp0',
        'ChIJ8WXUfPdrKo4R2h0TE4mhAto', 'ChIJXTdbeKE8Ko4Ra1N65thz2_c', ''),
       (11, 'CALLE EL CONDE 407', 'SN', 'LOCAL 407', 'ACTIVE', 12, 1, 0, 1, 1,
        '{\"zoom\":15,\"latLng\":{\"lat\":0.2314799,\"lng\":-78.271874}}', 'ChIJ1UuaqN2HI5ARAjecEQSvdp0',
        'ChIJ8WXUfPdrKo4R2h0TE4mhAto', 'ChIJXTdbeKE8Ko4Ra1N65thz2_c', ''),
       (12, 'CALLE SAN LUIS 18', 'SN', 'CENTRO DE LA CIUDAD', 'ACTIVE', 13, 1, 0, 1, 1,
        '{\"zoom\":15,\"latLng\":{\"lat\":0.2314799,\"lng\":-78.271874}}', 'ChIJ1UuaqN2HI5ARAjecEQSvdp0',
        'ChIJ8WXUfPdrKo4R2h0TE4mhAto', 'ChIJXTdbeKE8Ko4Ra1N65thz2_c', ''),
       (13, 'MEGA CENTRO', 'SN', 'FRENTE A HAPPY LAND', 'ACTIVE', 4, 1, 0, 1, 1,
        '{\"zoom\":15,\"latLng\":{\"lat\":0.2314799,\"lng\":-78.271874}}', 'ChIJ1UuaqN2HI5ARAjecEQSvdp0',
        'ChIJ8WXUfPdrKo4R2h0TE4mhAto', 'ChIJXTdbeKE8Ko4Ra1N65thz2_c', ''),
       (14, 'HIGUEY', 'TRANSPORTE ATPRA', 'PARQUE ENRIQUILLO', 'ACTIVE', 1, 1, 0, 1, 1,
        '{\"zoom\":15,\"latLng\":{\"lat\":0.2314799,\"lng\":-78.271874}}', 'ChIJ1UuaqN2HI5ARAjecEQSvdp0',
        'ChIJ8WXUfPdrKo4R2h0TE4mhAto', 'ChIJXTdbeKE8Ko4Ra1N65thz2_c', ''),
       (15, 'DAJABON', 'TRANSPORTE CARIBE TOURS', 'SN', 'ACTIVE', 7, 1, 0, 1, 1,
        '{\"zoom\":15,\"latLng\":{\"lat\":0.2314799,\"lng\":-78.271874}}', 'ChIJ1UuaqN2HI5ARAjecEQSvdp0',
        'ChIJ8WXUfPdrKo4R2h0TE4mhAto', 'ChIJXTdbeKE8Ko4Ra1N65thz2_c', ''),
       (16, 'JARABACOA', 'TRANSPORTE CARIBE TOURS', 'SN', 'ACTIVE', 2, 1, 0, 1, 1,
        '{\"zoom\":15,\"latLng\":{\"lat\":0.2314799,\"lng\":-78.271874}}', 'ChIJ1UuaqN2HI5ARAjecEQSvdp0',
        'ChIJ8WXUfPdrKo4R2h0TE4mhAto', 'ChIJXTdbeKE8Ko4Ra1N65thz2_c', ''),
       (17, 'SAN FRANCISCO DE MACORIS', 'TRANSPORTE CARIBE TOURS', 'SN', 'ACTIVE', 14, 1, 0, 1, 1,
        '{\"zoom\":15,\"latLng\":{\"lat\":0.2314799,\"lng\":-78.271874}}', 'ChIJ1UuaqN2HI5ARAjecEQSvdp0',
        'ChIJ8WXUfPdrKo4R2h0TE4mhAto', 'ChIJXTdbeKE8Ko4Ra1N65thz2_c', ''),
       (18, 'SAN FRANCISCO DE MACORIS', 'CARIBE TOUR', 'CARIBE TOURS', 'ACTIVE', 15, 1, 0, 1, 1,
        '{\"zoom\":15,\"latLng\":{\"lat\":0.2314799,\"lng\":-78.271874}}', 'ChIJ1UuaqN2HI5ARAjecEQSvdp0',
        'ChIJ8WXUfPdrKo4R2h0TE4mhAto', 'ChIJXTdbeKE8Ko4Ra1N65thz2_c', ''),
       (19, 'SAMBIL', 'SN', 'LOCAL PISO 3', 'ACTIVE', 16, 1, 0, 1, 1,
        '{\"zoom\":15,\"latLng\":{\"lat\":0.2314799,\"lng\":-78.271874}}', 'ChIJ1UuaqN2HI5ARAjecEQSvdp0',
        'ChIJ8WXUfPdrKo4R2h0TE4mhAto', 'ChIJXTdbeKE8Ko4Ra1N65thz2_c', ''),
       (20, 'SAMBIL', 'SN', 'SN', 'ACTIVE', 17, 1, 0, 1, 1,
        '{\"zoom\":7,\"latLng\":{\"lat\":18.735693,\"lng\":-70.162651}}', 'ChIJ9bbx3jiIr44R4PcNBiQPAqY',
        'ChIJWbx6-B7zr44R5L3j0EQUYB0', 'ChIJs21C9kZ-r44R0m6IgNibyFo', ''),
       (21, '27 DE FEBRERO', 'SN', 'SN', 'ACTIVE', 18, 1, 0, 1, 1,
        '{\"zoom\":7,\"latLng\":{\"lat\":18.735693,\"lng\":-70.162651}}', 'ChIJ9bbx3jiIr44R4PcNBiQPAqY',
        'ChIJWbx6-B7zr44R5L3j0EQUYB0', 'ChIJs21C9kZ-r44R0m6IgNibyFo', ''),
       (22, 'HIGUEY', 'TRANSPORTE APTPRA', 'TRANSPORTE APTPRA', 'ACTIVE', 19, 1, 0, 1, 1,
        '{\"zoom\":15,\"latLng\":{\"lat\":0.2314799,\"lng\":-78.271874}}', 'ChIJ1UuaqN2HI5ARAjecEQSvdp0',
        'ChIJ8WXUfPdrKo4R2h0TE4mhAto', 'ChIJXTdbeKE8Ko4Ra1N65thz2_c', ''),
       (23, 'PUERTO PLATA', 'TRANSPORTE CARIBE TOURS', 'PUERTO PLATA', 'ACTIVE', 20, 1, 0, 1, 1,
        '{\"zoom\":15,\"latLng\":{\"lat\":0.2314799,\"lng\":-78.271874}}', 'ChIJ1UuaqN2HI5ARAjecEQSvdp0',
        'ChIJ8WXUfPdrKo4R2h0TE4mhAto', 'ChIJXTdbeKE8Ko4Ra1N65thz2_c', ''),
       (24, 'BONAO', 'TRANSPORTE TAREA BUS', 'TRANSPORTE TAREA BUS', 'ACTIVE', 21, 1, 0, 1, 1,
        '{\"zoom\":15,\"latLng\":{\"lat\":0.2314799,\"lng\":-78.271874}}', 'ChIJ1UuaqN2HI5ARAjecEQSvdp0',
        'ChIJ8WXUfPdrKo4R2h0TE4mhAto', 'ChIJXTdbeKE8Ko4Ra1N65thz2_c', ''),
       (25, 'VILLA TAPIA', 'sn', 'sn', 'ACTIVE', 22, 1, 0, 1, 1,
        '{\"zoom\":15,\"latLng\":{\"lat\":0.2314799,\"lng\":-78.271874}}', 'ChIJ1UuaqN2HI5ARAjecEQSvdp0',
        'ChIJ8WXUfPdrKo4R2h0TE4mhAto', 'ChIJXTdbeKE8Ko4Ra1N65thz2_c', ''),
       (26, 'SANTIAGO TRANSPORTE ESPINAL', 'SN', 'SN', 'ACTIVE', 23, 1, 0, 1, 1,
        '{\"zoom\":15,\"latLng\":{\"lat\":0.2314799,\"lng\":-78.271874}}', 'ChIJ1UuaqN2HI5ARAjecEQSvdp0',
        'ChIJ8WXUfPdrKo4R2h0TE4mhAto', 'ChIJXTdbeKE8Ko4Ra1N65thz2_c', ''),
       (27, 'COTUI', 'SN', 'SN', 'ACTIVE', 24, 1, 0, 1, 1,
        '{\"zoom\":15,\"latLng\":{\"lat\":0.2314799,\"lng\":-78.271874}}', 'ChIJ1UuaqN2HI5ARAjecEQSvdp0',
        'ChIJ8WXUfPdrKo4R2h0TE4mhAto', 'ChIJXTdbeKE8Ko4Ra1N65thz2_c', ''),
       (28, 'MAIMOM BONAO', 'SN', 'EN LA FARMICIA YUYA', 'INACTIVE', 25, 0, 0, 1, 1,
        '{\"zoom\":15,\"latLng\":{\"lat\":0.2314799,\"lng\":-78.271874}}', 'ChIJ1UuaqN2HI5ARAjecEQSvdp0',
        'ChIJ8WXUfPdrKo4R2h0TE4mhAto', 'ChIJXTdbeKE8Ko4Ra1N65thz2_c', ''),
       (29, 'PARA RETIRAR', 'SN', 'PAGO', 'INACTIVE', 26, 0, 0, 3, 1,
        '{\"zoom\":15,\"latLng\":{\"lat\":0.2314799,\"lng\":-78.271874}}', 'ChIJ1UuaqN2HI5ARAjecEQSvdp0',
        'ChIJ8WXUfPdrKo4R2h0TE4mhAto', 'ChIJXTdbeKE8Ko4Ra1N65thz2_c', ''),
       (30, 'MAO VALVERDE', 'SN', 'CAMPO', 'ACTIVE', 27, 1, 0, 1, 1,
        '{\"zoom\":15,\"latLng\":{\"lat\":0.2314799,\"lng\":-78.271874}}', 'ChIJ1UuaqN2HI5ARAjecEQSvdp0',
        'ChIJ8WXUfPdrKo4R2h0TE4mhAto', 'ChIJXTdbeKE8Ko4Ra1N65thz2_c', ''),
       (31, 'BANI', 'SN', 'SN', 'ACTIVE', 28, 1, 0, 1, 1,
        '{\"zoom\":15,\"latLng\":{\"lat\":0.2314799,\"lng\":-78.271874}}', 'ChIJ1UuaqN2HI5ARAjecEQSvdp0',
        'ChIJ8WXUfPdrKo4R2h0TE4mhAto', 'ChIJXTdbeKE8Ko4Ra1N65thz2_c', ''),
       (32, 'BARAHONA', 'SN', 'SN', 'ACTIVE', 29, 1, 0, 1, 1,
        '{\"zoom\":15,\"latLng\":{\"lat\":0.2314799,\"lng\":-78.271874}}', 'ChIJ1UuaqN2HI5ARAjecEQSvdp0',
        'ChIJ8WXUfPdrKo4R2h0TE4mhAto', 'ChIJXTdbeKE8Ko4Ra1N65thz2_c', ''),
       (33, 'SANTIAGO', 'AUTOPISTA DUARTE', 'SN', 'ACTIVE', 30, 0, 0, 3, 1,
        '{\"zoom\":15,\"latLng\":{\"lat\":0.2314799,\"lng\":-78.271874}}', 'ChIJ1UuaqN2HI5ARAjecEQSvdp0',
        'ChIJ8WXUfPdrKo4R2h0TE4mhAto', 'ChIJXTdbeKE8Ko4Ra1N65thz2_c', ''),
       (34, 'SANTIAGO', 'LOS JARDINES', 'TRANSPORTE CARIBE TOUR', 'ACTIVE', 31, 0, 0, 1, 1,
        '{\"zoom\":15,\"latLng\":{\"lat\":0.2314799,\"lng\":-78.271874}}', 'ChIJ1UuaqN2HI5ARAjecEQSvdp0',
        'ChIJ8WXUfPdrKo4R2h0TE4mhAto', 'ChIJXTdbeKE8Ko4Ra1N65thz2_c', ''),
       (35, 'sancritoba', 'para pasar a retirar', 'sn', 'ACTIVE', 32, 0, 0, 1, 1,
        '{\"zoom\":15,\"latLng\":{\"lat\":0.2314799,\"lng\":-78.271874}}', 'ChIJ1UuaqN2HI5ARAjecEQSvdp0',
        'ChIJ8WXUfPdrKo4R2h0TE4mhAto', 'ChIJXTdbeKE8Ko4Ra1N65thz2_c', ''),
       (36, 'LA VEGA', 'LA VEGA', 'TRANSPORTE CARIBE TOUR', 'ACTIVE', 33, 1, 0, 1, 1,
        '{\"zoom\":15,\"latLng\":{\"lat\":0.2314799,\"lng\":-78.271874}}', 'ChIJ1UuaqN2HI5ARAjecEQSvdp0',
        'ChIJ8WXUfPdrKo4R2h0TE4mhAto', 'ChIJXTdbeKE8Ko4Ra1N65thz2_c', ''),
       (37, 'HIGUEY', 'SN', 'TRANSPORTE APTPRA', 'ACTIVE', 34, 0, 0, 1, 1,
        '{\"zoom\":15,\"latLng\":{\"lat\":0.2314799,\"lng\":-78.271874}}', 'ChIJ1UuaqN2HI5ARAjecEQSvdp0',
        'ChIJ8WXUfPdrKo4R2h0TE4mhAto', 'ChIJXTdbeKE8Ko4Ra1N65thz2_c', ''),
       (38, 'PARA RETIRAR', 'CLIENTE KOHAR', 'SN', 'ACTIVE', 35, 0, 0, 3, 1,
        '{\"zoom\":15,\"latLng\":{\"lat\":0.2314799,\"lng\":-78.271874}}', 'ChIJ1UuaqN2HI5ARAjecEQSvdp0',
        'ChIJ8WXUfPdrKo4R2h0TE4mhAto', 'ChIJXTdbeKE8Ko4Ra1N65thz2_c', ''),
       (39, 'PARA RETIRAR', 'CLIENTE KOHAR', 'SN', 'ACTIVE', 36, 0, 0, 3, 1,
        '{\"zoom\":15,\"latLng\":{\"lat\":0.2314799,\"lng\":-78.271874}}', 'ChIJ1UuaqN2HI5ARAjecEQSvdp0',
        'ChIJ8WXUfPdrKo4R2h0TE4mhAto', 'ChIJXTdbeKE8Ko4Ra1N65thz2_c', ''),
       (40, 'SAN PEDRO DE MACORIS', 'ASTRAPU', 'TRANSPORTE ASTRAPU', 'ACTIVE', 37, 0, 0, 1, 1,
        '{\"zoom\":15,\"latLng\":{\"lat\":0.2314799,\"lng\":-78.271874}}', 'ChIJ1UuaqN2HI5ARAjecEQSvdp0',
        'ChIJ8WXUfPdrKo4R2h0TE4mhAto', 'ChIJXTdbeKE8Ko4Ra1N65thz2_c', ''),
       (41, 'BAVARO', 'VERON', 'SN', 'ACTIVE', 38, 0, 0, 1, 1,
        '{\"zoom\":15,\"latLng\":{\"lat\":0.2314799,\"lng\":-78.271874}}', 'ChIJ1UuaqN2HI5ARAjecEQSvdp0',
        'ChIJ8WXUfPdrKo4R2h0TE4mhAto', 'ChIJXTdbeKE8Ko4Ra1N65thz2_c', ''),
       (42, 'TRANSPORTE ESPINAL', 'LOS JARDINES', 'SANTIAGO', 'ACTIVE', 31, 0, 0, 2, 1,
        '{\"zoom\":15,\"latLng\":{\"lat\":0.2314799,\"lng\":-78.271874}}', 'ChIJ1UuaqN2HI5ARAjecEQSvdp0',
        'ChIJ8WXUfPdrKo4R2h0TE4mhAto', 'ChIJXTdbeKE8Ko4Ra1N65thz2_c', ''),
       (43, 'LAS MATAS DE FARFAN', 'ASODUVE', 'PARADA DE GUAGUA', 'ACTIVE', 39, 0, 0, 1, 1,
        '{\"zoom\":15,\"latLng\":{\"lat\":0.2314799,\"lng\":-78.271874}}', 'ChIJ1UuaqN2HI5ARAjecEQSvdp0',
        'ChIJ8WXUfPdrKo4R2h0TE4mhAto', 'ChIJXTdbeKE8Ko4Ra1N65thz2_c', ''),
       (44, 'SAN JUAN', 'PARADA DEL SUR', 'PAGAR AL RECIBIR', 'INACTIVE', 40, 0, 0, 1, 1,
        '{\"zoom\":15,\"latLng\":{\"lat\":0.2314799,\"lng\":-78.271874}}', 'ChIJ1UuaqN2HI5ARAjecEQSvdp0',
        'ChIJ8WXUfPdrKo4R2h0TE4mhAto', 'ChIJXTdbeKE8Ko4Ra1N65thz2_c', ''),
       (45, 'PUERTO PLATA', 'CARIBE TOUR', 'SN', 'ACTIVE', 41, 0, 0, 1, 1,
        '{\"zoom\":15,\"latLng\":{\"lat\":0.2314799,\"lng\":-78.271874}}', 'ChIJ1UuaqN2HI5ARAjecEQSvdp0',
        'ChIJ8WXUfPdrKo4R2h0TE4mhAto', 'ChIJXTdbeKE8Ko4Ra1N65thz2_c', ''),
       (46, 'LA VEGA', 'COMANDANTE JIMENEZ MOYA NO.18 LA', 'EXPRESO VEGANO', 'ACTIVE', 42, 0, 0, 1, 1,
        '{\"zoom\":15,\"latLng\":{\"lat\":0.2314799,\"lng\":-78.271874}}', 'ChIJ1UuaqN2HI5ARAjecEQSvdp0',
        'ChIJ8WXUfPdrKo4R2h0TE4mhAto', 'ChIJXTdbeKE8Ko4Ra1N65thz2_c', ''),
       (47, 'MAIZAL ESPERANZA', 'CALLE LA YAGUITA CASA NO. 4', 'TRANSPORTE RAS', 'ACTIVE', 43, 0, 0, 1, 1,
        '{\"zoom\":15,\"latLng\":{\"lat\":0.2314799,\"lng\":-78.271874}}', 'ChIJ1UuaqN2HI5ARAjecEQSvdp0',
        'ChIJ8WXUfPdrKo4R2h0TE4mhAto', 'ChIJXTdbeKE8Ko4Ra1N65thz2_c', ''),
       (48, 'SANTIAGO', 'CARIBE TOUR', 'CARIBE TOUR', 'ACTIVE', 44, 0, 0, 2, 1,
        '{\"zoom\":15,\"latLng\":{\"lat\":0.2314799,\"lng\":-78.271874}}', 'ChIJ1UuaqN2HI5ARAjecEQSvdp0',
        'ChIJ8WXUfPdrKo4R2h0TE4mhAto', 'ChIJXTdbeKE8Ko4Ra1N65thz2_c', ''),
       (49, 'HIGUEY', 'TRANSPORTE APTPRA', 'APTPRA', 'ACTIVE', 45, 0, 0, 1, 1,
        '{\"zoom\":15,\"latLng\":{\"lat\":0.2314799,\"lng\":-78.271874}}', 'ChIJ1UuaqN2HI5ARAjecEQSvdp0',
        'ChIJ8WXUfPdrKo4R2h0TE4mhAto', 'ChIJXTdbeKE8Ko4Ra1N65thz2_c', ''),
       (50, 'COTUI', 'PARADA DE COTUI', 'LA PARADA ESTA DETRAS DE PLAZA LAMA', 'ACTIVE', 46, 0, 0, 1, 1,
        '{\"zoom\":15,\"latLng\":{\"lat\":0.2314799,\"lng\":-78.271874}}', 'ChIJ1UuaqN2HI5ARAjecEQSvdp0',
        'ChIJ8WXUfPdrKo4R2h0TE4mhAto', 'ChIJXTdbeKE8Ko4Ra1N65thz2_c', ''),
       (51, 'NAGUA', 'C/ ENSANCHEZ JOSE RAMIREZ', 'SN', 'ACTIVE', 47, 0, 0, 1, 1,
        '{\"zoom\":15,\"latLng\":{\"lat\":0.2314799,\"lng\":-78.271874}}', 'ChIJ1UuaqN2HI5ARAjecEQSvdp0',
        'ChIJ8WXUfPdrKo4R2h0TE4mhAto', 'ChIJXTdbeKE8Ko4Ra1N65thz2_c', ''),
       (52, 'HICAYAGUA NO. 48, SAN MARTIN, HIGUEY', 'TIENDA YULISS PARTY', 'TIENDA YULISS PARTY', 'ACTIVE', 48, 0, 0, 1,
        1, '{\"zoom\":15,\"latLng\":{\"lat\":0.2314799,\"lng\":-78.271874}}', 'ChIJ1UuaqN2HI5ARAjecEQSvdp0',
        'ChIJ8WXUfPdrKo4R2h0TE4mhAto', 'ChIJXTdbeKE8Ko4Ra1N65thz2_c', ''),
       (53, 'PARA RETIRAR', 'MENSAJERO HENRY', 'SN', 'ACTIVE', 49, 0, 0, 1, 1,
        '{\"zoom\":15,\"latLng\":{\"lat\":0.2314799,\"lng\":-78.271874}}', 'ChIJ1UuaqN2HI5ARAjecEQSvdp0',
        'ChIJ8WXUfPdrKo4R2h0TE4mhAto', 'ChIJXTdbeKE8Ko4Ra1N65thz2_c', ''),
       (54, 'AV.VENEZUELA NO 79 ENTRE C/COSTA RICA Y ACTIVO 20-30 FRENTE A PLAZA CRISTAL', 'AV VENEZUELA', 'SN',
        'ACTIVE', 50, 1, 0, 1, 1, '{\"zoom\":15,\"latLng\":{\"lat\":0.2314799,\"lng\":-78.271874}}',
        'ChIJ1UuaqN2HI5ARAjecEQSvdp0', 'ChIJ8WXUfPdrKo4R2h0TE4mhAto', 'ChIJXTdbeKE8Ko4Ra1N65thz2_c', ''),
       (55, 'SAN CRISTOBAL', 'SN', 'SN', 'ACTIVE', 51, 1, 0, 1, 1,
        '{\"zoom\":15,\"latLng\":{\"lat\":0.2314799,\"lng\":-78.271874}}', 'ChIJ1UuaqN2HI5ARAjecEQSvdp0',
        'ChIJ8WXUfPdrKo4R2h0TE4mhAto', 'ChIJXTdbeKE8Ko4Ra1N65thz2_c', ''),
       (56, 'BOCA CHICA', 'PARADA BOCA CHICA', 'TRANSPORTE ASOCHONCA', 'ACTIVE', 52, 1, 0, 1, 1,
        '{\"zoom\":15,\"latLng\":{\"lat\":0.2314799,\"lng\":-78.271874}}', 'ChIJ1UuaqN2HI5ARAjecEQSvdp0',
        'ChIJ8WXUfPdrKo4R2h0TE4mhAto', 'ChIJXTdbeKE8Ko4Ra1N65thz2_c', ''),
       (57, 'BAVARO', 'EXPRESO BAVARO, FRIUSA', 'BAVARO FRIUSA', 'ACTIVE', 53, 0, 0, 1, 1,
        '{\"zoom\":15,\"latLng\":{\"lat\":0.2314799,\"lng\":-78.271874}}', 'ChIJ1UuaqN2HI5ARAjecEQSvdp0',
        'ChIJ8WXUfPdrKo4R2h0TE4mhAto', 'ChIJXTdbeKE8Ko4Ra1N65thz2_c', ''),
       (58, 'MAIMON , MONSEÑOL NOUEL, BONAO', 'C/PADRE FANTINO FRENTE A TELECASA', 'BONAO', 'INACTIVE', 25, 0, 0, 1, 1,
        '{\"zoom\":15,\"latLng\":{\"lat\":0.2314799,\"lng\":-78.271874}}', 'ChIJ1UuaqN2HI5ARAjecEQSvdp0',
        'ChIJ8WXUfPdrKo4R2h0TE4mhAto', 'ChIJXTdbeKE8Ko4Ra1N65thz2_c', ''),
       (59, 'NAGUA', 'PARADA DE NAGUA', 'SN', 'ACTIVE', 58, 0, 0, 1, 1,
        '{\"zoom\":7,\"latLng\":{\"lat\":18.735693,\"lng\":-70.162651}}', 'ChIJ9bbx3jiIr44R4PcNBiQPAqY',
        'ChIJ5epbXG7rr44RxMGzQlwfoXg', 'ChIJI4EMHaGYr44RiklvPdBL-xg', ''),
       (60, 'JARABACOA', 'SN', 'SN', 'INACTIVE', 2, 0, 0, 1, 1,
        '{\"zoom\":15,\"latLng\":{\"lat\":0.2314799,\"lng\":-78.271874}}', 'ChIJ1UuaqN2HI5ARAjecEQSvdp0',
        'ChIJ8WXUfPdrKo4R2h0TE4mhAto', 'ChIJXTdbeKE8Ko4Ra1N65thz2_c', ''),
       (61, 'SANTIAGO', 'LA 27', 'TRANSPORTE ESPINAL', 'INACTIVE', 59, 0, 0, 1, 1,
        '{\"zoom\":15,\"latLng\":{\"lat\":0.2314799,\"lng\":-78.271874}}', 'ChIJ1UuaqN2HI5ARAjecEQSvdp0',
        'ChIJ8WXUfPdrKo4R2h0TE4mhAto', 'ChIJXTdbeKE8Ko4Ra1N65thz2_c', ''),
       (62, 'LAS MATAS DE FARFAN', 'TRANSPORTE ASODUVE', 'SN', 'ACTIVE', 60, 0, 0, 1, 1,
        '{\"zoom\":15,\"latLng\":{\"lat\":0.2314799,\"lng\":-78.271874}}', 'ChIJ1UuaqN2HI5ARAjecEQSvdp0',
        'ChIJ8WXUfPdrKo4R2h0TE4mhAto', 'ChIJXTdbeKE8Ko4Ra1N65thz2_c', ''),
       (63, 'JARABACOA', 'CARIBE TOUR', 'SN', 'ACTIVE', 61, 0, 0, 1, 1,
        '{\"zoom\":15,\"latLng\":{\"lat\":0.2314799,\"lng\":-78.271874}}', 'ChIJ1UuaqN2HI5ARAjecEQSvdp0',
        'ChIJ8WXUfPdrKo4R2h0TE4mhAto', 'ChIJXTdbeKE8Ko4Ra1N65thz2_c', ''),
       (64, 'C/ DAVID BEN GURION', 'ESQ. MANUEL DE JESUS TRONCOSO, TORRE DIAGONALE , PISO 5 PIANTINI', 'SN', 'ACTIVE',
        62, 0, 0, 1, 1, '{\"zoom\":15,\"latLng\":{\"lat\":0.2314799,\"lng\":-78.271874}}',
        'ChIJ1UuaqN2HI5ARAjecEQSvdp0', 'ChIJ8WXUfPdrKo4R2h0TE4mhAto', 'ChIJXTdbeKE8Ko4Ra1N65thz2_c', ''),
       (65, 'HATO MAYOR DEL REY', 'TRANSPORTE DE GUAGUA SITRAHAM', 'TRANSPORTE DE GUAGUA SITRAHAM', 'ACTIVE', 64, 0, 0,
        1, 1, '{\"zoom\":15,\"latLng\":{\"lat\":0.2314799,\"lng\":-78.271874}}', 'ChIJ1UuaqN2HI5ARAjecEQSvdp0',
        'ChIJ8WXUfPdrKo4R2h0TE4mhAto', 'ChIJXTdbeKE8Ko4Ra1N65thz2_c', ''),
       (66, 'SANTIAGO', 'CARIBE TOUR', 'SN', 'ACTIVE', 63, 0, 0, 1, 1,
        '{\"zoom\":15,\"latLng\":{\"lat\":0.2314799,\"lng\":-78.271874}}', 'ChIJ1UuaqN2HI5ARAjecEQSvdp0',
        'ChIJ8WXUfPdrKo4R2h0TE4mhAto', 'ChIJXTdbeKE8Ko4Ra1N65thz2_c', ''),
       (67, 'PUERTO PLATA', 'CARIBE TOUR', 'SN', 'ACTIVE', 65, 0, 0, 1, 1,
        '{\"zoom\":15,\"latLng\":{\"lat\":0.2314799,\"lng\":-78.271874}}', 'ChIJ1UuaqN2HI5ARAjecEQSvdp0',
        'ChIJ8WXUfPdrKo4R2h0TE4mhAto', 'ChIJXTdbeKE8Ko4Ra1N65thz2_c', ''),
       (68, 'SALCEDO PROVINCIA HERMANAS MIRABAL', 'TRANSPORTE CARIBE TOUR', 'SN', 'ACTIVE', 66, 0, 0, 1, 1,
        '{\"zoom\":15,\"latLng\":{\"lat\":0.2314799,\"lng\":-78.271874}}', 'ChIJ1UuaqN2HI5ARAjecEQSvdp0',
        'ChIJ8WXUfPdrKo4R2h0TE4mhAto', 'ChIJXTdbeKE8Ko4Ra1N65thz2_c', ''),
       (69, 'Copey 54 Manuel De Jesús Troncoso #54,', 'DN', 'SN', 'ACTIVE', 67, 1, 0, 1, 1,
        '{\"zoom\":15,\"latLng\":{\"lat\":0.2314799,\"lng\":-78.271874}}', 'ChIJ1UuaqN2HI5ARAjecEQSvdp0',
        'ChIJ8WXUfPdrKo4R2h0TE4mhAto', 'ChIJXTdbeKE8Ko4Ra1N65thz2_c', ''),
       (70, 'SOSUA', 'CARIBE TOUR', 'CARIBE TOUR', 'ACTIVE', 68, 0, 0, 1, 1,
        '{\"zoom\":15,\"latLng\":{\"lat\":0.2314799,\"lng\":-78.271874}}', 'ChIJ1UuaqN2HI5ARAjecEQSvdp0',
        'ChIJ8WXUfPdrKo4R2h0TE4mhAto', 'ChIJXTdbeKE8Ko4Ra1N65thz2_c', ''),
       (71, 'PASAR A RETIRAR', 'SN', 'SN', 'ACTIVE', 69, 1, 0, 1, 1,
        '{\"zoom\":15,\"latLng\":{\"lat\":0.2314799,\"lng\":-78.271874}}', 'ChIJ1UuaqN2HI5ARAjecEQSvdp0',
        'ChIJ8WXUfPdrKo4R2h0TE4mhAto', 'ChIJXTdbeKE8Ko4Ra1N65thz2_c', ''),
       (72, 'SANTIAGO', 'LOS JARDINES', 'SN', 'ACTIVE', 70, 1, 0, 1, 1,
        '{\"zoom\":15,\"latLng\":{\"lat\":0.2314799,\"lng\":-78.271874}}', 'ChIJ1UuaqN2HI5ARAjecEQSvdp0',
        'ChIJ8WXUfPdrKo4R2h0TE4mhAto', 'ChIJXTdbeKE8Ko4Ra1N65thz2_c', ''),
       (73, 'PALMA REAL 3', 'SN', 'SN', 'ACTIVE', 71, 0, 0, 1, 1,
        '{\"zoom\":15,\"latLng\":{\"lat\":0.2314799,\"lng\":-78.271874}}', 'ChIJ1UuaqN2HI5ARAjecEQSvdp0',
        'ChIJ8WXUfPdrKo4R2h0TE4mhAto', 'ChIJXTdbeKE8Ko4Ra1N65thz2_c', ''),
       (74, 'SANTIAGO', 'SN', 'SN', 'ACTIVE', 72, 1, 0, 1, 1,
        '{\"zoom\":15,\"latLng\":{\"lat\":0.2314799,\"lng\":-78.271874}}', 'ChIJ1UuaqN2HI5ARAjecEQSvdp0',
        'ChIJ8WXUfPdrKo4R2h0TE4mhAto', 'ChIJXTdbeKE8Ko4Ra1N65thz2_c', ''),
       (75, 'HIGUEY', 'SN', 'SN', 'ACTIVE', 73, 1, 0, 1, 1,
        '{\"zoom\":15,\"latLng\":{\"lat\":0.2314799,\"lng\":-78.271874}}', 'ChIJ1UuaqN2HI5ARAjecEQSvdp0',
        'ChIJ8WXUfPdrKo4R2h0TE4mhAto', 'ChIJXTdbeKE8Ko4Ra1N65thz2_c', ''),
       (76, 'PUERTO PLATA', 'SN', 'SN', 'ACTIVE', 74, 1, 0, 1, 1,
        '{\"zoom\":15,\"latLng\":{\"lat\":0.2314799,\"lng\":-78.271874}}', 'ChIJ1UuaqN2HI5ARAjecEQSvdp0',
        'ChIJ8WXUfPdrKo4R2h0TE4mhAto', 'ChIJXTdbeKE8Ko4Ra1N65thz2_c', ''),
       (77, 'CALLE ABREU168 VILLA CONSUELO', 'SN', 'SN', 'ACTIVE', 75, 1, 0, 1, 1,
        '{\"zoom\":15,\"latLng\":{\"lat\":0.2314799,\"lng\":-78.271874}}', 'ChIJ1UuaqN2HI5ARAjecEQSvdp0',
        'ChIJ8WXUfPdrKo4R2h0TE4mhAto', 'ChIJXTdbeKE8Ko4Ra1N65thz2_c', ''),
       (78, 'CALLE LA FRUTA 9 SECTOR EL PARAISO', 'SN', 'SN', 'ACTIVE', 76, 1, 0, 1, 1,
        '{\"zoom\":15,\"latLng\":{\"lat\":0.2314799,\"lng\":-78.271874}}', 'ChIJ1UuaqN2HI5ARAjecEQSvdp0',
        'ChIJ8WXUfPdrKo4R2h0TE4mhAto', 'ChIJXTdbeKE8Ko4Ra1N65thz2_c', ''),
       (79, 'PUERTO PLATA', 'SN', 'SN', 'ACTIVE', 77, 1, 0, 1, 1,
        '{\"zoom\":15,\"latLng\":{\"lat\":0.2314799,\"lng\":-78.271874}}', 'ChIJ1UuaqN2HI5ARAjecEQSvdp0',
        'ChIJ8WXUfPdrKo4R2h0TE4mhAto', 'ChIJXTdbeKE8Ko4Ra1N65thz2_c', ''),
       (80, 'SANTIAGO', 'SN', 'SN', 'ACTIVE', 78, 1, 0, 1, 1,
        '{\"zoom\":15,\"latLng\":{\"lat\":0.2314799,\"lng\":-78.271874}}', 'ChIJ1UuaqN2HI5ARAjecEQSvdp0',
        'ChIJ8WXUfPdrKo4R2h0TE4mhAto', 'ChIJXTdbeKE8Ko4Ra1N65thz2_c', ''),
       (81, 'SANTIAGO  TRASNPORTE AETRA BUS', 'SN', 'AETRA BUS SANTIAGO PAGAR ALLA', 'ACTIVE', 79, 1, 0, 1, 1,
        '{\"zoom\":15,\"latLng\":{\"lat\":0.2314799,\"lng\":-78.271874}}', 'ChIJ1UuaqN2HI5ARAjecEQSvdp0',
        'ChIJ8WXUfPdrKo4R2h0TE4mhAto', 'ChIJXTdbeKE8Ko4Ra1N65thz2_c', ''),
       (82, 'AGROPLAST GUAROCUYA', 'SN', 'ENVIO CON JEFRY PAGADO', 'ACTIVE', 80, 1, 0, 1, 1,
        '{\"zoom\":15,\"latLng\":{\"lat\":0.2314799,\"lng\":-78.271874}}', 'ChIJ1UuaqN2HI5ARAjecEQSvdp0',
        'ChIJ8WXUfPdrKo4R2h0TE4mhAto', 'ChIJXTdbeKE8Ko4Ra1N65thz2_c', ''),
       (83, 'HIGUEY', 'APTRA TRANSPORTE', 'TRANSPORTE APTRA PAGADO', 'ACTIVE', 81, 1, 0, 1, 1,
        '{\"zoom\":15,\"latLng\":{\"lat\":0.2314799,\"lng\":-78.271874}}', 'ChIJ1UuaqN2HI5ARAjecEQSvdp0',
        'ChIJ8WXUfPdrKo4R2h0TE4mhAto', 'ChIJXTdbeKE8Ko4Ra1N65thz2_c', ''),
       (84, 'SAN CRISTOBAL PARADA DE LA RUTA B DEJAR EN EL COMEDOR CHICA O ENTREGAR A DAHIANA', 'SN', 'SN', 'ACTIVE',
        82, 1, 0, 1, 1, '{\"zoom\":15,\"latLng\":{\"lat\":0.2314799,\"lng\":-78.271874}}',
        'ChIJ1UuaqN2HI5ARAjecEQSvdp0', 'ChIJ8WXUfPdrKo4R2h0TE4mhAto', 'ChIJXTdbeKE8Ko4Ra1N65thz2_c', ''),
       (85, 'EXPRESO VEGANO', 'SN', 'SN', 'ACTIVE', 83, 1, 0, 1, 1,
        '{\"zoom\":15,\"latLng\":{\"lat\":0.2314799,\"lng\":-78.271874}}', 'ChIJ1UuaqN2HI5ARAjecEQSvdp0',
        'ChIJ8WXUfPdrKo4R2h0TE4mhAto', 'ChIJXTdbeKE8Ko4Ra1N65thz2_c', ''),
       (86, 'SANTO DOMINGO', 'SN', 'SN', 'ACTIVE', 84, 1, 0, 1, 1,
        '{\"zoom\":15,\"latLng\":{\"lat\":0.2314799,\"lng\":-78.271874}}', 'ChIJ1UuaqN2HI5ARAjecEQSvdp0',
        'ChIJ8WXUfPdrKo4R2h0TE4mhAto', 'ChIJXTdbeKE8Ko4Ra1N65thz2_c', ''),
       (87, 'SAN JUAN TENGUERENGE', 'SN', 'SN', 'ACTIVE', 85, 1, 0, 1, 1,
        '{\"zoom\":15,\"latLng\":{\"lat\":0.2314799,\"lng\":-78.271874}}', 'ChIJ1UuaqN2HI5ARAjecEQSvdp0',
        'ChIJ8WXUfPdrKo4R2h0TE4mhAto', 'ChIJXTdbeKE8Ko4Ra1N65thz2_c', ''),
       (88, 'RUTA PARIS SAN LUIS', 'SN', 'SN', 'ACTIVE', 86, 1, 0, 1, 1,
        '{\"zoom\":15,\"latLng\":{\"lat\":0.2314799,\"lng\":-78.271874}}', 'ChIJ1UuaqN2HI5ARAjecEQSvdp0',
        'ChIJ8WXUfPdrKo4R2h0TE4mhAto', 'ChIJXTdbeKE8Ko4Ra1N65thz2_c', ''),
       (89, 'ORLANDO MARTINEZ #45', 'JUAN PABLO DUARTE', 'SN', 'ACTIVE', 87, 0, 0, 1, 1,
        '{\"zoom\":15,\"latLng\":{\"lat\":0.2314799,\"lng\":-78.271874}}', 'ChIJ1UuaqN2HI5ARAjecEQSvdp0',
        'ChIJ8WXUfPdrKo4R2h0TE4mhAto', 'ChIJXTdbeKE8Ko4Ra1N65thz2_c', ''),
       (90, 'AUT. LAS AMERICAS, KM 28 1/2 ANDRES BOCA CHICA', 'SN', 'SN', 'ACTIVE', 88, 1, 0, 1, 1,
        '{\"zoom\":15,\"latLng\":{\"lat\":0.2314799,\"lng\":-78.271874}}', 'ChIJ1UuaqN2HI5ARAjecEQSvdp0',
        'ChIJ8WXUfPdrKo4R2h0TE4mhAto', 'ChIJXTdbeKE8Ko4Ra1N65thz2_c', ''),
       (91, 'CALLE PADRE PINA 04 ZONA UNIVERSITARIA', 'SN', 'SNB', 'ACTIVE', 89, 1, 0, 1, 1,
        '{\"zoom\":15,\"latLng\":{\"lat\":0.2314799,\"lng\":-78.271874}}', 'ChIJ1UuaqN2HI5ARAjecEQSvdp0',
        'ChIJ8WXUfPdrKo4R2h0TE4mhAto', 'ChIJXTdbeKE8Ko4Ra1N65thz2_c', ''),
       (92, 'PALACIO DE JUSTICIA CIUDAD NUEVA', 'SN', 'SN', 'ACTIVE', 90, 1, 0, 1, 1,
        '{\"zoom\":15,\"latLng\":{\"lat\":0.2314799,\"lng\":-78.271874}}', 'ChIJ1UuaqN2HI5ARAjecEQSvdp0',
        'ChIJ8WXUfPdrKo4R2h0TE4mhAto', 'ChIJXTdbeKE8Ko4Ra1N65thz2_c', ''),
       (93, 'TORRE PANORAMA 310 MARGINAL NUÑEZ DE CACERES', 'SN', 'SN', 'ACTIVE', 91, 1, 0, 1, 1,
        '{\"zoom\":15,\"latLng\":{\"lat\":0.2314799,\"lng\":-78.271874}}', 'ChIJ1UuaqN2HI5ARAjecEQSvdp0',
        'ChIJ8WXUfPdrKo4R2h0TE4mhAto', 'ChIJXTdbeKE8Ko4Ra1N65thz2_c', ''),
       (94, 'PUERTO PLATA', 'SN', 'SN', 'ACTIVE', 92, 1, 0, 1, 1,
        '{\"zoom\":15,\"latLng\":{\"lat\":0.2314799,\"lng\":-78.271874}}', 'ChIJ1UuaqN2HI5ARAjecEQSvdp0',
        'ChIJ8WXUfPdrKo4R2h0TE4mhAto', 'ChIJXTdbeKE8Ko4Ra1N65thz2_c', ''),
       (95, 'BONAO', 'SN', 'SN', 'ACTIVE', 93, 1, 0, 1, 1,
        '{\"zoom\":15,\"latLng\":{\"lat\":0.2314799,\"lng\":-78.271874}}', 'ChIJ1UuaqN2HI5ARAjecEQSvdp0',
        'ChIJ8WXUfPdrKo4R2h0TE4mhAto', 'ChIJXTdbeKE8Ko4Ra1N65thz2_c', ''),
       (96, 'gazcue santiago 152', 'SN', 'para pagar alla', 'ACTIVE', 94, 0, 0, 1, 1,
        '{\"zoom\":15,\"latLng\":{\"lat\":0.2314799,\"lng\":-78.271874}}', 'ChIJ1UuaqN2HI5ARAjecEQSvdp0',
        'ChIJ8WXUfPdrKo4R2h0TE4mhAto', 'ChIJXTdbeKE8Ko4Ra1N65thz2_c', '');

INSERT INTO `delivery_by_business_manager` (`id`, `customer_id`, `number_box`, `description`, `address_id`, `phone_id`,
                                            `status`, `user_id`, `number_invoice`, `created_at`, `updated_at`,
                                            `business_id`)
VALUES (1, 3, 2, 'cambaido a las 2', 1, 3, 'INITIALIZED', 1, '15411', NULL, NULL, 1),
       (2, 3, 5,
        'Cerca de la plza Gazcue, Casa blanca con puertas marron metalicas, una empresa en la cual esta brindando informacion para poder realizar maniobras ultra secreta si no se puede muestra todo lo que tu quieras sea con qien sea.',
        1, 3, 'INITIALIZED', 1, '001 001 00541454', NULL, NULL, 1),
       (3, 3, 5, 'dsdsd camabiado', 1, 3, 'INITIALIZED', 1, '4343434', NULL, NULL, 1),
       (4, 3, 2, 'cAMBIADO', 1, 3, 'DELIVERED', 1, 'sww222', NULL, NULL, 1),
       (5, 3, 8,
        'DAKDMFN LKAFMNA+SD\nFA\nSDFML LSD\nMV ASD\nFML ASD\nFLÑMVASD\nFMLÑASD\nFMLASD\nFMLASD\nFMLASD\nFMLA\nSD', 1, 3,
        'INITIALIZED', 1, '001 001 44144144', NULL, NULL, 1),
       (6, 3, 50, 'Cerca de la plaza gazcue , casa blanca con puertas marron metalicas.', 1, 3, 'INITIALIZED', 1,
        '514144 414144 441141441', NULL, NULL, 1),
       (7, 3, 100,
        'Cerca de la plaza Gazcue, Casa blanca con puertas marron metalicas y ala ves esta con unas tejas muy antigua al estilo japones',
        1, 3, 'INITIALIZED', 1, '0011411 414 1 4 4 1', NULL, NULL, 1),
       (8, 3, 100, 'Cerca de la plaza Gazcue', 1, 3, 'INITIALIZED', 1, '144144', NULL, NULL, 1),
       (9, 3, 100,
        'Cerca de la plaza Gazcue m Casa Blanc con puertas marron metlicas y unas tejas estilo gotico dond todo sea bonito y goridto y asi podemos ver..',
        1, 3, 'INITIALIZED', 1, '000414 111 4 44', NULL, NULL, 1),
       (10, 3, 100,
        'Cerca de la plaza Gazcue m Casa Blanc con puertas marron metlicas y unas tejas estilo gotico dond todo sea bonito y goridto y asi podemos ver..aaaaaaaa a a a t a t a s t a t t ad a',
        1, 3, 'INITIALIZED', 1, '323232 345345  345345', NULL, NULL, 1),
       (11, 3, 100, 'adfadfadsf asdfa sdfasd fasdf asdf asdf sdf sdf asdf asdf a', 1, 3, 'INITIALIZED', 1,
        '00122232323', NULL, NULL, 1),
       (12, 3, 80,
        'adfpadk fmaosdkfm opiefmaosdifjvapjsid vaopsdimv opamsdvaopsidm vaopsidmv opamidvoasidmv opimsdvoiasmdopiamsd ovaimdvomaids opvmaisdopvmjai adfafda',
        1, 3, 'INITIALIZED', 1, '1415151515', NULL, NULL, 1),
       (13, 3, 5,
        'Cerca de la plaza Gazcue ,Casa blanca con puertas marron metalicas. y q no puede verse todo loq  esta ahi.', 1,
        3, 'INITIALIZED', 1, '14141404111', NULL, NULL, 1),
       (14, 3, 2, 'asfasf', 1, 3, 'INITIALIZED', 1, '234234', NULL, NULL, 1),
       (15, 4, 2, 'se pago', 3, 4, 'INITIALIZED', 1, '654987465', NULL, NULL, 1),
       (16, 6, 1, 'Enviado mediante Expreso Bavaro. hacia Friusa', 5, 7, 'DELIVERED', 1, '287543', NULL, NULL, 1),
       (17, 8, 2, 'PARA PAGAR ALLA', 6, 8, 'INACTIVE', 1, '287543', NULL, NULL, 1),
       (18, 9, 1, 'PARA PAGAR ALLA ENVIO', 8, 9, 'INITIALIZED', 1, '287543', NULL, NULL, 1),
       (19, 1, 1, 'sn', 14, 1, 'INITIALIZED', 1, '289180', NULL, NULL, 1),
       (20, 7, 1, 'UN PAQUETE ROSADO', 15, 10, 'DELIVERED', 1, '289325', NULL, NULL, 1),
       (21, 6, 1, 'sn', 5, 7, 'INACTIVE', 1, '289273', NULL, NULL, 1),
       (22, 6, 1, 'sn', 5, 7, 'DELIVERED', 1, '291369', NULL, NULL, 1),
       (23, 14, 1, 'sn', 17, 11, 'DELIVERED', 1, '292382', NULL, NULL, 1),
       (24, 8, 1, 'para pagar alla transporte', 6, 8, 'DELIVERED', 1, '292524', NULL, NULL, 1),
       (25, 3, 5, 'Envio directo PAGADO', 1, 3, 'INITIALIZED', 1, '292538', NULL, NULL, 1),
       (26, 11, 1, 'a credito', 10, 12, 'INITIALIZED', 1, '292548', NULL, NULL, 1),
       (27, 2, 2, 'sn', 16, 2, 'DELIVERED', 1, '292562', NULL, NULL, 1),
       (28, 15, 1, 'CARIBE TOURS PAGADO', 18, 13, 'INITIALIZED', 1, '292992', NULL, NULL, 1),
       (29, 3, 6, 'sn', 1, 3, 'DELIVERED', 1, '293133', NULL, NULL, 1),
       (30, 6, 1, 'bavaro pagado', 5, 7, 'DELIVERED', 1, '293860', NULL, NULL, 1),
       (31, 10, 5, 'Entrega en el local', 9, 14, 'INITIALIZED', 1, '293967', NULL, NULL, 1),
       (32, 10, 1, 'Peluches funda', 9, 14, 'DELIVERED', 1, '293989', NULL, NULL, 1),
       (33, 16, 1, 'ENTREGA LOCAL AQUAMUNDO', 19, 15, 'DELIVERED', 1, '294009', NULL, NULL, 1),
       (34, 11, 12, 'SN', 10, 12, 'DELIVERED', 1, '294010', NULL, NULL, 1),
       (35, 11, 1, 'A CREDITO', 10, 12, 'DELIVERED', 1, '294612', NULL, NULL, 1),
       (36, 2, 1, 'para caribe tours', 16, 2, 'DELIVERED', 1, '294589', NULL, NULL, 1),
       (37, 8, 1, 'sn', 6, 8, 'DELIVERED', 1, '294704', NULL, NULL, 1),
       (38, 17, 15, 'FACT. PAGADA', 20, 16, 'DELIVERED', 1, '294879', NULL, NULL, 1),
       (39, 17, 14, 'CAJAS A CONSIGNACION', 20, 16, 'DELIVERED', 1, '294884', NULL, NULL, 1),
       (40, 18, 8, 'A CREDITO', 21, 17, 'DELIVERED', 1, '295013', NULL, NULL, 1),
       (41, 11, 1, 'A CREDITO', 10, 12, 'DELIVERED', 1, '295026', NULL, NULL, 1),
       (42, 13, 4, 'sn', 12, 18, 'DELIVERED', 1, '295070', NULL, NULL, 1),
       (43, 10, 2, 'sn', 9, 14, 'DELIVERED', 1, '295161', NULL, NULL, 1),
       (44, 6, 1, 'sn', 5, 7, 'DELIVERED', 1, '295191', NULL, NULL, 1),
       (45, 12, 1, 'sn', 11, 19, 'DELIVERED', 1, '295588', NULL, NULL, 1),
       (46, 18, 1, 'Envio plaza central /PENDIENTE DE PAGO', 21, 17, 'DELIVERED', 1, '295838', NULL, NULL, 1),
       (47, 8, 1, 'A CREDITO / PENDIENTE DE PAGO', 7, 8, 'DELIVERED', 1, '295762', NULL, NULL, 1),
       (48, 13, 7, '7 cajas de navidad', 12, 18, 'DELIVERED', 1, '296113', NULL, NULL, 1),
       (49, 9, 2, 'inka sambil credito', 8, 9, 'DELIVERED', 1, '296120', NULL, NULL, 1),
       (50, 11, 2, 'inka mega 1 credito', 10, 12, 'DELIVERED', 1, '296184', NULL, NULL, 1),
       (51, 8, 1, 'transporte espinal', 6, 8, 'DELIVERED', 1, '296174', NULL, NULL, 1),
       (52, 10, 3, 'inka mega jessy credito', 9, 14, 'DELIVERED', 1, '296188', NULL, NULL, 1),
       (53, 10, 1, 'sn', 9, 14, 'DELIVERED', 1, '289325', NULL, NULL, 1),
       (54, 9, 2, 'sn', 8, 9, 'DELIVERED', 1, '289325', NULL, NULL, 1),
       (55, 10, 3, 'sn', 9, 14, 'DELIVERED', 1, '289325', NULL, NULL, 1),
       (56, 19, 2, 'AGREGAR ENVIO', 22, 20, 'DELIVERED', 1, '296349', NULL, NULL, 1),
       (57, 12, 2, 'A CREDITO', 11, 19, 'INITIALIZED', 1, '296397', NULL, NULL, 1),
       (58, 18, 1, 'CREDITO', 21, 17, 'DELIVERED', 1, '296456', NULL, NULL, 1),
       (59, 10, 1, 'la caja contiene una bolsa negra de inka y dentro esta la factura.', 9, 14, 'DELIVERED', 1,
        '296929', NULL, NULL, 1),
       (60, 3, 4, '1 caja contiene solo dulces , las demas 3 tienen slime', 1, 3, 'DELIVERED', 1, '297146', NULL, NULL,
        1),
       (61, 9, 1, 'a credito', 8, 9, 'DELIVERED', 1, '297325', NULL, NULL, 1),
       (62, 20, 1, 'TRANSPORTE CARIBE TOURS', 23, 21, 'INACTIVE', 1, '297357', NULL, NULL, 1),
       (63, 21, 1, 'TRANSPORTE TAREA BUS PAGADO', 24, 22, 'INACTIVE', 1, '297383', NULL, NULL, 1),
       (64, 3, 4, 'sn', 1, 3, 'DELIVERED', 1, '297784', NULL, NULL, 1),
       (65, 18, 1, 'PAGADO', 21, 17, 'DELIVERED', 1, '123456', NULL, NULL, 1),
       (66, 20, 1, 'transporte caribe tour', 23, 21, 'DELIVERED', 1, '298808', NULL, NULL, 1),
       (67, 2, 1, 'transporte caribe tour', 16, 2, 'DELIVERED', 1, '298802', NULL, NULL, 1),
       (68, 6, 1, 'transporte expreso bavaro', 5, 7, 'DELIVERED', 1, '298818', NULL, NULL, 1),
       (69, 15, 1, '1 funda por CARIBE PACK', 18, 13, 'DELIVERED', 1, '298880', NULL, NULL, 1),
       (70, 13, 5, 'A CREDITO', 12, 18, 'DELIVERED', 1, '298932', NULL, NULL, 1),
       (71, 3, 1, 'FUNDA - PAGADO', 1, 3, 'DELIVERED', 1, '298968', NULL, NULL, 1),
       (72, 13, 1, 'A CREDITO', 12, 18, 'DELIVERED', 1, '300054', NULL, NULL, 1),
       (73, 7, 1, 'sn', 15, 10, 'DELIVERED', 1, '301021', NULL, NULL, 1),
       (74, 20, 1, 'cosmeticos', 23, 21, 'DELIVERED', 1, '301492', NULL, NULL, 1),
       (75, 15, 1, 'cosmeticos', 18, 13, 'DELIVERED', 1, '301404', NULL, NULL, 1),
       (76, 22, 1, 'PAGADO ENVIADO CON MOTORISTA HASTA CARIBE TOUR', 25, 23, 'DELIVERED', 1, '303315', NULL, NULL, 1),
       (77, 2, 1, 'LLEVADO AL SUPPLY', 16, 2, 'DELIVERED', 1, '303430', NULL, NULL, 1),
       (78, 23, 1, 'TRANSPORTE BLANCO PAGADO', 26, 24, 'DELIVERED', 1, '303947', NULL, NULL, 1),
       (79, 23, 1, 'TRANSPORTE ESPINAL PARA PAGAR AQUI', 26, 25, 'DELIVERED', 1, '303947', NULL, NULL, 1),
       (80, 7, 1, 'esto es una prubea', 15, 10, 'INACTIVE', 1, '1', NULL, NULL, 1),
       (81, 20, 1, 'CARIBE TOUR', 23, 21, 'DELIVERED', 1, '304016', NULL, NULL, 1),
       (82, 6, 1, 'EXPRESO BAVARO', 5, 7, 'DELIVERED', 1, '304107', NULL, NULL, 1),
       (83, 12, 7, 'A CREDITO', 11, 19, 'DELIVERED', 1, '304149', NULL, NULL, 1),
       (84, 24, 1, 'CARIBE TOUR - PAGADO', 27, 26, 'DELIVERED', 1, '304321', NULL, NULL, 1),
       (85, 22, 1, 'CARIBE TOUR', 25, 23, 'DELIVERED', 1, '304321', NULL, NULL, 1),
       (86, 9, 9, 'entregado en sambil a credito', 8, 9, 'DELIVERED', 1, '304711', NULL, NULL, 1),
       (87, 12, 1, 'por entregar a credito', 11, 19, 'INITIALIZED', 1, '289180', NULL, NULL, 1),
       (88, 3, 2, 'PRIMER PEDIDO', 1, 3, 'DELIVERED', 1, '304791', NULL, NULL, 1),
       (89, 3, 3, 'SEGUNDO PEDIDO', 1, 3, 'DELIVERED', 1, '304797', NULL, NULL, 1),
       (90, 10, 7, 'ENTREGADO SIETE CAJA', 9, 14, 'DELIVERED', 1, '304784', NULL, NULL, 1),
       (91, 6, 1, 'EXPRESO BAVARO', 5, 7, 'DELIVERED', 1, '304983', NULL, NULL, 1),
       (92, 12, 8, 'ENTREGADO', 11, 19, 'DELIVERED', 1, '304971', NULL, NULL, 1),
       (93, 25, 1, 'NUMERO ALTERNO 809-674-9814', 28, 27, 'DELIVERED', 1, '305006', NULL, NULL, 1),
       (94, 8, 1, 'PARA PAGAR ALLA', 7, 8, 'DELIVERED', 1, '305465', NULL, NULL, 1),
       (95, 6, 1, 'ENVIO PUNTA CANA', 5, 7, 'DELIVERED', 1, '305535', NULL, NULL, 1),
       (96, 26, 3, 'PAGADO', 29, 28, 'DELIVERED', 1, '305580', NULL, NULL, 1),
       (97, 27, 1, 'ENVIO CARIBE TOUR - PAGADO', 30, 29, 'DELIVERED', 1, '305615', NULL, NULL, 1),
       (98, 28, 1, 'PARADA BANI - ENCOMIENDA', 31, 30, 'DELIVERED', 1, '305896', NULL, NULL, 1),
       (99, 19, 8,
        'calle 27 de febrero atras de la casa darys \no en el parque san dionisio alado del banco popular\ntelefono 8094919207/8097981757',
        22, 20, 'DELIVERED', 1, '305974', NULL, NULL, 1),
       (100, 29, 1, 'FUNDA AZUL - CARIBE TOURS', 32, 31, 'DELIVERED', 1, '305982', NULL, NULL, 1),
       (101, 30, 1, 'PARA PAGAR AL LLEGAR , TRANPORTE ESPINAL PLATINIUM', 33, 32, 'DELIVERED', 1, '306089', NULL, NULL,
        1),
       (102, 20, 1, 'CARBIE TOUR', 23, 21, 'DELIVERED', 1, '306082', NULL, NULL, 1),
       (103, 1, 1, 'PARA TRANSPORTE APTPRA', 14, 1, 'DELIVERED', 1, '306158', NULL, NULL, 1),
       (104, 3, 5, 'MITAD CREDITO MITAD PAGO', 1, 3, 'DELIVERED', 1, '306474', NULL, NULL, 1),
       (105, 9, 3, '1 caja y 3 fundas con peluches', 8, 9, 'DELIVERED', 1, '306683', NULL, NULL, 1),
       (106, 10, 3, '1 caja y 3 fundas con peluches', 9, 14, 'DELIVERED', 1, '306680', NULL, NULL, 1),
       (107, 31, 1, 'FRAGIL, CONTIENE MERCANCIA DELICADA', 34, 33, 'DELIVERED', 1, '304295', NULL, NULL, 1),
       (108, 10, 1, 'CAJAS DE REGALO', 9, 14, 'DELIVERED', 1, '306846', NULL, NULL, 1),
       (109, 9, 1, 'CAJAS DE REGALO', 8, 9, 'DELIVERED', 1, '306844', NULL, NULL, 1),
       (110, 32, 1, 'sn', 35, 34, 'DELIVERED', 1, '306893', NULL, NULL, 1),
       (111, 6, 1, 'SN', 5, 7, 'DELIVERED', 1, '307099', NULL, NULL, 1),
       (112, 33, 1, 'TRANSPORTE CARIBE TOURS', 36, 35, 'INACTIVE', 1, '307160', NULL, NULL, 1),
       (113, 10, 2, 'PARA ENTREGAR', 9, 14, 'DELIVERED', 1, '307254', NULL, NULL, 1),
       (114, 10, 1, 'UNA FUNDA AZUL', 9, 14, 'DELIVERED', 1, '307298', NULL, NULL, 1),
       (115, 34, 1, 'TRANSPORTE APTPRA', 37, 36, 'DELIVERED', 1, '307335', NULL, NULL, 1),
       (116, 7, 1, 'CARIBE TOURS - PAGADO', 15, 10, 'DELIVERED', 1, '307365', NULL, NULL, 1),
       (117, 20, 1, 'TRANSPORTE CARIBETOURS', 23, 21, 'DELIVERED', 1, '307508', NULL, NULL, 1),
       (118, 9, 1, 'etiquetas', 8, 9, 'DELIVERED', 1, '308618', NULL, NULL, 1),
       (119, 13, 6, 'TRANSPORTE RAS', 12, 18, 'DELIVERED', 1, '308746', NULL, NULL, 1),
       (120, 18, 1, 'para entregar', 21, 17, 'DELIVERED', 1, '309022', NULL, NULL, 1),
       (121, 18, 1, 'para entregar', 21, 17, 'DELIVERED', 1, '309022', NULL, NULL, 1),
       (122, 11, 1, 'para entregar', 10, 12, 'DELIVERED', 1, '309040', NULL, NULL, 1),
       (123, 3, 7, 'PARA PASAR A RETIRAR', 1, 3, 'DELIVERED', 1, '309081', NULL, NULL, 1),
       (124, 3, 4, 'PARA PASAR A RETIRAR', 1, 3, 'DELIVERED', 1, '309124', NULL, NULL, 1),
       (125, 35, 1, 'UNA FUNDA CON UN PELUCHE ROSADO', 38, 37, 'DELIVERED', 1, '309301', NULL, NULL, 1),
       (126, 36, 1, 'UNA CAJA CON COLONIAS', 39, 38, 'DELIVERED', 1, '309302', NULL, NULL, 1),
       (127, 37, 1, '1 CAJA CON LIPGLOSS', 40, 39, 'DELIVERED', 1, '309850', NULL, NULL, 1),
       (128, 20, 1, '1 CAJA', 23, 21, 'DELIVERED', 1, '309878', NULL, NULL, 1),
       (129, 38, 1, 'EXPRESO BAVARO', 41, 40, 'DELIVERED', 1, '310122', NULL, NULL, 1),
       (130, 6, 1, 'EXPRESO BAVARO', 5, 7, 'DELIVERED', 1, '310339', NULL, NULL, 1),
       (131, 2, 1, 'caribe tour', 16, 2, 'DELIVERED', 1, '310723', NULL, NULL, 1),
       (132, 13, 5, 'transporte ras', 12, 18, 'DELIVERED', 1, '311223', NULL, NULL, 1),
       (133, 3, 4, 'life hashion pedido $54667.60', 1, 3, 'DELIVERED', 1, '311948', NULL, NULL, 1),
       (134, 3, 3, 'life fashion pago en efectivo  $41913.60', 1, 3, 'DELIVERED', 1, '311952', NULL, NULL, 1),
       (135, 3, 3, 'pago ene fectivo $41913.60 de life fashion', 1, 3, 'DELIVERED', 1, '311952', NULL, NULL, 1),
       (136, 10, 1, 'a credito entregado leonel', 9, 14, 'DELIVERED', 1, '314176', NULL, NULL, 1),
       (137, 9, 1, 'sn', 8, 9, 'DELIVERED', 1, '314221', NULL, NULL, 1),
       (138, 4, 2, 'sn', 13, 4, 'DELIVERED', 1, '314235', NULL, NULL, 1),
       (139, 3, 3, 'PEDIDO NO.1', 1, 3, 'DELIVERED', 1, '314166', NULL, NULL, 1),
       (140, 3, 3, 'PEDIDO NO.2', 1, 3, 'DELIVERED', 1, '314167', NULL, NULL, 1),
       (141, 14, 1, 'sn', 17, 11, 'DELIVERED', 1, '315828', NULL, NULL, 1),
       (142, 2, 2, 'para en tregar', 16, 2, 'DELIVERED', 1, '315881', NULL, NULL, 1),
       (143, 14, -2, '5151', 17, 11, 'DELIVERED', 1, '1245', NULL, NULL, 1),
       (144, 2, 1, 'sn', 16, 2, 'DELIVERED', 1, '316231', NULL, NULL, 1),
       (145, 3, 5, 'PAGO CONTRA ENTREGA', 1, 3, 'DELIVERED', 1, '316480', NULL, NULL, 1),
       (146, 36, 3, 'SN', 39, 38, 'DELIVERED', 1, '315653', NULL, NULL, 1),
       (147, 31, 1, 'SANTIAGO\nFRAGIL, MERCANCIA DELICADA', 42, 33, 'DELIVERED', 1, '316973', NULL, NULL, 1),
       (148, 19, 1, 'para pasar a retirar', 22, 20, 'DELIVERED', 1, '317081', NULL, NULL, 1),
       (149, 3, 1, 'A CREDITO', 1, 3, 'DELIVERED', 1, '318502', NULL, NULL, 1),
       (150, 3, 3, 'A CREDITO', 1, 3, 'DELIVERED', 1, '318500', NULL, NULL, 1),
       (151, 36, 1, 'A CREDITO', 39, 38, 'DELIVERED', 1, '318496', NULL, NULL, 1),
       (152, 36, 1, 'A CREDITO', 39, 38, 'DELIVERED', 1, '318499', NULL, NULL, 1),
       (153, 4, 3, 'A CREDITO', 13, 4, 'DELIVERED', 1, '318586', NULL, NULL, 1),
       (154, 20, 1, 'PAGADO', 23, 21, 'DELIVERED', 1, '318566', NULL, NULL, 1),
       (155, 39, 1, 'PAGADO', 43, 41, 'DELIVERED', 1, '319951', NULL, NULL, 1),
       (156, 40, 1, 'PAGADO', 44, 42, 'DELIVERED', 1, '319942', NULL, NULL, 1),
       (157, 6, 1, 'EXPRESO BAVARO', 5, 7, 'DELIVERED', 1, '320015', NULL, NULL, 1),
       (158, 41, 1, 'PAGADO', 45, 43, 'DELIVERED', 1, '320909', NULL, NULL, 1),
       (159, 7, 1, 'CARIBE TOUR', 15, 10, 'DELIVERED', 1, '320962', NULL, NULL, 1),
       (160, 42, 1, 'EXPRESO VEGANO', 46, 44, 'DELIVERED', 1, '320941', NULL, NULL, 1),
       (161, 6, 1, 'PAGADO', 5, 7, 'DELIVERED', 1, '321101', NULL, NULL, 1),
       (162, 6, 1, 'PAGADO', 5, 7, 'DELIVERED', 1, '321354', NULL, NULL, 1),
       (163, 9, 4, 'A CREDITO', 8, 9, 'DELIVERED', 1, '321774/321788', NULL, NULL, 1),
       (164, 9, 1, 'A CREDITO (PELUCHES Y ESPEJOS)', 8, 9, 'DELIVERED', 1, '321849', NULL, NULL, 1),
       (165, 10, 5, 'A CREDITO', 9, 14, 'DELIVERED', 1, '321792/321796', NULL, NULL, 1),
       (166, 3, 4, 'A CREDITO', 1, 3, 'DELIVERED', 1, '321882', NULL, NULL, 1),
       (167, 3, 2, 'A CREDITO', 1, 3, 'DELIVERED', 1, '321914', NULL, NULL, 1),
       (168, 38, 1, 'EXPRESO PUNTA CANA', 41, 40, 'DELIVERED', 1, '322115', NULL, NULL, 1),
       (169, 6, 1, 'PAGADO', 5, 7, 'DELIVERED', 1, '322646', NULL, NULL, 1),
       (170, 3, 5, 'PAGADO', 1, 3, 'DELIVERED', 1, '323812', NULL, NULL, 1),
       (171, 38, 1, 'PAGADO', 41, 40, 'DELIVERED', 1, '324101', NULL, NULL, 1),
       (172, 6, 1, 'PAGADA', 5, 7, 'DELIVERED', 1, '324513', NULL, NULL, 1),
       (173, 43, 1, 'TRANSPORTE RAS', 47, 45, 'DELIVERED', 1, '324729', NULL, NULL, 1),
       (174, 14, 1, 'PAGADO', 17, 11, 'DELIVERED', 1, '324772', NULL, NULL, 1),
       (175, 11, 1, 'A CREDITO', 10, 12, 'DELIVERED', 1, '324774', NULL, NULL, 1),
       (176, 20, 1, 'PAGADO', 23, 21, 'DELIVERED', 1, '325229', NULL, NULL, 1),
       (177, 6, 1, 'pagado', 5, 7, 'DELIVERED', 1, '325945', NULL, NULL, 1),
       (178, 41, 1, 'PAGADO', 45, 43, 'DELIVERED', 1, '326461', NULL, NULL, 1),
       (179, 2, 1, 'a credito', 16, 2, 'DELIVERED', 1, '326678', NULL, NULL, 1),
       (180, 12, 1, 'entregar lunes', 11, 19, 'DELIVERED', 1, '326834', NULL, NULL, 1),
       (181, 44, 1, 'CARIBE TOUR PARADA LOS JARDINES', 48, 46, 'DELIVERED', 1, '326766', NULL, NULL, 1),
       (182, 19, 2, '2 CAJAS POR ENTREGAR', 22, 20, 'DELIVERED', 1, '326849', NULL, NULL, 1),
       (183, 19, 2, 'ENTREGAR 2 CAJAS', 22, 20, 'DELIVERED', 1, '326849', NULL, NULL, 1),
       (184, 19, 1, 'PAGADA', 22, 20, 'DELIVERED', 1, '327120', NULL, NULL, 1),
       (185, 45, 1, 'PAGADO', 49, 47, 'DELIVERED', 1, '327225', NULL, NULL, 1),
       (186, 6, 1, 'PAGADO', 4, 7, 'DELIVERED', 1, '327931', NULL, NULL, 1),
       (187, 46, 1, 'LA PARADA ESTA DETRAS DE PLAZA LAMA', 50, 48, 'DELIVERED', 1, '328004', NULL, NULL, 1),
       (188, 37, 1, 'PAGADO', 40, 39, 'DELIVERED', 1, '328399', NULL, NULL, 1),
       (189, 15, 1, 'PAGADO', 18, 13, 'DELIVERED', 1, '328419', NULL, NULL, 1),
       (190, 6, 1, 'PAGADO', 5, 7, 'DELIVERED', 1, '328975', NULL, NULL, 1),
       (191, 8, 1, 'PARA PAGAR ALLA', 7, 8, 'DELIVERED', 1, '328688', NULL, NULL, 1),
       (192, 20, 1, 'PAGADO', 23, 21, 'DELIVERED', 1, '328778', NULL, NULL, 1),
       (193, 37, 1, 'PAGADO/FAVOR TRATAR CON DELICADEZA', 40, 39, 'DELIVERED', 1, '329347', NULL, NULL, 1),
       (194, 20, 1, 'PAGADO', 23, 21, 'DELIVERED', 1, '329927', NULL, NULL, 1),
       (195, 45, 1, 'PAGADO', 49, 47, 'DELIVERED', 1, '330497', NULL, NULL, 1),
       (196, 8, 1, 'PARA PAGAR ALLA', 7, 8, 'DELIVERED', 1, '330966', NULL, NULL, 1),
       (197, 6, 1, 'PAGADO', 5, 7, 'DELIVERED', 1, '331061', NULL, NULL, 1),
       (198, 7, 1, 'PAGADO', 15, 10, 'DELIVERED', 1, '331218', NULL, NULL, 1),
       (199, 38, 1, 'FRAGIL', 41, 40, 'DELIVERED', 1, '333643', NULL, NULL, 1),
       (200, 1, 1, 'PAGADO', 14, 1, 'DELIVERED', 1, '333928', NULL, NULL, 1),
       (201, 2, 1, 'CARIBETOUR', 16, 2, 'DELIVERED', 1, '334185', NULL, NULL, 1),
       (202, 38, 1, 'EXPRESO PUNTA CANA', 41, 40, 'DELIVERED', 1, '335799', NULL, NULL, 1),
       (203, 6, 1, 'PAGADO', 5, 7, 'DELIVERED', 1, '336297', NULL, NULL, 1),
       (204, 47, 1, 'PARADA DE NAGUA', 51, 49, 'DELIVERED', 1, '336566', NULL, NULL, 1),
       (205, 35, 2, 'PEDIDO NO. 1 $62,321.70', 38, 37, 'DELIVERED', 1, '336170', NULL, NULL, 1),
       (206, 36, 6, 'PEDIDO NO. 2 $317,821.20', 39, 38, 'DELIVERED', 1, '336723', NULL, NULL, 1),
       (207, 36, 1, 'PEDIDO NO. 3 $10,620', 39, 38, 'DELIVERED', 1, '336150', NULL, NULL, 1),
       (208, 36, 1, 'UNA FUNDA ULTIMA COTIZACION', 39, 38, 'INITIALIZED', 1, '336722', NULL, NULL, 1),
       (209, 48, 1, 'TRANSPORTE APTPRA', 52, 50, 'DELIVERED', 1, '336861', NULL, NULL, 1),
       (210, 49, 1, 'PAGADO', 53, 51, 'DELIVERED', 1, '336995', NULL, NULL, 1),
       (211, 8, 1, 'PARA PAGAR ENVIO EN SANTIAGO \nPARA TRANSPORTE ESPINAL', 7, 8, 'DELIVERED', 1, '336998', NULL, NULL,
        1),
       (212, 50, 1, 'AV.VENEZUELA NO 79 ENTRE C/COSTA RICA Y ACTIVO 20-30 FRENTE A PLAZA CRISTAL', 54, 52, 'DELIVERED',
        1, '337006', NULL, NULL, 1),
       (213, 12, 1, 'MERCANCIA DE CINTILLOS DE NAVIDAD', 11, 19, 'DELIVERED', 1, '337792', NULL, NULL, 1),
       (214, 8, 1, 'PARA PAGAR ALLA', 7, 8, 'DELIVERED', 1, '337729', NULL, NULL, 1),
       (215, 12, 1, 'PEDIDO DE ANIME', 11, 19, 'DELIVERED', 1, '338007', NULL, NULL, 1),
       (216, 13, 10, 'NIINGUNO', 12, 18, 'DELIVERED', 1, '338120', NULL, NULL, 1),
       (217, 51, 1, 'PARA PASAR A RETIRAR', 55, 53, 'INITIALIZED', 1, '338214', NULL, NULL, 1),
       (218, 49, 1, 'PAGADO', 53, 51, 'DELIVERED', 1, '339061', NULL, NULL, 1),
       (219, 6, 1, 'PAGADO', 5, 7, 'DELIVERED', 1, '339388', NULL, NULL, 1),
       (220, 4, 8, 'A CREDITO', 13, 4, 'DELIVERED', 1, '340092', NULL, NULL, 1),
       (221, 13, 1, 'a credito', 12, 18, 'DELIVERED', 1, '339667', NULL, NULL, 1),
       (222, 52, 1, 'PARADA DE BOCACHICA', 56, 54, 'INITIALIZED', 1, '342337', NULL, NULL, 1),
       (223, 53, 1, 'FRAGIL', 57, 55, 'DELIVERED', 1, '342473', NULL, NULL, 1),
       (224, 25, 1, 'NO. ALTERNO\n809-551-2947', 58, 56, 'DELIVERED', 1, '342500', NULL, NULL, 1),
       (225, 38, 1, 'EXPRESO BAVARO', 41, 40, 'DELIVERED', 1, '343301', NULL, NULL, 1),
       (226, 7, 1, 'caribe tours pagado', 15, 10, 'DELIVERED', 1, '344398', NULL, NULL, 1),
       (227, 34, 0, 'TRANSPORTE APTRA', 37, 36, 'DELIVERED', 1, '344556', NULL, NULL, 1),
       (228, 28, 1, 'FRAGIL', 31, 30, 'DELIVERED', 1, '345454', NULL, NULL, 1),
       (229, 58, 1, 'PAGADO', 59, 58, 'DELIVERED', 1, '345491', NULL, NULL, 1),
       (230, 49, 1, 'PAGADO', 53, 51, 'DELIVERED', 1, '345742', NULL, NULL, 1),
       (231, 8, 1, 'A CREDITO', 7, 8, 'DELIVERED', 1, '345748', NULL, NULL, 1),
       (232, 2, 2, 'A CREDITO', 60, 2, 'DELIVERED', 1, '345840', NULL, NULL, 1),
       (233, 13, 6, 'TRANSPORTE RAS', 12, 18, 'INACTIVE', 1, '345986', NULL, NULL, 1),
       (234, 22, 1, 'PARADA DEL 9 DE LA AUTO. DUARTE.', 25, 23, 'DELIVERED', 1, '346239', NULL, NULL, 1),
       (235, 59, 1, 'MENSAJERIA VIP // PARA PAGAR AL RECIBIR', 61, 59, 'DELIVERED', 1, '346279', NULL, NULL, 1),
       (236, 60, 1, 'UNA FUNDA NEGRA', 62, 60, 'DELIVERED', 1, '346363', NULL, NULL, 1),
       (237, 2, 1, 'A CREDITO', 16, 2, 'DELIVERED', 1, '346433', NULL, NULL, 1),
       (238, 8, 1, 'PARA PAGAR AL RECIBIR', 6, 8, 'DELIVERED', 1, '346427', NULL, NULL, 1),
       (239, 61, 1, 'PAGADO', 63, 61, 'DELIVERED', 1, '346445', NULL, NULL, 1),
       (240, 62, 1, 'LOCAL', 64, 62, 'DELIVERED', 1, '346438', NULL, NULL, 1),
       (241, 59, 1, 'FUNDA NEGRA', 61, 59, 'DELIVERED', 1, '346465', NULL, NULL, 1),
       (242, 64, 1, 'UNA FUNDA NEDRA', 65, 63, 'DELIVERED', 1, '346480', NULL, NULL, 1),
       (243, 63, 1, 'PALOMA JOYAS', 66, 64, 'DELIVERED', 1, '346475', NULL, NULL, 1),
       (244, 48, 1, 'TRANSPORTE APTPRA', 52, 50, 'DELIVERED', 1, '346527', NULL, NULL, 1),
       (245, 41, 1, 'PAGADO', 45, 43, 'DELIVERED', 1, '346536', NULL, NULL, 1),
       (246, 64, 1, 'UNA FUNDA NEGRA', 65, 63, 'DELIVERED', 1, '346561', NULL, NULL, 1),
       (247, 65, 1, 'UNA FUNDA NEGRA', 67, 65, 'DELIVERED', 1, '346583', NULL, NULL, 1),
       (248, 16, 1, 'A CREDITO', 19, 15, 'DELIVERED', 1, '366586', NULL, NULL, 1),
       (249, 59, 1, 'UNA FUNDA NEGRA', 61, 59, 'DELIVERED', 1, '346606', NULL, NULL, 1),
       (250, 66, 1, 'PAGADO', 68, 66, 'DELIVERED', 1, '346619', NULL, NULL, 1),
       (251, 67, 1, 'UNA FUNDA negra', 69, 67, 'DELIVERED', 1, '346787', NULL, NULL, 1),
       (252, 16, 2, 'PAGADA', 19, 15, 'DELIVERED', 1, '346961', NULL, NULL, 1),
       (253, 34, 1, 'TRANSPORTE APTPRA', 37, 36, 'DELIVERED', 1, '346988', NULL, NULL, 1),
       (254, 61, 1, 'CARIBE TOUR', 63, 61, 'DELIVERED', 1, '345971', NULL, NULL, 1),
       (255, 68, 1, 'PAGADO', 70, 68, 'DELIVERED', 1, '346966', NULL, NULL, 1),
       (256, 6, 1, 'EXPRESO BAVARO', 5, 7, 'DELIVERED', 1, '347139', NULL, NULL, 1),
       (257, 69, 1, 'PAGO PASAR A RETIRAR REVISADO', 71, 69, 'DELIVERED', 1, '347257', NULL, NULL, 1),
       (258, 48, 1, 'PAGO TRANSPORTE APTPRA', 52, 50, 'INITIALIZED', 1, '347336', NULL, NULL, 1),
       (259, 70, 1, 'PAGADO TR BANR ENVIADO A CARIBE TOURS', 72, 70, 'DELIVERED', 1, '347451', NULL, NULL, 1),
       (260, 8, 1, 'para entregar', 7, 8, 'DELIVERED', 1, '347577', NULL, NULL, 1),
       (261, 8, 1, 'para pagar alla', 6, 8, 'DELIVERED', 1, '347577', NULL, NULL, 1),
       (262, 71, -3, 'PAGO A CONTRA ENTREGA 3040', 73, 71, 'DELIVERED', 1, '347616', NULL, NULL, 1),
       (263, 72, 1, 'RAFAEL MONTILLA PASARA A RECOJER', 74, 72, 'INITIALIZED', 1, '347707', NULL, NULL, 1),
       (264, 73, 2, 'ENTREGADO A LA PARADA DE HIGUEY', 75, 73, 'DELIVERED', 1, '467512', NULL, NULL, 1),
       (265, 74, 1, 'PAGAR AL DELIVERY JEFRY 3500', 76, 74, 'DELIVERED', 1, '293967', NULL, NULL, 1),
       (266, 77, 1, 'ENTREGADO A LA PARADA DE PUERTO PLATA', 79, 76, 'DELIVERED', 1, '256821', NULL, NULL, 1),
       (267, 78, 1, 'ENTREGAR PARADA DE SANTIAGO', 80, 77, 'INITIALIZED', 1, '347707', NULL, NULL, 1),
       (268, 79, 1, 'ENVIO PARA PARA ALLA SANTIAGO LA ROTONDA', 81, 78, 'DELIVERED', 1, '347825', NULL, NULL, 1),
       (269, 13, 1, 'TRASNPORTE RAS', 12, 18, 'DELIVERED', 1, '347834', NULL, NULL, 1),
       (270, 10, 1, 'ENTREGAR A INKA MEGA CENTRO 2FRENTE  A CAFE SANTO DOMINGO', 9, 14, 'DELIVERED', 1, '347843', NULL,
        NULL, 1),
       (271, 9, 1, 'ENTRGAR EN SAMBIL PRIMER PISO FRENTE A ALTICE', 8, 9, 'INITIALIZED', 1, '347844', NULL, NULL, 1),
       (272, 11, 1, 'FRENTE AL BANCO BHD', 10, 12, 'DELIVERED', 1, '347812', NULL, NULL, 1),
       (273, 12, 1, 'UNA CUADRA DE LA ENTRADA DEL CONDE', 11, 19, 'DELIVERED', 1, '347846', NULL, NULL, 1),
       (274, 63, 1, 'PARA ENTREGAR PENDIENTE DE PAGO', 66, 64, 'DELIVERED', 1, '347832', NULL, NULL, 1),
       (275, 80, 1, 'ENVIAR CON DELIVERY JEFRY  A  AGROPLAST CALLE GUAROCUYA PAGADO', 82, 79, 'DELIVERED', 1, '347848',
        NULL, NULL, 1),
       (276, 4, 1, 'PENDIENTE DE PAGO', 13, 6, 'DELIVERED', 1, '347850', NULL, NULL, 1),
       (277, 81, 1, 'TRANSPORTE APTRA  PAGADO', 83, 80, 'DELIVERED', 1, '347853', NULL, NULL, 1),
       (278, 2, 1, 'PAGO PENDIENTE ENVIADO A JARABACOA', 16, 2, 'DELIVERED', 1, '347944', NULL, NULL, 1),
       (279, 82, 1, 'PAGO DEJAR PAQUETE EN EL COMEDOR CHICA O ENTREGAR A DAHIANA O CHICA', 84, 81, 'INITIALIZED', 1,
        '347953', NULL, NULL, 1),
       (280, 64, 1, '1 UNA FUNDA NEGRA', 65, 63, 'DELIVERED', 1, '347969', NULL, NULL, 1),
       (281, 83, 1, 'ENTREGADO A PARADA DE LA VEGA PAGO', 85, 82, 'DELIVERED', 1, '347981', NULL, NULL, 1),
       (282, 22, 1, 'PAGADO DLIVERY JEFRY', 25, 23, 'DELIVERED', 1, '348004', NULL, NULL, 1),
       (283, 61, 1, 'ENVIO CON JEFRY', 63, 61, 'INITIALIZED', 1, '348006', NULL, NULL, 1),
       (284, 84, 1, 'PARA PASAR A RETIRAR PAGO', 86, 83, 'DELIVERED', 1, '349745', NULL, NULL, 1),
       (285, 35, 2, 'VIENE A RETIRAR PAGO', 38, 37, 'DELIVERED', 1, '348067', NULL, NULL, 1),
       (286, 35, 2, 'PASAR A RETIRAR PAGO', 38, 37, 'DELIVERED', 1, '348067', NULL, NULL, 1),
       (287, 85, 1, 'PARA ENTREGAR A PARADA DE SAN JUAN TENGUERENGE', 87, 84, 'DELIVERED', 1, '348100', NULL, NULL, 1),
       (288, 86, 1, 'RUTA PARIS SAN LUIS PAGO', 88, 85, 'DELIVERED', 1, '348106', NULL, NULL, 1),
       (289, 2, 1, 'CARIBE TOUR', 16, 2, 'DELIVERED', 1, '348132', NULL, NULL, 1),
       (290, 8, 1, 'TRANS ESPINAL PAGAR ALLA', 6, 8, 'DELIVERED', 1, '348134', NULL, NULL, 1),
       (291, 87, 1, 'ENVIO HASTA CARIBE TOURS ENVIO HIGUEY', 89, 86, 'DELIVERED', 1, '348129', NULL, NULL, 1),
       (292, 88, 1, 'ENTREGAR PARADA DE BOCA CHICA PAGO', 90, 87, 'DELIVERED', 1, '348296', NULL, NULL, 1),
       (293, 89, 1, 'ENTREGARE PAGO', 91, 88, 'DELIVERED', 1, '348356', NULL, NULL, 1),
       (294, 34, 1, 'aptra higuey pagado jefry envio', 37, 36, 'DELIVERED', 1, '348495', NULL, NULL, 1),
       (295, 90, 1, 'ENTREGAR PAGO', 92, 89, 'DELIVERED', 1, '348554', NULL, NULL, 1),
       (296, 91, 1, 'DELIVERY ENTREGAR PAGO', 93, 90, 'DELIVERED', 1, '349673', NULL, NULL, 1),
       (297, 91, 1, 'DELIVERY ENTREGAR PAGO', 93, 90, 'DELIVERED', 1, '349673', NULL, NULL, 1),
       (298, 45, 1, 'PAGADO ENTREGAR S PARADA DE HIGUEY ENVIADO POR JEFRY', 49, 47, 'DELIVERED', 1, '349739', NULL,
        NULL, 1),
       (299, 8, 1, 'PARA PAGAR ALLA', 7, 8, 'DELIVERED', 1, '349797', NULL, NULL, 1),
       (300, 92, 1, 'TT', 94, 92, 'DELIVERED', 1, '347707', NULL, NULL, 1),
       (301, 93, -1, 'ENTREGAR A PARADA DE BONAO CON DELIVERY JEFRY PAGO', 95, 93, 'DELIVERED', 1, '349920', NULL, NULL,
        1),
       (302, 41, 1, 'ENTREGAR A PARADA DE PUERTO PLATA CON DELIVERY JEFRY', 45, 43, 'DELIVERED', 1, '350335', NULL,
        NULL, 1),
       (303, 91, 1, 'pedido pagado', 93, 90, 'DELIVERED', 1, '350375', NULL, NULL, 1),
       (304, 91, 1, 'perdiddo pagado', 93, 90, 'INACTIVE', 1, '350475', NULL, NULL, 1),
       (305, 41, 1, 'pagado', 45, 43, 'INACTIVE', 1, '350816', NULL, NULL, 1),
       (306, 45, 1, 'pagado', 49, 47, 'INACTIVE', 1, '350859', NULL, NULL, 1),
       (307, 45, 1, 'pagado', 49, 47, 'INACTIVE', 1, '350859', NULL, NULL, 1),
       (308, 6, 1, 'para entregar', 5, 7, 'DELIVERED', 1, '351101', NULL, NULL, 1);



SET
FOREIGN_KEY_CHECKS=1;
COMMIT;
