-- phpMyAdmin SQL Dump
-- version 5.2.1
-- https://www.phpmyadmin.net/
--
-- Servidor: 127.0.0.1
-- Tiempo de generación: 06-06-2023 a las 16:33:42
-- Versión del servidor: 10.4.28-MariaDB
-- Versión de PHP: 8.0.28

SET
FOREIGN_KEY_CHECKS=0;
SET
SQL_MODE = "NO_AUTO_VALUE_ON_ZERO";
START TRANSACTION;
SET
time_zone = "+00:00";


/*!40101 SET @OLD_CHARACTER_SET_CLIENT=@@CHARACTER_SET_CLIENT */;
/*!40101 SET @OLD_CHARACTER_SET_RESULTS=@@CHARACTER_SET_RESULTS */;
/*!40101 SET @OLD_COLLATION_CONNECTION=@@COLLATION_CONNECTION */;
/*!40101 SET NAMES utf8mb4 */;

--
-- Base de datos: `initproject8`
--

--
-- Volcado de datos para la tabla `accounting_account`
--

INSERT INTO `accounting_account` (`id`, `value`, `status`, `accounting_account_type_id`, `accounting_level_id`,
                                  `description`, `parent_key`, `has_parent`, `is_parent`, `movement`, `rfc`,
                                  `cost_center`, `base_amount`, `base_amount_percentage`, `base_amount_value`,
                                  `business_id`)
VALUES (1, '1', 'ACTIVE', 1, 1, 'ACTIVE', 0, 0, 1, 0, 0, 0, 0, NULL, NULL, 1),
       (2, '1.1', 'ACTIVE', 1, 2, 'ACTIVE corriente', 1, 1, 1, 0, 0, 0, 0, NULL, NULL, 1),
       (3, '1.1.01', 'ACTIVE', 1, 3, 'ACTIVEs disponibles', 2, 1, 1, 0, 0, 0, 0, NULL, NULL, 1),
       (4, '1.1.01.01', 'ACTIVE', 1, 4, 'Caja', 3, 1, 1, 0, 0, 0, 0, NULL, NULL, 1),
       (5, '1.1.01.01.001', 'ACTIVE', 1, 5, 'Caja General', 4, 1, 0, 0, 0, 0, 0, NULL, NULL, 1),
       (6, '1.1.01.02', 'ACTIVE', 1, 4, 'Bancos', 3, 1, 1, 0, 0, 0, 0, NULL, NULL, 1),
       (7, '1.1.01.02.001', 'ACTIVE', 1, 5, 'Banco Pichincha Luxury', 6, 1, 0, 0, 0, 0, 0, NULL, NULL, 1),
       (8, '1.1.01.03', 'ACTIVE', 1, 4, 'Clientes', 3, 1, 1, 0, 0, 0, 0, NULL, NULL, 1),
       (9, '1.1.01.03.001', 'ACTIVE', 1, 5, 'Clientes ', 8, 1, 0, 0, 0, 0, 0, NULL, NULL, 1),
       (10, '1.1.01.03.002', 'ACTIVE', 1, 5, 'Cuentas por Cobrar', 8, 1, 0, 0, 0, 0, 0, NULL, NULL, 1),
       (11, '1.1.01.04', 'ACTIVE', 1, 4, 'Provisiones incobrables', 3, 1, 1, 0, 0, 0, 0, NULL, NULL, 1),
       (12, '1.1.01.04.001', 'ACTIVE', 1, 5, 'Provisiones incobrables', 11, 1, 0, 0, 0, 0, 0, NULL, NULL, 1),
       (13, '1.1.01.05', 'ACTIVE', 1, 4, 'Documentos por cobrar', 3, 1, 1, 0, 0, 0, 0, NULL, NULL, 1),
       (14, '1.1.01.05.001', 'ACTIVE', 1, 5, 'Documentos por cobrar', 13, 1, 0, 0, 0, 0, 0, NULL, NULL, 1),
       (15, '1.1.01.05.002', 'ACTIVE', 1, 5, 'Cheques devueltos o protestados', 13, 1, 0, 0, 0, 0, 0, NULL, NULL, 1),
       (16, '1.1.01.06', 'ACTIVE', 1, 4, 'Otras cuentas por cobrar', 3, 1, 1, 0, 0, 0, 0, NULL, NULL, 1),
       (17, '1.1.01.06.001', 'ACTIVE', 1, 5, 'Anticipo proveedores', 16, 1, 0, 0, 0, 0, 0, NULL, NULL, 1),
       (18, '1.1.01.06.002', 'ACTIVE', 1, 5, 'Anticipo empleados', 16, 1, 0, 0, 0, 0, 0, NULL, NULL, 1),
       (19, '1.1.01.07', 'ACTIVE', 1, 4, 'Cuentas por cobrar terceros', 3, 1, 1, 0, 0, 0, 0, NULL, NULL, 1),
       (20, '1.1.01.07.001', 'ACTIVE', 1, 5, 'Préstamos terceros', 19, 1, 0, 0, 0, 0, 0, NULL, NULL, 1),
       (21, '1.1.01.08', 'ACTIVE', 1, 4, 'Impuestos', 3, 1, 1, 0, 0, 0, 0, NULL, NULL, 1),
       (22, '1.1.01.08.001', 'ACTIVE', 1, 5, 'Iva pagado', 21, 1, 0, 0, 0, 0, 0, NULL, NULL, 1),
       (23, '1.1.01.09', 'ACTIVE', 1, 4, 'Impuesto a la renta', 3, 1, 1, 0, 0, 0, 0, NULL, NULL, 1),
       (24, '1.1.01.09.001', 'ACTIVE', 1, 5, 'retención en la fuente 1%', 23, 1, 0, 0, 0, 0, 0, NULL, NULL, 1),
       (25, '1.1.01.09.002', 'ACTIVE', 1, 5, 'retención en la fuente 2%', 23, 1, 0, 0, 0, 0, 0, NULL, NULL, 1),
       (26, '1.1.01.09.003', 'ACTIVE', 1, 5, 'retención en la fuente 8%', 23, 1, 0, 0, 0, 0, 0, NULL, NULL, 1),
       (27, '1.1.01.09.004', 'ACTIVE', 1, 5, 'retención en la fuente 10%', 23, 1, 0, 0, 0, 0, 0, NULL, NULL, 1),
       (28, '1.1.01.09.005', 'ACTIVE', 1, 5, 'retención en la fuente 25%', 23, 1, 0, 0, 0, 0, 0, NULL, NULL, 1),
       (29, '1.1.01.09.006', 'ACTIVE', 1, 5, 'Anticipo impuesto a la renta', 23, 1, 0, 0, 0, 0, 0, NULL, NULL, 1),
       (30, '1.1.01.09.007', 'ACTIVE', 1, 5, 'Retencion IVA 10%', 23, 1, 0, 0, 0, 0, 0, NULL, NULL, 1),
       (31, '1.1.01.09.008', 'ACTIVE', 1, 5, 'Retencion IVA 20%', 23, 1, 0, 0, 0, 0, 0, NULL, NULL, 1),
       (32, '1.1.01.09.009', 'ACTIVE', 1, 5, 'Retencion IVA 30%', 23, 1, 0, 0, 0, 0, 0, NULL, NULL, 1),
       (33, '1.1.01.09.010', 'ACTIVE', 1, 5, 'Retencion IVA 50%', 23, 1, 0, 0, 0, 0, 0, NULL, NULL, 1),
       (34, '1.1.01.09.011', 'ACTIVE', 1, 5, 'Retencion IVA 70%', 23, 1, 0, 0, 0, 0, 0, NULL, NULL, 1),
       (35, '1.1.01.09.012', 'ACTIVE', 1, 5, 'Retencion IVA 100%', 23, 1, 0, 0, 0, 0, 0, NULL, NULL, 1),
       (36, '1.1.01.10', 'ACTIVE', 1, 4, 'Gastos anticipados', 3, 1, 1, 0, 0, 0, 0, NULL, NULL, 1),
       (37, '1.1.01.10.001', 'ACTIVE', 1, 5, 'Seguros prepagados', 36, 1, 0, 0, 0, 0, 0, NULL, NULL, 1),
       (38, '1.1.01.10.002', 'ACTIVE', 1, 5, 'intereses prepagados', 36, 1, 0, 0, 0, 0, 0, NULL, NULL, 1),
       (39, '1.1.01.10.003', 'ACTIVE', 1, 5, 'Arriendos prepagados', 36, 1, 0, 0, 0, 0, 0, NULL, NULL, 1),
       (40, '1.1.02', 'ACTIVE', 1, 3, 'ACTIVEs realizables', 2, 1, 1, 0, 0, 0, 0, NULL, NULL, 1),
       (41, '1.1.02.01', 'ACTIVE', 1, 4, 'Inventario materia prima', 40, 1, 1, 0, 0, 0, 0, NULL, NULL, 1),
       (42, '1.1.02.01.001', 'ACTIVE', 1, 5, 'Tela ', 41, 1, 0, 0, 0, 0, 0, NULL, NULL, 1),
       (43, '1.1.02.01.002', 'ACTIVE', 1, 5, 'Plumón', 41, 1, 0, 0, 0, 0, 0, NULL, NULL, 1),
       (44, '1.1.02.02', 'ACTIVE', 1, 4, 'Materia prima indirecta confección', 40, 1, 1, 0, 0, 0, 0, NULL, NULL, 1),
       (45, '1.1.02.02.001', 'ACTIVE', 1, 5, 'materiales confección', 44, 1, 0, 0, 0, 0, 0, NULL, NULL, 1),
       (46, '1.1.02.03', 'ACTIVE', 1, 4, 'Inventario de productos en proceso', 40, 1, 1, 0, 0, 0, 0, NULL, NULL, 1),
       (47, '1.1.02.03.001', 'ACTIVE', 1, 5, 'P.p. materia prima confección', 46, 1, 0, 0, 0, 0, 0, NULL, NULL, 1),
       (48, '1.1.02.03.002', 'ACTIVE', 1, 5, 'P.p. mano de obra confección', 46, 1, 0, 0, 0, 0, 0, NULL, NULL, 1),
       (49, '1.1.02.03.003', 'ACTIVE', 1, 5, 'P.p. cif confección', 46, 1, 0, 0, 0, 0, 0, NULL, NULL, 1),
       (50, '1.1.02.04', 'ACTIVE', 1, 4, 'Inventario de productos terminados', 40, 1, 1, 0, 0, 0, 0, NULL, NULL, 1),
       (51, '1.1.02.04.001', 'ACTIVE', 1, 5, 'Inventario', 50, 1, 0, 0, 0, 0, 0, NULL, NULL, 1),
       (52, '1.2', 'ACTIVE', 1, 2, 'ACTIVE no corriente', 1, 1, 1, 0, 0, 0, 0, NULL, NULL, 1),
       (53, '1.2.01', 'ACTIVE', 1, 3, 'Propiedad planta y equipo', 52, 1, 1, 0, 0, 0, 0, NULL, NULL, 1),
       (54, '1.2.01.01', 'ACTIVE', 1, 4, 'Depreciables', 53, 1, 1, 0, 0, 0, 0, NULL, NULL, 1),
       (55, '1.2.01.01.001', 'ACTIVE', 1, 5, 'Equipo de oficina', 54, 1, 0, 0, 0, 0, 0, NULL, NULL, 1),
       (56, '1.2.01.01.002', 'ACTIVE', 1, 5, 'Equipos de computación', 54, 1, 0, 0, 0, 0, 0, NULL, NULL, 1),
       (57, '1.2.01.01.003', 'ACTIVE', 1, 5, 'Maquinaria y equipo', 54, 1, 0, 0, 0, 0, 0, NULL, NULL, 1),
       (58, '1.2.01.01.004', 'ACTIVE', 1, 5, 'Muebles y enseres', 54, 1, 0, 0, 0, 0, 0, NULL, NULL, 1),
       (59, '1.2.01.01.005', 'ACTIVE', 1, 5, 'Vehículos', 54, 1, 0, 0, 0, 0, 0, NULL, NULL, 1),
       (60, '1.2.01.02', 'ACTIVE', 1, 4, 'Depreciación acumulada', 53, 1, 1, 0, 0, 0, 0, NULL, NULL, 1),
       (61, '1.2.01.02.001', 'ACTIVE', 1, 5, 'Dep. Acum. Equipo de oficina', 60, 1, 0, 0, 0, 0, 0, NULL, NULL, 1),
       (62, '1.2.01.02.002', 'ACTIVE', 1, 5, 'Dep. Acum. Equipos de computación', 60, 1, 0, 0, 0, 0, 0, NULL, NULL, 1),
       (63, '1.2.01.02.003', 'ACTIVE', 1, 5, 'Dep. Acum. Maquinaria y equipo', 60, 1, 0, 0, 0, 0, 0, NULL, NULL, 1),
       (64, '1.2.01.02.004', 'ACTIVE', 1, 5, 'Dep. Acum. Muebles y enseres', 60, 1, 0, 0, 0, 0, 0, NULL, NULL, 1),
       (65, '1.2.01.02.005', 'ACTIVE', 1, 5, 'Dep. Acum. Vehículos', 60, 1, 0, 0, 0, 0, 0, NULL, NULL, 1),
       (66, '1.2.01.03', 'ACTIVE', 1, 4, 'No depreciables', 53, 1, 1, 0, 0, 0, 0, NULL, NULL, 1),
       (67, '1.2.01.03.001', 'ACTIVE', 1, 5, 'Terrenos', 66, 1, 0, 0, 0, 0, 0, NULL, NULL, 1),
       (68, '2', 'ACTIVE', 2, 1, 'Pasivo', 0, 0, 1, 0, 0, 0, 0, NULL, NULL, 1),
       (69, '2.1', 'ACTIVE', 2, 2, 'Pasivo corriente', 68, 1, 1, 0, 0, 0, 0, NULL, NULL, 1),
       (70, '2.1.01', 'ACTIVE', 2, 3, 'Pasivo corriente', 69, 1, 1, 0, 0, 0, 0, NULL, NULL, 1),
       (71, '2.1.01.01', 'ACTIVE', 2, 4, 'Proveedores', 70, 1, 1, 0, 0, 0, 0, NULL, NULL, 1),
       (72, '2.1.01.01.001', 'ACTIVE', 2, 5, 'Proveedores', 71, 1, 0, 0, 0, 0, 0, NULL, NULL, 1),
       (73, '2.1.01.01.002', 'ACTIVE', 2, 5, 'Cuentas por Pagar', 71, 1, 0, 0, 0, 0, 0, NULL, NULL, 1),
       (74, '2.1.01.02', 'ACTIVE', 2, 4, 'Obligaciones con el personal ', 70, 1, 1, 0, 0, 0, 0, NULL, NULL, 1),
       (75, '2.1.01.02.001', 'ACTIVE', 2, 5, 'Remuneraciones', 74, 1, 0, 0, 0, 0, 0, NULL, NULL, 1),
       (76, '2.1.01.02.002', 'ACTIVE', 2, 5, 'Décimo tercer sueldo ', 74, 1, 0, 0, 0, 0, 0, NULL, NULL, 1),
       (77, '2.1.01.02.003', 'ACTIVE', 2, 5, 'Décimo cuarto sueldo ', 74, 1, 0, 0, 0, 0, 0, NULL, NULL, 1),
       (78, '2.1.01.02.004', 'ACTIVE', 2, 5, 'Aporte patronal IESS', 74, 1, 0, 0, 0, 0, 0, NULL, NULL, 1),
       (79, '2.1.01.02.005', 'ACTIVE', 2, 5, 'Fondos de reserva IESS', 74, 1, 0, 0, 0, 0, 0, NULL, NULL, 1),
       (80, '2.1.01.02.006', 'ACTIVE', 2, 5, 'Vacaciones', 74, 1, 0, 0, 0, 0, 0, NULL, NULL, 1),
       (81, '2.1.01.02.007', 'ACTIVE', 2, 5, 'Participación empleados ', 74, 1, 0, 0, 0, 0, 0, NULL, NULL, 1),
       (82, '2.1.01.02.008', 'ACTIVE', 2, 5, 'Liquidaciones e indemnizaciones', 74, 1, 0, 0, 0, 0, 0, NULL, NULL, 1),
       (83, '2.1.01.02.009', 'ACTIVE', 2, 5, 'Desahucio', 74, 1, 0, 0, 0, 0, 0, NULL, NULL, 1),
       (84, '2.1.01.03', 'ACTIVE', 2, 4, 'Deducciones patronales', 70, 1, 1, 0, 0, 0, 0, NULL, NULL, 1),
       (85, '2.1.01.03.001', 'ACTIVE', 2, 5, 'Aporte personal IESS', 84, 1, 0, 0, 0, 0, 0, NULL, NULL, 1),
       (86, '2.1.01.03.002', 'ACTIVE', 2, 5, 'Préstamos IESS', 84, 1, 0, 0, 0, 0, 0, NULL, NULL, 1),
       (87, '2.1.01.03.003', 'ACTIVE', 2, 5, 'Descuentos varios', 84, 1, 0, 0, 0, 0, 0, NULL, NULL, 1),
       (88, '2.1.01.04', 'ACTIVE', 2, 4, 'Obligaciones financieras', 70, 1, 1, 0, 0, 0, 0, NULL, NULL, 1),
       (89, '2.1.01.04.001', 'ACTIVE', 2, 5, 'Préstamos bancarios', 88, 1, 0, 0, 0, 0, 0, NULL, NULL, 1),
       (90, '2.1.01.04.002', 'ACTIVE', 2, 5, 'Sobregiros bancarios', 88, 1, 0, 0, 0, 0, 0, NULL, NULL, 1),
       (91, '2.1.01.04.003', 'ACTIVE', 2, 5, 'Sociedades financieras', 88, 1, 0, 0, 0, 0, 0, NULL, NULL, 1),
       (92, '2.1.01.05', 'ACTIVE', 2, 4, 'Impuestos por pagar ', 70, 1, 1, 0, 0, 0, 0, NULL, NULL, 1),
       (93, '2.1.01.05.001', 'ACTIVE', 2, 5, 'Iva por pagar', 92, 1, 0, 0, 0, 0, 0, NULL, NULL, 1),
       (94, '2.1.01.06', 'ACTIVE', 2, 4, 'Impuesto a la renta', 70, 1, 1, 0, 0, 0, 0, NULL, NULL, 1),
       (95, '2.1.01.06.001', 'ACTIVE', 2, 5, 'Impuesto a la renta por pagar 1%', 94, 1, 0, 0, 0, 0, 0, NULL, NULL, 1),
       (96, '2.1.01.06.002', 'ACTIVE', 2, 5, 'Impuesto a la renta por pagar 2%', 94, 1, 0, 0, 0, 0, 0, NULL, NULL, 1),
       (97, '2.1.01.06.003', 'ACTIVE', 2, 5, 'Impuesto a la renta por pagar 8%', 94, 1, 0, 0, 0, 0, 0, NULL, NULL, 1),
       (98, '2.1.01.06.004', 'ACTIVE', 2, 5, 'Impuesto a la renta por pagar 10%', 94, 1, 0, 0, 0, 0, 0, NULL, NULL, 1),
       (99, '2.1.01.07', 'ACTIVE', 2, 4, 'Retencion IVA ', 70, 1, 1, 0, 0, 0, 0, NULL, NULL, 1),
       (100, '2.1.01.07.001', 'ACTIVE', 2, 5, 'Retencion IVA por pagar 10%', 99, 1, 0, 0, 0, 0, 0, NULL, NULL, 1),
       (101, '2.1.01.07.002', 'ACTIVE', 2, 5, 'Retencion IVA por pagar 20%', 99, 1, 0, 0, 0, 0, 0, NULL, NULL, 1),
       (102, '2.1.01.07.003', 'ACTIVE', 2, 5, 'Retencion IVA por pagar 30%', 99, 1, 0, 0, 0, 0, 0, NULL, NULL, 1),
       (103, '2.1.01.07.004', 'ACTIVE', 2, 5, 'Retencion IVA por pagar 50%', 99, 1, 0, 0, 0, 0, 0, NULL, NULL, 1),
       (104, '2.1.01.07.005', 'ACTIVE', 2, 5, 'Retencion IVA por pagar 70%', 99, 1, 0, 0, 0, 0, 0, NULL, NULL, 1),
       (105, '2.1.01.07.006', 'ACTIVE', 2, 5, 'Retencion IVA por pagar 100%', 99, 1, 0, 0, 0, 0, 0, NULL, NULL, 1),
       (106, '2.1.01.08', 'ACTIVE', 2, 4, 'Otras cuentas por pagar', 70, 1, 1, 0, 0, 0, 0, NULL, NULL, 1),
       (107, '2.1.01.08.001', 'ACTIVE', 2, 5, 'Préstamos terceros', 106, 1, 0, 0, 0, 0, 0, NULL, NULL, 1),
       (108, '2.1.01.08.002', 'ACTIVE', 2, 5, 'Anticipo a clientes', 106, 1, 0, 0, 0, 0, 0, NULL, NULL, 1),
       (109, '2.1.01.08.003', 'ACTIVE', 2, 5, 'Documentos por pagar', 106, 1, 0, 0, 0, 0, 0, NULL, NULL, 1),
       (110, '2.1.01.08.004', 'ACTIVE', 2, 5, 'Comisiones por pagar', 106, 1, 0, 0, 0, 0, 0, NULL, NULL, 1),
       (111, '2.1.01.08.005', 'ACTIVE', 2, 5, 'Honorarios por pagar', 106, 1, 0, 0, 0, 0, 0, NULL, NULL, 1),
       (112, '2.1.01.08.006', 'ACTIVE', 2, 5, 'Otras cuentas por pagar', 106, 1, 0, 0, 0, 0, 0, NULL, NULL, 1),
       (113, '2.1.01.09', 'ACTIVE', 2, 4, 'Gastos por pagar', 70, 1, 1, 0, 0, 0, 0, NULL, NULL, 1),
       (114, '2.1.01.09.001', 'ACTIVE', 2, 5, 'Servicios básicos por pagar', 113, 1, 0, 0, 0, 0, 0, NULL, NULL, 1),
       (115, '2.1.01.09.002', 'ACTIVE', 2, 5, 'intereses por pagar', 113, 1, 0, 0, 0, 0, 0, NULL, NULL, 1),
       (116, '2.1.01.09.003', 'ACTIVE', 2, 5, 'Seguros por pagar', 113, 1, 0, 0, 0, 0, 0, NULL, NULL, 1),
       (117, '2.1.01.09.004', 'ACTIVE', 2, 5, 'Servicios bancarios por pagar', 113, 1, 0, 0, 0, 0, 0, NULL, NULL, 1),
       (118, '2.2', 'ACTIVE', 2, 2, 'Pasivo no corriente', 68, 1, 1, 0, 0, 0, 0, NULL, NULL, 1),
       (119, '2.2.01', 'ACTIVE', 2, 3, 'Pasivo no corriente', 118, 1, 1, 0, 0, 0, 0, NULL, NULL, 1),
       (120, '2.2.01.01', 'ACTIVE', 2, 4, 'Instituciones financieras', 119, 1, 1, 0, 0, 0, 0, NULL, NULL, 1),
       (121, '2.2.01.01.001', 'ACTIVE', 2, 5, 'Instituciones financieras', 120, 1, 0, 0, 0, 0, 0, NULL, NULL, 1),
       (122, '2.2.01.01.002', 'ACTIVE', 2, 5, 'Sociedades financieras Media', 120, 1, 0, 0, 0, 0, 0, NULL, NULL, 1),
       (123, '2.2.01.02', 'ACTIVE', 2, 4, 'Obligaciones con el personal', 119, 1, 1, 0, 0, 0, 0, NULL, NULL, 1),
       (124, '2.2.01.02.001', 'ACTIVE', 2, 5, 'desahucio', 123, 1, 0, 0, 0, 0, 0, NULL, NULL, 1),
       (125, '2.2.01.02.002', 'ACTIVE', 2, 5, 'Jubilación patronal', 123, 1, 0, 0, 0, 0, 0, NULL, NULL, 1),
       (126, '2.2.01.03', 'ACTIVE', 2, 4, 'Préstamos terceros', 119, 1, 1, 0, 0, 0, 0, NULL, NULL, 1),
       (127, '2.2.01.03.001', 'ACTIVE', 2, 5, 'Préstamos terceros', 126, 1, 0, 0, 0, 0, 0, NULL, NULL, 1),
       (128, '3', 'ACTIVE', 3, 1, 'Patrimonio', 0, 0, 1, 0, 0, 0, 0, NULL, NULL, 1),
       (129, '3.1', 'ACTIVE', 3, 2, 'Patrimonio neto', 128, 1, 1, 0, 0, 0, 0, NULL, NULL, 1),
       (130, '3.1.01', 'ACTIVE', 3, 3, 'Patrimonio neto', 129, 1, 1, 0, 0, 0, 0, NULL, NULL, 1),
       (131, '3.1.01.01', 'ACTIVE', 3, 4, 'Capital', 130, 1, 1, 0, 0, 0, 0, NULL, NULL, 1),
       (132, '3.1.01.01.001', 'ACTIVE', 3, 5, 'Capital', 131, 1, 0, 0, 0, 0, 0, NULL, NULL, 1),
       (133, '3.1.01.01.002', 'ACTIVE', 3, 5, 'Resultado del ejercicio', 131, 1, 0, 0, 0, 0, 0, NULL, NULL, 1),
       (134, '3.1.01.01.003', 'ACTIVE', 3, 5, 'Resultado de ejercicios anteriores', 131, 1, 0, 0, 0, 0, 0, NULL, NULL,
        1),
       (135, '3.1.01.01.004', 'ACTIVE', 3, 5, 'Utilidades retenidas', 131, 1, 0, 0, 0, 0, 0, NULL, NULL, 1),
       (136, '3.1.01.01.005', 'ACTIVE', 3, 5, 'Pérdidas acumuladas', 131, 1, 0, 0, 0, 0, 0, NULL, NULL, 1),
       (137, '4', 'ACTIVE', 4, 1, 'Ingresos', 0, 0, 1, 0, 0, 0, 0, NULL, NULL, 1),
       (138, '4.1', 'ACTIVE', 4, 2, 'Ingresos operacionales', 137, 1, 1, 0, 0, 0, 0, NULL, NULL, 1),
       (139, '4.1.01', 'ACTIVE', 4, 3, 'Venta netas', 138, 1, 1, 0, 0, 0, 0, NULL, NULL, 1),
       (140, '4.1.01.01', 'ACTIVE', 4, 4, 'Ventas', 139, 1, 1, 0, 0, 0, 0, NULL, NULL, 1),
       (141, '4.1.01.01.001', 'ACTIVE', 4, 5, 'Ventas', 140, 1, 0, 0, 0, 0, 0, NULL, NULL, 1),
       (142, '4.1.01.01.002', 'ACTIVE', 4, 5, 'Descuento en Ventas', 140, 1, 0, 0, 0, 0, 0, NULL, NULL, 1),
       (143, '4.1.01.01.003', 'ACTIVE', 4, 5, 'Devolución en Ventas', 140, 1, 0, 0, 0, 0, 0, NULL, NULL, 1),
       (144, '4.1.01.02', 'ACTIVE', 4, 4, 'Servicios Prestados', 139, 1, 1, 0, 0, 0, 0, NULL, NULL, 1),
       (145, '4.1.01.02.001', 'ACTIVE', 4, 5, 'Servicios Prestados', 144, 1, 0, 0, 0, 0, 0, NULL, NULL, 1),
       (146, '4.1.01.02.002', 'ACTIVE', 4, 5, 'Descuento en Servicios Prestados', 144, 1, 0, 0, 0, 0, 0, NULL, NULL, 1),
       (147, '4.1.01.02.003', 'ACTIVE', 4, 5, 'Devolución en Servicios Prestados', 144, 1, 0, 0, 0, 0, 0, NULL, NULL,
        1),
       (148, '4.2', 'ACTIVE', 4, 2, 'Otros ingresos operacionales', 137, 1, 1, 0, 0, 0, 0, NULL, NULL, 1),
       (149, '4.2.01', 'ACTIVE', 4, 3, 'Otros ingresos', 148, 1, 1, 0, 0, 0, 0, NULL, NULL, 1),
       (150, '4.2.01.01', 'ACTIVE', 4, 4, 'Otros ingresos', 149, 1, 1, 0, 0, 0, 0, NULL, NULL, 1),
       (151, '4.2.01.01.001', 'ACTIVE', 4, 5, 'intereses ganados', 150, 1, 0, 0, 0, 0, 0, NULL, NULL, 1),
       (152, '4.2.01.01.002', 'ACTIVE', 4, 5, 'Descuento en compras', 150, 1, 0, 0, 0, 0, 0, NULL, NULL, 1),
       (153, '4.2.01.01.003', 'ACTIVE', 4, 5, 'Fletes cobrados a clientes', 150, 1, 0, 0, 0, 0, 0, NULL, NULL, 1),
       (154, '4.2.01.01.004', 'ACTIVE', 4, 5, 'Sobrantes de caja', 150, 1, 0, 0, 0, 0, 0, NULL, NULL, 1),
       (155, '5', 'ACTIVE', 5, 1, 'Costos y gastos', 0, 0, 1, 0, 0, 0, 0, NULL, NULL, 1),
       (156, '5.1', 'ACTIVE', 5, 2, 'Costos', 155, 1, 1, 0, 0, 0, 0, NULL, NULL, 1),
       (157, '5.1.01', 'ACTIVE', 5, 3, 'Costos de venta', 156, 1, 1, 0, 0, 0, 0, NULL, NULL, 1),
       (158, '5.1.01.01', 'ACTIVE', 5, 4, 'Costos de venta', 157, 1, 1, 0, 0, 0, 0, NULL, NULL, 1),
       (159, '5.1.01.01.001', 'ACTIVE', 5, 5, 'Costo de venta inventario', 158, 1, 0, 0, 0, 0, 0, NULL, NULL, 1),
       (160, '5.1.01.01.002', 'ACTIVE', 5, 5, 'Pérdida de inventarios', 158, 1, 0, 0, 0, 0, 0, NULL, NULL, 1),
       (161, '5.1.02', 'ACTIVE', 5, 3, 'Costos indirectos de Fabricación', 156, 1, 1, 0, 0, 0, 0, NULL, NULL, 1),
       (162, '5.1.02.01', 'ACTIVE', 5, 4, 'Consumo materiales indirectos', 161, 1, 1, 0, 0, 0, 0, NULL, NULL, 1),
       (163, '5.1.02.01.001', 'ACTIVE', 5, 5, 'Consumo materiales de confección', 162, 1, 0, 0, 0, 0, 0, NULL, NULL, 1),
       (164, '5.1.02.02', 'ACTIVE', 5, 4, 'Mano de obra', 161, 1, 1, 0, 0, 0, 0, NULL, NULL, 1),
       (165, '5.1.02.02.001', 'ACTIVE', 5, 5, 'Sueldos', 164, 1, 0, 0, 0, 0, 0, NULL, NULL, 1),
       (166, '5.1.02.02.002', 'ACTIVE', 5, 5, 'Horas extras', 164, 1, 0, 0, 0, 0, 0, NULL, NULL, 1),
       (167, '5.1.02.02.003', 'ACTIVE', 5, 5, 'Aporte patronal IESS', 164, 1, 0, 0, 0, 0, 0, NULL, NULL, 1),
       (168, '5.1.02.02.004', 'ACTIVE', 5, 5, 'Décimo tercer sueldo ', 164, 1, 0, 0, 0, 0, 0, NULL, NULL, 1),
       (169, '5.1.02.02.005', 'ACTIVE', 5, 5, 'Décimo cuarto sueldo ', 164, 1, 0, 0, 0, 0, 0, NULL, NULL, 1),
       (170, '5.1.02.02.006', 'ACTIVE', 5, 5, 'Vacaciones', 164, 1, 0, 0, 0, 0, 0, NULL, NULL, 1),
       (171, '5.1.02.02.007', 'ACTIVE', 5, 5, 'Fondos de reserva IESS', 164, 1, 0, 0, 0, 0, 0, NULL, NULL, 1),
       (172, '5.1.02.02.008', 'ACTIVE', 5, 5, 'Desahucio', 164, 1, 0, 0, 0, 0, 0, NULL, NULL, 1),
       (173, '5.1.02.02.009', 'ACTIVE', 5, 5, 'Uniformes', 164, 1, 0, 0, 0, 0, 0, NULL, NULL, 1),
       (174, '5.1.02.02.010', 'ACTIVE', 5, 5, 'Capacitación', 164, 1, 0, 0, 0, 0, 0, NULL, NULL, 1),
       (175, '5.1.02.02.011', 'ACTIVE', 5, 5, 'Agasajos ', 164, 1, 0, 0, 0, 0, 0, NULL, NULL, 1),
       (176, '5.1.02.02.012', 'ACTIVE', 5, 5, 'atención al personal', 164, 1, 0, 0, 0, 0, 0, NULL, NULL, 1),
       (177, '5.1.02.03', 'ACTIVE', 5, 4, 'Costos indirectos de Fabricación', 161, 1, 1, 0, 0, 0, 0, NULL, NULL, 1),
       (178, '5.1.02.03.001', 'ACTIVE', 5, 5, 'Suministros', 177, 1, 0, 0, 0, 0, 0, NULL, NULL, 1),
       (179, '5.1.02.03.002', 'ACTIVE', 5, 5, 'Repuestos y herramientas', 177, 1, 0, 0, 0, 0, 0, NULL, NULL, 1),
       (180, '5.1.02.03.003', 'ACTIVE', 5, 5, 'Complementos', 177, 1, 0, 0, 0, 0, 0, NULL, NULL, 1),
       (181, '5.1.02.04', 'ACTIVE', 5, 4, 'Servicios básicos', 161, 1, 1, 0, 0, 0, 0, NULL, NULL, 1),
       (182, '5.1.02.04.001', 'ACTIVE', 5, 5, 'Agua potable', 181, 1, 0, 0, 0, 0, 0, NULL, NULL, 1),
       (183, '5.1.02.04.002', 'ACTIVE', 5, 5, 'Energía eléctrica', 181, 1, 0, 0, 0, 0, 0, NULL, NULL, 1),
       (184, '5.1.02.04.003', 'ACTIVE', 5, 5, 'Telefonía fija', 181, 1, 0, 0, 0, 0, 0, NULL, NULL, 1),
       (185, '5.1.02.04.004', 'ACTIVE', 5, 5, 'Telefonía celular', 181, 1, 0, 0, 0, 0, 0, NULL, NULL, 1),
       (186, '5.1.02.04.005', 'ACTIVE', 5, 5, 'Transportes y fletes', 181, 1, 0, 0, 0, 0, 0, NULL, NULL, 1),
       (187, '5.1.02.04.006', 'ACTIVE', 5, 5, 'Publicidad y propaganda', 181, 1, 0, 0, 0, 0, 0, NULL, NULL, 1),
       (188, '5.1.02.04.007', 'ACTIVE', 5, 5, 'Seguros', 181, 1, 0, 0, 0, 0, 0, NULL, NULL, 1),
       (189, '5.1.02.04.008', 'ACTIVE', 5, 5, 'Peajes y garajes', 181, 1, 0, 0, 0, 0, 0, NULL, NULL, 1),
       (190, '5.1.02.04.009', 'ACTIVE', 5, 5, 'Honorarios profesionales', 181, 1, 0, 0, 0, 0, 0, NULL, NULL, 1),
       (191, '5.1.02.04.010', 'ACTIVE', 5, 5, 'Servicios técnicos', 181, 1, 0, 0, 0, 0, 0, NULL, NULL, 1),
       (192, '5.1.02.04.011', 'ACTIVE', 5, 5, 'Capacitación ', 181, 1, 0, 0, 0, 0, 0, NULL, NULL, 1),
       (193, '5.1.02.05', 'ACTIVE', 5, 4, 'Depreciaciones', 161, 1, 1, 0, 0, 0, 0, NULL, NULL, 1),
       (194, '5.1.02.05.001', 'ACTIVE', 5, 5, 'Depreciación equipo de oficina', 193, 1, 0, 0, 0, 0, 0, NULL, NULL, 1),
       (195, '5.1.02.05.002', 'ACTIVE', 5, 5, 'Depreciación equipo de computación', 193, 1, 0, 0, 0, 0, 0, NULL, NULL,
        1),
       (196, '5.1.02.05.003', 'ACTIVE', 5, 5, 'Depreciación muebles y enseres', 193, 1, 0, 0, 0, 0, 0, NULL, NULL, 1),
       (197, '5.1.02.05.004', 'ACTIVE', 5, 5, 'Depreciación maquinaria y equipo', 193, 1, 0, 0, 0, 0, 0, NULL, NULL, 1),
       (198, '5.1.02.06', 'ACTIVE', 5, 4, 'Arriendo', 161, 1, 1, 0, 0, 0, 0, NULL, NULL, 1),
       (199, '5.1.02.06.001', 'ACTIVE', 5, 5, 'Arriendo empresa', 198, 1, 0, 0, 0, 0, 0, NULL, NULL, 1),
       (200, '5.1.02.07', 'ACTIVE', 5, 4, 'Mantenimiento', 161, 1, 1, 0, 0, 0, 0, NULL, NULL, 1),
       (201, '5.1.02.07.001', 'ACTIVE', 5, 5, 'Mantenimiento equipo computo y hardware', 200, 1, 0, 0, 0, 0, 0, NULL,
        NULL, 1),
       (202, '5.1.02.07.002', 'ACTIVE', 5, 5, 'Mantenimiento muebles y enseres', 200, 1, 0, 0, 0, 0, 0, NULL, NULL, 1),
       (203, '5.1.02.07.003', 'ACTIVE', 5, 5, 'Mantenimiento maquinaria y equipo', 200, 1, 0, 0, 0, 0, 0, NULL, NULL,
        1),
       (204, '5.1.02.07.004', 'ACTIVE', 5, 5, 'Mantenimiento edificios', 200, 1, 0, 0, 0, 0, 0, NULL, NULL, 1),
       (205, '5.1.02.08', 'ACTIVE', 5, 4, 'Otros', 161, 1, 1, 0, 0, 0, 0, NULL, NULL, 1),
       (206, '5.1.02.08.001', 'ACTIVE', 5, 5, 'Implementos de aseo y limpieza', 205, 1, 0, 0, 0, 0, 0, NULL, NULL, 1),
       (207, '5.1.02.08.002', 'ACTIVE', 5, 5, 'Útiles y papelería', 205, 1, 0, 0, 0, 0, 0, NULL, NULL, 1),
       (208, '5.1.02.08.003', 'ACTIVE', 5, 5, 'materiales de embalaje', 205, 1, 0, 0, 0, 0, 0, NULL, NULL, 1),
       (209, '5.1.03', 'ACTIVE', 5, 3, 'CIF aplicado', 156, 1, 1, 0, 0, 0, 0, NULL, NULL, 1),
       (210, '5.2', 'ACTIVE', 5, 2, 'Gastos', 155, 1, 1, 0, 0, 0, 0, NULL, NULL, 1),
       (211, '5.2.01', 'ACTIVE', 5, 3, 'Gastos de administración y ventas', 210, 1, 1, 0, 0, 0, 0, NULL, NULL, 1),
       (212, '5.2.01.01', 'ACTIVE', 5, 4, 'Gastos de personal', 211, 1, 1, 0, 0, 0, 0, NULL, NULL, 1),
       (213, '5.2.01.01.001', 'ACTIVE', 5, 5, 'Sueldos', 212, 1, 0, 0, 0, 0, 0, NULL, NULL, 1),
       (214, '5.2.01.01.002', 'ACTIVE', 5, 5, 'Horas extras', 212, 1, 0, 0, 0, 0, 0, NULL, NULL, 1),
       (215, '5.2.01.01.003', 'ACTIVE', 5, 5, 'Aporte patronal IESS ', 212, 1, 0, 0, 0, 0, 0, NULL, NULL, 1),
       (216, '5.2.01.01.004', 'ACTIVE', 5, 5, 'Décimo tercer sueldo ', 212, 1, 0, 0, 0, 0, 0, NULL, NULL, 1),
       (217, '5.2.01.01.005', 'ACTIVE', 5, 5, 'Décimo cuarto sueldo ', 212, 1, 0, 0, 0, 0, 0, NULL, NULL, 1),
       (218, '5.2.01.01.006', 'ACTIVE', 5, 5, 'Vacaciones', 212, 1, 0, 0, 0, 0, 0, NULL, NULL, 1),
       (219, '5.2.01.01.007', 'ACTIVE', 5, 5, 'Fondos de reserva IESS', 212, 1, 0, 0, 0, 0, 0, NULL, NULL, 1),
       (220, '5.2.01.01.008', 'ACTIVE', 5, 5, 'Desahucio', 212, 1, 0, 0, 0, 0, 0, NULL, NULL, 1),
       (221, '5.2.01.01.009', 'ACTIVE', 5, 5, 'Uniformes', 212, 1, 0, 0, 0, 0, 0, NULL, NULL, 1),
       (222, '5.2.01.01.010', 'ACTIVE', 5, 5, 'Capacitación', 212, 1, 0, 0, 0, 0, 0, NULL, NULL, 1),
       (223, '5.2.01.01.011', 'ACTIVE', 5, 5, 'Agasajos ', 212, 1, 0, 0, 0, 0, 0, NULL, NULL, 1),
       (224, '5.2.01.01.012', 'ACTIVE', 5, 5, 'atención al personal', 212, 1, 0, 0, 0, 0, 0, NULL, NULL, 1),
       (225, '5.2.01.02', 'ACTIVE', 5, 4, 'Gastos indirectos - servicios', 211, 1, 1, 0, 0, 0, 0, NULL, NULL, 1),
       (226, '5.2.01.02.001', 'ACTIVE', 5, 5, 'Agua potable', 225, 1, 0, 0, 0, 0, 0, NULL, NULL, 1),
       (227, '5.2.01.02.002', 'ACTIVE', 5, 5, 'Energía eléctrica', 225, 1, 0, 0, 0, 0, 0, NULL, NULL, 1),
       (228, '5.2.01.02.003', 'ACTIVE', 5, 5, 'Telefonía fija', 225, 1, 0, 0, 0, 0, 0, NULL, NULL, 1),
       (229, '5.2.01.02.004', 'ACTIVE', 5, 5, 'Telefonía celular', 225, 1, 0, 0, 0, 0, 0, NULL, NULL, 1),
       (230, '5.2.01.02.005', 'ACTIVE', 5, 5, 'Transportes y fletes', 225, 1, 0, 0, 0, 0, 0, NULL, NULL, 1),
       (231, '5.2.01.02.006', 'ACTIVE', 5, 5, 'Publicidad y propaganda', 225, 1, 0, 0, 0, 0, 0, NULL, NULL, 1),
       (232, '5.2.01.02.007', 'ACTIVE', 5, 5, 'Seguros', 225, 1, 0, 0, 0, 0, 0, NULL, NULL, 1),
       (233, '5.2.01.02.008', 'ACTIVE', 5, 5, 'Peajes y garajes', 225, 1, 0, 0, 0, 0, 0, NULL, NULL, 1),
       (234, '5.2.01.02.009', 'ACTIVE', 5, 5, 'Combustibles y lubricantes', 225, 1, 0, 0, 0, 0, 0, NULL, NULL, 1),
       (235, '5.2.01.02.010', 'ACTIVE', 5, 5, 'Implementos de aseo y limpieza', 225, 1, 0, 0, 0, 0, 0, NULL, NULL, 1),
       (236, '5.2.01.02.011', 'ACTIVE', 5, 5, 'Útiles y papelería', 225, 1, 0, 0, 0, 0, 0, NULL, NULL, 1),
       (237, '5.2.01.02.012', 'ACTIVE', 5, 5, 'materiales de embalaje', 225, 1, 0, 0, 0, 0, 0, NULL, NULL, 1),
       (238, '5.2.01.02.013', 'ACTIVE', 5, 5, 'Movilizaciones', 225, 1, 0, 0, 0, 0, 0, NULL, NULL, 1),
       (239, '5.2.01.02.014', 'ACTIVE', 5, 5, 'Arriendo', 225, 1, 0, 0, 0, 0, 0, NULL, NULL, 1),
       (240, '5.2.01.02.015', 'ACTIVE', 5, 5, 'Suministros', 225, 1, 0, 0, 0, 0, 0, NULL, NULL, 1),
       (241, '5.2.01.02.016', 'ACTIVE', 5, 5, 'Internet satelital', 225, 1, 0, 0, 0, 0, 0, NULL, NULL, 1),
       (242, '5.2.01.02.017', 'ACTIVE', 5, 5, 'Atención clientes', 225, 1, 0, 0, 0, 0, 0, NULL, NULL, 1),
       (243, '5.2.01.03', 'ACTIVE', 5, 4, 'Honorarios profesionales', 211, 1, 1, 0, 0, 0, 0, NULL, NULL, 1),
       (244, '5.2.01.03.001', 'ACTIVE', 5, 5, 'Honorarios profesionales', 243, 1, 0, 0, 0, 0, 0, NULL, NULL, 1),
       (245, '5.2.01.03.002', 'ACTIVE', 5, 5, 'Servicios técnicos', 243, 1, 0, 0, 0, 0, 0, NULL, NULL, 1),
       (246, '5.2.01.04', 'ACTIVE', 5, 4, 'Mantenimiento', 211, 1, 1, 0, 0, 0, 0, NULL, NULL, 1),
       (247, '5.2.01.04.001', 'ACTIVE', 5, 5, 'Mantenimiento equipo de oficina', 246, 1, 0, 0, 0, 0, 0, NULL, NULL, 1),
       (248, '5.2.01.04.002', 'ACTIVE', 5, 5, 'Mantenimiento equipo de computación', 246, 1, 0, 0, 0, 0, 0, NULL, NULL,
        1),
       (249, '5.2.01.04.003', 'ACTIVE', 5, 5, 'Mantenimiento mueble y enseres', 246, 1, 0, 0, 0, 0, 0, NULL, NULL, 1),
       (250, '5.2.01.04.004', 'ACTIVE', 5, 5, 'Mantenimiento maquinaria y equipo', 246, 1, 0, 0, 0, 0, 0, NULL, NULL,
        1),
       (251, '5.2.01.04.005', 'ACTIVE', 5, 5, 'Mantenimiento Vehículos', 246, 1, 0, 0, 0, 0, 0, NULL, NULL, 1),
       (252, '5.2.01.04.006', 'ACTIVE', 5, 5, 'Mantenimientos edificios', 246, 1, 0, 0, 0, 0, 0, NULL, NULL, 1),
       (253, '5.2.01.05', 'ACTIVE', 5, 4, 'Impuestos y tasas', 211, 1, 1, 0, 0, 0, 0, NULL, NULL, 1),
       (254, '5.2.01.05.001', 'ACTIVE', 5, 5, 'Matriculas Vehículos', 253, 1, 0, 0, 0, 0, 0, NULL, NULL, 1),
       (255, '5.2.01.05.002', 'ACTIVE', 5, 5, 'Impuestos prediales, patentes, otros', 253, 1, 0, 0, 0, 0, 0, NULL, NULL,
        1),
       (256, '5.2.01.06', 'ACTIVE', 5, 4, 'Depreciaciones', 211, 1, 1, 0, 0, 0, 0, NULL, NULL, 1),
       (257, '5.2.01.06.001', 'ACTIVE', 5, 5, 'Depreciación equipo de oficina', 256, 1, 0, 0, 0, 0, 0, NULL, NULL, 1),
       (258, '5.2.01.06.002', 'ACTIVE', 5, 5, 'Depreciación equipo de computación', 256, 1, 0, 0, 0, 0, 0, NULL, NULL,
        1),
       (259, '5.2.01.06.003', 'ACTIVE', 5, 5, 'Depreciación muebles y enseres', 256, 1, 0, 0, 0, 0, 0, NULL, NULL, 1),
       (260, '5.2.01.06.004', 'ACTIVE', 5, 5, 'Depreciación maquinaria y equipo', 256, 1, 0, 0, 0, 0, 0, NULL, NULL, 1),
       (261, '5.2.01.06.005', 'ACTIVE', 5, 5, 'Depreciación Vehículos', 256, 1, 0, 0, 0, 0, 0, NULL, NULL, 1),
       (262, '5.2.01.07', 'ACTIVE', 5, 4, 'Amortizaciones', 211, 1, 1, 0, 0, 0, 0, NULL, NULL, 1),
       (263, '5.2.01.07.002', 'ACTIVE', 5, 5, 'Amortización seguro', 262, 1, 0, 0, 0, 0, 0, NULL, NULL, 1),
       (264, '5.2.01.08', 'ACTIVE', 5, 4, 'Provisiones', 211, 1, 1, 0, 0, 0, 0, NULL, NULL, 1),
       (265, '5.2.01.08.001', 'ACTIVE', 5, 5, 'Provisión para incobrables', 264, 1, 0, 0, 0, 0, 0, NULL, NULL, 1),
       (266, '5.2.01.09', 'ACTIVE', 5, 4, 'Gastos financieros', 211, 1, 1, 0, 0, 0, 0, NULL, NULL, 1),
       (267, '5.2.01.09.001', 'ACTIVE', 5, 5, 'intereses', 266, 1, 0, 0, 0, 0, 0, NULL, NULL, 1),
       (268, '5.2.01.09.002', 'ACTIVE', 5, 5, 'Gastos bancarios', 266, 1, 0, 0, 0, 0, 0, NULL, NULL, 1),
       (269, '5.2.01.09.003', 'ACTIVE', 5, 5, 'Multas y otros', 266, 1, 0, 0, 0, 0, 0, NULL, NULL, 1),
       (270, '5.2.01.10', 'ACTIVE', 5, 4, 'Comisiones bancarias', 211, 1, 1, 0, 0, 0, 0, NULL, NULL, 1),
       (271, '5.2.01.10.001', 'ACTIVE', 5, 5, 'Tarjetas de Crédito', 270, 1, 0, 0, 0, 0, 0, NULL, NULL, 1),
       (272, '5.2.01.11', 'ACTIVE', 5, 4, 'Gastos varios', 211, 1, 1, 0, 0, 0, 0, NULL, NULL, 1),
       (273, '5.2.01.11.001', 'ACTIVE', 5, 5, 'interés y multas organismos', 272, 1, 0, 0, 0, 0, 0, NULL, NULL, 1),
       (274, '5.2.01.11.002', 'ACTIVE', 5, 5, 'Pérdida en venta de ACTIVEs', 272, 1, 0, 0, 0, 0, 0, NULL, NULL, 1),
       (275, '5.2.01.11.003', 'ACTIVE', 5, 5, 'Pérdida de inventarios', 272, 1, 0, 0, 0, 0, 0, NULL, NULL, 1),
       (276, '5.2.01.11.004', 'ACTIVE', 5, 5, 'Diferencias de cajas', 272, 1, 0, 0, 0, 0, 0, NULL, NULL, 1),
       (277, '5.2.01.11.005', 'ACTIVE', 5, 5, 'Iva enviado al gasto', 272, 1, 0, 0, 0, 0, 0, NULL, NULL, 1),
       (278, '5.3', 'ACTIVE', 5, 2, 'Impuesto a la renta', 155, 1, 1, 0, 0, 0, 0, NULL, NULL, 1),
       (279, '5.3.01', 'ACTIVE', 5, 3, 'Impuesto a la renta', 278, 1, 1, 0, 0, 0, 0, NULL, NULL, 1),
       (280, '5.3.01.01', 'ACTIVE', 5, 4, 'Impuesto a la renta', 279, 1, 1, 0, 0, 0, 0, NULL, NULL, 1),
       (281, '5.3.01.01.001', 'ACTIVE', 5, 5, 'Impuesto a renta empresa', 280, 1, 0, 0, 0, 0, 0, NULL, NULL, 1),
       (282, '5.2.01.01.013', 'ACTIVE', 5, 5, 'Gastos Operacionales', 280, 1, 0, 0, 0, 0, 0, NULL, NULL, 1),
       (283, '1.1.01.10.004', 'ACTIVE', 1, 5, 'Importaciones', 4, 1, 0, 0, 0, 0, 0, NULL, NULL, 1),
       (284, '1.1.01.10.005', 'ACTIVE', 1, 5, 'Crédito Tributario IVA', 4, 1, 0, 0, 0, 0, 0, NULL, NULL, 1),
       (285, '1.1.01.02.003', 'ACTIVE', 1, 5, 'BANCO PICHINCHA 3068', 4, 1, 0, 0, 0, 0, 0, NULL, NULL, 1),
       (286, '1.1.01.01.002', 'ACTIVE', 1, 5, 'Caja Chica', 4, 1, 0, 0, 0, 0, 0, NULL, NULL, 1),
       (287, '1.1.01.01.003', 'ACTIVE', 1, 5, 'Caja AP Principal', 4, 1, 0, 0, 0, 0, 0, NULL, NULL, 1),
       (288, '1.1.01.01.004', 'ACTIVE', 4, 5, 'Caja Principal Edf Ecuador', 4, 1, 0, 0, 0, 0, 0, NULL, NULL, 1);

--
-- Volcado de datos para la tabla `accounting_account_type`
--

INSERT INTO `accounting_account_type` (`id`, `value`, `description`, `status`)
VALUES (1, 'ACTIVE', NULL, 'ACTIVE'),
       (2, 'Pasivo', NULL, 'ACTIVE'),
       (3, 'Patrimonio', NULL, 'ACTIVE'),
       (4, 'Ingresos', NULL, 'ACTIVE'),
       (5, 'Costos y Gastos', NULL, 'ACTIVE');

--
-- Volcado de datos para la tabla `accounting_config_modules_account_by_account`
--

INSERT INTO `accounting_config_modules_account_by_account` (`id`, `accounting_account_id`, `description`, `code`,
                                                            `accounting_config_modules_types_id`, `type_of_income`,
                                                            `status`)
VALUES (1, 5, 'Caja general', '01', 1, 0, 'ACTIVE'),
       (2, 10, 'Cheques por cobrar', '02', 1, 0, 'ACTIVE'),
       (3, 109, 'Cheques por pagar', '03', 1, 0, 'ACTIVE'),
       (4, 22, 'IVA pagado', '04', 2, 0, 'ACTIVE'),
       (5, 22, 'ICE pagado	', '05', 2, 0, 'ACTIVE'),
       (6, 135, 'Descuento en compras', '06', 2, 0, 'ACTIVE'),
       (7, 135, 'Desc. solidario en compras', '07', 2, 0, 'ACTIVE'),
       (8, 30, 'Renteción IVA 10%', '08', 2, 0, 'ACTIVE'),
       (9, 30, 'Renteción IVA 20%', '09', 2, 0, 'ACTIVE'),
       (10, 30, 'Renteción IVA 30%', '10', 2, 0, 'ACTIVE'),
       (11, 30, 'Renteción IVA 70%	', '11', 2, 0, 'ACTIVE'),
       (12, 30, 'Renteción IVA 100%	', '12', 2, 0, 'ACTIVE'),
       (13, 25, 'Renteción RENTA 1%', '13', 2, 0, 'ACTIVE'),
       (14, 26, 'Renteción RENTA 2%', '14', 2, 0, 'ACTIVE'),
       (15, 26, 'Renteción RENTA 5%	', '15', 2, 0, 'ACTIVE'),
       (16, 27, 'Renteción RENTA 8%	', '16', 2, 0, 'ACTIVE'),
       (17, 24, 'Renteción RENTA 10%	', '17', 2, 0, 'ACTIVE'),
       (18, 24, 'Otras renteciones realizadas	', '18', 2, 0, 'ACTIVE'),
       (19, 73, 'Cuentas por pagar	', '19', 2, 0, 'ACTIVE'),
       (20, 17, 'Anticipo a proveedores	', '20', 2, 0, 'ACTIVE'),
       (21, 135, 'Devolución de compra	', '21', 2, 0, 'ACTIVE'),
       (22, 51, 'Inventario y mercaderías', '22', 3, 0, 'ACTIVE'),
       (23, 143, 'Sobrantes de inventario	', '23', 3, 0, 'ACTIVE'),
       (24, 258, 'Faltantes de inventario	', '24', 3, 0, 'ACTIVE'),
       (25, 258, 'Inventario en transito	', '25', 3, 0, 'ACTIVE'),
       (26, 41, 'Inventario en producción	', '26', 3, 0, 'ACTIVE'),
       (27, 174, 'Costos de mano obra	', '27', 3, 0, 'ACTIVE'),
       (28, 174, 'Costos indirectos	', '28', 3, 0, 'ACTIVE'),
       (29, 159, 'Costo de ventas	', '29', 4, 0, 'ACTIVE'),
       (30, 10, 'Cuentas por cobrar', '30', 4, 0, 'ACTIVE'),
       (31, 30, 'Retenciones IVA		', '31', 4, 0, 'ACTIVE'),
       (32, 24, 'Retenciones RENTA	', '32', 4, 0, 'ACTIVE'),
       (33, 93, 'Ventas con IVA gravado	', '33', 4, 0, 'ACTIVE'),
       (34, 126, 'Ventas tarifa 0%	', '34', 4, 0, 'ACTIVE'),
       (35, 93, 'IVA cobrado	', '35', 4, 0, 'ACTIVE'),
       (36, 129, 'Descuento en ventas	', '36', 4, 0, 'ACTIVE'),
       (37, 82, 'Desc. solidario en ventas	', '37', 4, 0, 'ACTIVE'),
       (38, 93, 'Anticipo clientes', '38', 4, 0, 'ACTIVE'),
       (39, 1, 'ICE cobrado	', '39', 4, 0, 'ACTIVE'),
       (40, 130, 'Devolución de venta con IVA gravado', '40', 4, 0, 'ACTIVE'),
       (41, 130, 'Devolución de venta con IVA 0%	', '41', 4, 0, 'ACTIVE'),
       (42, 72, 'Proveedores', '42', 2, 0, 'ACTIVE'),
       (43, 186, 'Transportes y Fletes', '43', 2, 0, 'ACTIVE'),
       (44, 5, 'Caja chica', '44', 1, 0, 'ACTIVE'),
       (45, 271, 'Tarjeta de Credito', '45', 1, 0, 'ACTIVE'),
       (46, 9, 'Clientes', '46', 4, 0, 'ACTIVE'),
       (47, 141, 'Ventas', '47', 4, 0, 'ACTIVE'),
       (48, 145, 'Servicios Prestados', '48', 4, 0, 'ACTIVE'),
       (49, 282, 'Gastos Operacionales', '49', 2, 0, 'ACTIVE'),
       (50, 132, 'Ajustes de Inventario', '01', 3, 0, 'ACTIVE');

--
-- Volcado de datos para la tabla `accounting_config_modules_types`
--

INSERT INTO `accounting_config_modules_types` (`id`, `value`, `description`, `status`)
VALUES (1, 'CAJA Y BANCOS', NULL, 'ACTIVE'),
       (2, 'COMPRAS', NULL, 'ACTIVE'),
       (3, 'INVENTARIOS', NULL, 'ACTIVE'),
       (4, 'VENTAS', NULL, 'ACTIVE');

--
-- Volcado de datos para la tabla `accounting_level`
--

INSERT INTO `accounting_level` (`id`, `value`, `description`, `status`, `color`)
VALUES (1, '1', 'NIVEL 1', 'ACTIVE', '#6b0542'),
       (2, '2', 'NIVEL 2', 'ACTIVE', '#f00404'),
       (3, '3', 'NIVEL 3', 'ACTIVE', '#b30a0a'),
       (4, '4', 'NIVEL 4', 'ACTIVE', '#80082c'),
       (5, '5', 'NIVEL 5', 'ACTIVE', '#8a0808'),
       (6, '6', 'NIVEL 6', 'ACTIVE', '#d90c9f');

--
-- Volcado de datos para la tabla `actions`
--

INSERT INTO `actions` (`id`, `name`, `link`, `parent_id`, `weight`, `icon`, `type`, `description`, `type_item`)
VALUES (1, 'Inicio', 'home', NULL, 1, 'remixicon-dashboard-line', 1,
        'Pizzarra que permite conocer información necesaria de la información que al cliente le interese', 0),
       (2, 'Cuenta', 'customer/manager', NULL, 2, 'remixicon-dashboard-line', 1,
        'Pizarra que permite conocer la información que al propietario del sistema le interese, esto es un resumento de todo movimiento y que dando clic en cada acción podra tener una prespectiva especifica de los movimientos del sistema con respecto a la empresa',
        0),
       (3, 'Rbac', 'user', NULL, 3, ' fas fa-user-cog', 2,
        'Módulo que permite la administración de los usuarios que van a ingresar en el sistema, esto abarca desde la creación de usuarios, los roles que los usuarios pueden tener en el sistema y los accesos que los usuarios pueden tener con sus roles especificados.',
        1),
       (4, 'Gestión Users', 'user', 3, 4, 'not-icon', 0,
        'Administración delos procesos ,editar,crear,actualizar ,este permite saber si tiene acceso a este proceso.',
        1),
       (5, 'Usuarios', 'user', 4, 5, 'not-icon', 0,
        'Administración delos procesos ,editar,crear,actualizar ,este permite saber si tiene acceso a este proceso.',
        1),
       (6, 'Grid', 'user/list', 5, 6, 'not-icon', 1,
        'Permite ver el listado existente del proceso Configurados ,para poder realizar alguna actividad,buscar.', 1),
       (7, 'Guardar/Actualizar', 'user/save ', 5, 7, 'not-icon', 1, 'Creación/Actualización de información', 1),
       (8, 'Editar ', 'user/form', 5, 8, 'not-icon', 1, 'Formulario de Información para editar', 1),
       (9, 'Formulario-Lista Roles', 'role/list/select', 5, 9, 'not-icon', 1, 'Obtiene los roles  existentes', 1),
       (10, 'Formulario-Unique User', 'user/unique-username', 5, 10, 'not-icon', 1,
        'Verifica si es unico el usuario asignar', 1),
       (11, 'Formulario-Unique Email', 'user/unique-email', 5, 11, 'not-icon', 1,
        'Verifica si es unico el email asignar', 1),
       (12, 'Formulario-Verify Password', 'user/check-password-old', 5, 12, 'not-icon', 1,
        'Verifica si es la contrasenia anterior', 1),
       (13, 'Add User ', 'user/form', 5, 13, 'not-icon', 1, 'Formulario de Información para agregar', 1),
       (14, 'Gestión  Roles', 'role', 3, 14, 'not-icon', 0,
        'Administración delos procesos ,editar,crear,actualizar ,este permite saber si tiene acceso a este proceso.',
        1),
       (15, 'Roles', 'role', 14, 15, 'not-icon', 0,
        'Administración delos procesos ,editar,crear,actualizar ,este permite saber si tiene acceso a este proceso.',
        1),
       (16, 'Grid', 'role/list', 15, 16, 'not-icon', 1,
        'Permite ver el listado existente del proceso Configurados ,para poder realizar alguna actividad,buscar.', 1),
       (17, 'Guardar/Actualizar', 'role/save', 15, 17, 'not-icon', 1, 'Creación/Actualización de información', 1),
       (18, 'Editar ', 'role/form', 15, 18, 'not-icon', 1, 'Formulario de Información para editar', 1),
       (19, 'Add', 'role/form', 15, 19, 'not-icon', 1, 'Formulario de Información para agregar', 1),
       (20, 'Gestión  Menu ', 'actions/manager', 3, 20, 'not-icon', 0,
        'Administración delos procesos ,editar,crear,actualizar ,este permite saber si tiene acceso a este proceso.',
        1),
       (21, 'Menu Procesos', 'actions/manager', 20, 21, 'not-icon', 0,
        'Administración delos procesos ,editar,crear,actualizar ,este permite saber si tiene acceso a este proceso.',
        1),
       (22, 'Grid', 'actions/admin', 21, 22, 'not-icon', 1,
        'Permite ver el listado existente del proceso Configurados ,para poder realizar alguna actividad,buscar.', 1),
       (23, 'Guardar/Actualizar', 'actions/save', 21, 23, 'not-icon', 1, 'Creación/Actualización de información', 1),
       (24, 'Editar ', 'none', 21, 24, 'not-icon', 1, 'Formulario de Información para editar', 1),
       (25, 'Form-Parents Procesos Search', 'actions/listActionsParent', 21, 25, 'not-icon', 1,
        'Permite obtener el listado Acciónes o Procesos ya agregados.', 1),
       (26, 'Contabilidad', 'tax/manager', NULL, 26, 'fas fa-cash-register', 2,
        'Todo La administración de este modulo de contabilidad va enfocado a sus herramientas de configuración, permiten conocer ciertos catalogos que no son totalmente variables pero que pueden ser cambiados alguna vez en la trayectoria del sistema.',
        1),
       (27, 'Gestión Iva', 'tax/manager', 26, 27, 'not-icon', 0,
        'Administración delos procesos ,editar,crear,actualizar ,este permite saber si tiene acceso a este proceso.',
        1),
       (28, 'Admin. Iva', 'tax/manager', 27, 28, 'not-icon', 0,
        'Administración delos procesos ,editar,crear,actualizar ,este permite saber si tiene acceso a este proceso.',
        1),
       (29, 'Grid', 'tax/admin', 28, 29, 'not-icon', 1,
        'Permite ver el listado existente del proceso Configurados ,para poder realizar alguna actividad,buscar.', 1),
       (30, 'Guardar/Actualizar', 'tax/save', 28, 30, 'not-icon', 1, 'Creación/Actualización de información', 1),
       (31, 'Editar ', '0', 28, 31, 'not-icon', 1, 'Formulario de Información para editar', 1),
       (32, 'Ges. Contabilidad Cuentas', 'accountingAccount/manager', 26, 32, 'not-icon', 0,
        'Administración delos procesos ,editar,crear,actualizar ,este permite saber si tiene acceso a este proceso.',
        1),
       (33, 'Adm. Contabilidad Cuentas', 'accountingAccount/manager', 32, 33, 'not-icon', 0,
        'Administración delos procesos ,editar,crear,actualizar ,este permite saber si tiene acceso a este proceso.',
        1),
       (34, 'Grid', 'accountingAccount/admin', 33, 34, 'not-icon', 1,
        'Permite ver el listado existente del proceso Configurados ,para poder realizar alguna actividad,buscar.', 1),
       (35, 'Guardar/Actualizar', 'accountingAccount/save', 33, 35, 'not-icon', 1,
        'Creación/Actualización de información', 1),
       (36, 'Editar ', '0', 33, 36, 'not-icon', 1, 'Formulario de Información para editar', 1),
       (37, 'Form-Tipos de Cuenta', 'accountingAccountType/listSelect2', 33, 37, 'not-icon', 1,
        'Permite obtener el listado de TIPOS de CUENTA', 1),
       (38, 'Form-Niveles', 'accountingLevel/listSelect2', 33, 38, 'not-icon', 1,
        'Permite obtener el listado de TIPOS de NIVELES CUENTA', 1),
       (39, 'Ges. Contabilidad - Tipos de Ruc', 'rucType/manager', 26, 39, 'not-icon', 0,
        'Administración delos procesos ,editar,crear,actualizar ,este permite saber si tiene acceso a este proceso.',
        1),
       (40, 'Contabilidad - Tipos de Ruc', 'rucType/manager', 39, 40, 'not-icon', 0,
        'Administración delos procesos ,editar,crear,actualizar ,este permite saber si tiene acceso a este proceso.',
        1),
       (41, 'Grid', 'rucType/admin', 40, 41, 'not-icon', 1,
        'Permite ver el listado existente del proceso Configurados ,para poder realizar alguna actividad,buscar.', 1),
       (42, 'Guardar/Actualizar', 'rucType/save', 40, 42, 'not-icon', 1, 'Creación/Actualización de información', 1),
       (43, 'Editar ', '0', 40, 43, 'not-icon', 1, 'Formulario de Información para editar', 1),
       (44, 'Ges. Contabilidad - Modulos Tipos', 'accountingConfigModulesTypes/manager', 26, 44, 'not-icon', 0,
        'Administración delos procesos ,editar,crear,actualizar ,este permite saber si tiene acceso a este proceso.',
        1),
       (45, 'Modulos Tipo', 'accountingConfigModulesTypes/manager', 44, 45, 'not-icon', 0,
        'Administración delos procesos ,editar,crear,actualizar ,este permite saber si tiene acceso a este proceso.',
        1),
       (46, 'Grid', 'accountingConfigModulesTypes/admin', 45, 46, 'not-icon', 1,
        'Permite ver el listado existente del proceso Configurados ,para poder realizar alguna actividad,buscar.', 1),
       (47, 'Guardar/Actualizar', 'accountingConfigModulesTypes/save', 45, 47, 'not-icon', 1,
        'Creación/Actualización de información', 1),
       (48, 'Editar ', 'none', 45, 48, 'not-icon', 1, 'Formulario de Información para editar', 1),
       (49, 'Contabilidad - Niveles', 'accountingLevel/manager', 26, 49, 'not-icon', 0,
        'Administración delos procesos ,editar,crear,actualizar ,este permite saber si tiene acceso a este proceso.',
        1),
       (50, 'Contabilidad - Niveles', 'accountingLevel/manager', 49, 50, 'not-icon', 0,
        'Administración delos procesos ,editar,crear,actualizar ,este permite saber si tiene acceso a este proceso.',
        1),
       (51, 'Grid', 'accountingLevel/admin', 50, 51, 'not-icon', 1,
        'Permite ver el listado existente del proceso Configurados ,para poder realizar alguna actividad,buscar.', 1),
       (52, 'Guardar/Actualizar', 'accountingLevel/save', 50, 52, 'not-icon', 1,
        'Creación/Actualización de información', 1),
       (53, 'Editar ', '0', 50, 53, 'not-icon', 1, 'Formulario de Información para editar', 1),
       (54, 'Contabilidad - Modulos Contables', 'accountingConfigModulesAccountByAccount/manager', 26, 54, 'not-icon',
        0, 'Administración delos procesos ,editar,crear,actualizar ,este permite saber si tiene acceso a este proceso.',
        1),
       (55, 'Contabilidad - Modulos Contables', 'accountingConfigModulesAccountByAccount/manager', 54, 55, 'not-icon',
        0, 'Administración delos procesos ,editar,crear,actualizar ,este permite saber si tiene acceso a este proceso.',
        1),
       (56, 'Grid', 'accountingConfigModulesAccountByAccount/admin', 55, 56, 'not-icon', 1,
        'Permite ver el listado existente del proceso Configurados ,para poder realizar alguna actividad,buscar.', 1),
       (57, 'Guardar/Actualizar', 'accountingConfigModulesAccountByAccount/save', 55, 57, 'not-icon', 1,
        'Creación/Actualización de información', 1),
       (58, 'Editar ', '0', 55, 58, 'not-icon', 1, 'Formulario de Información para editar', 1),
       (59, 'Form-Tipo Cuentas Contables Search', 'accountingAccount/listSelect2', 55, 59, 'not-icon', 1,
        'Permite obtener el listado de cuentas contables', 1),
       (60, 'Form-Tipo Modulos Tipos Search', 'accountingConfigModulesTypes/listSelect2', 55, 60, 'not-icon', 1,
        'Permite obtener el listado de modulos', 1),
       (61, 'Ubicación', 'country', NULL, 61, ' fas fa-map-marked-alt', 2,
        'Catalogo que permite manipular la información que apareceran en los formularios de creación de personas, clientes, o empresas donde solicitan mostrar su ubicación. Esta información debe ser actualizada por personas con información media o avanzada en el sistema',
        1),
       (62, 'Ges. Pais', 'country', 61, 62, 'not-icon', 0,
        'Administración delos procesos ,editar,crear,actualizar ,este permite saber si tiene acceso a este proceso.',
        1),
       (63, 'Administración Pais', 'country', 62, 63, 'not-icon', 0,
        'Administración delos procesos ,editar,crear,actualizar ,este permite saber si tiene acceso a este proceso.',
        1),
       (64, 'Grid', 'country/list', 63, 64, 'not-icon', 1,
        'Permite ver el listado existente del proceso Configurados ,para poder realizar alguna actividad,buscar.', 1),
       (65, 'Guardar/Actualizar', 'country/save', 63, 65, 'not-icon', 1, 'Creación/Actualización de información', 1),
       (66, 'Editar ', 'country/form', 63, 66, 'not-icon', 1, 'Formulario de Información para editar', 1),
       (67, 'Add ', 'country/form', 63, 67, 'not-icon', 1, 'Formulario de Información para agregar', 1),
       (68, 'Provincia/Estado', 'province', 61, 68, 'not-icon', 0,
        'Administración delos procesos ,editar,crear,actualizar ,este permite saber si tiene acceso a este proceso.',
        1),
       (69, 'Administración Provincia/Estado', 'province', 68, 69, 'not-icon', 0,
        'Administración delos procesos ,editar,crear,actualizar ,este permite saber si tiene acceso a este proceso.',
        1),
       (70, 'Grid', 'province/list', 69, 70, 'not-icon', 1,
        'Permite ver el listado existente del proceso Configurados ,para poder realizar alguna actividad,buscar.', 1),
       (71, 'Guardar/Actualizar', 'province/save', 69, 71, 'not-icon', 1, 'Creación/Actualización de información', 1),
       (72, 'Editar ', 'province/form', 69, 72, 'not-icon', 1, 'Formulario de Información para editar', 1),
       (73, 'Add ', 'province/form', 69, 73, 'not-icon', 1, 'Formulario de Información para agregar', 1),
       (74, 'Form-Pais Search', 'country/list/select', 69, 74, 'not-icon', 1, 'Permite obtener el listado de paises',
        1),
       (75, 'Ciudad', 'city', 61, 75, 'not-icon', 0,
        'Administración delos procesos ,editar,crear,actualizar ,este permite saber si tiene acceso a este proceso.',
        1),
       (76, 'Administración Ciudad', 'city', 75, 76, 'not-icon', 0,
        'Administración delos procesos ,editar,crear,actualizar ,este permite saber si tiene acceso a este proceso.',
        1),
       (77, 'Grid', 'city/list', 76, 77, 'not-icon', 1,
        'Permite ver el listado existente del proceso Configurados ,para poder realizar alguna actividad,buscar.', 1),
       (78, 'Guardar/Actualizar', 'city/save', 76, 78, 'not-icon', 1, 'Creación/Actualización de información', 1),
       (79, 'Editar ', 'city/form', 76, 79, 'not-icon', 1, 'Formulario de Información para editar', 1),
       (80, 'Add ', 'city/form', 76, 80, 'not-icon', 1, 'Formulario de Información para agregar', 1),
       (81, 'Form-Pais Search', 'country/list/select', 76, 81, 'not-icon', 1, 'Permite obtener el listado de paises',
        1),
       (82, 'Form-Provincia/Estado Search', 'province/list/select', 76, 82, 'not-icon', 1,
        'Permite obtener el listado de PROVINCIAS/ESTADOS', 1),
       (83, 'Zona', 'zone', 61, 83, 'not-icon', 0,
        'Administración delos procesos ,editar,crear,actualizar ,este permite saber si tiene acceso a este proceso.',
        1),
       (84, 'Administración Zona', 'zone', 83, 84, 'not-icon', 0,
        'Administración delos procesos ,editar,crear,actualizar ,este permite saber si tiene acceso a este proceso.',
        1),
       (85, 'Grid', 'zone/list', 84, 85, 'not-icon', 1,
        'Permite ver el listado existente del proceso Configurados ,para poder realizar alguna actividad,buscar.', 1),
       (86, 'Guardar/Actualizar', 'zone/save', 84, 86, 'not-icon', 1, 'Creación/Actualización de información', 1),
       (87, 'Editar ', 'zone/form', 84, 87, 'not-icon', 1, 'Formulario de Información para editar', 1),
       (88, 'Add', 'zone/form', 84, 88, 'not-icon', 1, 'Formulario de Información para agregar', 1),
       (89, 'Form-Pais Search', 'country/list/select', 84, 89, 'not-icon', 1, 'Permite obtener el listado de paises',
        1),
       (90, 'Form-Provincia/Estado Search', 'province/list/select', 84, 90, 'not-icon', 1,
        'Permite obtener el listado de PROVINCIAS/ESTADOS', 1),
       (91, 'Form-Ciudad Search', 'city/list/select', 84, 91, 'not-icon', 1, 'Permite obtener el listado de CIUDADES',
        1),
       (92, 'Form-Data Map Get', 'zone/list/map', 84, 92, 'not-icon', 1, 'Permite obtener el listado ZONAS los mapas',
        1),
       (93, 'Guardar/Actualizar Map', 'zone/save/zones', 84, 93, 'not-icon', 1, 'Creación/Actualización de información',
        1),
       (94, 'Config Envios', 'shippingRateKindsOfWay/manager', NULL, 94, ' fas fa-truck', 2,
        'Administración delos procesos ,editar,crear,actualizar ,este permite saber si tiene acceso a este proceso.',
        1),
       (95, 'Formas de Envio', 'shippingRateKindsOfWay/manager', 94, 95, 'not-icon', 0,
        'Administración delos procesos ,editar,crear,actualizar ,este permite saber si tiene acceso a este proceso.',
        1),
       (96, 'Administración de Envio', 'shippingRateKindsOfWay/manager', 95, 96, 'not-icon', 0,
        'Administración delos procesos ,editar,crear,actualizar ,este permite saber si tiene acceso a este proceso.',
        1),
       (97, 'Grid', 'shippingRateKindsOfWay/admin', 96, 97, 'not-icon', 1,
        'Permite ver el listado existente del proceso Configurados ,para poder realizar alguna actividad,buscar.', 1),
       (98, 'Guardar/Actualizar', 'shippingRateKindsOfWay/save', 96, 98, 'not-icon', 1,
        'Creación/Actualización de información', 1),
       (99, 'Editar ', 'none', 96, 99, 'not-icon', 1, 'Formulario de Información para editar', 1),
       (100, 'Empresas de Envio', 'shippingRateBusiness/manager', 94, 100, 'not-icon', 0,
        'Administración delos procesos ,editar,crear,actualizar ,este permite saber si tiene acceso a este proceso.',
        1),
       (101, 'Gestión de Empresas de Envio', 'shippingRateBusiness/manager', 100, 101, 'not-icon', 0,
        'Administración delos procesos ,editar,crear,actualizar ,este permite saber si tiene acceso a este proceso.',
        1),
       (102, 'Grid', 'shippingRateBusiness/admin', 101, 102, 'not-icon', 1,
        'Permite ver el listado existente del proceso Configurados ,para poder realizar alguna actividad,buscar.', 1),
       (103, 'Guardar/Actualizar', 'shippingRateBusiness/save', 101, 103, 'not-icon', 1,
        'Creación/Actualización de información', 1),
       (104, 'Editar ', '0', 101, 104, 'not-icon', 1, 'Formulario de Información para editar', 1),
       (105, 'Gestión de Servicios de Envio', 'shippingRateServices/admin', 101, 105, 'not-icon', 1,
        'Gestión de Servicios de Envio', 1),
       (106, 'Gestión de Factor Conversión', 'shippingRateBusinessByConversionFactor/admin', 101, 106, 'not-icon', 1,
        'Gestión de Factor Conversión', 1),
       (107, 'Empresas de Envio - Gestión de Servicios de Envio', 'shippingRateServices/admin', 94, 107, 'not-icon', 0,
        'Permite ver el listado existente del proceso Configurados ,para poder realizar alguna actividad,buscar.', 1),
       (108, 'Grid', 'shippingRateServices/admin', 107, 108, 'not-icon', 1,
        'Permite ver el listado existente del proceso Configurados ,para poder realizar alguna actividad,buscar.', 1),
       (109, 'Guardar/Actualizar', 'shippingRateServices/save', 108, 109, 'not-icon', 1,
        'Creación/Actualización de información', 1),
       (110, 'Editar ', '0', 108, 110, 'not-icon', 1, 'Formulario de Información para editar', 1),
       (111, 'Empresas de Envio - Gestión Conversión Factor', 'shippingRateBusinessByConversionFactor/admin', 94, 111,
        'not-icon', 0,
        'Permite ver el listado existente del proceso Configurados ,para poder realizar alguna actividad,buscar.', 1),
       (112, 'Grid', 'shippingRateBusinessByConversionFactor/admin', 111, 112, 'not-icon', 1,
        'Permite ver el listado existente del proceso Configurados ,para poder realizar alguna actividad,buscar.', 1),
       (113, 'Guardar/Actualizar', 'shippingRateBusinessByConversionFactor/save', 112, 113, 'not-icon', 1,
        'Creación/Actualización de información', 1),
       (114, 'Editar ', '0', 112, 114, 'not-icon', 1, 'Formulario de Información para editar', 1),
       (115, 'Form Servicios Search', 'shippingRateServices/listSelect2', 112, 115, 'not-icon', 1,
        'Permite obtener el listado de servicios', 1),
       (116, 'Form Formas de Envio Search', 'shippingRateKindsOfWay/listSelect2', 112, 116, 'not-icon', 1,
        'Permite obtener el listado de FORMAS de NVIO', 1),
       (117, 'Form Medida Search', 'productMeasureType/listSelect2', 112, 117, 'not-icon', 1,
        'Permite obtener el listado de medidas', 1),
       (118, 'Información Adiciónal', 'informationMailType/manager', NULL, 118, 'fas fa-address-card', 2,
        'Son catalogos que influyen directamente en los formularios de contactos. Por lo tanto si van a crear nuevos tipos de datos dentro los listados actuales que se tienen como redes sociales, información de nuevas lineas o tipos de telefonos, email o direcciónes esta opción permite actualizar incrementar y eliminar esa información',
        1),
       (119, 'Tipo de Email', 'informationMailType/manager', 118, 119, 'not-icon', 0,
        'Administración delos procesos ,editar,crear,actualizar ,este permite saber si tiene acceso a este proceso.',
        1),
       (120, 'Administración Tipo de Email', 'informationMailType/manager', 119, 120, 'not-icon', 0,
        'Administración delos procesos ,editar,crear,actualizar ,este permite saber si tiene acceso a este proceso.',
        1),
       (121, 'Grid', 'informationMailType/admin', 120, 121, 'not-icon', 1,
        'Permite ver el listado existente del proceso Configurados ,para poder realizar alguna actividad,buscar.', 1),
       (122, 'Guardar/Actualizar', 'informationMailType/save', 120, 122, 'not-icon', 1,
        'Creación/Actualización de información', 1),
       (123, 'Editar ', '0', 120, 123, 'not-icon', 1, 'Formulario de Información para editar', 1),
       (124, 'Tipos de Redes Sociales', 'informationSocialNetworkType/manager', 118, 124, 'not-icon', 0,
        'Administración delos procesos ,editar,crear,actualizar ,este permite saber si tiene acceso a este proceso.',
        1),
       (125, 'Administración Tipos de Redes Sociales', 'informationSocialNetworkType/manager', 124, 125, 'not-icon', 0,
        'Administración delos procesos ,editar,crear,actualizar ,este permite saber si tiene acceso a este proceso.',
        1),
       (126, 'Grid', 'informationSocialNetworkType/admin', 125, 126, 'not-icon', 1,
        'Permite ver el listado existente del proceso Configurados ,para poder realizar alguna actividad,buscar.', 1),
       (127, 'Guardar/Actualizar', 'informationSocialNetworkType/save', 125, 127, 'not-icon', 1,
        'Creación/Actualización de información', 1),
       (128, 'Editar ', '0', 125, 128, 'not-icon', 1, 'Formulario de Información para editar', 1),
       (129, 'Tipos de Telefono', 'informationPhoneType/manager', 118, 129, 'not-icon', 0,
        'Administración delos procesos ,editar,crear,actualizar ,este permite saber si tiene acceso a este proceso.',
        1),
       (130, 'Administración Tipos de Telefono', 'informationPhoneType/manager', 129, 130, 'not-icon', 0,
        'Administración delos procesos ,editar,crear,actualizar ,este permite saber si tiene acceso a este proceso.',
        1),
       (131, 'Grid', 'informationPhoneType/admin', 130, 131, 'not-icon', 1,
        'Permite ver el listado existente del proceso Configurados ,para poder realizar alguna actividad,buscar.', 1),
       (132, 'Guardar/Actualizar', 'informationPhoneType/save', 130, 132, 'not-icon', 1,
        'Creación/Actualización de información', 1),
       (133, 'Editar ', 'none-link', 130, 133, 'not-icon', 1, 'Formulario de Información para editar', 1),
       (134, 'Tipos de Dirección', 'informationAddressType/manager', 118, 134, 'not-icon', 0,
        'Administración delos procesos ,editar,crear,actualizar ,este permite saber si tiene acceso a este proceso.',
        1),
       (135, 'Administración Tipos de Dirección', 'informationAddressType/manager', 134, 135, 'not-icon', 0,
        'Administración delos procesos ,editar,crear,actualizar ,este permite saber si tiene acceso a este proceso.',
        1),
       (136, 'Grid', 'informationAddressType/admin', 135, 136, 'not-icon', 1,
        'Permite ver el listado existente del proceso Configurados ,para poder realizar alguna actividad,buscar.', 1),
       (137, 'Guardar/Actualizar', 'informationAddressType/save', 135, 137, 'not-icon', 1,
        'Creación/Actualización de información', 1),
       (138, 'Editar ', '0', 135, 138, 'not-icon', 1, 'Formulario de Información para editar', 1),
       (139, 'Config Productos', 'productCategory/manager', NULL, 139, 'fab fa-product-hunt', 2,
        'Todo producto tiene caracteristicas directas e indirectas que influyen para su creación. En este modulo esa información puede ser manipulada, desde la creación de una categoria nueva para un producto o productos especificos, sub categorias, en fin. Toda información adiciónal que el producto puede tener, sera manipulado desde este modulo',
        1),
       (140, 'Categorias Productos', 'productCategory/manager', 139, 140, 'not-icon', 0,
        'Administración delos procesos ,editar,crear,actualizar ,este permite saber si tiene acceso a este proceso.',
        1),
       (141, 'Administración Categorias Productos', 'productCategory/manager', 140, 141, 'not-icon', 0,
        'Administración delos procesos ,editar,crear,actualizar ,este permite saber si tiene acceso a este proceso.',
        1),
       (142, 'Grid', 'productCategory/admin', 141, 142, 'not-icon', 1,
        'Permite ver el listado existente del proceso Configurados ,para poder realizar alguna actividad,buscar.', 1),
       (143, 'Guardar/Actualizar', 'productCategory/save', 141, 143, 'not-icon', 1,
        'Creación/Actualización de información', 1),
       (144, 'Editar ', '0', 141, 144, 'not-icon', 1, 'Formulario de Información para editar', 1),
       (145, 'Categorias Productos-Traducción', 'languageProductCategory/manager', 139, 145, 'not-icon', 1,
        'Administración delos procesos ,editar,crear,actualizar ,este permite saber si tiene acceso a este proceso.',
        1),
       (146, 'Administración Categorias Productos-Traducción', 'languageProductCategory/manager', 145, 146, 'not-icon',
        1, 'Administración delos procesos ,editar,crear,actualizar ,este permite saber si tiene acceso a este proceso.',
        1),
       (147, 'Grid', 'languageProductCategory/admin', 146, 147, 'not-icon', 1,
        'Permite ver el listado existente del proceso Configurados ,para poder realizar alguna actividad,buscar.', 1),
       (148, 'Delete   ', 'languageProductCategory/delete', 146, 148, 'not-icon', 1,
        'Permite obtener Eliminar registro', 1),
       (149, 'Guardar/Actualizar', 'languageProductCategory/save', 146, 149, 'not-icon', 1,
        'Creación/Actualización de información', 1),
       (150, 'Editar ', '0', 146, 150, 'not-icon', 1, 'Formulario de Información para editar', 1),
       (151, 'Form  Idiomas Search', 'language/listSelect2', 146, 151, 'not-icon', 1,
        'Permite obtener el listado de medidas', 1),
       (152, 'Subcategorias Productos', 'productSubcategory/manager', 139, 152, 'not-icon', 0,
        'Administración delos procesos ,editar,crear,actualizar ,este permite saber si tiene acceso a este proceso.',
        1),
       (153, 'Administración Subcategorias Productos', 'productSubcategory/manager', 152, 153, 'not-icon', 0,
        'Administración delos procesos ,editar,crear,actualizar ,este permite saber si tiene acceso a este proceso.',
        1),
       (154, 'Grid', 'productSubcategory/admin', 153, 154, 'not-icon', 1,
        'Permite ver el listado existente del proceso Configurados ,para poder realizar alguna actividad,buscar.', 1),
       (155, 'Guardar/Actualizar', 'productSubcategory/save', 153, 155, 'not-icon', 1,
        'Creación/Actualización de información', 1),
       (156, 'Editar ', '0', 153, 156, 'not-icon', 1, 'Formulario de Información para editar', 1),
       (157, 'Form  Categorias Search', 'productCategory/listSelect2', 153, 157, 'not-icon', 1,
        'Permite obtener el listado de medidas', 1),
       (158, 'Subcategorias Productos-Traducción', 'languageProductSubcategory/admin', 139, 158, 'not-icon', 1,
        'Administración delos procesos ,editar,crear,actualizar ,este permite saber si tiene acceso a este proceso.',
        1),
       (159, 'Administración Subcategorias Productos-Traducción', 'languageProductSubcategory/admin', 158, 159,
        'not-icon', 1,
        'Administración delos procesos ,editar,crear,actualizar ,este permite saber si tiene acceso a este proceso.',
        1),
       (160, 'Grid', 'languageProductSubcategory/admin', 159, 160, 'not-icon', 1,
        'Permite ver el listado existente del proceso Configurados ,para poder realizar alguna actividad,buscar.', 1),
       (161, 'Delete  ', 'languageProductSubcategory/delete', 159, 161, 'not-icon', 1,
        'Permite obtener Eliminar registro', 1),
       (162, 'Guardar/Actualizar', 'languageProductSubcategory/save', 159, 162, 'not-icon', 1,
        'Creación/Actualización de información', 1),
       (163, 'Editar ', '0', 159, 163, 'not-icon', 1, 'Formulario de Información para editar', 1),
       (164, 'Form  Idiomas Search', 'language/listSelect2', 159, 164, 'not-icon', 1,
        'Permite obtener el listado de IDIOMAS', 1),
       (165, 'Colores', 'productColor/manager', 139, 165, 'not-icon', 0,
        'Administración delos procesos ,editar,crear,actualizar ,este permite saber si tiene acceso a este proceso.',
        1),
       (166, 'Administración Colores', 'productColor/manager', 165, 166, 'not-icon', 0,
        'Administración delos procesos ,editar,crear,actualizar ,este permite saber si tiene acceso a este proceso.',
        1),
       (167, 'Grid', 'productColor/admin', 166, 167, 'not-icon', 1,
        'Permite ver el listado existente del proceso Configurados ,para poder realizar alguna actividad,buscar.', 1),
       (168, 'Guardar/Actualizar', 'productColor/save', 166, 168, 'not-icon', 1,
        'Creación/Actualización de información', 1),
       (169, 'Editar ', '0', 166, 169, 'not-icon', 1, 'Formulario de Información para editar', 1),
       (170, 'Colores-Traducción', 'languageProductColor/manager', 139, 170, 'not-icon', 1,
        'Administración delos procesos ,editar,crear,actualizar ,este permite saber si tiene acceso a este proceso.',
        1),
       (171, 'Administración Colores-Traducción', 'languageProductColor/manager', 170, 171, 'not-icon', 1,
        'Administración delos procesos ,editar,crear,actualizar ,este permite saber si tiene acceso a este proceso.',
        1),
       (172, 'Grid', 'languageProductColor/admin', 171, 172, 'not-icon', 1,
        'Permite ver el listado existente del proceso Configurados ,para poder realizar alguna actividad,buscar.', 1),
       (173, 'Delete', 'languageProductColor/delete', 171, 173, 'not-icon', 1, 'Permite obtener Eliminar registro', 1),
       (174, 'Guardar/Actualizar', 'languageProductColor/save', 171, 174, 'not-icon', 1,
        'Creación/Actualización de información', 1),
       (175, 'Editar ', '0', 171, 175, 'not-icon', 1, 'Formulario de Información para editar', 1),
       (176, 'Form  Idiomas Search', 'language/listSelect2', 171, 176, 'not-icon', 1,
        'Permite obtener el listado de idiomas', 1),
       (177, 'Tamaños', 'productSizes/manager', 139, 177, 'not-icon', 0,
        'Administración delos procesos ,editar,crear,actualizar ,este permite saber si tiene acceso a este proceso.',
        1),
       (178, 'Administración Tamaños', 'productSizes/manager', 177, 178, 'not-icon', 0,
        'Administración delos procesos ,editar,crear,actualizar ,este permite saber si tiene acceso a este proceso.',
        1),
       (179, 'Grid', 'productSizes/admin', 178, 179, 'not-icon', 1,
        'Permite ver el listado existente del proceso Configurados ,para poder realizar alguna actividad,buscar.', 1),
       (180, 'Guardar/Actualizar', 'productSizes/save', 178, 180, 'not-icon', 1,
        'Creación/Actualización de información', 1),
       (181, 'Editar ', '0', 178, 181, 'not-icon', 1, 'Formulario de Información para editar', 1),
       (182, 'Marcas', 'productTrademark/manager', 139, 182, 'not-icon', 0,
        'Administración delos procesos ,editar,crear,actualizar ,este permite saber si tiene acceso a este proceso.',
        1),
       (183, 'Administración Marcas', 'productTrademark/manager', 182, 183, 'not-icon', 0,
        'Administración delos procesos ,editar,crear,actualizar ,este permite saber si tiene acceso a este proceso.',
        1),
       (184, 'Grid', 'productTrademark/admin', 183, 184, 'not-icon', 1,
        'Permite ver el listado existente del proceso Configurados ,para poder realizar alguna actividad,buscar.', 1),
       (185, 'Guardar/Actualizar', 'productTrademark/save', 183, 185, 'not-icon', 1,
        'Creación/Actualización de información', 1),
       (186, 'Editar ', '0', 183, 186, 'not-icon', 1, 'Formulario de Información para editar', 1),
       (187, 'Medidas', 'productMeasureType/manager', 139, 187, 'not-icon', 0,
        'Administración delos procesos ,editar,crear,actualizar ,este permite saber si tiene acceso a este proceso.',
        1),
       (188, 'Administración Medidas', 'productMeasureType/manager', 187, 188, 'not-icon', 0,
        'Administración delos procesos ,editar,crear,actualizar ,este permite saber si tiene acceso a este proceso.',
        1),
       (189, 'Grid', 'productMeasureType/admin', 188, 189, 'not-icon', 1,
        'Permite ver el listado existente del proceso Configurados ,para poder realizar alguna actividad,buscar.', 1),
       (190, 'Guardar/Actualizar', 'productMeasureType/save', 188, 190, 'not-icon', 1,
        'Creación/Actualización de información', 1),
       (191, 'Editar ', '0', 188, 191, 'not-icon', 1, 'Formulario de Información para editar', 1),
       (192, 'Medidas-Traducción', 'languageProductMeasureType/manager', 139, 192, 'not-icon', 1,
        'Administración delos procesos ,editar,crear,actualizar ,este permite saber si tiene acceso a este proceso.',
        1),
       (193, 'Administración Medidas-Traducción', 'languageProductMeasureType/manager', 192, 193, 'not-icon', 1,
        'Administración delos procesos ,editar,crear,actualizar ,este permite saber si tiene acceso a este proceso.',
        1),
       (194, 'Grid', 'languageProductMeasureType/admin', 193, 194, 'not-icon', 1,
        'Permite ver el listado existente del proceso Configurados ,para poder realizar alguna actividad,buscar.', 1),
       (195, 'Delete  ', 'languageProductMeasureType/delete', 193, 195, 'not-icon', 1,
        'Permite obtener Eliminar registro', 1),
       (196, 'Guardar/Actualizar', 'languageProductMeasureType/save', 193, 196, 'not-icon', 1,
        'Creación/Actualización de información', 1),
       (197, 'Editar ', '0', 193, 197, 'not-icon', 1, 'Formulario de Información para editar', 1),
       (198, 'Form  Idiomas Search', 'language/listSelect2', 193, 198, 'not-icon', 1,
        'Permite obtener el listado de medidas', 1),
       (199, 'Persona', 'peopleNationality/manager', NULL, 199, ' fas fa-user-clock', 2,
        'Para poder crear el registro de una persona en el sistema, se debe tener en cuenta cierta información para esto debemos manipular aquí información de catalogo como son todos los detallados en este modulo',
        1),
       (200, 'Naciónalidad', 'peopleNationality/manager', 199, 200, 'not-icon', 0,
        'Administración delos procesos ,editar,crear,actualizar ,este permite saber si tiene acceso a este proceso.',
        1),
       (201, 'Administración Naciónalidad', 'peopleNationality/manager', 200, 201, 'not-icon', 0,
        'Administración delos procesos ,editar,crear,actualizar ,este permite saber si tiene acceso a este proceso.',
        1),
       (202, 'Grid', 'peopleNationality/admin', 201, 202, 'not-icon', 1,
        'Permite ver el listado existente del proceso Configurados ,para poder realizar alguna actividad,buscar.', 1),
       (203, 'Guardar/Actualizar', 'peopleNationality/save', 201, 203, 'not-icon', 1,
        'Creación/Actualización de información', 1),
       (204, 'Editar ', '0', 201, 204, 'not-icon', 1, 'Formulario de Información para editar', 1),
       (205, 'Tipo de Identificación', 'peopleTypeIdentification/manager', 199, 205, 'not-icon', 0,
        'Administración delos procesos ,editar,crear,actualizar ,este permite saber si tiene acceso a este proceso.',
        1),
       (206, 'Administración Tipo de Identificación', 'peopleTypeIdentification/manager', 205, 206, 'not-icon', 0,
        'Administración delos procesos ,editar,crear,actualizar ,este permite saber si tiene acceso a este proceso.',
        1),
       (207, 'Grid', 'peopleTypeIdentification/admin', 206, 207, 'not-icon', 1,
        'Permite ver el listado existente del proceso Configurados ,para poder realizar alguna actividad,buscar.', 1),
       (208, 'Guardar/Actualizar', 'peopleTypeIdentification/save', 206, 208, 'not-icon', 1,
        'Creación/Actualización de información', 1),
       (209, 'Editar ', '0', 206, 209, 'not-icon', 1, 'Formulario de Información para editar', 1),
       (210, 'Profesión', 'peopleProfession/manager', 199, 210, 'not-icon', 0,
        'Administración delos procesos ,editar,crear,actualizar ,este permite saber si tiene acceso a este proceso.',
        1),
       (211, 'Administración Profesión', 'peopleProfession/manager', 210, 211, 'not-icon', 0,
        'Administración delos procesos ,editar,crear,actualizar ,este permite saber si tiene acceso a este proceso.',
        1),
       (212, 'Grid', 'peopleProfession/admin', 211, 212, 'not-icon', 1,
        'Permite ver el listado existente del proceso Configurados ,para poder realizar alguna actividad,buscar.', 1),
       (213, 'Guardar/Actualizar', 'peopleProfession/save', 211, 213, 'not-icon', 1,
        'Creación/Actualización de información', 1),
       (214, 'Editar ', '0', 211, 214, 'not-icon', 1, 'Formulario de Información para editar', 1),
       (215, 'Genero', 'peopleGender/manager', 199, 215, 'not-icon', 0,
        'Administración delos procesos ,editar,crear,actualizar ,este permite saber si tiene acceso a este proceso.',
        1),
       (216, 'Administración Genero', 'peopleGender/manager', 215, 216, 'not-icon', 0,
        'Administración delos procesos ,editar,crear,actualizar ,este permite saber si tiene acceso a este proceso.',
        1),
       (217, 'Grid', 'peopleGender/admin', 216, 217, 'not-icon', 1,
        'Permite ver el listado existente del proceso Configurados ,para poder realizar alguna actividad,buscar.', 1),
       (218, 'Guardar/Actualizar', 'peopleGender/save', 216, 218, 'not-icon', 1,
        'Creación/Actualización de información', 1),
       (219, 'Editar ', '0', 216, 219, 'not-icon', 1, 'Formulario de Información para editar', 1),
       (220, 'Odontograma', 'referencePiecePosition', NULL, 220, 'fas fa-tooth', 2,
        'Administración delos procesos ,editar,crear,actualizar ,este permite saber si tiene acceso a este proceso.',
        1),
       (221, 'Piezas Posiciónes', 'referencePiecePosition', 220, 221, 'not-icon', 0,
        'Administración delos procesos ,editar,crear,actualizar ,este permite saber si tiene acceso a este proceso.',
        1),
       (222, 'Administración Piezas Posiciónes', 'referencePiecePosition', 221, 222, 'not-icon', 0,
        'Administración delos procesos ,editar,crear,actualizar ,este permite saber si tiene acceso a este proceso.',
        1),
       (223, 'Grid', 'referencePiecePosition/list', 222, 223, 'not-icon', 1,
        'Permite ver el listado existente del proceso Configurados ,para poder realizar alguna actividad,buscar.', 1),
       (224, 'Guardar/Actualizar', 'referencePiecePosition/save', 222, 224, 'not-icon', 1,
        'Creación/Actualización de información', 1),
       (225, 'Editar ', 'referencePiecePosition/form', 222, 225, 'not-icon', 1, 'Formulario de Información para editar',
        1),
       (226, 'Add ', 'referencePiecePosition/form', 222, 226, 'not-icon', 1, 'Formulario de Información para agregar',
        1),
       (227, 'Piezas Dentales', 'dentalPiece', 220, 227, 'not-icon', 0,
        'Administración delos procesos ,editar,crear,actualizar ,este permite saber si tiene acceso a este proceso.',
        1),
       (228, 'Administración Piezas Dentales', 'dentalPiece', 227, 228, 'not-icon', 0,
        'Administración delos procesos ,editar,crear,actualizar ,este permite saber si tiene acceso a este proceso.',
        1),
       (229, 'Grid', 'dentalPiece/list', 228, 229, 'not-icon', 1,
        'Permite ver el listado existente del proceso Configurados ,para poder realizar alguna actividad,buscar.', 1),
       (230, 'Guardar/Actualizar', 'dentalPiece/save', 228, 230, 'not-icon', 1, 'Creación/Actualización de información',
        1),
       (231, 'Editar ', 'dentalPiece/form', 228, 231, 'not-icon', 1, 'Formulario de Información para editar', 1),
       (232, 'Add ', 'dentalPiece/form', 228, 232, 'not-icon', 1, 'Formulario de Información para agregar', 1),
       (233, 'Piezas Referencia', 'referencePiece', 220, 233, 'not-icon', 0,
        'Administración delos procesos ,editar,crear,actualizar ,este permite saber si tiene acceso a este proceso.',
        1),
       (234, 'Administración Piezas Referencia', 'referencePiece', 233, 234, 'not-icon', 0,
        'Administración delos procesos ,editar,crear,actualizar ,este permite saber si tiene acceso a este proceso.',
        1),
       (235, 'Grid', 'referencePiece/list', 234, 235, 'not-icon', 1,
        'Permite ver el listado existente del proceso Configurados ,para poder realizar alguna actividad,buscar.', 1),
       (236, 'Guardar/Actualizar', 'referencePiece/save', 234, 236, 'not-icon', 1,
        'Creación/Actualización de información', 1),
       (237, 'Editar ', 'referencePiece/form', 234, 237, 'not-icon', 1, 'Formulario de Información para editar', 1),
       (238, 'Add', 'referencePiece/form', 234, 238, 'not-icon', 1, 'Formulario de Información para agregar', 1),
       (239, 'Referencia Tipos', 'referencePieceType', 220, 239, 'not-icon', 0,
        'Administración delos procesos ,editar,crear,actualizar ,este permite saber si tiene acceso a este proceso.',
        1),
       (240, 'Administración Referencia Tipos', 'referencePieceType', 239, 240, 'not-icon', 0,
        'Administración delos procesos ,editar,crear,actualizar ,este permite saber si tiene acceso a este proceso.',
        1),
       (241, 'Grid', 'referencePieceType/list', 240, 241, 'not-icon', 1,
        'Permite ver el listado existente del proceso Configurados ,para poder realizar alguna actividad,buscar.', 1),
       (242, 'Guardar/Actualizar', 'referencePieceType/save', 240, 242, 'not-icon', 1,
        'Creación/Actualización de información', 1),
       (243, 'Editar ', 'referencePieceType/form', 240, 243, 'not-icon', 1, 'Formulario de Información para editar', 1),
       (244, 'Add ', 'referencePieceType/form', 240, 244, 'not-icon', 1, 'Formulario de Información para agregar', 1),
       (245, 'Antecedentes', 'antecedent', 220, 245, 'not-icon', 0,
        'Administración delos procesos ,editar,crear,actualizar ,este permite saber si tiene acceso a este proceso.',
        1),
       (246, 'Administración Antecedentes', 'antecedent', 245, 246, 'not-icon', 0,
        'Administración delos procesos ,editar,crear,actualizar ,este permite saber si tiene acceso a este proceso.',
        1),
       (247, 'Grid', 'antecedent/list', 246, 247, 'not-icon', 1,
        'Permite ver el listado existente del proceso Configurados ,para poder realizar alguna actividad,buscar.', 1),
       (248, 'Guardar/Actualizar', 'antecedent/save', 246, 248, 'not-icon', 1, 'Creación/Actualización de información',
        1),
       (249, 'Editar ', 'antecedent/form', 246, 249, 'not-icon', 1, 'Formulario de Información para editar', 1),
       (250, 'Add ', 'antecedent/form', 246, 250, 'not-icon', 1, 'Formulario de Información para agregar', 1),
       (251, 'Examenes Clinicos', 'clinicalExam', 220, 251, 'not-icon', 0,
        'Administración delos procesos ,editar,crear,actualizar ,este permite saber si tiene acceso a este proceso.',
        1),
       (252, 'Administración Examenes Clinicos', 'clinicalExam', 251, 252, 'not-icon', 0,
        'Administración delos procesos ,editar,crear,actualizar ,este permite saber si tiene acceso a este proceso.',
        1),
       (253, 'Grid', 'clinicalExam/list', 252, 253, 'not-icon', 1,
        'Permite ver el listado existente del proceso Configurados ,para poder realizar alguna actividad,buscar.', 1),
       (254, 'Guardar/Actualizar', 'clinicalExam/save', 252, 254, 'not-icon', 1,
        'Creación/Actualización de información', 1),
       (255, 'Editar ', 'clinicalExam/form', 252, 255, 'not-icon', 1, 'Formulario de Información para editar', 1),
       (256, 'Add ', 'clinicalExam/form', 252, 256, 'not-icon', 1, 'Formulario de Información para agregar', 1),
       (257, 'Panel de Administrador', 'myProfile', NULL, 257, 'not-icon', 1,
        'Cuando eres una persona registrada, tendras un panel para poder manipular tu información. Datos como tus credenciales, usuarios contraseñas, acciónes como compras, sugerencias, etc, que realices en el sistema y demas seran los que puedas revisar editar y obtener un historial de tus actuaciónes e interacciónes dentro de nuestro sistema',
        1),
       (258, 'Vista Perfil de Usuario', 'myProfile', 257, 258, 'not-icon', 0,
        'Muestra la administración de del perfil,formulario.', 1),
       (259, 'Perfil', 'myProfile', 258, 259, 'not-icon', 1, 'Muestra la administración de del perfil,formulario.', 1),
       (260, 'Guardar/Actualizar Perfil', 'customerProfile/save', 259, 260, 'not-icon', 1,
        'Actualiza la información de un perfil', 1),
       (261, 'Cuenta/Dashboard', 'account', 257, 261, 'not-icon', 0,
        'Información detallada de la cuenta,actividades,resumen de información gestiónada o realizada ,puntos ,recompensas etc.',
        1),
       (262, 'Tablero', 'account', 261, 262, 'not-icon', 1,
        'Información detallada de la cuenta,actividades,resumen de información gestiónada o realizada ,puntos ,recompensas etc.',
        1),
       (263, 'Cambio Contraseña', 'password', 257, 263, 'not-icon', 0, '0', 1),
       (264, 'Cambiar Contraseña', 'password', 263, 264, 'not-icon', 1, '0', 1),
       (265, 'Verificar Contraseña ', 'user/equals/changePassword', 264, 265, 'not-icon', 1,
        'Permite verificar si la contreseña es igual a la actual en el sistema para asi permitir cambiar la contraseña',
        1),
       (266, 'Guardar Contraseña', 'user/save/changePassword', 264, 266, 'not-icon', 1, 'Actualiza la información ', 1),
       (267, 'Buzon de Sugerencias', 'suggestionsMailBox', 257, 267, 'not-icon', 0,
        'Administración de buzon de sugerencias ,creadas por los usuarios hacia  todas las empresas gestiónadas por el usuario.',
        1),
       (268, 'Administración Buzon de Sugerencias', 'suggestionsMailBox', 267, 268, 'not-icon', 1,
        'Administración de buzon de sugerencias ,creadas por los usuarios hacia  todas las empresas gestiónadas por el usuario.',
        1),
       (269, 'Mis Negocios', 'business', 257, 269, 'not-icon', 0, 'Administración de las empresas de un usuario,grid',
        1),
       (270, 'Administración Mis Negocios', 'business', 269, 270, 'not-icon', 1,
        'Administración de las empresas de un usuario,grid', 1),
       (271, 'Admin Grid Empresas', 'business/admin', 270, 271, 'not-icon', 1, 'Lista de Empresas de un usuario,Search',
        1),
       (272, 'Guardar/Actualizar Empresa', 'business/save', 270, 272, 'not-icon', 1,
        'Creación/Actualización de información de una empresa.', 1),
       (273, 'Administrar Empresa', 'managerBusiness', 270, 273, 'not-icon', 1,
        'Administración empresarial de UNA EMPRESA :CRM,CONTABILIDAD,VENTAS ETC.', 1),
       (274, 'Ver Empresa', 'businessDetails', 270, 274, 'not-icon', 1,
        'Muestra la información gestiónada de una empresa en el pagina web ,PRODUCTOS,HORARIOS,CONTACTO,ABOUT US,', 1),
       (275, 'Ver Empresa Información', 'managerBusiness', 270, 275, 'not-icon', 1,
        'Muestra un formulario de la información de una empresa', 1),
       (276, 'Guardar/Actualizar Empresa', 'business/saveBusiness', 270, 276, 'not-icon', 1,
        'Creación/Actualización de información de una empresa.', 1),
       (277, 'Editar Empresa', '0', 270, 277, 'not-icon', 1, 'Formulario de Información para editar una empresa.', 1),
       (278, 'Administración de Empresas Amigas', 'listingsQueen', 257, 278, 'not-icon', 0,
        'Administración de todas las empresas agregadas como amigas o conocidas..', 1),
       (279, 'Administración de Empresas Amigas', 'listingsQueen', 278, 279, 'not-icon', 1,
        'Administración de todas las empresas agregadas como amigas o conocidas..', 1),
       (280, 'Ordenes Gestión', 'orders', 257, 280, 'not-icon', 0,
        'Administración de todas las ordenes realizadas por el cliente.', 1),
       (281, 'Ordenes Gestión', 'orders', 280, 281, 'not-icon', 1,
        'Administración de todas las ordenes realizadas por el cliente.', 1),
       (282, 'Grid', 'orderPaymentsManager/changeStateBankOrder', 281, 282, 'not-icon', 1, 'Gestión de Ordenes', 1),
       (283, 'Administración Amigos Usuarios', 'bee', 257, 283, 'not-icon', 0,
        'Administración de todas los usuarios agregadas como amigas o conocidas..', 1),
       (284, 'Administración Amigos Usuarios', 'bee', 283, 284, 'not-icon', 1,
        'Administración de todas los usuarios agregadas como amigas o conocidas..', 1),
       (285, 'Administración Mis Sugerencias', 'reviewsTo', 257, 285, 'not-icon', 0,
        'Administración de todas las sugerencias realizadas a una empresa por un usuario.', 1),
       (286, 'Administración Mis Sugerencias', 'reviewsTo', 285, 286, 'not-icon', 1,
        'Administración de todas las sugerencias realizadas a una empresa por un usuario.', 1),
       (287, 'Empresa', 'businessByLanguage/admin', NULL, 287, 'not-icon', 1,
        'Tienes una empresa registrada, aquí con este modulo puede tener la gestión de la información de toda tu empresa. Información basica de tu empresa, horarios de atención, ubicaciónes y demas acciónes que maneje tu negocio dentro del sistema seran manipulados desde este modulo.',
        1),
       (288, 'Información Empresa', 'businessByLanguage/admin', 287, 288, 'not-icon', 0,
        'Administración delos procesos ,editar,crear,actualizar ,este permite saber si tiene acceso a este proceso.',
        1),
       (289, 'Idiomas', 'businessByLanguage/admin', 288, 289, 'not-icon', 1,
        'Administración delos procesos ,editar,crear,actualizar ,este permite saber si tiene acceso a este proceso.',
        1),
       (290, 'Grid', 'businessByLanguage/admin', 289, 290, 'not-icon', 1,
        'Permite ver el listado existente  Configurados ,para poder realizar las traducciónes existentes en la pagina web y busqueda',
        1),
       (291, 'Formulario-Lista Idiomas', 'language/listSelect2', 289, 291, 'not-icon', 1,
        'Obtiene listado de idiomas creados por el administrador total.', 1),
       (292, 'Guardar/Actualizar', 'businessByLanguage/save', 289, 292, 'not-icon', 1,
        'Creación/Actualización de información Idioma', 1),
       (293, 'Editar ', '0', 289, 293, 'not-icon', 1, 'Formulario de Información para editar', 1),
       (294, 'Iva', 'taxByBusiness/admin', 287, 294, 'not-icon', 0,
        'Administración delos procesos ,editar,crear,actualizar ,este permite saber si tiene acceso a este proceso.',
        1),
       (295, 'Administración Iva', 'taxByBusiness/admin', 294, 295, 'not-icon', 1,
        'Administración delos procesos ,editar,crear,actualizar ,este permite saber si tiene acceso a este proceso.',
        1),
       (296, 'Grid', 'taxByBusiness/admin', 295, 296, 'not-icon', 1,
        'Permite ver el listado existente del proceso Configurados ,para poder realizar alguna actividad.', 1),
       (297, 'Formulario-Lista de Iva', 'tax/listSelect2', 295, 297, 'not-icon', 1,
        'Obtiene listado de Iva creados por el administrador total.', 1),
       (298, 'Guardar/Actualizar', 'taxByBusiness/save', 295, 298, 'not-icon', 1,
        'Creación/Actualización de información Idioma', 1),
       (299, 'Editar ', '0', 295, 299, 'not-icon', 1, 'Formulario de Información para editar', 1),
       (300, 'Galeria', 'business/gallery/adminBusiness', 287, 300, 'not-icon', 0,
        'Administración delos procesos ,editar,crear,actualizar ,este permite saber si tiene acceso a este proceso.',
        1),
       (301, 'Administración Galeria', 'business/gallery/adminBusiness', 300, 301, 'not-icon', 1,
        'Administración delos procesos ,editar,crear,actualizar ,este permite saber si tiene acceso a este proceso.',
        1),
       (302, 'Grid', 'business/gallery/adminBusiness', 301, 302, 'not-icon', 1,
        'Permite ver el listado existente del proceso Configurados ,para poder realizar alguna actividad,buscar.', 1),
       (303, 'Guardar/Actualizar', 'business/gallery/saveBusiness', 301, 303, 'not-icon', 1,
        'Creación/Actualización de información Idioma', 1),
       (304, 'Editar ', '0', 301, 304, 'not-icon', 1, 'Formulario de Información para editar', 1),
       (305, 'Gestión de Horarios', 'business/businessBySchedules/saveSchedules', 287, 305, 'not-icon', 0,
        'Administración delos procesos ,editar,crear,actualizar ,este permite saber si tiene acceso a este proceso.',
        1),
       (306, 'Administración Gestión de Horarios', 'business/businessBySchedules/saveSchedules', 305, 306, 'not-icon',
        1, 'Administración delos procesos ,editar,crear,actualizar ,este permite saber si tiene acceso a este proceso.',
        1),
       (307, 'Delete', 'business/businessBySchedules/deleteSchedule', 306, 307, 'not-icon', 1,
        'Administración delos procesos ,editar,crear,actualizar ,este permite saber si tiene acceso a este proceso.',
        1),
       (308, 'Rrhh', 'business/humanResourcesDepartment/admin', NULL, 308, 'not-icon', 1,
        'Los recursos humanos dentro de nuestro sistema pueden ser directos o indirectos. Directos por que puedes ingresar tu propio organigrama estructura y enfocarte a tu manejo en fisico y en el sistema, o indirecto que permite mediante un organigrama ya establecido en el sistema el manejo del mismo. en este modulo puedes agregar departamentos, roles y los usuarios creados asignarlos por departamentos, cargos y sus roles dentro del sistema y su manera de acciónar dentro del sistema',
        1),
       (309, 'Departamentos', 'business/humanResourcesDepartment/admin', 308, 309, 'not-icon', 0,
        'Administración delos procesos ,editar,crear,actualizar ,este permite saber si tiene acceso a este proceso.',
        1),
       (310, 'Administración Departamentos', 'business/humanResourcesDepartment/admin', 309, 310, 'not-icon', 1,
        'Administración delos procesos ,editar,crear,actualizar ,este permite saber si tiene acceso a este proceso.',
        1),
       (311, 'Grid', 'business/humanResourcesDepartment/admin', 310, 311, 'not-icon', 1,
        'Permite ver el listado existente del proceso Configurados ,para poder realizar alguna actividad,buscar.', 1),
       (312, 'Guardar/Actualizar', 'business/humanResourcesDepartment/save', 310, 312, 'not-icon', 1,
        'Creación/Actualización de información Idioma', 1),
       (313, 'Editar ', '0', 310, 313, 'not-icon', 1, 'Formulario de Información para editar', 1),
       (314, 'Personal', 'business/humanResourcesEmployeeProfile/admin', 308, 314, 'not-icon', 0,
        'Administración delos procesos ,editar,crear,actualizar ,este permite saber si tiene acceso a este proceso.',
        1),
       (315, 'Administración Personal', 'business/humanResourcesEmployeeProfile/admin', 314, 315, 'not-icon', 1,
        'Administración delos procesos ,editar,crear,actualizar ,este permite saber si tiene acceso a este proceso.',
        1),
       (316, 'Grid', 'business/humanResourcesEmployeeProfile/admin', 315, 316, 'not-icon', 1,
        'Permite ver el listado existente del proceso Configurados ,para poder realizar alguna actividad,buscar.', 1),
       (317, 'Guardar/Actualizar', 'business/humanResourcesEmployeeProfile/save', 315, 317, 'not-icon', 1,
        'Creación/Actualización de información ', 1);
INSERT INTO `actions` (`id`, `name`, `link`, `parent_id`, `weight`, `icon`, `type`, `description`, `type_item`)
VALUES (318, 'Editar ', '0', 315, 318, 'not-icon', 1, 'Formulario de Información para editar', 1),
       (319, 'Formulario-Lista Departamentos', 'business/humanResourcesDepartment/listAll', 315, 319, 'not-icon', 1,
        'Obtiene los departamentos existentes', 1),
       (320, 'Personal-Gestión Usuario/Crear-Actualizar', '0', 315, 320, 'not-icon', 1,
        'Administración delos procesos ,editar,crear,actualizar ,este permite saber si tiene acceso a este proceso.',
        1),
       (321, 'Administración Personal-Gestión Usuario/Crear-Actualizar', '0', 315, 321, 'not-icon', 1,
        'Administración delos procesos ,editar,crear,actualizar ,este permite saber si tiene acceso a este proceso.',
        1),
       (322, 'Guardar/Actualizar', 'business/businessByEmployeeProfile/save', 315, 322, 'not-icon', 1,
        'Creación/Actualización de información', 1),
       (323, 'Formulario-Lista Roles', 'business/roles/listAll', 315, 323, 'not-icon', 1,
        'Obtiene los roles  existentes', 1),
       (324, 'Formulario-Unique User', 'user/unique/username', 315, 324, 'not-icon', 1,
        'Verifica si es unico el usuario asignar', 1),
       (325, 'Formulario-Unique Email', 'user/unique/email', 315, 325, 'not-icon', 1,
        'Verifica si es unico el email asignar', 1),
       (326, 'Formulario-Verify Password', 'user/equals/password', 315, 326, 'not-icon', 1,
        'Verifica si es la contrasenia anterior', 1),
       (327, 'Crm', 'business/customer/admin', NULL, 327, 'not-icon', 1,
        'La necesidad de manipular la información del cliente es mayor cada dia, por lo tanto este modulo permite la directa adminsitración de información de tus clientes, como estan creados, donde estan y detalles que te permiten estar muy cerca del cliente',
        1),
       (328, 'Clientes', 'business/customer/admin', 327, 328, 'not-icon', 0,
        'Permite ver el listado existente del proceso Configurados ,para poder realizar alguna actividad,buscar.', 1),
       (329, 'Grid', 'business/customer/admin', 328, 329, 'not-icon', 1,
        'Permite ver el listado existente del proceso Configurados ,para poder realizar alguna actividad,buscar.', 1),
       (330, 'Clientes', 'business/customer/admin', 329, 330, 'not-icon', 1,
        'Administración delos procesos ,editar,crear,actualizar ,este permite saber si tiene acceso a este proceso.',
        1),
       (331, 'Guardar/Actualizar', 'business/customer/save', 329, 331, 'not-icon', 1,
        'Creación/Actualización de información', 1),
       (332, 'Editar ', '0', 329, 332, 'not-icon', 1, 'Formulario de Información para editar', 1),
       (333, 'Clientes-Direcciónes', 'business/informationAddress/admin', 327, 333, 'not-icon', 1,
        'Administración delos procesos ,editar,crear,actualizar ,este permite saber si tiene acceso a este proceso.',
        1),
       (334, 'Gestión de Direcciónes', 'business/informationAddress/admin', 333, 334, 'not-icon', 1,
        'Administración delos procesos ,editar,crear,actualizar ,este permite saber si tiene acceso a este proceso.',
        1),
       (335, 'Guardar/Actualizar', 'business/informationAddress/save', 334, 335, 'not-icon', 1,
        'Creación/Actualización de información', 1),
       (336, 'Editar ', '0', 334, 336, 'not-icon', 1, 'Formulario de Información para editar', 1),
       (337, 'Grid', 'business/informationAddress/admin', 334, 337, 'not-icon', 1,
        'Permite ver el listado existente del proceso Configurados ,para poder realizar alguna actividad,buscar.', 1),
       (338, 'Formulario-Tipo', 'informationAddressType/listSelect2', 334, 338, 'not-icon', 1,
        'Permite obtener el listado de tipos de domicilio', 1),
       (339, 'Clientes-Telefonos', 'business/informationPhone/admin', 327, 339, 'not-icon', 1,
        'Administración delos procesos ,editar,crear,actualizar ,este permite saber si tiene acceso a este proceso.',
        1),
       (340, 'Gestión de Telefonos', 'business/informationPhone/admin', 339, 340, 'not-icon', 1,
        'Administración delos procesos ,editar,crear,actualizar ,este permite saber si tiene acceso a este proceso.',
        1),
       (341, 'Guardar/Actualizar', 'business/informationPhone/save', 340, 341, 'not-icon', 1,
        'Creación/Actualización de información', 1),
       (342, 'Editar ', '0', 340, 342, 'not-icon', 1, 'Formulario de Información para editar', 1),
       (343, 'Grid', 'business/informationPhone/admin', 340, 343, 'not-icon', 1,
        'Permite ver el listado existente del proceso Configurados ,para poder realizar alguna actividad,buscar.', 1),
       (344, 'Formulario-Operador', 'informationPhoneOperator/listSelect2', 340, 344, 'not-icon', 1,
        'Permite obtener el listado de tipos OPERADOR', 1),
       (345, 'Formulario-Tipo', 'informationPhoneType/listSelect2', 340, 345, 'not-icon', 1,
        'Permite obtener el listado de tipos ,CASA,PERSONAL..', 1),
       (346, 'Clientes-Emails', 'business/informationMail/admin', 327, 346, 'not-icon', 1,
        'Administración delos procesos ,editar,crear,actualizar ,este permite saber si tiene acceso a este proceso.',
        1),
       (347, 'Gestión de Emails', 'business/informationMail/admin', 346, 347, 'not-icon', 1,
        'Administración delos procesos ,editar,crear,actualizar ,este permite saber si tiene acceso a este proceso.',
        1),
       (348, 'Guardar/Actualizar', 'business/informationMail/save', 347, 348, 'not-icon', 1,
        'Creación/Actualización de información', 1),
       (349, 'Editar ', '0', 347, 349, 'not-icon', 1, 'Formulario de Información para editar', 1),
       (350, 'Grid', 'business/informationMail/admin', 347, 350, 'not-icon', 1,
        'Permite ver el listado existente del proceso Configurados ,para poder realizar alguna actividad,buscar.', 1),
       (351, 'Formulario-Tipo', 'informationMailType/listSelect2', 347, 351, 'not-icon', 1,
        'Permite obtener el listado de tipos de emails', 1),
       (352, 'Clientes-Redes Sociales', 'business/informationSocialNetwork/admin', 327, 352, 'not-icon', 1,
        'Administración delos procesos ,editar,crear,actualizar ,este permite saber si tiene acceso a este proceso.',
        1),
       (353, 'Gestión de Redes Sociales', 'business/informationSocialNetwork/admin', 352, 353, 'not-icon', 1,
        'Administración delos procesos ,editar,crear,actualizar ,este permite saber si tiene acceso a este proceso.',
        1),
       (354, 'Guardar/Actualizar', 'business/informationSocialNetwork/save', 353, 354, 'not-icon', 1,
        'Creación/Actualización de información', 1),
       (355, 'Editar ', '0', 353, 355, 'not-icon', 1, 'Formulario de Información para editar', 1),
       (356, 'Clientes Busqueda Map', 'business/informationSocialNetwork/admin', 327, 356, 'not-icon', 1,
        'Permite ver el listado existente del proceso Configurados ,para poder realizar alguna actividad,buscar.', 1),
       (357, 'Grid', 'business/informationSocialNetwork/admin', 356, 357, 'not-icon', 1,
        'Permite ver el listado existente del proceso Configurados ,para poder realizar alguna actividad,buscar.', 1),
       (358, 'Formulario-Tipo', 'informationSocialNetworkType/listSelect2', 357, 358, 'not-icon', 1,
        'Permite obtener el listado de tipos de emails', 1),
       (359, 'Gamificación', '0', NULL, 359, 'not-icon', 1, 'Formulario de Información de Clientes con direcciónes', 1),
       (360, 'Tipos de Actividad', '0', 359, 360, 'not-icon', 1,
        'Formulario de Información de Clientes con direcciónes', 1),
       (361, 'Ver ', '0', 360, 361, 'not-icon', 1, 'Formulario de Información de Clientes con direcciónes', 1),
       (362, 'Manager Search', 'business/customer/listAllInformationAddress', 361, 362, 'not-icon', 1,
        'Obtiene todos los clientes unicamente con dirección', 1),
       (363, 'Form-Search Cliente', 'business/customer/listS2InformationAddress', 361, 363, 'not-icon', 1,
        'Lista de clientes con direcciónes', 1),
       (364, 'Administración Actividades', 'gamificationTypeActivity/admin', 359, 364, 'not-icon', 1,
        'Administración delos procesos ,editar,crear,actualizar ,este permite saber si tiene acceso a este proceso.',
        1),
       (365, 'Tipos de Actividad', 'gamificationTypeActivity/admin', 364, 365, 'not-icon', 1,
        'Administración delos procesos ,editar,crear,actualizar ,este permite saber si tiene acceso a este proceso.',
        1),
       (366, 'Grid', 'gamificationTypeActivity/admin', 365, 366, 'not-icon', 1,
        'Permite ver el listado existente del proceso Configurados ,para poder realizar alguna actividad,buscar.', 1),
       (367, 'Guardar/Actualizar', 'gamificationTypeActivity/save', 365, 367, 'not-icon', 1,
        'Creación/Actualización de información', 1),
       (368, 'Editar ', '0', 365, 368, 'not-icon', 1, 'Formulario de Información para editar', 1),
       (369, 'Administración-Puntos Con Sus Actividades', 'businessByGamification/admin', 359, 369, 'not-icon', 0,
        'Administración delos procesos ,editar,crear,actualizar ,este permite saber si tiene acceso a este proceso.',
        1),
       (370, 'Administración-Entity', 'businessByGamification/admin', 369, 370, 'not-icon', 1,
        'Administración delos procesos ,editar,crear,actualizar ,este permite saber si tiene acceso a este proceso.',
        1),
       (371, 'Grid', 'businessByGamification/admin', 370, 371, 'not-icon', 1,
        'Permite ver el listado existente del proceso Configurados ,para poder realizar alguna actividad,buscar.', 1),
       (372, 'Guardar/Actualizar', 'businessByGamification/save', 370, 372, 'not-icon', 1,
        'Creación/Actualización de información', 1),
       (373, 'Editar ', '0', 370, 373, 'not-icon', 1, 'Formulario de Información para editar', 1),
       (374, 'Administración - Premios', 'gamificationByProcess/admin', 359, 374, 'not-icon', 0,
        'Administración delos procesos ,editar,crear,actualizar ,este permite saber si tiene acceso a este proceso.',
        1),
       (375, 'Administración-Puntos', 'gamificationByProcess/admin', 374, 375, 'not-icon', 1,
        'Administración delos procesos ,editar,crear,actualizar ,este permite saber si tiene acceso a este proceso.',
        1),
       (376, 'Grid', 'gamificationByProcess/admin', 375, 376, 'not-icon', 1,
        'Permite ver el listado existente del proceso Configurados ,para poder realizar alguna actividad,buscar.', 1),
       (377, 'Guardar/Actualizar', 'gamificationByProcess/save', 375, 377, 'not-icon', 1,
        'Creación/Actualización de información', 1),
       (378, 'Editar ', '0', 375, 378, 'not-icon', 1, 'Formulario de Información para editar', 1),
       (379, 'Form-Search Tipo Actividad Gamificación', 'gamificationTypeActivity/listSelect2', 375, 379, 'not-icon', 1,
        'Permite obtener el listado de tipos de Actividad', 1),
       (380, 'Puntos ', 'gamificationByRewards/admin', 359, 380, 'not-icon', 0,
        'Administración delos procesos ,editar,crear,actualizar ,este permite saber si tiene acceso a este proceso.',
        1),
       (381, 'Administración', 'gamificationByRewards/admin', 380, 381, 'not-icon', 1,
        'Administración delos procesos ,editar,crear,actualizar ,este permite saber si tiene acceso a este proceso.',
        1),
       (382, 'Grid', 'gamificationByRewards/admin', 381, 382, 'not-icon', 1,
        'Permite ver el listado existente del proceso Configurados ,para poder realizar alguna actividad,buscar.', 1),
       (383, 'Guardar/Actualizar', 'gamificationByRewards/save', 381, 383, 'not-icon', 1,
        'Creación/Actualización de información', 1),
       (384, 'Editar ', '0', 381, 384, 'not-icon', 1, 'Formulario de Información para editar', 1),
       (385, 'Form-Search Productos', 'business/products/listSelect2', 381, 385, 'not-icon', 1,
        'Permite obtener el listado de productos.', 1),
       (386, 'Form-Search Servicios', 'business/services/listSelect2', 381, 386, 'not-icon', 1,
        'Permite obtener el listado de servicios', 1),
       (387, 'Tienda', 'product/admin', NULL, 387, 'not-icon', 1,
        'El modulo tienda te permite manipular la información directa de tus productos, listado de tus productos, descuentos, inventarios y logistica seran administrados desde este modulo.',
        1),
       (388, 'Productos', 'product/admin', 387, 388, 'not-icon', 0,
        'Administración delos procesos ,editar,crear,actualizar ,este permite saber si tiene acceso a este proceso.',
        1),
       (389, 'Administración de Productos', 'product/admin', 388, 389, 'not-icon', 1,
        'Administración delos procesos ,editar,crear,actualizar ,este permite saber si tiene acceso a este proceso.',
        1),
       (390, 'Grid', 'product/admin', 389, 390, 'not-icon', 1,
        'Permite ver el listado existente del proceso Configurados ,para poder realizar alguna actividad,buscar.', 1),
       (391, 'Guardar/Actualizar', 'product/save', 389, 391, 'not-icon', 1, 'Creación/Actualización de información', 1),
       (392, 'Editar ', '0', 389, 392, 'not-icon', 1, 'Formulario de Información para editar', 1),
       (393, 'Form-Search Productos Marca', 'productTrademark/listSelect2', 389, 393, 'not-icon', 1,
        'Permite obtener el listado de MARCAS', 1),
       (394, 'Form-Search Categoria', 'productCategory/listSelect2', 389, 394, 'not-icon', 1,
        'Permite obtener el listado de CATEGORIAS', 1),
       (395, 'Form-Search Subcategoria', 'productCategory/listSelect2', 389, 395, 'not-icon', 1,
        'Permite obtener el listado de SUBCATEGORIAS', 1),
       (396, 'Form-Search Medidas', 'productMeasureType/listSelect2', 389, 396, 'not-icon', 1,
        'Permite obtener el listado de MEDIDAS', 1),
       (397, 'Productos-Galeria', 'productByMultimedia/admin', 387, 397, 'not-icon', 1,
        'Administración delos procesos ,editar,crear,actualizar ,este permite saber si tiene acceso a este proceso.',
        1),
       (398, 'Productos Galeria', 'productByMultimedia/admin', 397, 398, 'not-icon', 1,
        'Administración delos procesos ,editar,crear,actualizar ,este permite saber si tiene acceso a este proceso.',
        1),
       (399, 'Grid', 'productByMultimedia/admin', 398, 399, 'not-icon', 1,
        'Permite ver el listado existente del proceso Configurados ,para poder realizar alguna actividad,buscar.', 1),
       (400, 'Guardar/Actualizar', 'productByMultimedia/save', 398, 400, 'not-icon', 1,
        'Creación/Actualización de información', 1),
       (401, 'Editar ', '0', 398, 401, 'not-icon', 1, 'Formulario de Información para editar', 1),
       (402, 'Productos - Traducción', 'languageProduct/admin', 387, 402, 'not-icon', 1,
        'Administración delos procesos ,editar,crear,actualizar ,este permite saber si tiene acceso a este proceso.',
        1),
       (403, 'Traducción', 'languageProduct/admin', 402, 403, 'not-icon', 1,
        'Administración delos procesos ,editar,crear,actualizar ,este permite saber si tiene acceso a este proceso.',
        1),
       (404, 'Grid', 'languageProduct/admin', 403, 404, 'not-icon', 1,
        'Permite ver el listado existente del proceso Configurados ,para poder realizar alguna actividad,buscar.', 1),
       (405, 'Guardar/Actualizar', 'languageProduct/save', 403, 405, 'not-icon', 1,
        'Creación/Actualización de información', 1),
       (406, 'Editar ', '0', 403, 406, 'not-icon', 1, 'Formulario de Información para editar', 1),
       (407, 'Form-Search Idioma', 'language/listSelect2', 403, 407, 'not-icon', 1,
        'Permite obtener el listado de IDIOMAS', 1),
       (408, 'Gestión Servicios', 'productService/admin', 387, 408, 'not-icon', 0,
        'Administración delos procesos ,editar,crear,actualizar ,este permite saber si tiene acceso a este proceso.',
        1),
       (409, 'Servicios', 'productService/admin', 408, 409, 'not-icon', 1,
        'Administración delos procesos ,editar,crear,actualizar ,este permite saber si tiene acceso a este proceso.',
        1),
       (410, 'Guardar/Actualizar', 'productService/save', 409, 410, 'not-icon', 1,
        'Creación/Actualización de información', 1),
       (411, 'Productos Descuentos', 'businessByDiscount/admin', 387, 411, 'not-icon', 0,
        'Administración delos procesos ,editar,crear,actualizar ,este permite saber si tiene acceso a este proceso.',
        1),
       (412, 'Productos Descuentos', 'businessByDiscount/admin', 411, 412, 'not-icon', 1,
        'Administración delos procesos ,editar,crear,actualizar ,este permite saber si tiene acceso a este proceso.',
        1),
       (413, 'Grid', 'businessByDiscount/admin', 412, 413, 'not-icon', 1,
        'Permite ver el listado existente del proceso Configurados ,para poder realizar alguna actividad,buscar.', 1),
       (414, 'Guardar/Actualizar', 'businessByDiscount/save', 412, 414, 'not-icon', 1,
        'Creación/Actualización de información', 1),
       (415, 'Editar ', '0', 412, 415, 'not-icon', 1, 'Formulario de Información para editar', 1),
       (416, 'Form - Grid Productos', 'discountByProducts/adminProducts', 412, 416, 'not-icon', 1,
        'Permite obtener el listado de productos.', 1),
       (417, 'Configuración - Logistica Envio', 'businessByShippingRate/admin', 387, 417, 'not-icon', 0,
        'Administración delos procesos ,editar,crear,actualizar ,este permite saber si tiene acceso a este proceso.',
        1),
       (418, 'Logistica Gestión', 'businessByShippingRate/admin', 417, 418, 'not-icon', 1,
        'Administración delos procesos ,editar,crear,actualizar ,este permite saber si tiene acceso a este proceso.',
        1),
       (419, 'Grid', 'businessByShippingRate/admin', 418, 419, 'not-icon', 1,
        'Permite ver el listado existente del proceso Configurados ,para poder realizar alguna actividad,buscar.', 1),
       (420, 'Guardar/Actualizar', 'businessByShippingRate/save', 418, 420, 'not-icon', 1,
        'Creación/Actualización de información', 1),
       (421, 'Editar ', '0', 418, 421, 'not-icon', 1, 'Formulario de Información para editar', 1),
       (422, 'Form - Empresas de Envio', 'shippingRateBusiness/listSelect2', 418, 422, 'not-icon', 1,
        'Permite obtener el listado de empresas en el sistema.', 1),
       (423, 'Administración - Ordenes de Compras', 'orderPaymentsManager/admin', 387, 423, 'not-icon', 0,
        'Administración delos procesos ,editar,crear,actualizar ,este permite saber si tiene acceso a este proceso.',
        1),
       (424, 'Grid', 'orderPaymentsManager/admin', 423, 424, 'not-icon', 1,
        'Permite ver el listado existente del proceso Configurados ,para poder realizar alguna actividad,buscar.', 1),
       (425, 'Gestión Ordenes de Compra', 'orderPaymentsManager/admin', 424, 425, 'not-icon', 1,
        'Administración delos procesos ,editar,crear,actualizar ,este permite saber si tiene acceso a este proceso.',
        1),
       (426, 'Revisión  Pedido - Deposito', 'orderPaymentsManager/changeStateBankOrder', 424, 426, 'not-icon', 1,
        'Cambiar de estado de un pedido realizado atraves de un deposito bancario.', 1),
       (427, 'Realizar Entrega - Deposito', 'orderPaymentsManager/deliverOrder', 424, 427, 'not-icon', 1,
        'Realizar la gestión de la orden de un pedido realizado atraves de un deposito bancario.', 1),
       (428, 'Realizar Entrega - Tarjeta de Credito', 'orderPaymentsManager/deliverOrder', 424, 428, 'not-icon', 1,
        'Realizar la gestión de la orden de un pedido realizado atraves de una tarjeta de credito.', 1),
       (429, 'Rutas-Mapas', 'business/routes/adminBusiness', NULL, 429, 'not-icon', 1,
        'Administración delos procesos ,editar,crear,actualizar ,este permite saber si tiene acceso a este proceso.',
        1),
       (430, 'Chaquiñanes', 'business/routes/adminBusiness', 429, 430, 'not-icon', 0,
        'Administración delos procesos ,editar,crear,actualizar ,este permite saber si tiene acceso a este proceso.',
        1),
       (431, 'Administración de Chaquiñanes', 'business/routes/adminBusiness', 430, 431, 'not-icon', 1,
        'Administración delos procesos ,editar,crear,actualizar ,este permite saber si tiene acceso a este proceso.',
        1),
       (432, 'Grid', 'business/routes/adminBusiness', 431, 432, 'not-icon', 1,
        'Permite ver el listado existente del proceso Configurados ,para poder realizar alguna actividad,buscar.', 1),
       (433, 'Guardar/Actualizar', 'business/routes/saveBusiness', 431, 433, 'not-icon', 1,
        'Creación/Actualización de información', 1),
       (434, 'Editar ', '0', 431, 434, 'not-icon', 1, 'Formulario de Información para editar', 1),
       (435, 'Chaquiñanes - Galeria', 'business/panorama/adminBusiness', 429, 435, 'not-icon', 0,
        'Administración delos procesos ,editar,crear,actualizar ,este permite saber si tiene acceso a este proceso.',
        1),
       (436, 'Administración de Galeria Chaquiñanes', 'business/panorama/adminBusiness', 435, 436, 'not-icon', 1,
        'Administración delos procesos ,editar,crear,actualizar ,este permite saber si tiene acceso a este proceso.',
        1),
       (437, 'Grid', 'business/panorama/adminBusiness', 436, 437, 'not-icon', 1,
        'Permite ver el listado existente del proceso Configurados ,para poder realizar alguna actividad,buscar.', 1),
       (438, 'Guardar/Actualizar', 'business/panorama/saveToBusiness', 436, 438, 'not-icon', 1,
        'Creación/Actualización de información', 1),
       (439, 'Editar ', '0', 436, 439, 'not-icon', 1, 'Formulario de Información para editar', 1),
       (440, 'Form-Search Chaquiñanes', 'business/routes/markers/select', 436, 440, 'not-icon', 1,
        'Permite obtener listado de los chaquiñanes creados.', 1),
       (441, 'Web-Cms', 'templateInformation/admin', NULL, 441, 'not-icon', 1,
        'Los modulos web y cms info te permiten adminsitrar directamente la información que como empresa estas interesado en mostrar a tu cliente final. En la vida real buscas un local para dentro de tu espacio decorarlo y poder mostrar al publico tus productos o tus servicios, en este modulo es similar pero virtual. Todo lo que deseas mostrar de tu negocio lo manipularas y explotaras de una manera mas clara la información a tus clientes',
        1),
       (442, 'Administrar Web ', 'templateInformation/admin', 441, 442, 'not-icon', 0,
        'Administración delos procesos ,editar,crear,actualizar ,este permite saber si tiene acceso a este proceso.',
        1),
       (443, 'Administración de Chaquiñanes', 'templateInformation/admin', 442, 443, 'not-icon', 1,
        'Administración delos procesos ,editar,crear,actualizar ,este permite saber si tiene acceso a este proceso.',
        1),
       (444, 'Grid', 'templateInformation/admin', 443, 444, 'not-icon', 1,
        'Permite ver el listado existente del proceso Configurados ,para poder realizar alguna actividad,buscar.', 1),
       (445, 'Guardar/Actualizar', 'templateInformation/save', 443, 445, 'not-icon', 1,
        'Creación/Actualización de información', 1),
       (446, 'Editar ', '0', 443, 446, 'not-icon', 1, 'Formulario de Información para editar', 1),
       (447, 'Cms-Info', 'frontend/manager', NULL, 447, 'not-icon', 1,
        'Administración delos procesos ,editar,crear,actualizar ,este permite saber si tiene acceso a este proceso.',
        1),
       (448, 'Gestión Web', 'frontend/manager', 447, 448, 'not-icon', 0,
        'Administración delos procesos ,editar,crear,actualizar ,este permite saber si tiene acceso a este proceso.',
        1),
       (449, 'Administración Web', 'frontend/manager', 448, 449, 'not-icon', 1,
        'Administración delos procesos ,editar,crear,actualizar ,este permite saber si tiene acceso a este proceso.',
        1),
       (450, 'Cms-Slider', 'templateSlider/admin', NULL, 450, 'not-icon', 1,
        'La administración del Slider te permite mostrar con una imagen o varias imágenes cual es la información principal que quieres que tu cliente conozca, El slider principal es una valla o letrero que sera tu primera impresión ante tus clientes. Y tendras total manejo del mismo con su administración y detalles',
        1),
       (451, 'Principal', 'templateSlider/admin', 450, 451, 'not-icon', 0,
        'Administración delos procesos ,editar,crear,actualizar ,este permite saber si tiene acceso a este proceso.',
        1),
       (452, 'Gestión Galeria Principal', 'templateSlider/admin', 451, 452, 'not-icon', 1,
        'Administración delos procesos ,editar,crear,actualizar ,este permite saber si tiene acceso a este proceso.',
        1),
       (453, 'Grid', 'templateSlider/admin', 452, 453, 'not-icon', 1,
        'Permite ver el listado existente del proceso Configurados ,para poder realizar alguna actividad,buscar.', 1),
       (454, 'Guardar/Actualizar', 'templateSlider/save', 452, 454, 'not-icon', 1,
        'Creación/Actualización de información', 1),
       (455, 'Editar ', '0', 452, 455, 'not-icon', 1, 'Formulario de Información para editar', 1),
       (456, 'Principal-Data', 'templateSliderByImages/admin', 450, 456, 'not-icon', 1,
        'Administración delos procesos ,editar,crear,actualizar ,este permite saber si tiene acceso a este proceso.',
        1),
       (457, 'Gestión de Galeria', 'templateSliderByImages/admin', 456, 457, 'not-icon', 1,
        'Administración delos procesos ,editar,crear,actualizar ,este permite saber si tiene acceso a este proceso.',
        1),
       (458, 'Grid', 'templateSliderByImages/admin', 457, 458, 'not-icon', 1,
        'Permite ver el listado existente del proceso Configurados ,para poder realizar alguna actividad,buscar.', 1),
       (459, 'Guardar/Actualizar', 'templateSliderByImages/save', 457, 459, 'not-icon', 1,
        'Creación/Actualización de información', 1),
       (460, 'Editar ', '0', 457, 460, 'not-icon', 1, 'Formulario de Información para editar', 1),
       (461, 'Principal - Data - Traducción', 'languageTemplateSliderByImages/admin', 450, 461, 'not-icon', 1,
        'Administración delos procesos ,editar,crear,actualizar ,este permite saber si tiene acceso a este proceso.',
        1),
       (462, 'Gestión de Traducción', 'languageTemplateSliderByImages/admin', 461, 462, 'not-icon', 1,
        'Administración delos procesos ,editar,crear,actualizar ,este permite saber si tiene acceso a este proceso.',
        1),
       (463, 'Grid', 'languageTemplateSliderByImages/admin', 462, 463, 'not-icon', 1,
        'Permite ver el listado existente del proceso Configurados ,para poder realizar alguna actividad,buscar.', 1),
       (464, 'Guardar/Actualizar', 'templateSliderByImages/save', 462, 464, 'not-icon', 1,
        'Creación/Actualización de información', 1),
       (465, 'Editar ', '0', 462, 465, 'not-icon', 1, 'Formulario de Información para editar', 1),
       (466, 'Form-Idioma Search', 'language/listSelect2', 462, 466, 'not-icon', 1,
        'Permite obtener el listado de IDIOMAS', 1),
       (467, 'Eliminar ', 'languageTemplateSliderByImages/delete', 462, 467, 'not-icon', 1, 'Elimina un registro.', 1),
       (468, 'Actividades Gamificación', 'templateSlider/adminActivitiesGamification', 450, 468, 'not-icon', 0,
        'Administración delos procesos ,editar,crear,actualizar ,este permite saber si tiene acceso a este proceso.',
        1),
       (469, 'Actividades Gamificación', 'templateSlider/adminActivitiesGamification', 468, 469, 'not-icon', 1,
        'Administración delos procesos ,editar,crear,actualizar ,este permite saber si tiene acceso a este proceso.',
        1),
       (470, 'Grid', 'templateSlider/adminActivitiesGamification', 469, 470, 'not-icon', 1,
        'Permite ver el listado existente del proceso Configurados ,para poder realizar alguna actividad,buscar.', 1),
       (471, 'Guardar/Actualizar', 'templateSlider/saveActivitiesGamification', 469, 471, 'not-icon', 1,
        'Creación/Actualización de información', 1),
       (472, 'Editar ', '0', 469, 472, 'not-icon', 1, 'Formulario de Información para editar', 1),
       (473, 'Actividades Gamificación-Data', 'templateSliderByImages/adminActivitiesGamification', 450, 473,
        'not-icon', 1,
        'Administración delos procesos ,editar,crear,actualizar ,este permite saber si tiene acceso a este proceso.',
        1),
       (474, 'Gestión de Galeria', 'templateSliderByImages/adminActivitiesGamification', 473, 474, 'not-icon', 1,
        'Administración delos procesos ,editar,crear,actualizar ,este permite saber si tiene acceso a este proceso.',
        1),
       (475, 'Grid', 'templateSliderByImages/adminActivitiesGamification', 474, 475, 'not-icon', 1,
        'Permite ver el listado existente del proceso Configurados ,para poder realizar alguna actividad,buscar.', 1),
       (476, 'Guardar/Actualizar', 'templateSliderByImages/saveActivitiesGamification', 474, 476, 'not-icon', 1,
        'Creación/Actualización de información', 1),
       (477, 'Editar ', '0', 474, 477, 'not-icon', 1, 'Formulario de Información para editar', 1),
       (478, 'Actividades Gamificación - Data - Traducción',
        'languageTemplateSliderByImages/adminActivitiesGamification', 450, 478, 'not-icon', 1,
        'Administración delos procesos ,editar,crear,actualizar ,este permite saber si tiene acceso a este proceso.',
        1),
       (479, 'Gestión de Traducción', 'languageTemplateSliderByImages/adminActivitiesGamification', 478, 479,
        'not-icon', 1,
        'Administración delos procesos ,editar,crear,actualizar ,este permite saber si tiene acceso a este proceso.',
        1),
       (480, 'Grid', 'languageTemplateSliderByImages/adminActivitiesGamification', 479, 480, 'not-icon', 1,
        'Permite ver el listado existente del proceso Configurados ,para poder realizar alguna actividad,buscar.', 1),
       (481, 'Guardar/Actualizar', 'languageTemplateSliderByImages/saveActivitiesGamification', 479, 481, 'not-icon', 1,
        'Creación/Actualización de información', 1),
       (482, 'Editar ', '0', 479, 482, 'not-icon', 1, 'Formulario de Información para editar', 1),
       (483, 'Form-Idioma Search', 'language/listSelect2', 479, 483, 'not-icon', 1,
        'Permite obtener el listado de IDIOMAS', 1),
       (484, 'Eliminar ', 'languageTemplateSliderByImages/delete', 479, 484, 'not-icon', 1, 'Elimina un registro.', 1),
       (485, 'Premios Gamificación', 'templateSlider/adminRewardsGamification', 450, 485, 'not-icon', 0,
        'Administración delos procesos ,editar,crear,actualizar ,este permite saber si tiene acceso a este proceso.',
        1),
       (486, 'Premios Gamificación', 'templateSlider/adminRewardsGamification', 485, 486, 'not-icon', 1,
        'Administración delos procesos ,editar,crear,actualizar ,este permite saber si tiene acceso a este proceso.',
        1),
       (487, 'Grid', 'templateSlider/adminRewardsGamification', 486, 487, 'not-icon', 1,
        'Permite ver el listado existente del proceso Configurados ,para poder realizar alguna actividad,buscar.', 1),
       (488, 'Guardar/Actualizar', 'templateSlider/saveRewardsGamification', 486, 488, 'not-icon', 1,
        'Creación/Actualización de información', 1),
       (489, 'Editar ', '0', 486, 489, 'not-icon', 1, 'Formulario de Información para editar', 1),
       (490, 'Premios Gamificación-Data', 'templateSliderByImages/adminRewardsGamification', 450, 490, 'not-icon', 1,
        'Administración delos procesos ,editar,crear,actualizar ,este permite saber si tiene acceso a este proceso.',
        1),
       (491, 'Gestión de Galeria', 'templateSliderByImages/adminRewardsGamification', 490, 491, 'not-icon', 1,
        'Administración delos procesos ,editar,crear,actualizar ,este permite saber si tiene acceso a este proceso.',
        1),
       (492, 'Grid', 'templateSliderByImages/adminRewardsGamification', 491, 492, 'not-icon', 1,
        'Permite ver el listado existente del proceso Configurados ,para poder realizar alguna actividad,buscar.', 1),
       (493, 'Guardar/Actualizar', 'templateSliderByImages/saveRewardsGamification', 491, 493, 'not-icon', 1,
        'Creación/Actualización de información', 1),
       (494, 'Editar ', '0', 491, 494, 'not-icon', 1, 'Formulario de Información para editar', 1),
       (495, 'Premios Gamificación - Data - Traducción', 'languageTemplateSliderByImages/adminRewardsGamification', 450,
        495, 'not-icon', 1,
        'Administración delos procesos ,editar,crear,actualizar ,este permite saber si tiene acceso a este proceso.',
        1),
       (496, 'Gestión de Traducción', 'languageTemplateSliderByImages/adminRewardsGamification', 495, 496, 'not-icon',
        1, 'Administración delos procesos ,editar,crear,actualizar ,este permite saber si tiene acceso a este proceso.',
        1),
       (497, 'Grid', 'languageTemplateSliderByImages/adminRewardsGamification', 496, 497, 'not-icon', 1,
        'Permite ver el listado existente del proceso Configurados ,para poder realizar alguna actividad,buscar.', 1),
       (498, 'Guardar/Actualizar', 'languageTemplateSliderByImages/saveRewardsGamification', 496, 498, 'not-icon', 1,
        'Creación/Actualización de información', 1),
       (499, 'Editar ', '0', 496, 499, 'not-icon', 1, 'Formulario de Información para editar', 1),
       (500, 'Form-Idioma Search', 'language/listSelect2', 496, 500, 'not-icon', 1,
        'Permite obtener el listado de IDIOMAS', 1),
       (501, 'Eliminar ', 'languageTemplateSliderByImages/delete', 496, 501, 'not-icon', 1, 'Elimina un registro.', 1),
       (502, 'Csm-Sectións', 'templateAboutUs/admin', NULL, 502, 'not-icon', 1,
        'Las secciónes del CMS te permiten mostrar mucho mas de tu empresa, cada sección creada aquí es una ventana nueva en dentro de tu pagina web, cada una de estas seran secciónes que con detalles, ilustraciónes, texto y demas puedas explicar a tu cliente cosas como: Quienes somos, nuestros servicios, como contactarnos y si tienes un ecommerce detalles como nuestras politicas de ventas y nuestros terminos.',
        1),
       (503, 'Quienes Somos', 'templateAboutUs/admin', 502, 503, 'not-icon', 0,
        'Administración delos procesos ,editar,crear,actualizar ,este permite saber si tiene acceso a este proceso.',
        1),
       (504, 'Administración Quienes Somos', 'templateAboutUs/admin', 503, 504, 'not-icon', 1,
        'Administración delos procesos ,editar,crear,actualizar ,este permite saber si tiene acceso a este proceso.',
        1),
       (505, 'Grid', 'templateAboutUs/admin', 504, 505, 'not-icon', 1,
        'Permite ver el listado existente del proceso Configurados ,para poder realizar alguna actividad,buscar.', 1),
       (506, 'Guardar/Actualizar', 'templateAboutUs/save', 504, 506, 'not-icon', 1,
        'Creación/Actualización de información', 1),
       (507, 'Editar ', '0', 504, 507, 'not-icon', 1, 'Formulario de Información para editar', 1),
       (508, 'Quienes Somos-Traducción', 'languageTemplateAboutUs/admin', 502, 508, 'not-icon', 1,
        'Administración delos procesos ,editar,crear,actualizar ,este permite saber si tiene acceso a este proceso.',
        1),
       (509, 'Quienes Somos-Traducción', 'languageTemplateAboutUs/admin', 508, 509, 'not-icon', 1,
        'Administración delos procesos ,editar,crear,actualizar ,este permite saber si tiene acceso a este proceso.',
        1),
       (510, 'Grid', 'languageTemplateAboutUs/admin', 509, 510, 'not-icon', 1,
        'Permite ver el listado existente del proceso Configurados ,para poder realizar alguna actividad,buscar.', 1),
       (511, 'Guardar/Actualizar', 'languageTemplateAboutUs/save', 509, 511, 'not-icon', 1,
        'Creación/Actualización de información', 1),
       (512, 'Form-Idioma Search', 'language/listSelect2', 509, 512, 'not-icon', 1,
        'Permite obtener el listado de IDIOMAS', 1),
       (513, 'Eliminar ', 'languageTemplateAboutUs/delete', 509, 513, 'not-icon', 1, 'Elimina un registro.', 1),
       (514, 'Editar ', '0', 509, 514, 'not-icon', 1, 'Formulario de Información para editar', 1),
       (515, 'Quienes Somos - Data', 'templateAboutUsByData/admin', 502, 515, 'not-icon', 1,
        'Administración delos procesos ,editar,crear,actualizar ,este permite saber si tiene acceso a este proceso.',
        1),
       (516, 'Gestión de Traducción', 'templateAboutUsByData/admin', 515, 516, 'not-icon', 1,
        'Administración delos procesos ,editar,crear,actualizar ,este permite saber si tiene acceso a este proceso.',
        1),
       (517, 'Grid', 'templateAboutUsByData/admin', 516, 517, 'not-icon', 1,
        'Permite ver el listado existente del proceso Configurados ,para poder realizar alguna actividad,buscar.', 1),
       (518, 'Guardar/Actualizar', 'templateAboutUsByData/save', 516, 518, 'not-icon', 1,
        'Creación/Actualización de información', 1),
       (519, 'Editar ', '0', 516, 519, 'not-icon', 1, 'Formulario de Información para editar', 1),
       (520, 'Quienes Somos - Data - Traducción', 'languageTemplateAboutUsByData/admin', 502, 520, 'not-icon', 1,
        'Administración delos procesos ,editar,crear,actualizar ,este permite saber si tiene acceso a este proceso.',
        1),
       (521, 'Gestión de Traducción', 'languageTemplateAboutUsByData/admin', 520, 521, 'not-icon', 1,
        'Administración delos procesos ,editar,crear,actualizar ,este permite saber si tiene acceso a este proceso.',
        1),
       (522, 'Grid', 'languageTemplateAboutUsByData/admin', 521, 522, 'not-icon', 1,
        'Permite ver el listado existente del proceso Configurados ,para poder realizar alguna actividad,buscar.', 1),
       (523, 'Guardar/Actualizar', 'languageTemplateAboutUsByData/save', 521, 523, 'not-icon', 1,
        'Creación/Actualización de información', 1),
       (524, 'Editar ', '0', 521, 524, 'not-icon', 1, 'Formulario de Información para editar', 1),
       (525, 'Form-Idioma Search', 'language/listSelect2', 521, 525, 'not-icon', 1,
        'Permite obtener el listado de IDIOMAS', 1),
       (526, 'Eliminar ', 'languageTemplateAboutUsByData/delete', 521, 526, 'not-icon', 1, 'Elimina un registro.', 1),
       (527, 'Politicas/Terminos', 'templatePolicies/admin', 502, 527, 'not-icon', 0,
        'Administración delos procesos ,editar,crear,actualizar ,este permite saber si tiene acceso a este proceso.',
        1),
       (528, 'Administración Politicas/Terminos', 'templatePolicies/admin', 527, 528, 'not-icon', 1,
        'Administración delos procesos ,editar,crear,actualizar ,este permite saber si tiene acceso a este proceso.',
        1),
       (529, 'Grid', 'templatePolicies/admin', 528, 529, 'not-icon', 1,
        'Permite ver el listado existente del proceso Configurados ,para poder realizar alguna actividad,buscar.', 1),
       (530, 'Guardar/Actualizar', 'templatePolicies/save', 528, 530, 'not-icon', 1,
        'Creación/Actualización de información', 1),
       (531, 'Editar ', '0', 528, 531, 'not-icon', 1, 'Formulario de Información para editar', 1),
       (532, 'Politicas/Terminos - Traducción', 'languageTemplatePolicies/admin', 502, 532, 'not-icon', 1,
        'Administración delos procesos ,editar,crear,actualizar ,este permite saber si tiene acceso a este proceso.',
        1),
       (533, 'Politicas/Terminos-Traducción', 'languageTemplatePolicies/admin', 532, 533, 'not-icon', 1,
        'Administración delos procesos ,editar,crear,actualizar ,este permite saber si tiene acceso a este proceso.',
        1),
       (534, 'Grid', 'languageTemplatePolicies/admin', 533, 534, 'not-icon', 1,
        'Permite ver el listado existente del proceso Configurados ,para poder realizar alguna actividad,buscar.', 1),
       (535, 'Guardar/Actualizar', 'languageTemplatePolicies/save', 533, 535, 'not-icon', 1,
        'Creación/Actualización de información', 1),
       (536, 'Form-Idioma Search', 'language/listSelect2', 533, 536, 'not-icon', 1,
        'Permite obtener el listado de IDIOMAS', 1),
       (537, 'Eliminar ', 'languageTemplatePolicies/delete', 533, 537, 'not-icon', 1, 'Elimina un registro.', 1),
       (538, 'Editar ', '0', 533, 538, 'not-icon', 1, 'Formulario de Información para editar', 1),
       (539, 'Servicios', 'templateServices/admin', 502, 539, 'not-icon', 0,
        'Administración delos procesos ,editar,crear,actualizar ,este permite saber si tiene acceso a este proceso.',
        1),
       (540, 'Administración Servicios', 'templateServices/admin', 539, 540, 'not-icon', 1,
        'Administración delos procesos ,editar,crear,actualizar ,este permite saber si tiene acceso a este proceso.',
        1),
       (541, 'Grid', 'templateServices/admin', 540, 541, 'not-icon', 1,
        'Permite ver el listado existente del proceso Configurados ,para poder realizar alguna actividad,buscar.', 1),
       (542, 'Guardar/Actualizar', 'templateServices/save', 540, 542, 'not-icon', 1,
        'Creación/Actualización de información', 1),
       (543, 'Editar ', '0', 540, 543, 'not-icon', 1, 'Formulario de Información para editar', 1),
       (544, 'Servicios-Traducción', 'languageTemplateServices/admin', 502, 544, 'not-icon', 1,
        'Administración delos procesos ,editar,crear,actualizar ,este permite saber si tiene acceso a este proceso.',
        1),
       (545, 'Servicios - Traducción', 'languageTemplateServices/admin', 544, 545, 'not-icon', 1,
        'Administración delos procesos ,editar,crear,actualizar ,este permite saber si tiene acceso a este proceso.',
        1),
       (546, 'Grid', 'languageTemplateServices/admin', 545, 546, 'not-icon', 1,
        'Permite ver el listado existente del proceso Configurados ,para poder realizar alguna actividad,buscar.', 1),
       (547, 'Guardar/Actualizar', 'languageTemplateServices/save', 545, 547, 'not-icon', 1,
        'Creación/Actualización de información', 1),
       (548, 'Form-Idioma Search', 'language/listSelect2', 545, 548, 'not-icon', 1,
        'Permite obtener el listado de IDIOMAS', 1),
       (549, 'Eliminar ', 'languageTemplateServices/delete', 545, 549, 'not-icon', 1, 'Elimina un registro.', 1),
       (550, 'Editar ', '0', 545, 550, 'not-icon', 1, 'Formulario de Información para editar', 1),
       (551, 'Servicios - Data - Traducción', 'templateServicesByData/admin', 502, 551, 'not-icon', 1,
        'Administración delos procesos ,editar,crear,actualizar ,este permite saber si tiene acceso a este proceso.',
        1),
       (552, 'Gestión de Traducción', 'templateServicesByData/admin', 551, 552, 'not-icon', 1,
        'Administración delos procesos ,editar,crear,actualizar ,este permite saber si tiene acceso a este proceso.',
        1),
       (553, 'Grid', 'templateServicesByData/admin', 552, 553, 'not-icon', 1,
        'Permite ver el listado existente del proceso Configurados ,para poder realizar alguna actividad,buscar.', 1),
       (554, 'Guardar/Actualizar', 'templateServicesByData/save', 552, 554, 'not-icon', 1,
        'Creación/Actualización de información', 1),
       (555, 'Editar ', '0', 552, 555, 'not-icon', 1, 'Formulario de Información para editar', 1),
       (556, 'Contactanos', 'languageTemplateServicesByData/admin', 502, 556, 'not-icon', 0,
        'Administración delos procesos ,editar,crear,actualizar ,este permite saber si tiene acceso a este proceso.',
        1),
       (557, 'Gestión de Traducción', 'languageTemplateServicesByData/admin', 556, 557, 'not-icon', 1,
        'Administración delos procesos ,editar,crear,actualizar ,este permite saber si tiene acceso a este proceso.',
        1),
       (558, 'Grid', 'languageTemplateServicesByData/admin', 557, 558, 'not-icon', 1,
        'Permite ver el listado existente del proceso Configurados ,para poder realizar alguna actividad,buscar.', 1),
       (559, 'Guardar/Actualizar', 'languageTemplateServicesByData/save', 557, 559, 'not-icon', 1,
        'Creación/Actualización de información', 1),
       (560, 'Editar ', '0', 557, 560, 'not-icon', 1, 'Formulario de Información para editar', 1),
       (561, 'Form-Idioma Search', 'language/listSelect2', 557, 561, 'not-icon', 1,
        'Permite obtener el listado de IDIOMAS', 1),
       (562, 'Eliminar ', 'languageTemplateServicesByData/delete', 557, 562, 'not-icon', 1, 'Elimina un registro.', 1),
       (563, 'Contactanos', 'templateContactUs/getContactUsData', 557, 563, 'not-icon', 1,
        'Administración delos procesos ,editar,crear,actualizar ,este permite saber si tiene acceso a este proceso.',
        1),
       (564, 'Obtención de Datos Contactanos', 'templateContactUs/getContactUsData', 557, 564, 'not-icon', 1, '0', 1),
       (565, 'Upload Marker ', 'templateContactUs/uploadImage', 557, 565, 'not-icon', 1,
        'Administra la subida de un marker que se mostrara en un mapa ', 1),
       (566, 'Guardar/Actualizar Información Empresarial', 'business/saveDataFrontend', 557, 566, 'not-icon', 1,
        'Administra y guarda información de una empresa tales como dirección y contacto email y telefono prinicpal ,ubicación.',
        1),
       (567, 'Add - Redes Sociales', '0', 557, 567, 'not-icon', 1, 'Mostrar Formulario para agregar una red Social', 1),
       (568, 'Guardar/Actualizar - Redes Sociales', 'informationSocialNetwork/saveFrontend', 557, 568, 'not-icon', 1,
        'Creación/Actualización de información', 1),
       (569, 'Editar - Redes Sociales', '0', 557, 569, 'not-icon', 1, 'Formulario de Información para editar', 1),
       (570, 'Eliminar  - Redes Sociales', 'informationSocialNetwork/deleteFrontend', 557, 570, 'not-icon', 1,
        'Elimina un registro.', 1),
       (571, 'Add - Correos Contactanos', '0', 557, 571, 'not-icon', 1,
        'Mostrar Formulario para agregar un Correos Contactanos', 1),
       (572, 'Guardar/Actualizar - Correos Contactanos', 'templateConfigMailingByEmails/save', 557, 572, 'not-icon', 1,
        'Creación/Actualización de información', 1),
       (573, 'Editar - Correos Contactanos', '0', 557, 573, 'not-icon', 1, 'Formulario de Información para editar', 1),
       (574, 'Eliminar  - Correos Contactanos', 'templateConfigMailingByEmails/deleteFrontend', 557, 574, 'not-icon', 1,
        'Elimina un registro.', 1),
       (575, 'Grid-Correo Contactanos', 'templateConfigMailingByEmails/admin', 557, 575, 'not-icon', 1,
        'Permite ver el listado existente del proceso Configurados ,para poder realizar alguna actividad,buscar.', 1),
       (576, 'Chat Facebook Configuración', 'templateChatApi/save', 557, 576, 'not-icon', 1,
        'Creación/Actualización de información', 1),
       (577, 'Configuraciónes', 'templateBySource/getSourcesTypesData\n\n', NULL, 577, 'not-icon', 1,
        'Del mismo modo, la pagina web del sistema no es solo información se necesita de detalles como es el logo que estara presente en todo el sistema web y su ICO que es una imagen mucho mas pequeña pero que apareceran en todas las miniaturas de pestañas de varios navegadores. Las formas de pago del mismo modo apareceran en esta opción aunque para poder manipular estas se debe tener autorizaciónes de los adminsitradores del sistema debido a que para autorizar muchos de estos tipos de pagos no solo conllevan activarlos por parte de los desarrolladores del producto sino mas bien de personas o entidades como son bancos o empresas que ofrecen el servicio de pasarela de pagos',
        1),
       (578, 'Recursos Imagenes', 'templateBySource/getSourcesTypesData\n\n', 577, 578, 'not-icon', 0,
        'Administración delos procesos ,editar,crear,actualizar ,este permite saber si tiene acceso a este proceso.',
        1),
       (579, 'Administración Recursos Imagenes', 'templateBySource/getSourcesTypesData\n\n', 578, 579, 'not-icon', 1,
        'Administración delos procesos ,editar,crear,actualizar ,este permite saber si tiene acceso a este proceso.',
        1),
       (580, 'Obtención de Datos Recursos', 'templateBySource/getSourcesTypesData', 579, 580, 'not-icon', 1, '0', 1),
       (581, 'Guardar/Actualizar - Logo Principal', 'templateBySource/save', 579, 581, 'not-icon', 1,
        'Creación/Actualización Logo principal', 1),
       (582, 'Guardar/Actualizar - Favicon', 'templateBySource/save', 579, 582, 'not-icon', 1,
        'Creación/Actualización Favicon', 1),
       (583, 'Formas de Pago', 'templatePayments/admin', 577, 583, 'not-icon', 0,
        'Administración delos procesos ,editar,crear,actualizar ,este permite saber si tiene acceso a este proceso.',
        1),
       (584, 'Administración Formas de Pago', 'templatePayments/admin', 583, 584, 'not-icon', 1,
        'Administración delos procesos ,editar,crear,actualizar ,este permite saber si tiene acceso a este proceso.',
        1),
       (585, 'Grid', 'templatePayments/admin', 584, 585, 'not-icon', 1,
        'Permite ver el listado existente del proceso Configurados ,para poder realizar alguna actividad,buscar.', 1),
       (586, 'Guardar/Actualizar', 'templatePayments/save', 584, 586, 'not-icon', 1,
        'Creación/Actualización de información', 1),
       (587, 'Editar ', '0', 584, 587, 'not-icon', 1, 'Formulario de Información para editar', 1),
       (588, 'Gestión Reparación', 'repairProductByBusiness/admin', NULL, 588, 'not-icon', 1,
        'Administración delos procesos ,editar,crear,actualizar ,este permite saber si tiene acceso a este proceso.',
        1),
       (589, 'Partes/Otros', 'repairProductByBusiness/admin', 588, 589, 'not-icon', 0,
        'Administración delos procesos ,editar,crear,actualizar ,este permite saber si tiene acceso a este proceso.',
        1),
       (590, 'Administración Partes/Otros', 'repairProductByBusiness/admin', 589, 590, 'not-icon', 1,
        'Administración delos procesos ,editar,crear,actualizar ,este permite saber si tiene acceso a este proceso.',
        1),
       (591, 'Grid', 'repairProductByBusiness/admin', 590, 591, 'not-icon', 1,
        'Permite ver el listado existente del proceso Configurados ,para poder realizar alguna actividad,buscar.', 1),
       (592, 'Guardar/Actualizar', 'repairProductByBusiness/save', 590, 592, 'not-icon', 1,
        'Creación/Actualización de información', 1),
       (593, 'Editar ', '0', 590, 593, 'not-icon', 1, 'Formulario de Información para editar', 1),
       (594, 'Administración Reparación', 'repair/admin', 588, 594, 'not-icon', 0,
        'Administración delos procesos ,editar,crear,actualizar ,este permite saber si tiene acceso a este proceso.',
        1),
       (595, 'Partes/Otros', 'repair/admin', 594, 595, 'not-icon', 1,
        'Administración delos procesos ,editar,crear,actualizar ,este permite saber si tiene acceso a este proceso.',
        1),
       (596, 'Grid', 'repair/admin', 595, 596, 'not-icon', 1,
        'Permite ver el listado existente del proceso Configurados ,para poder realizar alguna actividad,buscar.', 1),
       (597, 'Guardar/Actualizar', 'repair/save', 595, 597, 'not-icon', 1, 'Creación/Actualización de información', 1),
       (598, 'Editar ', '0', 595, 598, 'not-icon', 1, 'Formulario de Información para editar', 1),
       (599, 'Form-Clientes Search', 'business/customer/listRepair', 595, 599, 'not-icon', 1,
        'Permite obtener el listado de Clientes', 1),
       (600, 'Form-Marca Search', 'productTrademark/listSelect2', 595, 600, 'not-icon', 1,
        'Permite obtener el listado de Marcas', 1),
       (601, 'Form-Color Search', 'productColor/listSelect2', 595, 601, 'not-icon', 1,
        'Permite obtener el listado de Colores', 1),
       (602, 'Form-Partes Otros Search', 'repairProductByBusiness/listSelect2', 595, 602, 'not-icon', 1,
        'Permite obtener el listado de Partes /Otros', 1),
       (603, 'Grid-Data ', 'repair/getResults', 595, 603, 'not-icon', 1, 'Permite obtener DATOS ESTADISTICOS', 1),
       (604, 'Save Customer ', 'business/customer/saveFix', 595, 604, 'not-icon', 1, 'Permite GUARDAR UN CLIENTE', 1),
       (605, 'Hoteleria', 'business/lodgingTypeOfRoom/admin', NULL, 605, 'not-icon', 1,
        'Administración delos procesos ,editar,crear,actualizar ,este permite saber si tiene acceso a este proceso.',
        1),
       (606, 'Tipos de Habitación', 'business/lodgingTypeOfRoom/admin', 605, 606, 'not-icon', 0,
        'Administración delos procesos ,editar,crear,actualizar ,este permite saber si tiene acceso a este proceso.',
        1),
       (607, 'Administración Tipos de Habitación', 'business/lodgingTypeOfRoom/admin', 606, 607, 'not-icon', 1,
        'Administración delos procesos ,editar,crear,actualizar ,este permite saber si tiene acceso a este proceso.',
        1),
       (608, 'Grid', 'business/lodgingTypeOfRoom/admin', 607, 608, 'not-icon', 1,
        'Permite ver el listado existente del proceso Configurados ,para poder realizar alguna actividad,buscar.', 1),
       (609, 'Guardar/Actualizar', 'business/lodgingTypeOfRoom/save', 607, 609, 'not-icon', 1,
        'Creación/Actualización de información', 1),
       (610, 'Niveles de Habitación', 'business/lodgingRoomLevels/admin', 605, 610, 'not-icon', 0,
        'Administración delos procesos ,editar,crear,actualizar ,este permite saber si tiene acceso a este proceso.',
        1),
       (611, 'Niveles de Habitación', 'business/lodgingRoomLevels/admin', 610, 611, 'not-icon', 1,
        'Administración delos procesos ,editar,crear,actualizar ,este permite saber si tiene acceso a este proceso.',
        1),
       (612, 'Editar ', '0', 611, 612, 'not-icon', 1, 'Formulario de Información para editar', 1),
       (613, 'Grid', 'business/lodgingRoomLevels/admin', 611, 613, 'not-icon', 1,
        'Permite ver el listado existente del proceso Configurados ,para poder realizar alguna actividad,buscar.', 1),
       (614, 'Guardar/Actualizar', 'business/lodgingRoomLevels/save', 611, 614, 'not-icon', 1,
        'Creación/Actualización de información', 1),
       (615, 'Caracteristicas de Habitación', 'business/lodgingRoomFeatures/admin', 605, 615, 'not-icon', 0,
        'Administración delos procesos ,editar,crear,actualizar ,este permite saber si tiene acceso a este proceso.',
        1),
       (616, 'Caracteristicas de Habitación', 'business/lodgingRoomFeatures/admin', 615, 616, 'not-icon', 1,
        'Administración delos procesos ,editar,crear,actualizar ,este permite saber si tiene acceso a este proceso.',
        1),
       (617, 'Editar ', '0', 616, 617, 'not-icon', 1, 'Formulario de Información para editar', 1),
       (618, 'Grid', 'business/lodgingRoomFeatures/admin', 616, 618, 'not-icon', 1,
        'Permite ver el listado existente del proceso Configurados ,para poder realizar alguna actividad,buscar.', 1),
       (619, 'Guardar/Actualizar', 'business/lodgingRoomFeatures/save', 616, 619, 'not-icon', 1,
        'Creación/Actualización de información', 1),
       (620, 'Habitaciónes', 'business/lodgingTypeOfRoomByPrice/admin', 605, 620, 'not-icon', 0,
        'Administración delos procesos ,editar,crear,actualizar ,este permite saber si tiene acceso a este proceso.',
        1),
       (621, 'Caracteristicas de Habitación', 'business/lodgingTypeOfRoomByPrice/admin', 620, 621, 'not-icon', 1,
        'Administración delos procesos ,editar,crear,actualizar ,este permite saber si tiene acceso a este proceso.',
        1),
       (622, 'Editar ', '0', 621, 622, 'not-icon', 1, 'Formulario de Información para editar', 1),
       (623, 'Grid', 'business/lodgingTypeOfRoomByPrice/admin', 621, 623, 'not-icon', 1,
        'Permite ver el listado existente del proceso Configurados ,para poder realizar alguna actividad,buscar.', 1);
INSERT INTO `actions` (`id`, `name`, `link`, `parent_id`, `weight`, `icon`, `type`, `description`, `type_item`)
VALUES (624, 'Guardar/Actualizar', 'business/lodgingTypeOfRoomByPrice/save', 621, 624, 'not-icon', 1,
        'Creación/Actualización de información', 1),
       (625, 'Editar ', '0', 621, 625, 'not-icon', 1, 'Formulario de Información para editar', 1),
       (626, 'Form-Tipo Habitación Search', 'business/lodgingTypeOfRoom/listSelect2', 621, 626, 'not-icon', 1,
        'Permite obtener el listado de Tipo Habitación', 1),
       (627, 'Form-Niveles Search', 'business/lodgingRoomLevels/listSelect2', 621, 627, 'not-icon', 1,
        'Permite obtener el listado de niveles', 1),
       (628, 'Reportes Estadisticos', 'business/lodgingRoomFeatures/listSelect2', 605, 628, 'not-icon', 0,
        'Permite obtener el listado de caracteristicas de habitación', 1),
       (629, 'Form-Caracteristicas Habitación Search', 'business/lodgingRoomFeatures/listSelect2', 628, 629, 'not-icon',
        1, 'Permite obtener el listado de caracteristicas de habitación', 1),
       (630, 'Recepción', 'business/lodging/results', 605, 630, 'not-icon', 0,
        'Administración delos procesos ,editar,crear,actualizar ,este permite saber si tiene acceso a este proceso.',
        1),
       (631, 'Reportes Estadisticos', 'business/lodging/results', 630, 631, 'not-icon', 1,
        'Administración delos procesos ,editar,crear,actualizar ,este permite saber si tiene acceso a este proceso.',
        1),
       (632, 'Recepción', 'business/lodging/adminBusiness', 631, 632, 'not-icon', 1,
        'Administración delos procesos ,editar,crear,actualizar ,este permite saber si tiene acceso a este proceso.',
        1),
       (633, 'Grid', 'business/lodging/adminBusiness', 631, 633, 'not-icon', 1,
        'Permite ver el listado existente del proceso Configurados ,para poder realizar alguna actividad,buscar.', 1),
       (634, 'Guardar/Actualizar', 'business/lodging/saveBusiness', 631, 634, 'not-icon', 1,
        'Creación/Actualización de información', 1),
       (635, 'Editar ', '0', 631, 635, 'not-icon', 1, 'Formulario de Información para editar', 1),
       (636, 'Recepción - Gestión de Pagos', 'business/customer/listSelect2NotLodging', 605, 636, 'not-icon', 1,
        'Permite obtener el listado de CLIENTES', 1),
       (637, 'Form-Clientes Search', 'business/customer/listSelect2NotLodging', 636, 637, 'not-icon', 1,
        'Permite obtener el listado de CLIENTES', 1),
       (638, 'Recepción - Recopilación Información', 'business/lodgingByPayment/savePayment', 605, 638, 'not-icon', 1,
        'Administración delos procesos ,editar,crear,actualizar ,este permite saber si tiene acceso a este proceso.',
        1),
       (639, 'Gestión de Pagos', 'business/lodgingByPayment/savePayment', 638, 639, 'not-icon', 1,
        'Administración delos procesos ,editar,crear,actualizar ,este permite saber si tiene acceso a este proceso.',
        1),
       (640, 'Recepción - Asignación de Habitaciónes', 'business/lodgingByArrived/saveArrived', 605, 640, 'not-icon', 1,
        'Administración delos procesos ,editar,crear,actualizar ,este permite saber si tiene acceso a este proceso.',
        1),
       (641, 'Recepción - Recopilación Información', 'business/lodgingByArrived/saveArrived', 640, 641, 'not-icon', 1,
        'Administración delos procesos ,editar,crear,actualizar ,este permite saber si tiene acceso a este proceso.',
        1),
       (642, 'Recepción - Entrega de Habitaciónes', 'business/lodgingByTypeOfRoom/saveBusiness', 605, 642, 'not-icon',
        1, 'Administración delos procesos ,editar,crear,actualizar ,este permite saber si tiene acceso a este proceso.',
        1),
       (643, 'Recepción - Asignación de Habitaciónes', 'business/lodgingByTypeOfRoom/saveBusiness', 642, 643,
        'not-icon', 1,
        'Administración delos procesos ,editar,crear,actualizar ,este permite saber si tiene acceso a este proceso.',
        1),
       (644, 'Gestión de Formularios ', 'business/lodging/delivery', NULL, 644, 'not-icon', 1,
        'Administración delos procesos ,editar,crear,actualizar ,este permite saber si tiene acceso a este proceso.',
        1),
       (645, 'Tipos', 'business/lodging/delivery', 644, 645, 'not-icon', 0,
        'Administración delos procesos ,editar,crear,actualizar ,este permite saber si tiene acceso a este proceso.',
        1),
       (646, 'Recepción - Entrega de Habitaciónes', 'business/lodging/delivery', 645, 646, 'not-icon', 1,
        'Administración delos procesos ,editar,crear,actualizar ,este permite saber si tiene acceso a este proceso.',
        1),
       (647, 'Tipos', 'business/educationalInstitutionAskwerType/admin', 646, 647, 'not-icon', 1,
        'Administración delos procesos ,editar,crear,actualizar ,este permite saber si tiene acceso a este proceso.',
        1),
       (648, 'Grid', 'business/educationalInstitutionAskwerType/admin', 646, 648, 'not-icon', 1,
        'Permite ver el listado existente del proceso Configurados ,para poder realizar alguna actividad,buscar.', 1),
       (649, 'Guardar/Actualizar', 'business/educationalInstitutionAskwerType/save', 646, 649, 'not-icon', 1,
        'Creación/Actualización de información', 1),
       (650, 'Formularios', 'business/educationalInstitutionByBusiness/admin', 644, 650, 'not-icon', 0,
        'Administración delos procesos ,editar,crear,actualizar ,este permite saber si tiene acceso a este proceso.',
        1),
       (651, 'Administración Formularios', 'business/educationalInstitutionByBusiness/admin', 650, 651, 'not-icon', 1,
        'Administración delos procesos ,editar,crear,actualizar ,este permite saber si tiene acceso a este proceso.',
        1),
       (652, 'Editar ', '0', 651, 652, 'not-icon', 1, 'Formulario de Información para editar', 1),
       (653, 'Grid', 'business/educationalInstitutionByBusiness/admin', 651, 653, 'not-icon', 1,
        'Permite ver el listado existente del proceso Configurados ,para poder realizar alguna actividad,buscar.', 1),
       (654, 'Guardar/Actualizar', 'business/educationalInstitutionByBusiness/save', 651, 654, 'not-icon', 1,
        'Creación/Actualización de información', 1),
       (655, 'Editar ', '0', 651, 655, 'not-icon', 1, 'Formulario de Información para editar', 1),
       (656, 'Formularios-Test', 'business/educationalInstitutionByBusiness/dataAskwerForm', 644, 656, 'not-icon', 1,
        'Formulario de l test ', 1),
       (657, 'Formulario Test', 'business/educationalInstitutionByBusiness/dataAskwerForm', 656, 657, 'not-icon', 1,
        'Formulario de l test ', 1),
       (658, 'Form-Tipo Search', 'business/educationalInstitutionAskwerType/listSelect2', 657, 658, 'not-icon', 1,
        'Permite obtener el listado de tipos formulario', 1),
       (659, 'Formulario Resultados', 'business/askwerForm/saveAskwer', 644, 659, 'not-icon', 1,
        'Creación/Actualización de información', 1),
       (660, 'Guardar/Actualizar Realizar-Test', 'business/askwerForm/saveAskwer', 659, 660, 'not-icon', 1,
        'Creación/Actualización de información', 1),
       (661, 'Administración de Deportes', 'eventsTrailsProject/admin', NULL, 661, 'not-icon', 1,
        'Administración delos procesos ,editar,crear,actualizar ,este permite saber si tiene acceso a este proceso.',
        1),
       (662, 'Administración de Deportes', 'eventsTrailsProject/admin', 661, 662, 'not-icon', 0,
        'Administración delos procesos ,editar,crear,actualizar ,este permite saber si tiene acceso a este proceso.',
        1),
       (663, 'Administración de Deportes', 'eventsTrailsProject/admin', 662, 663, 'not-icon', 1,
        'Administración delos procesos ,editar,crear,actualizar ,este permite saber si tiene acceso a este proceso.',
        1),
       (664, 'Formulario Resultados', 'business/educationalInstitutionByBusiness/dataAskwerForm', 663, 664, 'not-icon',
        1, 'Formulario de l test ', 1),
       (665, 'Grid', 'business/educationalInstitutionByBusiness/admin', 663, 665, 'not-icon', 1,
        'Permite ver el listado existente del proceso Configurados ,para poder realizar alguna actividad,buscar.', 1),
       (666, 'Guardar/Actualizar', 'eventsTrailsProject/save', 663, 666, 'not-icon', 1,
        'Creación/Actualización de información', 1),
       (667, 'Editar ', '0', 663, 667, 'not-icon', 1, 'Formulario de Información para editar', 1),
       (668, 'Form-Tipo Search', 'eventsTrailsTypes/listSelect2', 663, 668, 'not-icon', 1,
        'Permite obtener el listado de tipos Eventos', 1),
       (669, 'Gestión de Categorias', 'eventsTrailsTypeOfCategories/admin', 661, 669, 'not-icon', 0,
        'Administración delos procesos ,editar,crear,actualizar ,este permite saber si tiene acceso a este proceso.',
        1),
       (670, 'Administración Gestión de Categorias', 'eventsTrailsTypeOfCategories/admin', 669, 670, 'not-icon', 1,
        'Administración delos procesos ,editar,crear,actualizar ,este permite saber si tiene acceso a este proceso.',
        1),
       (671, 'Gestión Evento', 'eventsTrailsProject/manager', 670, 671, 'not-icon', 1, 'Permite Gestiónar Eventos', 1),
       (672, 'Grid', 'eventsTrailsTypeOfCategories/admin', 670, 672, 'not-icon', 1,
        'Permite ver el listado existente del proceso Configurados ,para poder realizar alguna actividad,buscar.', 1),
       (673, 'Guardar/Actualizar', 'eventsTrailsTypeOfCategories/save', 670, 673, 'not-icon', 1,
        'Creación/Actualización de información', 1),
       (674, 'Gestión Equipos', 'eventsTrailsTypeTeams/admin', 661, 674, 'not-icon', 0,
        'Administración delos procesos ,editar,crear,actualizar ,este permite saber si tiene acceso a este proceso.',
        1),
       (675, 'Administración Gestión Equipos', 'eventsTrailsTypeTeams/admin', 674, 675, 'not-icon', 1,
        'Administración delos procesos ,editar,crear,actualizar ,este permite saber si tiene acceso a este proceso.',
        1),
       (676, 'Editar ', '0', 675, 676, 'not-icon', 1, 'Formulario de Información para editar', 1),
       (677, 'Grid', 'eventsTrailsTypeTeams/admin', 675, 677, 'not-icon', 1,
        'Permite ver el listado existente del proceso Configurados ,para poder realizar alguna actividad,buscar.', 1),
       (678, 'Guardar/Actualizar', 'eventsTrailsTypeTeams/save', 675, 678, 'not-icon', 1,
        'Creación/Actualización de información', 1),
       (679, 'Gestión Distancias', 'eventsTrailsDistances/admin', 661, 679, 'not-icon', 0,
        'Administración delos procesos ,editar,crear,actualizar ,este permite saber si tiene acceso a este proceso.',
        1),
       (680, 'Administración Gestión Distancias', 'eventsTrailsDistances/admin', 679, 680, 'not-icon', 1,
        'Administración delos procesos ,editar,crear,actualizar ,este permite saber si tiene acceso a este proceso.',
        1),
       (681, 'Editar ', '0', 680, 681, 'not-icon', 1, 'Formulario de Información para editar', 1),
       (682, 'Grid', 'eventsTrailsDistances/admin', 680, 682, 'not-icon', 1,
        'Permite ver el listado existente del proceso Configurados ,para poder realizar alguna actividad,buscar.', 1),
       (683, 'Guardar/Actualizar', 'eventsTrailsDistances/save', 680, 683, 'not-icon', 1,
        'Creación/Actualización de información', 1),
       (684, 'Editar ', '0', 680, 684, 'not-icon', 1, 'Formulario de Información para editar', 1),
       (685, 'Gestión de Kits', 'eventsTrailsByKit/admin', 661, 685, 'not-icon', 0,
        'Administración delos procesos ,editar,crear,actualizar ,este permite saber si tiene acceso a este proceso.',
        1),
       (686, 'Administración Gestión de Kits', 'eventsTrailsByKit/admin', 685, 686, 'not-icon', 1,
        'Administración delos procesos ,editar,crear,actualizar ,este permite saber si tiene acceso a este proceso.',
        1),
       (687, 'Editar ', '0', 686, 687, 'not-icon', 1, 'Formulario de Información para editar', 1),
       (688, 'Grid', 'eventsTrailsByKit/admin', 686, 688, 'not-icon', 1,
        'Permite ver el listado existente del proceso Configurados ,para poder realizar alguna actividad,buscar.', 1),
       (689, 'Guardar/Actualizar', 'eventsTrailsByKit/save', 686, 689, 'not-icon', 1,
        'Creación/Actualización de información', 1),
       (690, 'Editar ', '0', 686, 690, 'not-icon', 1, 'Formulario de Información para editar', 1),
       (691, 'Gestión de Puntos de Venta', 'eventsTrailsRegistrationPoints/admin', 661, 691, 'not-icon', 0,
        'Administración delos procesos ,editar,crear,actualizar ,este permite saber si tiene acceso a este proceso.',
        1),
       (692, 'Administración Gestión de Puntos de Venta', 'eventsTrailsRegistrationPoints/admin', 691, 692, 'not-icon',
        1, 'Administración delos procesos ,editar,crear,actualizar ,este permite saber si tiene acceso a este proceso.',
        1),
       (693, 'Form-Tipo Piezas Search', 'eventsTrailsByKit/listSelect2PiecesClothes', 692, 693, 'not-icon', 1,
        'Permite obtener el listado de tipos PIEZAS', 1),
       (694, 'Grid', 'eventsTrailsRegistrationPoints/admin', 692, 694, 'not-icon', 1,
        'Permite ver el listado existente del proceso Configurados ,para poder realizar alguna actividad,buscar.', 1),
       (695, 'Guardar/Actualizar', 'eventsTrailsRegistrationPoints/save', 692, 695, 'not-icon', 1,
        'Creación/Actualización de información', 1),
       (696, 'Hospital/Clinica', 'allergies/admin', NULL, 696, 'not-icon', 1,
        'Administración delos procesos ,editar,crear,actualizar ,este permite saber si tiene acceso a este proceso.',
        1),
       (697, 'Gestión de Alergias', 'allergies/admin', 696, 697, 'not-icon', 0,
        'Administración delos procesos ,editar,crear,actualizar ,este permite saber si tiene acceso a este proceso.',
        1),
       (698, 'Administración Gestión Alergias', 'allergies/admin', 697, 698, 'not-icon', 1,
        'Administración delos procesos ,editar,crear,actualizar ,este permite saber si tiene acceso a este proceso.',
        1),
       (699, 'Guardar/Actualizar', 'allergies/save', 698, 699, 'not-icon', 1, 'Creación/Actualización de información',
        1),
       (700, 'Grid', 'allergies/admin', 698, 700, 'not-icon', 1,
        'Permite ver el listado existente del proceso Configurados ,para poder realizar alguna actividad,buscar.', 1),
       (701, 'Gestión de Habitos', 'habits/admin', 696, 701, 'not-icon', 0,
        'Administración delos procesos ,editar,crear,actualizar ,este permite saber si tiene acceso a este proceso.',
        1),
       (702, 'Administración Gestión Habitos', 'habits/admin', 701, 702, 'not-icon', 1,
        'Administración delos procesos ,editar,crear,actualizar ,este permite saber si tiene acceso a este proceso.',
        1),
       (703, 'Guardar/Actualizar', 'habits/save', 702, 703, 'not-icon', 1, 'Creación/Actualización de información', 1),
       (704, 'Grid', 'habits/admin', 702, 704, 'not-icon', 1,
        'Permite ver el listado existente del proceso Configurados ,para poder realizar alguna actividad,buscar.', 1),
       (705, 'Gestión de Pacientes', 'habits/admin', 696, 705, 'not-icon', 0,
        'Administración delos procesos ,editar,crear,actualizar ,este permite saber si tiene acceso a este proceso.',
        1),
       (706, 'Administración Gestión Pacientes', 'habits/admin', 705, 706, 'not-icon', 1,
        'Administración delos procesos ,editar,crear,actualizar ,este permite saber si tiene acceso a este proceso.',
        1),
       (707, 'Guardar/Actualizar', 'historyClinic/saveDataProfilePatient', 706, 707, 'not-icon', 1,
        'Creación/Actualización de información', 1),
       (708, 'Grid', 'historyClinic/admin', 706, 708, 'not-icon', 1,
        'Permite ver el listado existente del proceso Configurados ,para poder realizar alguna actividad,buscar.', 1),
       (709, 'Gestión Antecedentes', 'antecedentByHistoryClinic/admin', 696, 709, 'not-icon', 0,
        'Administración delos procesos ,editar,crear,actualizar ,este permite saber si tiene acceso a este proceso.',
        1),
       (710, 'Administración Antecedentes', 'antecedentByHistoryClinic/admin', 709, 710, 'not-icon', 1,
        'Administración delos procesos ,editar,crear,actualizar ,este permite saber si tiene acceso a este proceso.',
        1),
       (711, 'Guardar/Actualizar', 'antecedentByHistoryClinic/save', 710, 711, 'not-icon', 1,
        'Creación/Actualización de información', 1),
       (712, 'Grid', 'antecedentByHistoryClinic/admin', 710, 712, 'not-icon', 1,
        'Permite ver el listado existente del proceso Configurados ,para poder realizar alguna actividad,buscar.', 1),
       (713, 'Gestión de Consultas', 'medicalConsultationByPatient/admin', 696, 713, 'not-icon', 0,
        'Administración delos procesos ,editar,crear,actualizar ,este permite saber si tiene acceso a este proceso.',
        1),
       (714, 'Administración Consultas', 'medicalConsultationByPatient/admin', 713, 714, 'not-icon', 1,
        'Administración delos procesos ,editar,crear,actualizar ,este permite saber si tiene acceso a este proceso.',
        1),
       (715, 'Guardar/Actualizar', 'medicalConsultationByPatient/save', 714, 715, 'not-icon', 1,
        'Creación/Actualización de información', 1),
       (716, 'Grid', 'medicalConsultationByPatient/admin', 714, 716, 'not-icon', 1,
        'Permite ver el listado existente del proceso Configurados ,para poder realizar alguna actividad,buscar.', 1),
       (717, 'Gestión de Tratamientos', 'treatmentByPatient/admin', 696, 717, 'not-icon', 0,
        'Administración delos procesos ,editar,crear,actualizar ,este permite saber si tiene acceso a este proceso.',
        1),
       (718, 'Administración Tratamientos', 'treatmentByPatient/admin', 717, 718, 'not-icon', 1,
        'Administración delos procesos ,editar,crear,actualizar ,este permite saber si tiene acceso a este proceso.',
        1),
       (719, 'Guardar/Actualizar', 'treatmentByPatient/save', 718, 719, 'not-icon', 1,
        'Creación/Actualización de información', 1),
       (720, 'Grid', 'treatmentByPatient/admin', 718, 720, 'not-icon', 1,
        'Permite ver el listado existente del proceso Configurados ,para poder realizar alguna actividad,buscar.', 1),
       (721, 'Form-Tratamiento Search', 'product/getProductService', 718, 721, 'not-icon', 1,
        'Permite obtener el listado de PRODUCTOS TIPO de SERVICIOS', 1),
       (722, 'Gestión de Pagos - Tratamientos Acuerdos', 'treatmentByIndebtednessPayingInit/getManagement', 696, 722,
        'not-icon', 0,
        'Administración delos procesos ,editar,crear,actualizar ,este permite saber si tiene acceso a este proceso.',
        1),
       (723, 'Administración Acuerdo Pagos', 'treatmentByIndebtednessPayingInit/getManagement', 722, 723, 'not-icon', 1,
        'Administración delos procesos ,editar,crear,actualizar ,este permite saber si tiene acceso a este proceso.',
        1),
       (724, 'Guardar/Actualizar', 'treatmentByIndebtednessPayingInit/save', 723, 724, 'not-icon', 1,
        'Creación/Actualización de información', 1),
       (725, 'Grid', 'treatmentByIndebtednessPayingInit/admin', 723, 725, 'not-icon', 1,
        'Permite ver el listado existente del proceso Configurados ,para poder realizar alguna actividad,buscar.', 1),
       (726, 'Pagos Tratamientos', 'treatmentByPayment/admin', 696, 726, 'not-icon', 0,
        'Administración delos procesos ,editar,crear,actualizar ,este permite saber si tiene acceso a este proceso.',
        1),
       (727, 'Administración Pagos Tratamientos', 'treatmentByPayment/admin', 726, 727, 'not-icon', 1,
        'Administración delos procesos ,editar,crear,actualizar ,este permite saber si tiene acceso a este proceso.',
        1),
       (728, 'Guardar/Actualizar', 'treatmentByPayment/save', 727, 728, 'not-icon', 1,
        'Creación/Actualización de información', 1),
       (729, 'Grid', 'treatmentByPayment/admin', 727, 729, 'not-icon', 1,
        'Permite ver el listado existente del proceso Configurados ,para poder realizar alguna actividad,buscar.', 1),
       (730, 'Form-Tratamiento Search', 'treatmentByBreakdownPayment/listSelect2', 727, 730, 'not-icon', 1,
        'Permite obtener el listado de tratamientos sin pagar.', 1),
       (731, 'Odontograma', 'odontogramByPatient/admin', 696, 731, 'not-icon', 0,
        'Administración delos procesos ,editar,crear,actualizar ,este permite saber si tiene acceso a este proceso.',
        1),
       (732, 'Administración Odontograma', 'odontogramByPatient/admin', 731, 732, 'not-icon', 1,
        'Administración delos procesos ,editar,crear,actualizar ,este permite saber si tiene acceso a este proceso.',
        1),
       (733, 'Guardar/Actualizar', 'odontogramByPatient/save', 732, 733, 'not-icon', 1,
        'Creación/Actualización de información', 1),
       (734, 'Grid', 'odontogramByPatient/admin', 732, 734, 'not-icon', 1,
        'Permite ver el listado existente del proceso Configurados ,para poder realizar alguna actividad,buscar.', 1),
       (735, 'Form-Referencias Search', 'referencePiece/list/select', 732, 735, 'not-icon', 1,
        'Permite obtener el listado de REFERENCIAS PIEAS sin pagar.', 1),
       (736, 'Get Data Row', 'dentalPieceByOdontogram/list/byOdontogramodontogramId', 732, 736, 'not-icon', 1,
        'Obtiene toda la información de la entidadad', 1),
       (737, 'Config Eventos', 'eventsTrailsTypes/manager', NULL, 737, 'fas fa-table-tennis', 2,
        'Administración delos procesos ,editar,crear,actualizar ,este permite saber si tiene acceso a este proceso.',
        1),
       (738, 'Gestión de Tipos de Eventos', 'eventsTrailsTypes/manager', 737, 738, 'not-icon', 0,
        'Administración delos procesos ,editar,crear,actualizar ,este permite saber si tiene acceso a este proceso.',
        1),
       (739, 'Config. Eventos', 'eventsTrailsTypes/manager', 738, 739, 'not-icon', 0,
        'Administración delos procesos ,editar,crear,actualizar ,este permite saber si tiene acceso a este proceso.',
        1),
       (740, 'Grid', 'eventsTrailsTypes/admin', 739, 740, 'not-icon', 1,
        'Permite ver el listado existente del proceso Configurados ,para poder realizar alguna actividad,buscar.', 1),
       (741, 'Guardar/Actualizar', 'eventsTrailsTypes/save', 739, 741, 'not-icon', 1,
        'Creación/Actualización de información', 1),
       (742, 'Editar ', 'eventsTrailsTypes/save', 739, 742, 'not-icon', 1, 'Formulario de Información para editar', 1),
       (743, 'Administracion de Puntos de ventas', 'pointsSales', 257, 743, 'not-icon', 1,
        'Administracion y gestion de puntos de ventas asiganados', 1),
       (744, 'Administracion de Puntos de ventas', 'pointsSales', 743, 744, 'not-icon', 1,
        'Administracion y gestion de puntos de ventas asiganados', 1),
       (745, 'Admin Grid Puntos Asignados', 'eventsTrailsRegistrationPoints/adminBusiness', 744, 745, 'not-icon', 1,
        'Listado de registros', 1),
       (746, 'Guardar Evento usuarios', 'executePaymentCashEvents', 744, 746, 'not-icon', 1,
        'Guarda la informacion del evento con respectivo cliente y sus participantes', 1),
       (747, 'Obtener Valores/Pagos', 'getDataPaymentsManagement', 744, 747, 'not-icon', 1,
        ' valores totales de los pagos realiZado  en la gestion de los puntos de venta.', 1),
       (748, 'Obtener Valores/Pagos', 'getDataPaymentsManagementEvent', 661, 748, 'not-icon', 1,
        ' valores totales de los pagos realiZado  en la gestion de los puntos de venta.', 1),
       (749, 'Obtener Valores/Pagos', 'getDataPaymentsManagementEvent', 748, 749, 'not-icon', 1,
        ' valores totales de los pagos realiZado  en la gestion de los puntos de venta.', 1),
       (750, 'Eliminar Punto de Venta', 'eventsTrailsRegistrationPoints/deletePointSale', 749, 750, 'not-icon', 1,
        'Elimina el registro del sistema el punto de venta gestionado ', 1);

--
-- Volcado de datos para la tabla `actions_by_role`
--

INSERT INTO `actions_by_role` (`id`, `action_id`, `role_id`)
VALUES (1, 235, 4),
       (2, 1, 4),
       (3, 2, 4),
       (4, 3, 4),
       (5, 4, 4),
       (6, 5, 4),
       (7, 6, 4),
       (8, 7, 4),
       (9, 8, 4),
       (10, 9, 4),
       (11, 10, 4),
       (12, 11, 4),
       (13, 12, 4),
       (14, 13, 4),
       (15, 14, 4),
       (16, 15, 4),
       (17, 16, 4),
       (18, 17, 4),
       (19, 18, 4),
       (20, 19, 4),
       (21, 20, 4),
       (22, 21, 4),
       (23, 22, 4),
       (24, 23, 4),
       (25, 24, 4),
       (26, 25, 4),
       (27, 26, 4),
       (28, 27, 4),
       (29, 28, 4),
       (30, 29, 4),
       (31, 30, 4),
       (32, 31, 4),
       (33, 32, 4),
       (34, 33, 4),
       (35, 34, 4),
       (36, 35, 4),
       (37, 36, 4),
       (38, 37, 4),
       (39, 38, 4),
       (40, 39, 4),
       (41, 40, 4),
       (42, 41, 4),
       (43, 42, 4),
       (44, 43, 4),
       (45, 44, 4),
       (46, 45, 4),
       (47, 46, 4),
       (48, 102, 4),
       (49, 103, 4),
       (50, 104, 4),
       (51, 105, 4),
       (52, 106, 4),
       (53, 107, 4),
       (54, 108, 4),
       (55, 109, 4),
       (56, 110, 4),
       (57, 111, 4),
       (58, 112, 4),
       (59, 113, 4),
       (60, 114, 4),
       (61, 115, 4),
       (62, 116, 4),
       (63, 117, 4),
       (64, 118, 4),
       (65, 119, 4),
       (66, 120, 4),
       (67, 121, 4),
       (68, 122, 4),
       (69, 123, 4),
       (70, 124, 4),
       (71, 125, 4),
       (72, 126, 4),
       (73, 127, 4),
       (74, 128, 4),
       (75, 129, 4),
       (76, 130, 4),
       (77, 131, 4),
       (78, 132, 4),
       (79, 133, 4),
       (80, 134, 4),
       (81, 135, 4),
       (82, 136, 4),
       (83, 137, 4),
       (84, 138, 4),
       (85, 139, 4),
       (86, 140, 4),
       (87, 141, 4),
       (88, 142, 4),
       (89, 143, 4),
       (90, 144, 4),
       (91, 145, 4),
       (92, 146, 4),
       (93, 147, 4),
       (94, 148, 4),
       (95, 149, 4),
       (96, 150, 4),
       (97, 151, 4),
       (98, 152, 4),
       (99, 153, 4),
       (100, 154, 4),
       (101, 155, 4),
       (102, 156, 4),
       (103, 157, 4),
       (104, 158, 4),
       (105, 159, 4),
       (106, 160, 4),
       (107, 161, 4),
       (108, 162, 4),
       (109, 163, 4),
       (110, 164, 4),
       (111, 165, 4),
       (112, 166, 4),
       (113, 167, 4),
       (114, 168, 4),
       (115, 169, 4),
       (116, 170, 4),
       (117, 171, 4),
       (118, 172, 4),
       (119, 173, 4),
       (120, 174, 4),
       (121, 236, 4),
       (122, 237, 4),
       (123, 238, 4),
       (124, 239, 4),
       (125, 240, 4),
       (126, 241, 4),
       (127, 242, 4),
       (128, 243, 4),
       (129, 244, 4),
       (130, 245, 4),
       (131, 246, 4),
       (132, 247, 4),
       (133, 732, 4),
       (134, 733, 4),
       (135, 759, 4),
       (136, 734, 4),
       (137, 760, 4),
       (138, 735, 4),
       (139, 761, 4),
       (140, 736, 4),
       (141, 762, 4),
       (142, 763, 4),
       (143, 764, 4),
       (144, 280, 4),
       (145, 281, 4),
       (146, 285, 4),
       (147, 286, 4),
       (148, 287, 4),
       (149, 288, 4),
       (150, 289, 4),
       (151, 290, 4),
       (152, 291, 4),
       (153, 292, 4),
       (154, 293, 4),
       (155, 294, 4),
       (156, 295, 4),
       (157, 296, 4),
       (158, 297, 4),
       (159, 298, 4),
       (160, 299, 4),
       (161, 300, 4),
       (162, 301, 4),
       (163, 302, 4),
       (164, 303, 4),
       (165, 304, 4),
       (166, 305, 4),
       (167, 306, 4),
       (168, 307, 4),
       (169, 308, 4),
       (170, 309, 4),
       (171, 310, 4),
       (172, 311, 4),
       (173, 312, 4),
       (174, 313, 4),
       (175, 314, 4),
       (176, 315, 4),
       (177, 316, 4),
       (178, 317, 4),
       (179, 318, 4),
       (180, 319, 4),
       (181, 320, 4),
       (182, 321, 4),
       (183, 322, 4),
       (184, 323, 4),
       (185, 376, 4),
       (186, 377, 4),
       (187, 378, 4),
       (188, 379, 4),
       (189, 380, 4),
       (190, 381, 4),
       (191, 382, 4),
       (192, 383, 4),
       (193, 384, 4),
       (194, 385, 4),
       (195, 386, 4),
       (196, 387, 4),
       (197, 388, 4),
       (198, 389, 4),
       (199, 390, 4),
       (200, 391, 4),
       (201, 392, 4),
       (202, 393, 4),
       (203, 394, 4),
       (204, 395, 4),
       (205, 396, 4),
       (206, 397, 4),
       (207, 398, 4),
       (208, 399, 4),
       (209, 400, 4),
       (210, 401, 4),
       (211, 402, 4),
       (212, 403, 4),
       (213, 404, 4),
       (214, 405, 4),
       (215, 406, 4),
       (216, 407, 4),
       (217, 414, 4),
       (218, 415, 4),
       (219, 416, 4),
       (220, 417, 4),
       (221, 418, 4),
       (222, 419, 4),
       (223, 420, 4),
       (224, 421, 4),
       (225, 422, 4),
       (226, 423, 4),
       (227, 424, 4),
       (228, 425, 4),
       (229, 426, 4),
       (230, 427, 4),
       (231, 428, 4),
       (232, 429, 4),
       (233, 430, 4),
       (234, 431, 4),
       (235, 432, 4),
       (236, 433, 4),
       (237, 434, 4),
       (238, 435, 4),
       (239, 706, 4),
       (240, 725, 4),
       (241, 726, 4),
       (242, 727, 4),
       (243, 728, 4),
       (244, 729, 4),
       (245, 730, 4),
       (246, 731, 4),
       (247, 758, 4),
       (248, 765, 4),
       (249, 778, 4),
       (250, 235, 2),
       (251, 1, 2),
       (252, 2, 2),
       (253, 3, 2),
       (254, 4, 2),
       (255, 5, 2),
       (256, 6, 2),
       (257, 7, 2),
       (258, 8, 2),
       (259, 9, 2),
       (260, 10, 2),
       (261, 11, 2),
       (262, 12, 2),
       (263, 13, 2),
       (264, 14, 2),
       (265, 15, 2),
       (266, 16, 2),
       (267, 17, 2),
       (268, 18, 2),
       (269, 19, 2),
       (270, 20, 2),
       (271, 21, 2),
       (272, 22, 2),
       (273, 23, 2),
       (274, 24, 2),
       (275, 25, 2),
       (276, 26, 2),
       (277, 27, 2),
       (278, 28, 2),
       (279, 29, 2),
       (280, 30, 2),
       (281, 31, 2),
       (282, 32, 2),
       (283, 33, 2),
       (284, 34, 2),
       (285, 35, 2),
       (286, 36, 2),
       (287, 37, 2),
       (288, 38, 2),
       (289, 39, 2),
       (290, 40, 2),
       (291, 41, 2),
       (292, 42, 2),
       (293, 43, 2),
       (294, 44, 2),
       (295, 45, 2),
       (296, 46, 2),
       (297, 47, 2),
       (298, 48, 2),
       (299, 49, 2),
       (300, 50, 2),
       (301, 51, 2),
       (302, 52, 2),
       (303, 53, 2),
       (304, 54, 2),
       (305, 55, 2),
       (306, 56, 2),
       (307, 57, 2),
       (308, 58, 2),
       (309, 59, 2),
       (310, 60, 2),
       (311, 61, 2),
       (312, 62, 2),
       (313, 63, 2),
       (314, 64, 2),
       (315, 65, 2),
       (316, 66, 2),
       (317, 67, 2),
       (318, 68, 2),
       (319, 69, 2),
       (320, 70, 2),
       (321, 71, 2),
       (322, 72, 2),
       (323, 73, 2),
       (324, 74, 2),
       (325, 75, 2),
       (326, 76, 2),
       (327, 77, 2),
       (328, 78, 2),
       (329, 79, 2),
       (330, 80, 2),
       (331, 81, 2),
       (332, 119, 2),
       (333, 120, 2),
       (334, 121, 2),
       (335, 122, 2),
       (336, 123, 2),
       (337, 124, 2),
       (338, 125, 2),
       (339, 126, 2),
       (340, 127, 2),
       (341, 128, 2),
       (342, 129, 2),
       (343, 130, 2),
       (344, 131, 2),
       (345, 132, 2),
       (346, 133, 2),
       (347, 134, 2),
       (348, 135, 2),
       (349, 136, 2),
       (350, 137, 2),
       (351, 138, 2),
       (352, 139, 2),
       (353, 140, 2),
       (354, 141, 2),
       (355, 142, 2),
       (356, 143, 2),
       (357, 144, 2),
       (358, 145, 2),
       (359, 146, 2),
       (360, 147, 2),
       (361, 148, 2),
       (362, 149, 2),
       (363, 150, 2),
       (364, 151, 2),
       (365, 152, 2),
       (366, 153, 2),
       (367, 154, 2),
       (368, 155, 2),
       (369, 156, 2),
       (370, 157, 2),
       (371, 158, 2),
       (372, 159, 2),
       (373, 160, 2),
       (374, 161, 2),
       (375, 162, 2),
       (376, 163, 2),
       (377, 164, 2),
       (378, 165, 2),
       (379, 166, 2),
       (380, 167, 2),
       (381, 168, 2),
       (382, 169, 2),
       (383, 170, 2),
       (384, 171, 2),
       (385, 172, 2),
       (386, 173, 2),
       (387, 174, 2),
       (388, 175, 2),
       (389, 176, 2),
       (390, 177, 2),
       (391, 178, 2),
       (392, 179, 2),
       (393, 180, 2),
       (394, 181, 2),
       (395, 182, 2),
       (396, 183, 2),
       (397, 184, 2),
       (398, 185, 2),
       (399, 186, 2),
       (400, 187, 2),
       (401, 188, 2),
       (402, 189, 2),
       (403, 190, 2),
       (404, 191, 2),
       (405, 192, 2),
       (406, 280, 2),
       (407, 281, 2),
       (408, 285, 2),
       (409, 286, 2),
       (410, 287, 2),
       (411, 288, 2),
       (412, 289, 2),
       (413, 290, 2),
       (414, 291, 2),
       (415, 292, 2),
       (416, 293, 2),
       (417, 294, 2),
       (418, 295, 2),
       (419, 296, 2),
       (420, 297, 2),
       (421, 298, 2),
       (422, 299, 2),
       (423, 300, 2),
       (424, 301, 2),
       (425, 302, 2),
       (426, 303, 2),
       (427, 304, 2),
       (428, 305, 2),
       (429, 306, 2),
       (430, 307, 2),
       (431, 308, 2),
       (432, 309, 2),
       (433, 310, 2),
       (434, 311, 2),
       (435, 312, 2),
       (436, 313, 2),
       (437, 314, 2),
       (438, 315, 2),
       (439, 316, 2),
       (440, 317, 2),
       (441, 318, 2),
       (442, 319, 2),
       (443, 320, 2),
       (444, 321, 2),
       (445, 322, 2),
       (446, 323, 2),
       (447, 282, 2),
       (448, 283, 2),
       (449, 284, 2),
       (455, 329, 2),
       (456, 330, 2),
       (457, 331, 2),
       (458, 332, 2),
       (459, 333, 2),
       (460, 334, 2),
       (461, 335, 2),
       (462, 336, 2),
       (463, 337, 2),
       (464, 338, 2),
       (465, 339, 2),
       (466, 340, 2),
       (467, 341, 2),
       (468, 342, 2),
       (469, 343, 2),
       (470, 344, 2),
       (471, 345, 2),
       (472, 346, 2),
       (473, 347, 2),
       (474, 348, 2),
       (475, 349, 2),
       (476, 350, 2),
       (477, 351, 2),
       (478, 352, 2),
       (479, 353, 2),
       (480, 354, 2),
       (481, 355, 2),
       (482, 356, 2),
       (483, 357, 2),
       (484, 358, 2),
       (485, 359, 2),
       (486, 360, 2),
       (487, 361, 2),
       (488, 362, 2),
       (489, 363, 2),
       (490, 364, 2),
       (491, 365, 2),
       (492, 376, 2),
       (493, 377, 2),
       (494, 378, 2),
       (495, 379, 2),
       (496, 380, 2),
       (497, 381, 2),
       (498, 382, 2),
       (499, 383, 2),
       (500, 384, 2),
       (501, 385, 2),
       (502, 386, 2),
       (503, 387, 2),
       (504, 388, 2),
       (505, 389, 2),
       (506, 390, 2),
       (507, 391, 2),
       (508, 392, 2),
       (509, 393, 2),
       (510, 394, 2),
       (511, 395, 2),
       (512, 396, 2),
       (513, 397, 2),
       (514, 398, 2),
       (515, 399, 2),
       (516, 400, 2),
       (517, 401, 2),
       (518, 402, 2),
       (519, 403, 2),
       (520, 404, 2),
       (521, 405, 2),
       (522, 406, 2),
       (523, 407, 2),
       (524, 414, 2),
       (525, 415, 2),
       (526, 416, 2),
       (527, 417, 2),
       (528, 418, 2),
       (529, 419, 2),
       (530, 420, 2),
       (531, 421, 2),
       (532, 422, 2),
       (533, 423, 2),
       (534, 424, 2),
       (535, 425, 2),
       (536, 426, 2),
       (537, 427, 2),
       (538, 428, 2),
       (539, 429, 2),
       (540, 430, 2),
       (541, 431, 2),
       (542, 432, 2),
       (543, 433, 2),
       (544, 434, 2),
       (545, 435, 2),
       (546, 705, 2),
       (547, 758, 2),
       (548, 765, 2),
       (549, 778, 2),
       (550, 237, 2),
       (599, 238, 2),
       (600, 239, 2),
       (601, 240, 2),
       (602, 241, 2),
       (603, 242, 2),
       (604, 243, 2),
       (605, 244, 2),
       (606, 245, 2),
       (607, 246, 2),
       (608, 247, 2),
       (609, 236, 2),
       (642, 783, 2),
       (643, 784, 2),
       (644, 785, 2),
       (645, 786, 2),
       (646, 787, 2),
       (647, 732, 2),
       (648, 733, 2),
       (649, 759, 2),
       (650, 734, 2),
       (651, 760, 2),
       (652, 735, 2),
       (653, 761, 2),
       (654, 736, 2),
       (655, 762, 2),
       (656, 763, 2),
       (657, 764, 2),
       (658, 737, 2),
       (659, 738, 2),
       (660, 739, 2),
       (661, 766, 2),
       (662, 767, 2),
       (663, 768, 2),
       (664, 769, 2),
       (665, 771, 2),
       (666, 772, 2),
       (667, 773, 2),
       (668, 774, 2),
       (669, 775, 2),
       (670, 776, 2),
       (671, 777, 2),
       (672, 740, 2),
       (673, 770, 2),
       (674, 741, 2),
       (675, 788, 2),
       (676, 789, 2),
       (677, 790, 2),
       (678, 791, 2),
       (679, 792, 2),
       (680, 793, 2),
       (681, 794, 2),
       (682, 795, 2),
       (683, 796, 2),
       (684, 797, 2),
       (685, 798, 2),
       (686, 799, 2),
       (687, 800, 2),
       (688, 801, 2);

--
-- Volcado de datos para la tabla `allergies`
--

INSERT INTO `allergies` (`id`, `name`, `description`, `created_at`, `updated_at`, `deleted_at`, `status`)
VALUES (1, 'Polen', NULL, NULL, NULL, NULL, 'ACTIVE'),
       (2, 'Ácaros del polvo', NULL, NULL, NULL, NULL, 'ACTIVE'),
       (3, 'Esporas de moho', NULL, NULL, NULL, NULL, 'ACTIVE'),
       (4, 'Caspa de animales', NULL, NULL, NULL, NULL, 'ACTIVE'),
       (5, 'Picaduras de insectos', NULL, NULL, NULL, NULL, 'ACTIVE'),
       (6, 'Fármacos Cetirizina (Zyrtec Allergy)', NULL, NULL, NULL, NULL, 'ACTIVE'),
       (7, 'Alimento', NULL, NULL, NULL, NULL, 'ACTIVE'),
       (8, 'Veneno de insectos', NULL, NULL, NULL, NULL, 'ACTIVE'),
       (9, 'Farmacos Insulina', '(en particular, fuentes animales de insulina)', NULL, NULL, NULL, 'ACTIVE'),
       (10, 'Farmaco Medios de contraste',
        'Medios de contraste para rayos X con yodo (pueden causar reacciones similares a las alergias)', NULL, NULL,
        NULL, 'ACTIVE'),
       (11, 'Farmaco Penicilina y antibióticos conexos', 'Penicilina y antibióticos conexos', NULL, NULL, NULL,
        'ACTIVE'),
       (12, 'Farmaco Sulfamidas', 'Sulfamidas', NULL, NULL, NULL, 'ACTIVE');

--
-- Volcado de datos para la tabla `allow_processes_threads`
--

INSERT INTO `allow_processes_threads` (`id`, `name_process`, `thread_name`, `allow`, `entity_plans_id`)
VALUES (1, 'managerPointOfSale', 'activateRetention', 1, 4),
       (2, 'managerPointOfSale', 'discountInvoice', 1, 4),
       (3, 'managerPointOfSale', 'discountProduct', 1, 4),
       (4, 'managerPointOfSale', 'createClient', 1, 4),
       (5, 'managerPointOfSale', 'createProducto', 1, 4),
       (6, 'managerPointOfSale', 'serviceProduct', 1, 4),
       (7, 'managerPointOfSale', 'mixPayment', 1, 4),
       (8, 'managerPointOfSale', 'payCash', 1, 4),
       (9, 'managerPointOfSale', 'pending', 1, 4),
       (10, 'managerPointOfSale', 'paymentCash', 1, 4),
       (11, 'managerPointOfSale', 'cashCount', 1, 4),
       (12, 'managerPointOfSale', 'paymentBank', 1, 4),
       (13, 'managerPointOfSale', 'bankCount', 1, 4),
       (14, 'managerPointOfSale', 'paymentCcard', 1, 4),
       (15, 'managerPointOfSale', 'ccardCount', 1, 4),
       (16, 'managerPointOfSale', 'activateRetention', 1, 3),
       (17, 'managerPointOfSale', 'discountInvoice', 1, 3),
       (18, 'managerPointOfSale', 'discountProduct', 1, 3),
       (19, 'managerPointOfSale', 'createClient', 1, 3),
       (20, 'managerPointOfSale', 'createProducto', 1, 3),
       (21, 'managerPointOfSale', 'serviceProduct', 1, 3),
       (22, 'managerPointOfSale', 'mixPayment', 1, 3),
       (23, 'managerPointOfSale', 'payCash', 1, 3),
       (24, 'managerPointOfSale', 'pending', 1, 3),
       (25, 'managerPointOfSale', 'paymentCash', 1, 3),
       (26, 'managerPointOfSale', 'cashCount', 1, 3),
       (27, 'managerPointOfSale', 'paymentBank', 1, 3),
       (28, 'managerPointOfSale', 'bankCount', 1, 3),
       (29, 'managerPointOfSale', 'paymentCcard', 1, 3),
       (30, 'managerPointOfSale', 'ccardCount', 1, 3),
       (31, 'managerPointOfSale', 'activateRetention', 1, 2),
       (32, 'managerPointOfSale', 'discountInvoice', 1, 2),
       (33, 'managerPointOfSale', 'discountProduct', 1, 2),
       (34, 'managerPointOfSale', 'createClient', 1, 2),
       (35, 'managerPointOfSale', 'createProducto', 1, 2),
       (36, 'managerPointOfSale', 'serviceProduct', 1, 2),
       (37, 'managerPointOfSale', 'mixPayment', 1, 2),
       (38, 'managerPointOfSale', 'payCash', 1, 2),
       (39, 'managerPointOfSale', 'pending', 1, 2),
       (40, 'managerPointOfSale', 'paymentCash', 1, 2),
       (41, 'managerPointOfSale', 'cashCount', 1, 2),
       (42, 'managerPointOfSale', 'paymentBank', 1, 2),
       (43, 'managerPointOfSale', 'bankCount', 1, 2),
       (44, 'managerPointOfSale', 'paymentCcard', 1, 2),
       (45, 'managerPointOfSale', 'ccardCount', 1, 2),
       (46, 'managerPointOfSale', 'activateRetention', 1, 1),
       (47, 'managerPointOfSale', 'discountInvoice', 1, 1),
       (48, 'managerPointOfSale', 'discountProduct', 1, 1),
       (49, 'managerPointOfSale', 'createClient', 1, 1),
       (50, 'managerPointOfSale', 'createProducto', 1, 1),
       (51, 'managerPointOfSale', 'serviceProduct', 1, 1),
       (52, 'managerPointOfSale', 'mixPayment', 0, 1),
       (53, 'managerPointOfSale', 'payCash', 0, 1),
       (54, 'managerPointOfSale', 'pending', 0, 1),
       (55, 'managerPointOfSale', 'paymentCash', 0, 1),
       (56, 'managerPointOfSale', 'cashCount', 0, 1),
       (57, 'managerPointOfSale', 'paymentBank', 0, 1),
       (58, 'managerPointOfSale', 'bankCount', 0, 1),
       (59, 'managerPointOfSale', 'paymentCcard', 0, 1),
       (60, 'managerPointOfSale', 'ccardCount', 0, 1);

--
-- Volcado de datos para la tabla `askwer_entity_answer`
--

INSERT INTO `bank` (`id`, `value`, `description`, `status`)
VALUES (1, 'Pichincha', 'Banco Pichincha', 'ACTIVE');

--
-- Volcado de datos para la tabla `business`
--

INSERT INTO `business` (`id`, `description`, `title`, `email`, `page_url`, `phone_value`, `street_1`, `street_2`,
                        `street_lat`, `street_lng`, `user_id`, `business_subcategories_id`, `created_at`, `updated_at`,
                        `deleted_at`, `status`, `qualification`, `source`, `options_map`, `has_document`, `has_about`,
                        `has_service_delivery`, `type_business`, `type_manager_payment`, `business_name`,
                        `keep_accounting`, `type_ruc_id`, `allow_cash_and_banks`, `entity_plans_id`,
                        `entity_position_fiscal_id`, `document`)
VALUES (1, 'Empresa dedicada al desarrollo de software.', 'Meetclic', 'kalexmiguelalba@gmail.com', 'www.meetclic.com', '0985339457', 'Piedrahita y buenos aires', 'Buenos AIRE', 0.231448, -78.2571, 1, 44, NULL, NULL, NULL, 'ACTIVE', 0, '/uploads/business/information/1598107770_Empresa.jpg', NULL, 0, 0, 0, 2, 0, 'Meetclic', 0, 4, 0, 3, 1, '1002954889'),
;

--
-- Volcado de datos para la tabla `business_amenities`
--
INSERT INTO `business_by_schedule` (`id`, `type`, `open`, `business_id`, `status`, `schedule_days_category_id`)
VALUES (1, 0, 1, 1, 'ACTIVE', 1),
       (2, 0, 1, 1, 'ACTIVE', 2),
       (3, 0, 1, 1, 'ACTIVE', 3),
       (4, 0, 1, 1, 'ACTIVE', 4),
       (5, 0, 1, 1, 'ACTIVE', 5),
       (6, 0, 1, 1, 'ACTIVE', 6),
       (7, 0, 1, 1, 'ACTIVE', 7);
INSERT INTO `business_amenities` (`id`, `value`, `description`, `state`, `source`, `type_source`,
                                  `business_subcategories_id`)
VALUES (1, 'Estacionamiento', NULL, 'ACTIVE', 'fa fa-rocket', 0, 1),
       (2, 'Nivel de ruido', 'HOTEL', 'ACTIVE', 'fa fa-paw', 0, 1),
       (3, 'Auto-servicio', 'HOTEL', 'ACTIVE', 'fa fa-shopping-cart', 0, 1),
       (4, 'Wi.Fi', 'HOTEL', 'ACTIVE', 'fa fa-wifi', 0, 26),
       (5, 'Sala de Espera', 'HOTEL', 'ACTIVE', 'fa fa-cloud', 0, 1),
       (6, 'Servicio de Camarero', 'HOTEL', 'ACTIVE', 'fa fa-wheelchair', 0, 1),
       (7, 'Area para niños', 'HOTEL', 'ACTIVE', 'fa fa-tree', 0, 26),
       (8, 'Zona de fumadores', 'HOTEL', 'ACTIVE', 'fa fa-wheelchair', 0, 1),
       (9, 'Servicio de Bar', 'HOTEL', 'ACTIVE', 'fa fa-wheelchair', 0, 26),
       (10, 'Servicio de Entrega', 'HOTEL', 'ACTIVE', 'fa fa-motorcycle', 0, 1);

--
-- Volcado de datos para la tabla `business_by_counter`
--


--
-- Volcado de datos para la tabla `business_by_daily_book_seat`
--

INSERT INTO `business_by_daily_book_seat` (`id`, `daily_book_seat_id`, `diary_book_id`, `business_id`, `entity`,
                                           `entity_id`, `user_id`, `level_4`)
VALUES (1, 1, 1, 1, 'notHasRetention', -1, 2, 'clientes'),
       (2, 1, 2, 1, 'compras_iva', -1, 2, 'impuestos'),
       (3, 1, 3, 1, 'inventoryData', -1, 2, 'inventoryData'),
       (4, 2, 4, 1, 'factura_venta_id', 1, 2, 'costos_de_venta'),
       (5, 2, 5, 1, 'factura_venta_id', 1, 2, 'inventario_de_productos_terminados'),
       (6, 3, 6, 1, 'notHasRetention', -1, 2, 'clientes'),
       (7, 3, 7, 1, 'compras_iva', -1, 2, 'impuestos'),
       (8, 3, 8, 1, 'inventoryData', -1, 2, 'inventoryData'),
       (9, 4, 9, 1, 'hasIndebtednessCash', -1, 2, 'clientes'),
       (10, 4, 10, 1, 'hasIndebtednessCash', -1, 2, 'clientes'),
       (11, 5, 11, 1, 'factura_venta_id', 2, 2, 'costos_de_venta'),
       (12, 5, 12, 1, 'factura_venta_id', 2, 2, 'inventario_de_productos_terminados'),
       (13, 6, 13, 1, 'notHasRetention', -1, 2, 'clientes'),
       (14, 6, 14, 1, 'compras_iva', -1, 2, 'impuestos'),
       (15, 6, 15, 1, 'gastosData', -1, 2, 'gastosData'),
       (16, 7, 16, 1, 'hasIndebtednessCash', -1, 2, 'clientes'),
       (17, 7, 17, 1, 'hasIndebtednessCash', -1, 2, 'clientes'),
       (18, 8, 18, 1, 'notHasRetention', -1, 2, 'clientes'),
       (19, 8, 19, 1, 'compras_iva', -1, 2, 'impuestos'),
       (20, 8, 20, 1, 'gastosData', -1, 2, 'gastosData'),
       (21, 9, 21, 1, 'notHasRetention', -1, 2, 'clientes'),
       (22, 9, 22, 1, 'compras_iva', -1, 2, 'impuestos'),
       (23, 9, 23, 1, 'gastosData', -1, 2, 'gastosData'),
       (24, 9, 24, 1, 'inventoryData', -1, 2, 'inventoryData'),
       (25, 10, 25, 1, 'hasIndebtednessCash', -1, 2, 'clientes'),
       (26, 10, 26, 1, 'hasIndebtednessCash', -1, 2, 'clientes'),
       (27, 11, 27, 1, 'factura_venta_id', 5, 2, 'costos_de_venta'),
       (28, 11, 28, 1, 'factura_venta_id', 5, 2, 'inventario_de_productos_terminados'),
       (29, 12, 29, 1, 'notHasRetention', -1, 2, 'clientes'),
       (30, 12, 30, 1, 'compras_iva', -1, 2, 'impuestos'),
       (31, 12, 31, 1, 'gastosData', -1, 2, 'gastosData'),
       (32, 12, 32, 1, 'inventoryData', -1, 2, 'inventoryData'),
       (33, 13, 33, 1, 'factura_venta_id', 6, 2, 'costos_de_venta'),
       (34, 13, 34, 1, 'factura_venta_id', 6, 2, 'inventario_de_productos_terminados');

--
-- Volcado de datos para la tabla `business_by_employee_profile`
--

INSERT INTO `business_by_language` (`id`, `language_id`, `business_id`, `state`, `main`)
VALUES (1, 1, 1, 'ACTIVE', 0),
       (2, 2, 1, 'ACTIVE', 0),
       (3, 3, 1, 'ACTIVE', 1);

--
-- Volcado de datos para la tabla `business_by_partner_companies`
--


--
-- Volcado de datos para la tabla `business_categories`
--
INSERT INTO `business_categories` (`id`, `name`, `status`, `created_at`, `updated_at`, `deleted_at`, `src`, `has_icon`,
                                   `icon_class`, `description`)
VALUES
    (1, 'Comida y Bebida', 'ACTIVE', NULL, '2020-05-05 13:31:21', NULL, '/uploads/business/categories/6.png', 1,
     'fa fa-cutlery', 'Descubre sabores locales, apoya emprendimientos culinarios y disfruta cada bocado con sentido.'),
    (2, 'Ocio', 'ACTIVE', NULL, NULL, NULL, '/uploads/business/categories/5.png', 1, 'fa fa-futbol-o',
     'Comparte momentos de alegría, relájate y vive experiencias únicas en tu ciudad.'),
    (3, 'Comercios / Establecimientos', 'ACTIVE', NULL, NULL, NULL, '/uploads/business/categories/3.png', 1,
     'fa fa-shopping-bag', 'Compra con propósito, conecta con negocios que transforman tu comunidad.'),
    (4, 'Oficios / Servicios', 'ACTIVE', NULL, NULL, NULL, '/uploads/business/categories/4.png', 1, 'fa fa-users',
     'Valora el trabajo local. Encuentra y recomienda servicios confiables de tu zona.'),
    (5, 'Salud', 'ACTIVE', NULL, NULL, NULL, '/uploads/business/categories/10.jpg', 1, 'fa fa-users',
     'Tu bienestar empieza por aquí. Accede a servicios que cuidan cuerpo, mente y alma.'),
    (6, 'Construccion', 'ACTIVE', NULL, NULL, NULL, '/uploads/business/categories/11.jpg', 1, 'fa fa-users',
     'Impulsa proyectos con talento local en construcción, remodelación y mejoras.'),
    (7, 'Textil', 'ACTIVE', NULL, NULL, NULL, '/uploads/business/categories/12.jpg', 1, 'fa fa-users',
     'Apoya el arte de vestir con identidad. Diseños, bordados y confección con historia.'),
    (8, 'Transporte', 'ACTIVE', NULL, NULL, NULL, '/uploads/business/categories/13.jpg', 1, 'fa fa-users',
     'Conecta caminos. Encuentra servicios de transporte confiables, rápidos y solidarios.');

--
-- Volcado de datos para la tabla `business_counter_custom`
--

INSERT INTO `business_location` (`id`, `zones_id`, `business_id`)
VALUES (1, 2, 1);

--
-- Volcado de datos para la tabla `business_subcategories`
--

INSERT INTO `business_subcategories` (`id`, `name`, `status`, `created_at`, `updated_at`, `deleted_at`,
                                      `business_categories_id`, `src`, `has_icon`, `icon_class`, `description`)
VALUES (1, 'Restaurantes', 'ACTIVE', NULL, NULL, NULL, 1, 'no-manager', 0, 'anyone', ''),
       (2, 'Cafeterias', 'ACTIVE', NULL, NULL, NULL, 1, 'no-manager', 0, 'anyone', ''),
       (3, 'Heladerias', 'ACTIVE', NULL, NULL, NULL, 1, 'no-manager', 0, 'anyone', ''),
       (4, 'Reposteria ', 'ACTIVE', NULL, NULL, NULL, 1, 'no-manager', 0, 'anyone', ''),
       (5, 'Bar', 'ACTIVE', NULL, NULL, NULL, 1, 'no-manager', 0, 'anyone', ''),
       (6, 'Vegetariana', 'ACTIVE', NULL, NULL, NULL, 1, 'no-manager', 0, 'anyone', ''),
       (7, 'Carnes al Carbon', 'ACTIVE', NULL, NULL, NULL, 1, 'no-manager', 0, 'anyone', ''),
       (8, 'Mariscos', 'ACTIVE', NULL, NULL, NULL, 1, 'no-manager', 0, 'anyone', ''),
       (9, 'Italiana', 'ACTIVE', NULL, NULL, NULL, 1, 'no-manager', 0, 'anyone', ''),
       (10, 'Peruana', 'ACTIVE', NULL, NULL, NULL, 1, 'no-manager', 0, 'anyone', ''),
       (11, 'Francesas', 'ACTIVE', NULL, NULL, NULL, 1, 'no-manager', 0, 'anyone', ''),
       (12, 'Mexicanas', 'ACTIVE', NULL, NULL, NULL, 1, 'no-manager', 0, 'anyone', ''),
       (13, 'Chifas', 'ACTIVE', NULL, NULL, NULL, 1, 'no-manager', 0, 'anyone', ''),
       (14, 'Fast Food', 'ACTIVE', NULL, NULL, NULL, 1, 'no-manager', 0, 'anyone', ''),
       (15, 'Arabe', 'ACTIVE', NULL, NULL, NULL, 1, 'no-manager', 0, 'anyone', ''),
       (16, 'Otros', 'ACTIVE', NULL, NULL, NULL, 1, 'no-manager', 0, 'anyone', ''),
       (17, 'Parques', 'ACTIVE', NULL, NULL, NULL, 2, 'no-manager', 0, 'anyone', ''),
       (18, 'Gimnasio', 'ACTIVE', NULL, NULL, NULL, 2, 'no-manager', 0, 'anyone', ''),
       (19, 'Galeria de Arte', 'ACTIVE', NULL, NULL, NULL, 2, 'no-manager', 0, 'anyone', ''),
       (20, 'Atracciones', 'ACTIVE', NULL, NULL, NULL, 2, 'no-manager', 0, 'anyone', ''),
       (21, 'Musica en Vivo', 'ACTIVE', NULL, NULL, NULL, 2, 'no-manager', 0, 'anyone', ''),
       (22, 'Cine', 'ACTIVE', NULL, NULL, NULL, 2, 'no-manager', 0, 'anyone', ''),
       (23, 'Museo', 'ACTIVE', NULL, NULL, NULL, 2, 'no-manager', 0, 'anyone', ''),
       (24, 'Naturaleza', 'ACTIVE', NULL, NULL, NULL, 2, 'no-manager', 0, 'anyone', ''),
       (25, 'Bibliotecas', 'ACTIVE', NULL, NULL, NULL, 2, 'no-manager', 0, 'anyone', ''),
       (26, 'Otros', 'ACTIVE', NULL, NULL, NULL, 2, 'no-manager', 0, 'anyone', ''),
       (27, 'Limpieza e higiene', 'ACTIVE', NULL, NULL, NULL, 3, 'no-manager', 0, 'anyone', ''),
       (28, 'Estetica y belleza', 'ACTIVE', NULL, NULL, NULL, 3, 'no-manager', 0, 'anyone', ''),
       (29, 'Tiendas y bazares', 'ACTIVE', NULL, NULL, NULL, 3, 'no-manager', 0, 'anyone', ''),
       (30, 'Papelerias', 'ACTIVE', NULL, NULL, NULL, 3, 'no-manager', 0, 'anyone', ''),
       (31, 'Supermercados', 'ACTIVE', NULL, NULL, NULL, 3, 'no-manager', 0, 'anyone', ''),
       (32, 'Electrodomesticos', 'ACTIVE', NULL, NULL, NULL, 3, 'no-manager', 0, 'anyone', ''),
       (33, 'Mobiliario', 'ACTIVE', NULL, NULL, NULL, 3, 'no-manager', 0, 'anyone', ''),
       (34, 'Abarrotes ', 'ACTIVE', NULL, NULL, NULL, 3, 'no-manager', 0, 'anyone', ''),
       (35, 'Motos/Bicicletas', 'ACTIVE', NULL, NULL, NULL, 3, 'no-manager', 0, 'anyone', ''),
       (36, 'Automotriz', 'ACTIVE', NULL, NULL, NULL, 3, 'no-manager', 0, 'anyone', ''),
       (37, 'Calzado', 'ACTIVE', NULL, NULL, NULL, 3, 'no-manager', 0, 'anyone', ''),
       (38, 'Agricultura', 'ACTIVE', NULL, NULL, NULL, 3, 'no-manager', 0, 'anyone', ''),
       (39, 'Otros', 'ACTIVE', NULL, NULL, NULL, 3, 'no-manager', 0, 'anyone', ''),
       (40, 'Oficios', 'ACTIVE', NULL, NULL, NULL, 1, 'no-manager', 0, 'anyone', ''),
       (41, 'Hospedaje', 'ACTIVE', NULL, NULL, NULL, 4, 'no-manager', 0, 'anyone', ''),
       (42, 'Servicios financieros ', 'ACTIVE', NULL, NULL, NULL, 4, 'no-manager', 0, 'anyone', ''),
       (43, 'Servicios profesionales', 'ACTIVE', NULL, NULL, NULL, 4, 'no-manager', 0, 'anyone', ''),
       (44, 'Servicios empresariales', 'ACTIVE', NULL, NULL, NULL, 4, 'no-manager', 0, 'anyone', ''),
       (45, 'Logistica', 'ACTIVE', NULL, NULL, NULL, 4, 'no-manager', 0, 'anyone', ''),
       (46, 'Educacion', 'ACTIVE', NULL, NULL, NULL, 4, 'no-manager', 0, 'anyone', ''),
       (47, 'Otros', 'ACTIVE', NULL, NULL, NULL, 4, 'no-manager', 0, 'anyone', ''),
       (48, 'Hospitales', 'ACTIVE', NULL, NULL, NULL, 5, 'no-manager', 0, 'anyone', ''),
       (49, 'Industria Farmaceutica', 'ACTIVE', NULL, NULL, NULL, 5, 'no-manager', 0, 'anyone', ''),
       (50, 'Consultorio medico ', 'ACTIVE', NULL, NULL, NULL, 5, 'no-manager', 0, 'anyone', ''),
       (51, 'Clinicas ', 'ACTIVE', NULL, NULL, NULL, 5, 'no-manager', 0, 'anyone', ''),
       (52, 'Veterinaria', 'ACTIVE', NULL, NULL, NULL, 5, 'no-manager', 0, 'anyone', ''),
       (53, 'Otros', 'ACTIVE', NULL, NULL, NULL, 5, 'no-manager', 0, 'anyone', ''),
       (54, 'Ferreterias', 'ACTIVE', NULL, NULL, NULL, 6, 'no-manager', 0, 'anyone', ''),
       (55, 'Materiales de construccion', 'ACTIVE', NULL, NULL, NULL, 6, 'no-manager', 0, 'anyone', ''),
       (56, 'Maquinaria pesada', 'ACTIVE', NULL, NULL, NULL, 6, 'no-manager', 0, 'anyone', ''),
       (57, 'Constructoras', 'ACTIVE', NULL, NULL, NULL, 6, 'no-manager', 0, 'anyone', ''),
       (58, 'Otros', 'ACTIVE', NULL, NULL, NULL, 6, 'no-manager', 0, 'anyone', ''),
       (59, 'Empresa textil', 'ACTIVE', NULL, NULL, NULL, 7, 'no-manager', 0, 'anyone', ''),
       (60, 'Venta de ropa', 'ACTIVE', NULL, NULL, NULL, 7, 'no-manager', 0, 'anyone', ''),
       (61, 'Venta de telas', 'ACTIVE', NULL, NULL, NULL, 7, 'no-manager', 0, 'anyone', ''),
       (62, 'Boutique', 'ACTIVE', NULL, NULL, NULL, 7, 'no-manager', 0, 'anyone', ''),
       (63, 'Produccion textil', 'ACTIVE', NULL, NULL, NULL, 7, 'no-manager', 0, 'anyone', ''),
       (64, 'Ropa y complementos', 'ACTIVE', NULL, NULL, NULL, 7, 'no-manager', 0, 'anyone', ''),
       (65, 'Otros', 'ACTIVE', NULL, NULL, NULL, 7, 'no-manager', 0, 'anyone', ''),
       (66, 'Terrestre', 'ACTIVE', NULL, NULL, NULL, 8, 'no-manager', 0, 'anyone', ''),
       (67, 'Aereo', 'ACTIVE', NULL, NULL, NULL, 8, 'no-manager', 0, 'anyone', ''),
       (68, 'Acuatico', 'ACTIVE', NULL, NULL, NULL, 8, 'no-manager', 0, 'anyone', ''),
       (69, 'Otros', 'ACTIVE', NULL, NULL, NULL, 8, 'no-manager', 0, 'anyone', ''),
       (70, 'Escuelas', 'ACTIVE', NULL, NULL, NULL, 3, 'no-manager', 0, 'anyone', ''),
       (71, 'Colegios', 'ACTIVE', NULL, NULL, NULL, 3, 'no-manager', 0, 'anyone', ''),
       (72, 'Educacion Inicial ', 'ACTIVE', NULL, NULL, NULL, 3, 'no-manager', 0, 'anyone', ''),
       (73, 'Educacion Inicial 2 ', 'ACTIVE', NULL, NULL, NULL, 3, 'no-manager', 0, 'anyone', ''),
       (74, 'Universidades', 'ACTIVE', NULL, NULL, NULL, 3, 'no-manager', 0, 'anyone', ''),
       (75, 'Universidad de 4 Nivel', 'ACTIVE', NULL, NULL, NULL, 3, 'no-manager', 0, 'anyone', '');

--
-- Volcado de datos para la tabla `caja_catalogo_billete`
--

INSERT INTO `caja_catalogo_billete` (`id`, `caja_tipo_billete_id`, `value`, `caja_catalogo_tipo_fraccion_id`, `valor`)
VALUES (1, 1, '10 Dolares', 2, 10);

--
-- Volcado de datos para la tabla `caja_catalogo_tipo_fraccion`
--

INSERT INTO `caja_catalogo_tipo_fraccion` (`id`, `value`, `descripcion`)
VALUES (1, 'Moneda', NULL),
       (2, 'Billete', NULL);

--
-- Volcado de datos para la tabla `cities`
--

INSERT INTO `cities` (`id`, `name`, `location`, `province_id`, `status`, `created_at`, `updated_at`, `deleted_at`,
                      `place_id`)
VALUES (1, 'Otavalo', 0x000000000101000000254774aeac9053c004eae6459ab6cd3f, 15, 'ACTIVE', '2020-05-20 21:41:43',
        '2020-05-20 21:41:43', NULL, 'none-id'),
       (2, 'Ibarra', 0x00000000010100000010c935aa788853c01b199aa1a737d63f, 15, 'ACTIVE', '2020-05-20 21:50:44',
        '2020-05-20 21:50:44', NULL, 'none-id'),
       (3, 'Atuntaqui', 0x000000000101000000f10ae995d78d53c0af29eb92cc45d53f, 15, 'ACTIVE', '2020-05-20 21:50:57',
        '2020-07-17 03:24:50', NULL, 'none-id'),
       (4, 'Cotacachi', 0x0000000001010000003d4ff2d9f09053c0451559c6e1a7d33f, 15, 'ACTIVE', '2020-05-20 21:51:09',
        '2020-05-20 21:51:09', NULL, 'none-id'),
       (5, 'Huaca', 0x000000000101000000173f32c2806e53c0372dc25e722de43f, 12, 'ACTIVE', '2020-07-14 05:34:28',
        '2020-07-16 09:54:27', NULL, 'none-id'),
       (6, 'Tulcán', 0x000000000101000000c503caa6dc6d53c095c84ff40a15ea3f, 12, 'ACTIVE', '2020-07-16 09:48:28',
        '2020-07-16 09:48:28', NULL, 'none-id'),
       (7, 'Bolívar', 0x00000000010100000040f61f3ed57953c0be8eeed6e80be03f, 12, 'ACTIVE', '2020-07-16 09:54:12',
        '2020-07-16 09:54:12', NULL, 'none-id'),
       (8, 'Espejo', 0x000000000101000000a1919df1dc7a53c039260f343418e03f, 12, 'ACTIVE', '2020-07-16 09:56:36',
        '2020-07-16 09:56:55', NULL, 'none-id'),
       (9, 'Mira', 0x000000000101000000f04284c99e8253c090279364679be13f, 12, 'ACTIVE', '2020-07-16 09:57:14',
        '2020-07-16 09:57:14', NULL, 'none-id'),
       (10, 'Montufar', 0x000000000101000000cc7c073f717153c023d74d29af15e23f, 12, 'ACTIVE', '2020-07-16 09:57:36',
        '2020-07-16 09:57:36', NULL, 'none-id'),
       (11, 'Cuenca', 0x0000000001010000004caab69b60c053c08e942d92763307c0, 9, 'ACTIVE', '2020-07-16 09:58:36',
        '2020-07-16 09:58:36', NULL, 'none-id'),
       (12, 'Camilo Ponce Enríquez', 0x000000000101000000600c9bb7a0ef53c0af42ca4faa7d08c0, 9, 'ACTIVE',
        '2020-07-16 09:58:52', '2020-07-16 09:58:52', NULL, 'none-id'),
       (13, 'Chordeleg', 0x00000000010100000038ff65add7b153c029835957bb6c07c0, 9, 'ACTIVE', '2020-07-16 09:59:11',
        '2020-07-16 10:00:50', NULL, 'none-id'),
       (14, 'El Pan', 0x000000000101000000cbc1c7bb7eaa53c06ab3fb9f0d4a06c0, 9, 'ACTIVE', '2020-07-16 09:59:32',
        '2020-07-16 09:59:32', NULL, 'none-id'),
       (15, 'Girón', 0x0000000001010000003ba4bd665ec953c0abfead090e4409c0, 9, 'ACTIVE', '2020-07-16 09:59:48',
        '2020-07-16 09:59:48', NULL, 'none-id'),
       (16, 'Guachapala', 0x000000000101000000cc33e5f9c2ad53c0bbb0daa1062806c0, 9, 'ACTIVE', '2020-07-16 10:00:06',
        '2020-07-16 10:00:06', NULL, 'none-id'),
       (17, 'Gualaceo', 0x000000000101000000d968ef42a9b153c0d751d504511707c0, 9, 'ACTIVE', '2020-07-16 10:00:25',
        '2020-07-16 10:00:25', NULL, 'none-id'),
       (18, 'Nabon', 0x00000000010100000066a60fb809c453c00de94bca38b10ac0, 9, 'ACTIVE', '2020-07-16 10:01:20',
        '2020-07-16 10:01:20', NULL, 'none-id'),
       (19, 'Oña', 0x000000000101000000e2b43bffd1c953c0e26def6481c00bc0, 9, 'ACTIVE', '2020-07-16 10:01:40',
        '2020-07-16 10:01:40', NULL, 'none-id'),
       (20, 'Paute', 0x00000000010100000032079c001eb153c0dc0da2b5a25d06c0, 9, 'ACTIVE', '2020-07-16 10:02:00',
        '2020-07-16 10:02:00', NULL, 'none-id'),
       (21, 'Pucará', 0x0000000001010000009d41e84512de53c03058bb37d0bd09c0, 9, 'ACTIVE', '2020-07-16 10:02:17',
        '2020-07-16 10:02:17', NULL, 'none-id'),
       (22, 'San Fernando', 0x000000000101000000d5bb2eb253d053c023d74d29af2509c0, 9, 'ACTIVE', '2020-07-16 10:05:56',
        '2020-07-16 10:05:56', NULL, 'none-id'),
       (23, 'Santa Isabel', 0x0000000001010000004a46cec21ed453c081bd78f5e0340ac0, 9, 'ACTIVE', '2020-07-16 10:06:12',
        '2020-07-16 10:06:12', NULL, 'none-id'),
       (24, 'Sevilla de Oro', 0x0000000001010000003c743051f3a953c0ed6877a3ea6206c0, 9, 'ACTIVE', '2020-07-16 10:06:29',
        '2020-07-16 10:06:29', NULL, 'none-id'),
       (25, 'Sigsig', 0x0000000001010000002da8b926eeb253c0bfa9fef7966808c0, 9, 'ACTIVE', '2020-07-16 10:06:44',
        '2020-07-16 10:06:44', NULL, 'none-id'),
       (26, 'Guaranda', 0x000000000101000000bbfda83cf0bf53c0f77deeba6d75f9bf, 10, 'ACTIVE', '2020-07-16 10:08:53',
        '2020-07-16 10:08:53', NULL, 'none-id'),
       (27, 'Caluma', 0x00000000010100000012f8c3cf7fd053c0a222f36d6619fabf, 10, 'ACTIVE', '2020-07-16 10:09:34',
        '2020-07-16 10:09:34', NULL, 'none-id'),
       (28, 'Chillanes', 0x000000000101000000252eb6ff37c453c0b31fce685019ffbf, 10, 'ACTIVE', '2020-07-16 10:09:56',
        '2020-07-16 10:09:56', NULL, 'none-id'),
       (29, 'Chimbo', 0x0000000001010000006c596375d0c153c041834d9d47e5fabf, 10, 'ACTIVE', '2020-07-16 10:10:15',
        '2020-07-16 10:10:15', NULL, 'none-id'),
       (30, 'Echeandía', 0x000000000101000000a06cca15ded153c0ed815660c8eaf6bf, 10, 'ACTIVE', '2020-07-16 10:10:32',
        '2020-07-16 10:10:32', NULL, 'none-id'),
       (31, 'Las Naves', 0x00000000010100000039ed293927d453c0c7455acfb594f4bf, 10, 'ACTIVE', '2020-07-16 10:10:51',
        '2020-07-16 10:10:51', NULL, 'none-id'),
       (32, 'San Miguel', 0x0000000001010000008395f9fd51c253c0c319b2704879fbbf, 10, 'ACTIVE', '2020-07-16 10:12:03',
        '2020-07-16 10:12:03', NULL, 'none-id'),
       (33, 'Azogues', 0x0000000001010000008e26721c53b653c0418754ac75ed05c0, 11, 'ACTIVE', '2020-07-16 10:17:12',
        '2020-07-16 10:17:12', NULL, 'none-id'),
       (34, 'Biblián', 0x00000000010100000000f1a952e9b853c03345ca60d6b505c0, 11, 'ACTIVE', '2020-07-16 10:17:28',
        '2020-07-16 10:17:28', NULL, 'none-id'),
       (35, 'Cañar', 0x00000000010100000019ee128bcebb53c0e0675c38107204c0, 11, 'ACTIVE', '2020-07-16 10:17:51',
        '2020-07-16 10:17:51', NULL, 'none-id'),
       (36, 'Déleg', 0x000000000101000000902fa18243bb53c0a327c00bb64c06c0, 11, 'ACTIVE', '2020-07-16 10:18:07',
        '2020-07-16 10:18:07', NULL, 'none-id'),
       (37, 'El Tambo', 0x000000000101000000902fa18243bb53c08c92a174331d04c0, 11, 'ACTIVE', '2020-07-16 10:18:27',
        '2020-07-16 10:18:27', NULL, 'none-id'),
       (38, 'La Troncal', 0x00000000010100000030568ad3ffd553c0c23d85121c5d03c0, 11, 'ACTIVE', '2020-07-16 10:18:46',
        '2020-07-16 10:18:46', NULL, 'none-id'),
       (39, 'Suscal', 0x00000000010100000018891a9650c353c00bf956da987d03c0, 11, 'ACTIVE', '2020-07-16 10:19:02',
        '2020-07-16 10:19:02', NULL, 'none-id'),
       (40, 'Riobamba', 0x00000000010100000031c225112baa53c0d98fb9d7eea3fabf, 14, 'ACTIVE', '2020-07-16 10:19:44',
        '2020-07-16 10:19:44', NULL, 'none-id'),
       (41, 'Alausí', 0x0000000001010000004c080c4831b653c0aa0d4e44bf9601c0, 14, 'ACTIVE', '2020-07-16 10:19:57',
        '2020-07-16 10:19:57', NULL, 'none-id'),
       (42, 'Chambo', 0x0000000001010000003bd972d30ba653c01989754fc3bcfbbf, 14, 'ACTIVE', '2020-07-16 10:20:15',
        '2020-07-16 10:20:15', NULL, 'none-id'),
       (43, 'Chunchi', 0x0000000001010000000781f0fcfdba53c09fa97c748f5102c0, 14, 'ACTIVE', '2020-07-16 10:20:28',
        '2020-07-16 10:20:28', NULL, 'none-id'),
       (44, 'Colta', 0x000000000101000000a9f17794efb053c0a96a82a8fbc0fbbf, 14, 'ACTIVE', '2020-07-16 10:22:06',
        '2020-07-16 10:22:06', NULL, 'none-id'),
       (45, 'Cumanda', 0x000000000101000000f3db210f8ec853c0c689af7614a701c0, 14, 'ACTIVE', '2020-07-16 10:22:23',
        '2020-07-16 10:22:23', NULL, 'none-id'),
       (46, 'Guamote', 0x00000000010100000019d8744e7dad53c0ea8fd552e500ffbf, 14, 'ACTIVE', '2020-07-16 10:22:41',
        '2020-07-16 10:22:41', NULL, 'none-id'),
       (47, 'Guano', 0x00000000010100000024fbd63d68a853c09b30abc145b8f9bf, 14, 'ACTIVE', '2020-07-16 10:22:55',
        '2020-07-16 10:22:55', NULL, 'none-id'),
       (48, 'Pallatanga', 0x000000000101000000caa31b6151be53c0b5d320167b2900c0, 14, 'ACTIVE', '2020-07-16 10:23:10',
        '2020-07-16 10:23:10', NULL, 'none-id'),
       (49, 'Penipe', 0x0000000001010000009a9fd10c98a253c0412553aae9dff8bf, 14, 'ACTIVE', '2020-07-16 10:23:23',
        '2020-07-16 10:23:23', NULL, 'none-id'),
       (50, 'Latacunga', 0x0000000001010000000612143fc6a653c0fc8f4c874ecfedbf, 13, 'ACTIVE', '2020-07-16 10:23:56',
        '2020-07-16 10:23:56', NULL, 'none-id'),
       (51, 'La Maná', 0x00000000010100000071276c9ad2ce53c0062f55c4441eeebf, 13, 'ACTIVE', '2020-07-16 10:24:12',
        '2020-07-16 10:24:12', NULL, 'none-id'),
       (52, 'Pujilí', 0x0000000001010000000d1f6c0c95ac53c0c51c041dadaaeebf, 13, 'ACTIVE', '2020-07-16 10:24:54',
        '2020-07-16 10:24:54', NULL, 'none-id'),
       (53, 'Salcedo', 0x00000000010100000001c34da1cea553c0aedbfbafceacf0bf, 13, 'ACTIVE', '2020-07-16 10:25:10',
        '2020-07-16 10:25:10', NULL, 'none-id'),
       (54, 'Saquisilí', 0x0000000001010000004e999b6fc4aa53c0a4e771738552eabf, 13, 'ACTIVE', '2020-07-16 10:25:29',
        '2020-07-16 10:25:29', NULL, 'none-id'),
       (55, 'Sigchos', 0x000000000101000000cc892c88b7b853c08cf1063d405ce6bf, 13, 'ACTIVE', '2020-07-16 10:25:41',
        '2020-07-16 10:25:41', NULL, 'none-id'),
       (56, 'Pangua', 0x00000000010100000014090154cc9e53c07af643098635c5bf, 13, 'ACTIVE', '2020-07-16 10:26:08',
        '2020-07-16 10:26:32', NULL, 'none-id'),
       (57, 'Machala', 0x00000000010100000034362a2625fd53c0bcd9d59a9c100ac0, 8, 'ACTIVE', '2020-07-16 10:27:30',
        '2020-07-16 10:27:30', NULL, 'none-id'),
       (58, 'Arenillas', 0x000000000101000000a4479dca330454c0647b88a130730cc0, 8, 'ACTIVE', '2020-07-16 10:27:42',
        '2020-07-16 10:27:42', NULL, 'none-id'),
       (59, 'Atahualpa', 0x000000000101000000c507d1b58a3154c022fc8ba0318302c0, 8, 'ACTIVE', '2020-07-16 10:28:01',
        '2020-07-16 10:28:01', NULL, 'none-id'),
       (60, 'Balsas', 0x00000000010100000075b05989d4f453c082154ca198110ec0, 8, 'ACTIVE', '2020-07-16 10:28:17',
        '2020-07-16 10:28:17', NULL, 'none-id'),
       (61, 'Chilla', 0x00000000010100000067ce9fdbf0e453c0a3eb1dc940a90bc0, 8, 'ACTIVE', '2020-07-16 10:28:37',
        '2020-07-16 10:28:37', NULL, 'none-id'),
       (62, 'El Guabo', 0x000000000101000000ceb348c961f453c03912c3691ce509c0, 8, 'ACTIVE', '2020-07-16 10:28:50',
        '2020-07-16 10:28:50', NULL, 'none-id'),
       (63, 'Huaquillas', 0x00000000010100000045798b2c3e0e54c06625f785a1cf0bc0, 8, 'ACTIVE', '2020-07-16 10:29:10',
        '2020-07-16 10:29:10', NULL, 'none-id'),
       (64, 'Marcabelí', 0x000000000101000000d9ffa5b162fa53c022235635f7460ec0, 8, 'ACTIVE', '2020-07-16 10:29:46',
        '2020-07-16 10:29:46', NULL, 'none-id'),
       (65, 'Las Lajas', 0x00000000010100000014090154cc9e53c07af643098635c5bf, 8, 'ACTIVE', '2020-07-16 10:30:05',
        '2020-07-16 10:30:05', NULL, 'none-id'),
       (66, 'Pasaje', 0x000000000101000000bcbf8b0890f353c0e3fa1cc4739b0ac0, 8, 'ACTIVE', '2020-07-16 10:30:21',
        '2020-07-16 10:30:21', NULL, 'none-id'),
       (67, 'Piñas', 0x00000000010100000014090154cc9e53c07af643098635c5bf, 8, 'ACTIVE', '2020-07-16 10:30:44',
        '2020-07-16 10:30:44', NULL, 'none-id'),
       (68, 'Portovelo', 0x000000000101000000d59ddd1019e753c0f34b0ee901bd0dc0, 8, 'ACTIVE', '2020-07-16 10:31:06',
        '2020-07-16 10:31:06', NULL, 'none-id'),
       (69, 'Santa Rosa', 0x000000000101000000feb04a8ee0fd53c082300109d4ac0bc0, 8, 'ACTIVE', '2020-07-16 10:31:21',
        '2020-07-16 10:31:21', NULL, 'none-id'),
       (70, 'Zaruma', 0x000000000101000000d59ddd1019e753c088765fdf987f0dc0, 8, 'ACTIVE', '2020-07-16 10:31:36',
        '2020-07-16 10:31:36', NULL, 'none-id'),
       (71, 'Esmeraldas', 0x0000000001010000002049a4c8b5e953c011ac055152fbee3f, 2, 'ACTIVE', '2020-07-16 10:32:20',
        '2020-07-16 10:32:20', NULL, 'none-id'),
       (72, 'Atacames', 0x0000000001010000001fad20bc2cf653c0024466d3b6c6eb3f, 2, 'ACTIVE', '2020-07-16 10:32:35',
        '2020-07-16 10:32:35', NULL, 'none-id'),
       (73, 'Eloy Alfaro', 0x0000000001010000008d11e4fbbdf553c093fe5e0a0f5a01c0, 2, 'ACTIVE', '2020-07-16 10:32:44',
        '2020-07-16 10:32:44', NULL, 'none-id'),
       (74, 'Muisne', 0x000000000101000000ee5f5969520154c04523e9e45692e33f, 2, 'ACTIVE', '2020-07-16 10:33:38',
        '2020-07-16 10:33:38', NULL, 'none-id'),
       (75, 'Quinindé', 0x000000000101000000637891aebedd53c091f8cbdd9debd43f, 2, 'ACTIVE', '2020-07-16 10:33:59',
        '2020-07-16 10:35:16', NULL, 'none-id'),
       (76, 'Río Verde', 0x0000000001010000004e4354e1cfd953c0f279c5538ff4f03f, 2, 'ACTIVE', '2020-07-16 10:34:36',
        '2020-07-16 10:34:36', NULL, 'none-id'),
       (77, 'San Lorenzo', 0x000000000101000000f38d8de502b653c07c708802c74ff43f, 2, 'ACTIVE', '2020-07-16 10:35:00',
        '2020-07-16 10:35:00', NULL, 'none-id'),
       (78, 'San Cristóbal, Galápagos', 0x000000000101000000778ab03ca36356c07c04a337810eedbf, 1, 'ACTIVE',
        '2020-07-16 10:36:35', '2020-07-16 10:36:35', NULL, 'none-id'),
       (79, 'Isabella', 0x000000000101000000ce6a05768a1754c00c86c6555d3efb3f, 1, 'ACTIVE', '2020-07-16 10:38:03',
        '2020-07-16 10:39:50', NULL, 'none-id'),
       (80, 'Santa Cruz', 0x00000000010100000066666666669656c0d42f6c281011e1bf, 1, 'ACTIVE', '2020-07-16 10:39:08',
        '2020-07-16 10:39:08', NULL, 'none-id'),
       (81, 'Guayaquil', 0x000000000101000000a83eeb75e6f853c0e18cabdbea8301c0, 6, 'ACTIVE', '2020-07-16 23:12:05',
        '2020-07-16 23:12:05', NULL, 'none-id'),
       (82, 'Alfredo Baquerizo Moreno', 0x00000000010100000032cdcf6886e353c04dafdef2a240febf, 6, 'ACTIVE',
        '2020-07-16 23:12:29', '2020-07-16 23:12:29', NULL, 'none-id'),
       (83, 'Balao', 0x000000000101000000eb3b1ae233f453c0c0ab8a15da4e07c0, 6, 'ACTIVE', '2020-07-16 23:15:26',
        '2020-07-16 23:15:26', NULL, 'none-id'),
       (84, 'Balzar', 0x000000000101000000ae19cf5694f953c0d9a0e52fe3dcf5bf, 6, 'ACTIVE', '2020-07-16 23:15:40',
        '2020-07-16 23:15:40', NULL, 'none-id'),
       (85, 'Colimes', 0x000000000101000000995423aaa60054c091e2d2e759bff8bf, 6, 'ACTIVE', '2020-07-16 23:16:03',
        '2020-07-16 23:16:16', NULL, 'none-id'),
       (86, 'Daule', 0x0000000001010000000954ff2092fe53c0963e74417dcbfdbf, 6, 'ACTIVE', '2020-07-16 23:16:29',
        '2020-07-16 23:16:29', NULL, 'none-id'),
       (87, 'Durán', 0x0000000001010000008d11e4fbbdf553c093fe5e0a0f5a01c0, 6, 'ACTIVE', '2020-07-16 23:16:42',
        '2020-07-16 23:16:42', NULL, 'none-id'),
       (88, 'El Empalme', 0x0000000001010000008ed36b0eebe653c0b89d6cb9e9c5f0bf, 6, 'ACTIVE', '2020-07-16 23:16:53',
        '2020-07-16 23:16:53', NULL, 'none-id'),
       (89, 'El Triunfo', 0x000000000101000000642c89a2f6d953c01dc6490625a102c0, 6, 'ACTIVE', '2020-07-17 03:11:56',
        '2020-07-17 03:11:56', NULL, 'none-id'),
       (90, 'General Antonio Elizalde', 0x000000000101000000b4194c68b7cb53c01f6228cc208301c0, 6, 'ACTIVE',
        '2020-07-17 03:14:04', '2020-07-17 03:14:04', NULL, 'none-id'),
       (91, 'Isidro Ayora', 0x0000000001010000003b2bb352520954c02dba50549125febf, 6, 'ACTIVE', '2020-07-17 03:14:29',
        '2020-07-17 03:14:29', NULL, 'none-id'),
       (92, 'Lomas de Sargentillo', 0x000000000101000000285426eba60554c0925ed4ee5701febf, 6, 'ACTIVE',
        '2020-07-17 03:14:48', '2020-07-17 03:14:48', NULL, 'none-id'),
       (93, 'Coronel Marcelino Maridueña', 0x0000000001010000004ccfaa85c8d953c0853d923765f301c0, 6, 'ACTIVE',
        '2020-07-17 03:15:07', '2020-07-17 03:15:07', NULL, 'none-id'),
       (94, 'Milagro', 0x000000000101000000edfe678302e653c05f950b957f1d01c0, 6, 'ACTIVE', '2020-07-17 03:15:22',
        '2020-07-17 03:15:22', NULL, 'none-id'),
       (95, 'Naranjal', 0x000000000101000000d768de16d1e753c0c7c33181115a05c0, 6, 'ACTIVE', '2020-07-17 03:15:34',
        '2020-07-17 03:15:34', NULL, 'none-id'),
       (96, 'Naranjito', 0x000000000101000000ef9705c9f1db53c050fbad9d286901c0, 6, 'ACTIVE', '2020-07-17 03:17:40',
        '2020-07-17 03:17:40', NULL, 'none-id'),
       (97, 'Nobol', 0x00000000010100000076995077d40054c0f156a71485a7febf, 6, 'ACTIVE', '2020-07-17 03:17:56',
        '2020-07-17 03:17:56', NULL, 'none-id'),
       (98, 'Palestina', 0x000000000101000000b24813ef80fe53c0a1061dbe9601fabf, 6, 'ACTIVE', '2020-07-17 03:18:32',
        '2020-07-17 03:18:32', NULL, 'none-id'),
       (99, 'Pedro Carbo', 0x00000000010100000043c0c69a360f54c0d1b01875ad1dfdbf, 6, 'ACTIVE', '2020-07-17 03:18:53',
        '2020-07-17 03:18:53', NULL, 'none-id'),
       (100, 'Playas', 0x0000000001010000003ef90505ef1854c0ed9458631a0705c0, 6, 'ACTIVE', '2020-07-17 03:19:09',
        '2020-07-17 03:19:09', NULL, 'none-id'),
       (101, 'Salitre', 0x000000000101000000eb3b1ae233f453c0fe96a542e158fdbf, 6, 'ACTIVE', '2020-07-17 03:20:07',
        '2020-07-17 03:20:07', NULL, 'none-id'),
       (102, 'Samborondón', 0x00000000010100000060556243dcf753c08ffe976bd1b200c0, 6, 'ACTIVE', '2020-07-17 03:20:22',
        '2020-07-17 03:20:22', NULL, 'none-id'),
       (103, 'Santa Lucía', 0x000000000101000000015130630aff53c0b16d5166836cfbbf, 6, 'ACTIVE', '2020-07-17 03:21:10',
        '2020-07-17 03:21:10', NULL, 'none-id'),
       (104, 'Simón Bolívar', 0x000000000101000000e18cabdb6a5c53c04ceabaa6f6d89cbf, 6, 'ACTIVE', '2020-07-17 03:21:25',
        '2020-07-17 03:21:25', NULL, 'none-id'),
       (105, 'Yaguachi', 0x0000000001010000007e575fb84eec53c079f475cf70c900c0, 6, 'ACTIVE', '2020-07-17 03:21:52',
        '2020-07-17 03:21:52', NULL, 'none-id'),
       (106, 'Pimampiro', 0x000000000101000000c54d57c1397c53c04e588748f201d93f, 15, 'ACTIVE', '2020-07-17 03:23:07',
        '2020-07-17 03:23:07', NULL, 'none-id'),
       (107, 'Urcuqui', 0x0000000001010000004cb093556c8c53c0a2f14410e7e1da3f, 15, 'ACTIVE', '2020-07-17 03:23:22',
        '2020-07-17 03:23:22', NULL, 'none-id'),
       (108, 'Loja', 0x0000000001010000009ef98b8f85cd53c078be558d140810c0, 16, 'ACTIVE', '2020-07-17 03:25:45',
        '2020-07-17 03:25:45', NULL, 'none-id'),
       (109, 'Calvas', 0x00000000010100000073486aa164e353c0d90a9a96584911c0, 16, 'ACTIVE', '2020-07-17 03:26:01',
        '2020-07-17 03:26:01', NULL, 'none-id'),
       (110, 'Celica', 0x00000000010100000009ac771357fd53c0288293c8996910c0, 16, 'ACTIVE', '2020-07-17 03:27:19',
        '2020-07-17 03:27:19', NULL, 'none-id'),
       (111, 'Catamayo', 0x0000000001010000005c621ba7d7d653c074e151746ee40fc0, 16, 'ACTIVE', '2020-07-17 03:27:42',
        '2020-07-17 03:27:42', NULL, 'none-id'),
       (112, 'Chaguarpamba', 0x00000000010100000085aa3d914ce953c037c2a2224e070fc0, 16, 'ACTIVE', '2020-07-17 03:31:25',
        '2020-07-17 03:31:34', NULL, 'none-id'),
       (113, 'Gonzanamá', 0x000000000101000000729879bcdadb53c006f52d73baec10c0, 16, 'ACTIVE', '2020-07-17 03:32:04',
        '2020-07-17 03:32:04', NULL, 'none-id'),
       (114, 'Macará', 0x0000000001010000008599113958fc53c01c0d3be7028a11c0, 16, 'ACTIVE', '2020-07-17 03:35:34',
        '2020-07-17 03:35:34', NULL, 'none-id'),
       (115, 'Olmedo', 0x000000000101000000d154f42c2d8553c02fe065868db2c13f, 16, 'ACTIVE', '2020-07-17 03:35:51',
        '2020-07-17 03:35:51', NULL, 'none-id'),
       (116, 'Paltas', 0x000000000101000000c4d155babbcb53c0befa78e8bbbb09c0, 16, 'ACTIVE', '2020-07-17 03:36:08',
        '2020-07-17 03:36:08', NULL, 'none-id'),
       (117, 'Quilanga', 0x0000000001010000008731e9efa5d953c021883dfe1c3011c0, 16, 'ACTIVE', '2020-07-17 03:42:21',
        '2020-07-17 03:42:21', NULL, 'none-id'),
       (118, 'Saraguro', 0x000000000101000000b191da7a3ccf53c07ada86f656f90cc0, 16, 'ACTIVE', '2020-07-17 03:42:36',
        '2020-07-17 03:42:36', NULL, 'none-id'),
       (119, 'Zapotillo', 0x00000000010100000074a37ecda80f54c0c563f5fd8a8b11c0, 16, 'ACTIVE', '2020-07-17 03:43:14',
        '2020-07-17 03:43:14', NULL, 'none-id'),
       (120, 'Sozoranga', 0x000000000101000000b9f2a32ba2f253c073f15c84ce5011c0, 16, 'ACTIVE', '2020-07-17 03:43:31',
        '2020-07-17 03:43:31', NULL, 'none-id'),
       (121, 'Pindal', 0x00000000010100000000506ad4e80654c07c2aa73d257710c0, 16, 'ACTIVE', '2020-07-17 03:45:54',
        '2020-07-17 03:45:54', NULL, 'none-id'),
       (122, 'Babahoyo', 0x00000000010100000031dc6fa337e253c058fe7c5bb0d4fcbf, 4, 'ACTIVE', '2020-07-17 03:48:38',
        '2020-07-17 03:48:38', NULL, 'none-id'),
       (123, 'Baba', 0x000000000101000000481adcd696eb53c08e9da685817dfcbf, 4, 'ACTIVE', '2020-07-17 03:48:55',
        '2020-07-17 03:48:55', NULL, 'none-id'),
       (124, 'Buena Fe', 0x0000000001010000008e45894c2fdf53c01bb226bb3e58ecbf, 4, 'ACTIVE', '2020-07-17 03:49:09',
        '2020-07-17 03:49:09', NULL, 'none-id'),
       (125, 'Mocache', 0x000000000101000000b5519d0e64e053c08ac8b08a37f2f2bf, 4, 'ACTIVE', '2020-07-17 03:49:26',
        '2020-07-17 03:49:26', NULL, 'none-id'),
       (126, 'Montalvo', 0x0000000001010000008ba141af64d253c0480845a9739bfcbf, 4, 'ACTIVE', '2020-07-17 03:49:41',
        '2020-07-17 03:49:41', NULL, 'none-id'),
       (127, 'Palenque', 0x000000000101000000207d93a641f053c0186426ace8eaf6bf, 4, 'ACTIVE', '2020-07-17 03:49:57',
        '2020-07-17 03:49:57', NULL, 'none-id'),
       (128, 'Puebloviejo', 0x0000000001010000002a38bc2022e253c0cdccccccccccf8bf, 4, 'ACTIVE', '2020-07-17 03:50:15',
        '2020-07-17 03:50:15', NULL, 'none-id'),
       (129, 'Quevedo', 0x000000000101000000b1dd3d4077dd53c050125cf6355cf0bf, 4, 'ACTIVE', '2020-07-17 03:50:27',
        '2020-07-17 03:50:27', NULL, 'none-id'),
       (130, 'Quinsaloma', 0x0000000001010000007965cd7e13d453c093a7aca6eb49f3bf, 4, 'ACTIVE', '2020-07-17 03:50:43',
        '2020-07-17 03:50:43', NULL, 'none-id'),
       (131, 'Urdaneta', 0x000000000101000000de3994a12acd53c0bb287ae063d00cc0, 4, 'ACTIVE', '2020-07-17 03:50:57',
        '2020-07-17 03:50:57', NULL, 'none-id'),
       (132, 'Valencia', 0x0000000001010000004da9013997d653c0a6d7c11c9877eebf, 4, 'ACTIVE', '2020-07-17 03:51:11',
        '2020-07-17 03:51:11', NULL, 'none-id'),
       (133, 'Ventanas', 0x000000000101000000ced9a78878dd53c0434e0416651bf7bf, 4, 'ACTIVE', '2020-07-17 03:51:19',
        '2020-07-17 03:51:19', NULL, 'none-id'),
       (134, 'Vínces', 0x0000000001010000000fd99b73cbf053c0d33252efa9dcf8bf, 4, 'ACTIVE', '2020-07-17 03:51:39',
        '2020-07-17 03:51:51', NULL, 'none-id'),
       (135, 'Portoviejo', 0x0000000001010000007610e099f51c54c0946c753925e0f0bf, 3, 'ACTIVE', '2020-07-17 03:52:23',
        '2020-07-17 03:52:23', NULL, 'none-id'),
       (136, '24 de Mayo', 0x000000000101000000731e04d39fe053c02a5ec026c66df0bf, 3, 'ACTIVE', '2020-07-17 03:52:41',
        '2020-07-17 03:52:53', NULL, 'none-id'),
       (137, 'Chone', 0x000000000101000000ada580b4ff0654c0a5b448241bd9e6bf, 3, 'ACTIVE', '2020-07-17 03:53:22',
        '2020-07-17 03:53:22', NULL, 'none-id'),
       (138, 'El Carmen', 0x000000000101000000637891aebedd53c03ed57cf0355fd1bf, 3, 'ACTIVE', '2020-07-17 03:53:56',
        '2020-07-17 03:53:56', NULL, 'none-id'),
       (139, 'Flavio Alfaro', 0x000000000101000000ff918e17f7f953c0ba241818c3e6d9bf, 3, 'ACTIVE', '2020-07-17 03:55:08',
        '2020-07-17 03:55:19', NULL, 'none-id'),
       (140, 'Jama', 0x0000000001010000000c0f50d0dc1054c01e4e603aaddbc9bf, 3, 'ACTIVE', '2020-07-17 03:55:33',
        '2020-07-17 03:55:33', NULL, 'none-id'),
       (141, 'Jaramijó', 0x00000000010100000077ab9d17dd2854c0d2f654f3c197eebf, 3, 'ACTIVE', '2020-07-17 03:55:53',
        '2020-07-17 03:56:03', NULL, 'none-id'),
       (142, 'Jipijapa', 0x000000000101000000569f06674b2554c01f20a9cf1fa4f5bf, 3, 'ACTIVE', '2020-07-17 03:56:20',
        '2020-07-17 03:56:20', NULL, 'none-id'),
       (143, 'Junín', 0x000000000101000000c14c8006400d54c01a8e42ed12b0edbf, 3, 'ACTIVE', '2020-07-17 03:56:34',
        '2020-07-17 03:56:43', NULL, 'none-id'),
       (144, 'Manta', 0x00000000010100000076d377c85e2d54c02ebaab0d04f7eebf, 3, 'ACTIVE', '2020-07-17 03:56:56',
        '2020-07-17 03:56:56', NULL, 'none-id'),
       (145, 'Montecristi', 0x000000000101000000affdae192a2a54c0bc1fb75f3eb9f0bf, 3, 'ACTIVE', '2020-07-17 03:58:50',
        '2020-07-17 03:59:01', NULL, 'none-id'),
       (146, 'Paján', 0x000000000101000000daff006b551b54c061a417b5fbd5f8bf, 3, 'ACTIVE', '2020-07-17 03:59:46',
        '2020-07-17 04:00:14', NULL, 'none-id'),
       (147, 'Pedernales', 0x000000000101000000fecf06054a0354c06be33e28deb7b23f, 3, 'ACTIVE', '2020-07-17 04:01:01',
        '2020-07-17 04:01:01', NULL, 'none-id'),
       (148, 'Pichincha', 0x000000000101000000b7dc4f7cebf453c0012f336c94b5f0bf, 3, 'ACTIVE', '2020-07-17 06:07:21',
        '2020-07-17 06:07:45', NULL, 'none-id'),
       (149, 'Puerto López', 0x00000000010100000090f1cddb7d3354c0a738b302e8dcf8bf, 3, 'ACTIVE', '2020-07-17 06:08:31',
        '2020-07-17 06:08:44', NULL, 'none-id'),
       (150, 'Rocafuerte', 0x000000000101000000605b9ab6da1c54c0f9b605f0bb8eedbf, 3, 'ACTIVE', '2020-07-17 06:09:13',
        '2020-07-17 06:09:13', NULL, 'none-id'),
       (151, 'San Vicente', 0x00000000010100000005db8827bb1954c046ae4099eb59e3bf, 3, 'ACTIVE', '2020-07-17 06:09:50',
        '2020-07-17 06:09:50', NULL, 'none-id'),
       (152, 'Santa Ana', 0x0000000001010000006bed22f1971754c0acadd85f764ff3bf, 3, 'ACTIVE', '2020-07-17 06:10:21',
        '2020-07-17 06:10:21', NULL, 'none-id'),
       (153, 'Sucre', 0x00000000010100000012691b7fa29f53c0d34d62105839f4bf, 3, 'ACTIVE', '2020-07-17 06:10:38',
        '2020-07-17 06:10:38', NULL, 'none-id'),
       (154, 'Tosagua', 0x000000000101000000c55d1844ff0e54c081f91a385618e9bf, 3, 'ACTIVE', '2020-07-17 06:10:51',
        '2020-07-17 06:10:51', NULL, 'none-id'),
       (155, 'Morona', 0x0000000001010000000a9e42ae54c053c022437d810f34fbbf, 19, 'ACTIVE', '2020-07-17 06:11:25',
        '2020-07-17 06:12:29', NULL, 'none-id'),
       (156, 'Gualaquiza', 0x000000000101000000d0e341c497a453c0ce0b660234400bc0, 19, 'ACTIVE', '2020-07-17 07:24:31',
        '2020-07-17 07:24:31', NULL, 'none-id'),
       (157, 'Huamboya', 0x000000000101000000cf6bec12557f53c0687748314022ffbf, 19, 'ACTIVE', '2020-07-17 07:24:49',
        '2020-07-17 07:24:49', NULL, 'none-id'),
       (158, 'Indanza', 0x00000000010100000041a264cd239f53c0d50792770e8508c0, 19, 'ACTIVE', '2020-07-17 07:25:59',
        '2020-07-17 07:25:59', NULL, 'none-id'),
       (159, 'Logroño', 0x0000000001010000003f8b4a8f4b8d53c0e0ee512404f004c0, 19, 'ACTIVE', '2020-07-17 07:26:16',
        '2020-07-17 07:26:16', NULL, 'none-id'),
       (160, 'Pablo Sexto', 0x000000000101000000c740e8ead88f53c0d457a192844efdbf, 19, 'ACTIVE', '2020-07-17 07:26:37',
        '2020-07-17 07:26:37', NULL, 'none-id'),
       (161, 'Palora', 0x000000000101000000a05edf3df67d53c00b1fb699af37fbbf, 19, 'ACTIVE', '2020-07-17 07:26:55',
        '2020-07-17 07:26:55', NULL, 'none-id'),
       (162, 'San Juan Bosco', 0x000000000101000000aef204c24ea153c02db0c7444ad308c0, 19, 'ACTIVE',
        '2020-07-17 07:27:30', '2020-07-17 07:27:30', NULL, 'none-id'),
       (163, 'Santiago de Mendez', 0x00000000010100000027f6d03e569453c01764cbf275b905c0, 19, 'ACTIVE',
        '2020-07-17 07:27:57', '2020-07-17 07:27:57', NULL, 'none-id'),
       (164, 'Sucúa', 0x000000000101000000515557f4bd8a53c04e5fcfd72ca703c0, 19, 'ACTIVE', '2020-07-17 07:28:41',
        '2020-07-17 07:28:41', NULL, 'none-id'),
       (165, 'Taisha', 0x0000000001010000008599b67f655d53c018946934b9b802c0, 19, 'ACTIVE', '2020-07-17 07:29:01',
        '2020-07-17 07:29:01', NULL, 'none-id'),
       (166, 'tiwintza', 0x00000000010100000014090154cc9e53c07af643098635c5bf, 19, 'ACTIVE', '2020-07-17 07:29:26',
        '2020-07-17 07:29:26', NULL, 'none-id'),
       (167, 'Tena', 0x000000000101000000501a6a14127453c0791563aaaae1efbf, 20, 'ACTIVE', '2020-07-17 07:32:31',
        '2020-07-17 07:32:31', NULL, 'none-id'),
       (168, 'Archidona', 0x00000000010100000078cd5081b87353c037024c74f112edbf, 20, 'ACTIVE', '2020-07-17 07:32:56',
        '2020-07-17 07:32:56', NULL, 'none-id'),
       (169, 'Carlos Julio Arosemena Tola', 0x000000000101000000935e8a61bd7653c0ea002d0208a4f2bf, 20, 'ACTIVE',
        '2020-07-17 07:33:18', '2020-07-17 07:33:18', NULL, 'none-id'),
       (170, 'El Chaco', 0x000000000101000000d1dc54eecf7353c04eb0a481c49bd5bf, 20, 'ACTIVE', '2020-07-17 07:33:39',
        '2020-07-17 07:33:39', NULL, 'none-id'),
       (171, 'Francisco de Orellana', 0x000000000101000000991a57128f3f53c0d6f95c120c8cddbf, 21, 'ACTIVE',
        '2020-07-17 07:34:44', '2020-07-17 07:34:44', NULL, 'none-id'),
       (172, 'Aguarico', 0x0000000001010000007061dd7877f752c0132a38bc2022d2bf, 21, 'ACTIVE', '2020-07-17 07:35:00',
        '2020-07-17 07:35:00', NULL, 'none-id'),
       (173, 'La Joya de los Sachas', 0x00000000010100000084ec61d4da3653c0af33cf5b8649d3bf, 21, 'ACTIVE',
        '2020-07-17 07:35:23', '2020-07-17 07:35:23', NULL, 'none-id'),
       (174, 'Loreto', 0x000000000101000000891e42a6c65353c07d9b59a6ba1be6bf, 21, 'ACTIVE', '2020-07-17 07:35:41',
        '2020-07-17 07:35:41', NULL, 'none-id'),
       (175, 'Arajuno', 0x000000000101000000348639419b6b53c0726bd26d89dcf3bf, 22, 'ACTIVE', '2020-07-17 07:36:40',
        '2020-07-17 07:36:40', NULL, 'none-id'),
       (176, 'Mera', 0x0000000001010000008e42ed12308753c0fd2a65be2866f7bf, 22, 'ACTIVE', '2020-07-17 07:37:01',
        '2020-07-17 07:37:01', NULL, 'none-id'),
       (177, 'Santa Clara', 0x000000000101000000f7764b72c07853c068d608b3bf42f4bf, 22, 'ACTIVE', '2020-07-17 07:37:21',
        '2020-07-17 07:37:21', NULL, 'none-id'),
       (178, 'Quito', 0x0000000001010000007334a20ff19d53c0be78f5e0a41fc7bf, 17, 'ACTIVE', '2020-07-17 07:38:29',
        '2020-07-17 07:38:29', NULL, 'none-id'),
       (179, 'Cayambe', 0x00000000010100000027c8be1a568953c0d93add1e29c7a53f, 17, 'ACTIVE', '2020-07-17 07:40:12',
        '2020-07-17 07:40:12', NULL, 'none-id'),
       (180, 'Mejia', 0x0000000001010000009b2ca4b2171e54c08768194e3ea2efbf, 17, 'ACTIVE', '2020-07-17 07:40:29',
        '2020-07-17 07:40:29', NULL, 'none-id'),
       (181, 'Pedro Vicente Maldonado', 0x0000000001010000003082c64c22c353c0f59f353ffed2b43f, 17, 'ACTIVE',
        '2020-07-17 07:40:53', '2020-07-17 07:40:53', NULL, 'none-id'),
       (182, 'Puerto Quito', 0x00000000010100000009fb761211d153c01bbe8575e3ddbd3f, 17, 'ACTIVE', '2020-07-17 07:41:18',
        '2020-07-17 07:41:18', NULL, 'none-id'),
       (183, 'San Miguel de Los Bancos', 0x0000000001010000001e25654117b953c00facf424fac6993f, 17, 'ACTIVE',
        '2020-07-17 07:42:07', '2020-07-17 07:42:07', NULL, 'none-id'),
       (184, 'Santa Elena', 0x0000000001010000001e8cd827003754c0134abac1abd001c0, 5, 'ACTIVE', '2020-07-17 07:43:30',
        '2020-07-17 07:43:30', NULL, 'none-id'),
       (185, 'La Libertad', 0x000000000101000000aab3ffa69c3954c0de0951195ad801c0, 5, 'ACTIVE', '2020-07-17 07:43:53',
        '2020-07-17 07:43:53', NULL, 'none-id'),
       (186, 'Salinas', 0x0000000001010000005c1d0071573d54c05a03a5b272c901c0, 5, 'ACTIVE', '2020-07-17 07:44:13',
        '2020-07-17 07:44:13', NULL, 'none-id'),
       (187, 'La Concordia', 0x000000000101000000cefc6a0e10d953c0682f91c140c6823f, 7, 'ACTIVE', '2020-07-17 07:44:47',
        '2020-07-17 07:44:47', NULL, 'none-id'),
       (188, 'Santo Domingo', 0x000000000101000000f8718f0049cb53c014bcd7ffef3ed0bf, 7, 'ACTIVE', '2020-07-17 07:45:08',
        '2020-07-17 07:45:08', NULL, 'none-id'),
       (189, 'Cuyabeno', 0x0000000001010000006b44d554bbe752c03a2e9919ec3cd7bf, 23, 'ACTIVE', '2020-07-17 07:48:24',
        '2020-07-17 07:48:24', NULL, 'none-id'),
       (190, 'Gonzalo Pizarro', 0x000000000101000000b0e42a16bf5653c01eb0613c39f9abbf, 23, 'ACTIVE',
        '2020-07-17 07:48:46', '2020-07-17 07:48:46', NULL, 'none-id'),
       (191, 'Putumayo', 0x00000000010100000014090154cc9e53c07af643098635c5bf, 23, 'ACTIVE', '2020-07-17 07:49:19',
        '2020-07-17 07:49:19', NULL, 'none-id'),
       (192, 'Shushufindi', 0x000000000101000000c97cf612192953c037b75384e519c8bf, 23, 'ACTIVE', '2020-07-17 07:49:39',
        '2020-07-17 07:49:39', NULL, 'none-id'),
       (193, 'Sucumbios', 0x00000000010100000014090154cc9e53c07af643098635c5bf, 23, 'ACTIVE', '2020-07-17 07:50:07',
        '2020-07-17 07:50:07', NULL, 'none-id'),
       (194, 'Cascales', 0x00000000010100000014090154cc9e53c07af643098635c5bf, 23, 'ACTIVE', '2020-07-17 07:50:24',
        '2020-07-17 07:50:24', NULL, 'none-id'),
       (195, 'Lago Agrio', 0x00000000010100000014090154cc9e53c07af643098635c5bf, 23, 'ACTIVE', '2020-07-17 07:50:45',
        '2020-07-17 07:50:45', NULL, 'none-id'),
       (196, 'Rumiñahui', 0x00000000010100000014090154cc9e53c07af643098635c5bf, 17, 'ACTIVE', '2020-07-17 07:51:17',
        '2020-07-27 06:54:24', NULL, 'none-id'),
       (197, 'Ambato', 0x0000000001010000003c93ecc7dca753c09a9da0a8c711f4bf, 18, 'ACTIVE', '2020-07-17 07:52:01',
        '2020-07-17 07:52:01', NULL, 'none-id'),
       (198, 'Baños', 0x0000000001010000000c1de0ee519b53c088e64bb90c49f6bf, 18, 'ACTIVE', '2020-07-17 07:52:20',
        '2020-07-17 07:52:20', NULL, 'none-id'),
       (199, 'Cevallos', 0x0000000001010000002a73f38d68a753c06379fc83edacf5bf, 18, 'ACTIVE', '2020-07-17 07:52:36',
        '2020-07-17 07:52:36', NULL, 'none-id'),
       (200, 'Mocha', 0x000000000101000000482355ca21aa53c047cf882d98b3f6bf, 18, 'ACTIVE', '2020-07-17 07:52:51',
        '2020-07-17 07:52:51', NULL, 'none-id'),
       (201, 'Patate', 0x00000000010100000071a9efa169a053c0fe65f7e46101f5bf, 18, 'ACTIVE', '2020-07-17 07:53:07',
        '2020-07-17 07:53:07', NULL, 'none-id'),
       (202, 'Quero', 0x000000000101000000fa2d9512dda653c0d091a68b5e17f6bf, 18, 'ACTIVE', '2020-07-17 07:53:23',
        '2020-07-17 07:53:23', NULL, 'none-id'),
       (203, 'Pelileo', 0x000000000101000000d4e29d8da6a253c0017f42870a3ff5bf, 18, 'ACTIVE', '2020-07-17 07:53:48',
        '2020-07-17 07:53:48', NULL, 'none-id'),
       (204, 'Píllaro', 0x000000000101000000f2666897caa253c00a4b3ca06ccaf2bf, 18, 'ACTIVE', '2020-07-17 07:54:08',
        '2020-07-17 07:54:08', NULL, 'none-id'),
       (205, 'Tisaleo', 0x00000000010100000024e18cabdbaa53c0ee2c301ae890f5bf, 18, 'ACTIVE', '2020-07-17 07:54:25',
        '2020-07-17 07:54:25', NULL, 'none-id'),
       (206, 'Zamora', 0x000000000101000000f04e3e3db6bc53c025198398953f10c0, 24, 'ACTIVE', '2020-07-17 07:55:37',
        '2020-07-17 07:55:37', NULL, 'none-id'),
       (207, 'Centinela', 0x000000000101000000f70489edeefe52c00492b06f2711913f, 24, 'ACTIVE', '2020-07-17 07:56:19',
        '2020-07-17 07:56:19', NULL, 'none-id'),
       (208, 'Nangaritza', 0x00000000010100000006781c5080a553c0fffe3971de040dc0, 24, 'ACTIVE', '2020-07-17 07:57:12',
        '2020-07-17 07:57:12', NULL, 'none-id'),
       (209, 'Chinchipe', 0x00000000010100000014090154cc9e53c07af643098635c5bf, 24, 'ACTIVE', '2020-07-17 07:57:30',
        '2020-07-17 07:57:30', NULL, 'none-id'),
       (210, 'Palanda', 0x0000000001010000006a50340f60c853c02accd655dc9b12c0, 24, 'ACTIVE', '2020-07-17 07:57:52',
        '2020-07-17 07:57:52', NULL, 'none-id'),
       (211, 'Paquisha', 0x0000000001010000001fe10f9a38ab53c0399105f126740fc0, 24, 'ACTIVE', '2020-07-17 07:58:17',
        '2020-07-17 07:58:17', NULL, 'none-id'),
       (212, 'Yacuambi', 0x00000000010100000014090154cc9e53c07af643098635c5bf, 24, 'ACTIVE', '2020-07-17 07:58:43',
        '2020-07-17 07:58:43', NULL, 'none-id'),
       (213, 'Yantzaza', 0x000000000101000000567ce827c1b053c0206dd223fca10ec0, 24, 'ACTIVE', '2020-07-17 07:59:02',
        '2020-07-17 07:59:02', NULL, 'none-id'),
       (214, 'Pangui', 0x00000000010100000014090154cc9e53c07af643098635c5bf, 24, 'ACTIVE', '2020-07-17 07:59:49',
        '2020-07-17 07:59:49', NULL, 'none-id'),
       (215, 'Sin registro', 0x00000000010100000014090154cc9e53c07af643098635c5bf, 25, 'ACTIVE', '2020-07-27 06:32:30',
        '2020-07-27 06:32:30', NULL, 'none-id'),
       (216, 'SR', 0x00000000010100000014090154cc9e53c07af643098635c5bf, 26, 'INACTIVE', '2020-07-27 06:33:26',
        '2020-07-27 06:33:40', NULL, 'none-id'),
       (217, 'SR1', 0x00000000010100000014090154cc9e53c07af643098635c5bf, 27, 'INACTIVE', '2020-07-27 06:34:04',
        '2020-07-27 06:34:24', NULL, 'none-id');

--
-- Volcado de datos para la tabla `counter_by_entity`
--

INSERT INTO `countries` (`id`, `name`, `status`, `created_at`, `updated_at`, `deleted_at`, `place_id`, `iso_codes`,
                         `phone_code`)
VALUES (1, 'Afghanistan', 'ACTIVE', NULL, NULL, NULL, 'ChIJ1UuaqN2HI5ARAjecEQSvdp0', 'AF / AFG', '93'),
       (2, 'Albania', 'ACTIVE', NULL, NULL, NULL, 'ChIJ1UuaqN2HI5ARAjecEQSvdp0', 'AL / ALB', '355'),
       (3, 'Algeria', 'ACTIVE', NULL, NULL, NULL, 'ChIJ1UuaqN2HI5ARAjecEQSvdp0', 'DZ / DZA', '213'),
       (4, 'American Samoa', 'ACTIVE', NULL, NULL, NULL, 'ChIJ1UuaqN2HI5ARAjecEQSvdp0', 'AS / ASM', '1'),
       (5, 'Andorra', 'ACTIVE', NULL, NULL, NULL, 'ChIJ1UuaqN2HI5ARAjecEQSvdp0', 'AD / AND', '376'),
       (6, 'Angola', 'ACTIVE', NULL, NULL, NULL, 'ChIJ1UuaqN2HI5ARAjecEQSvdp0', 'AO / AGO', '244'),
       (7, 'Anguilla', 'ACTIVE', NULL, NULL, NULL, 'ChIJ1UuaqN2HI5ARAjecEQSvdp0', 'AI / AIA', '1'),
       (8, 'Antarctica', 'ACTIVE', NULL, NULL, NULL, 'ChIJ1UuaqN2HI5ARAjecEQSvdp0', 'AQ / ATA', '672'),
       (9, 'Antigua and Barbuda', 'ACTIVE', NULL, NULL, NULL, 'ChIJ1UuaqN2HI5ARAjecEQSvdp0', 'AG / ATG', '1'),
       (10, 'Argentina', 'ACTIVE', NULL, NULL, NULL, 'ChIJ1UuaqN2HI5ARAjecEQSvdp0', 'AR / ARG', '54'),
       (11, 'Armenia', 'ACTIVE', NULL, NULL, NULL, 'ChIJ1UuaqN2HI5ARAjecEQSvdp0', 'AM / ARM', '374'),
       (12, 'Aruba', 'ACTIVE', NULL, NULL, NULL, 'ChIJ1UuaqN2HI5ARAjecEQSvdp0', 'AW / ABW', '297'),
       (13, 'Australia', 'ACTIVE', NULL, NULL, NULL, 'ChIJ1UuaqN2HI5ARAjecEQSvdp0', 'AU / AUS', '61'),
       (14, 'Austria', 'ACTIVE', NULL, NULL, NULL, 'ChIJ1UuaqN2HI5ARAjecEQSvdp0', 'AT / AUT', '43'),
       (15, 'Azerbaijan', 'ACTIVE', NULL, NULL, NULL, 'ChIJ1UuaqN2HI5ARAjecEQSvdp0', 'AZ / AZE', '994'),
       (16, 'Bahamas', 'ACTIVE', NULL, NULL, NULL, 'ChIJ1UuaqN2HI5ARAjecEQSvdp0', 'BS / BHS', '1'),
       (17, 'Bahrain', 'ACTIVE', NULL, NULL, NULL, 'ChIJ1UuaqN2HI5ARAjecEQSvdp0', 'BH / BHR', '973'),
       (18, 'Ecuador', 'ACTIVE', NULL, NULL, NULL, 'ChIJ1UuaqN2HI5ARAjecEQSvdp0', 'EC / ECU', '593'),
       (19, 'Barbados', 'ACTIVE', NULL, NULL, NULL, 'ChIJ1UuaqN2HI5ARAjecEQSvdp0', 'BB / BRB', '1'),
       (20, 'Belarus', 'ACTIVE', NULL, NULL, NULL, 'ChIJ1UuaqN2HI5ARAjecEQSvdp0', 'BY / BLR', '375'),
       (21, 'Belgium', 'ACTIVE', NULL, NULL, NULL, 'ChIJ1UuaqN2HI5ARAjecEQSvdp0', 'BE / BEL', '32'),
       (22, 'Belize', 'ACTIVE', NULL, NULL, NULL, 'ChIJ1UuaqN2HI5ARAjecEQSvdp0', 'BZ / BLZ', '501'),
       (23, 'Benin', 'ACTIVE', NULL, NULL, NULL, 'ChIJ1UuaqN2HI5ARAjecEQSvdp0', 'BJ / BEN', '229'),
       (24, 'Bermuda', 'ACTIVE', NULL, NULL, NULL, 'ChIJ1UuaqN2HI5ARAjecEQSvdp0', 'BM / BMU', '1'),
       (25, 'Bhutan', 'ACTIVE', NULL, NULL, NULL, 'ChIJ1UuaqN2HI5ARAjecEQSvdp0', 'BT / BTN', '975'),
       (26, 'Bolivia', 'ACTIVE', NULL, NULL, NULL, 'ChIJ1UuaqN2HI5ARAjecEQSvdp0', 'BO / BOL', '591'),
       (27, 'Bosnia and Herzegovina', 'ACTIVE', NULL, NULL, NULL, 'ChIJ1UuaqN2HI5ARAjecEQSvdp0', 'BA / BIH', '387'),
       (28, 'Botswana', 'ACTIVE', NULL, NULL, NULL, 'ChIJ1UuaqN2HI5ARAjecEQSvdp0', 'BW / BWA', '267'),
       (29, 'Brazil', 'ACTIVE', NULL, NULL, NULL, 'ChIJ1UuaqN2HI5ARAjecEQSvdp0', 'BR / BRA', '55'),
       (30, 'British Indian Ocean Territory', 'ACTIVE', NULL, NULL, NULL, 'ChIJ1UuaqN2HI5ARAjecEQSvdp0', 'IO / IOT',
        '246'),
       (31, 'British Virgin Islands', 'ACTIVE', NULL, NULL, NULL, 'ChIJ1UuaqN2HI5ARAjecEQSvdp0', 'VG / VGB', '1'),
       (32, 'Brunei', 'ACTIVE', NULL, NULL, NULL, 'ChIJ1UuaqN2HI5ARAjecEQSvdp0', 'BN / BRN', '673'),
       (33, 'Bulgaria', 'ACTIVE', NULL, NULL, NULL, 'ChIJ1UuaqN2HI5ARAjecEQSvdp0', 'BG / BGR', '359'),
       (34, 'Burkina Faso', 'ACTIVE', NULL, NULL, NULL, 'ChIJ1UuaqN2HI5ARAjecEQSvdp0', 'BF / BFA', '226'),
       (35, 'Myanmar', 'ACTIVE', NULL, NULL, NULL, 'ChIJ1UuaqN2HI5ARAjecEQSvdp0', 'MM / MMR', '95'),
       (36, 'Burundi', 'ACTIVE', NULL, NULL, NULL, 'ChIJ1UuaqN2HI5ARAjecEQSvdp0', 'BI / BDI', '257'),
       (37, 'Cambodia', 'ACTIVE', NULL, NULL, NULL, 'ChIJ1UuaqN2HI5ARAjecEQSvdp0', 'KH / KHM', '855'),
       (38, 'Cameroon', 'ACTIVE', NULL, NULL, NULL, 'ChIJ1UuaqN2HI5ARAjecEQSvdp0', 'CM / CMR', '237'),
       (39, 'Canada', 'ACTIVE', NULL, NULL, NULL, 'ChIJ1UuaqN2HI5ARAjecEQSvdp0', 'CA / CAN', '1'),
       (40, 'Cape Verde', 'ACTIVE', NULL, NULL, NULL, 'ChIJ1UuaqN2HI5ARAjecEQSvdp0', 'CV / CPV', '238'),
       (41, 'Cayman Islands', 'ACTIVE', NULL, NULL, NULL, 'ChIJ1UuaqN2HI5ARAjecEQSvdp0', 'KY / CYM', '1'),
       (42, 'Central African Republic', 'ACTIVE', NULL, NULL, NULL, 'ChIJ1UuaqN2HI5ARAjecEQSvdp0', 'CF / CAF', '236'),
       (43, 'Chad', 'ACTIVE', NULL, NULL, NULL, 'ChIJ1UuaqN2HI5ARAjecEQSvdp0', 'TD / TCD', '235'),
       (44, 'Chile', 'ACTIVE', NULL, NULL, NULL, 'ChIJ1UuaqN2HI5ARAjecEQSvdp0', 'CL / CHL', '56'),
       (45, 'China', 'ACTIVE', NULL, NULL, NULL, 'ChIJ1UuaqN2HI5ARAjecEQSvdp0', 'CN / CHN', '86'),
       (46, 'Christmas Island', 'ACTIVE', NULL, NULL, NULL, 'ChIJ1UuaqN2HI5ARAjecEQSvdp0', 'CX / CXR', '61'),
       (47, 'Cocos Islands', 'ACTIVE', NULL, NULL, NULL, 'ChIJ1UuaqN2HI5ARAjecEQSvdp0', 'CC / CCK', '61'),
       (48, 'Colombia', 'ACTIVE', NULL, NULL, NULL, 'ChIJ1UuaqN2HI5ARAjecEQSvdp0', 'CO / COL', '57'),
       (49, 'Comoros', 'ACTIVE', NULL, NULL, NULL, 'ChIJ1UuaqN2HI5ARAjecEQSvdp0', 'KM / COM', '269'),
       (50, 'Republic of the Congo', 'ACTIVE', NULL, NULL, NULL, 'ChIJ1UuaqN2HI5ARAjecEQSvdp0', 'CG / COG', '242'),
       (51, 'Democratic Republic of the Congo', 'ACTIVE', NULL, NULL, NULL, 'ChIJ1UuaqN2HI5ARAjecEQSvdp0', 'CD / COD',
        '243'),
       (52, 'Cook Islands', 'ACTIVE', NULL, NULL, NULL, 'ChIJ1UuaqN2HI5ARAjecEQSvdp0', 'CK / COK', '682'),
       (53, 'Costa Rica', 'ACTIVE', NULL, NULL, NULL, 'ChIJ1UuaqN2HI5ARAjecEQSvdp0', 'CR / CRI', '506'),
       (54, 'Croatia', 'ACTIVE', NULL, NULL, NULL, 'ChIJ1UuaqN2HI5ARAjecEQSvdp0', 'HR / HRV', '385'),
       (55, 'Cuba', 'ACTIVE', NULL, NULL, NULL, 'ChIJ1UuaqN2HI5ARAjecEQSvdp0', 'CU / CUB', '53'),
       (56, 'Curacao', 'ACTIVE', NULL, NULL, NULL, 'ChIJ1UuaqN2HI5ARAjecEQSvdp0', 'CW / CUW', '599'),
       (57, 'Cyprus', 'ACTIVE', NULL, NULL, NULL, 'ChIJ1UuaqN2HI5ARAjecEQSvdp0', 'CY / CYP', '357'),
       (58, 'Czech Republic', 'ACTIVE', NULL, NULL, NULL, 'ChIJ1UuaqN2HI5ARAjecEQSvdp0', 'CZ / CZE', '420'),
       (59, 'Denmark', 'ACTIVE', NULL, NULL, NULL, 'ChIJ1UuaqN2HI5ARAjecEQSvdp0', 'DK / DNK', '45'),
       (60, 'Djibouti', 'ACTIVE', NULL, NULL, NULL, 'ChIJ1UuaqN2HI5ARAjecEQSvdp0', 'DJ / DJI', '253'),
       (61, 'Dominica', 'ACTIVE', NULL, NULL, NULL, 'ChIJ1UuaqN2HI5ARAjecEQSvdp0', 'DM / DMA', '1'),
       (62, 'Dominican Republic', 'ACTIVE', NULL, NULL, NULL, 'ChIJ1UuaqN2HI5ARAjecEQSvdp0', 'DO / DOM', '1'),
       (63, 'East Timor', 'ACTIVE', NULL, NULL, NULL, 'ChIJ1UuaqN2HI5ARAjecEQSvdp0', 'TL / TLS', '670'),
       (64, 'Bangladesh', 'ACTIVE', NULL, NULL, NULL, 'ChIJ1UuaqN2HI5ARAjecEQSvdp0', 'BD / BGD', '880'),
       (65, 'Egypt', 'ACTIVE', NULL, NULL, NULL, 'ChIJ1UuaqN2HI5ARAjecEQSvdp0', 'EG / EGY', '20'),
       (66, 'El Salvador', 'ACTIVE', NULL, NULL, NULL, 'ChIJ1UuaqN2HI5ARAjecEQSvdp0', 'SV / SLV', '503'),
       (67, 'Equatorial Guinea', 'ACTIVE', NULL, NULL, NULL, 'ChIJ1UuaqN2HI5ARAjecEQSvdp0', 'GQ / GNQ', '240'),
       (68, 'Eritrea', 'ACTIVE', NULL, NULL, NULL, 'ChIJ1UuaqN2HI5ARAjecEQSvdp0', 'ER / ERI', '291'),
       (69, 'Estonia', 'ACTIVE', NULL, NULL, NULL, 'ChIJ1UuaqN2HI5ARAjecEQSvdp0', 'EE / EST', '372'),
       (70, 'Ethiopia', 'ACTIVE', NULL, NULL, NULL, 'ChIJ1UuaqN2HI5ARAjecEQSvdp0', 'ET / ETH', '251'),
       (71, 'Sin Especificar', 'ACTIVE', NULL, NULL, NULL, 'ChIJ1UuaqN2HI5ARAjecEQSvdp0', 'ZW / ZWE', '263'),
       (72, 'Faroe Islands', 'ACTIVE', NULL, NULL, NULL, 'ChIJ1UuaqN2HI5ARAjecEQSvdp0', 'FO / FRO', '298'),
       (73, 'Fiji', 'ACTIVE', NULL, NULL, NULL, 'ChIJ1UuaqN2HI5ARAjecEQSvdp0', 'FJ / FJI', '679'),
       (74, 'Finland', 'ACTIVE', NULL, NULL, NULL, 'ChIJ1UuaqN2HI5ARAjecEQSvdp0', 'FI / FIN', '358'),
       (75, 'France', 'ACTIVE', NULL, NULL, NULL, 'ChIJ1UuaqN2HI5ARAjecEQSvdp0', 'FR / FRA', '33'),
       (76, 'French Polynesia', 'ACTIVE', NULL, NULL, NULL, 'ChIJ1UuaqN2HI5ARAjecEQSvdp0', 'PF / PYF', '689'),
       (77, 'Gabon', 'ACTIVE', NULL, NULL, NULL, 'ChIJ1UuaqN2HI5ARAjecEQSvdp0', 'GA / GAB', '241'),
       (78, 'Gambia', 'ACTIVE', NULL, NULL, NULL, 'ChIJ1UuaqN2HI5ARAjecEQSvdp0', 'GM / GMB', '220'),
       (79, 'Georgia', 'ACTIVE', NULL, NULL, NULL, 'ChIJ1UuaqN2HI5ARAjecEQSvdp0', 'GE / GEO', '995'),
       (80, 'Germany', 'ACTIVE', NULL, NULL, NULL, 'ChIJ1UuaqN2HI5ARAjecEQSvdp0', 'DE / DEU', '49'),
       (81, 'Ghana', 'ACTIVE', NULL, NULL, NULL, 'ChIJ1UuaqN2HI5ARAjecEQSvdp0', 'GH / GHA', '233'),
       (82, 'Gibraltar', 'ACTIVE', NULL, NULL, NULL, 'ChIJ1UuaqN2HI5ARAjecEQSvdp0', 'GI / GIB', '350'),
       (83, 'Greece', 'ACTIVE', NULL, NULL, NULL, 'ChIJ1UuaqN2HI5ARAjecEQSvdp0', 'GR / GRC', '30'),
       (84, 'Greenland', 'ACTIVE', NULL, NULL, NULL, 'ChIJ1UuaqN2HI5ARAjecEQSvdp0', 'GL / GRL', '299'),
       (85, 'Grenada', 'ACTIVE', NULL, NULL, NULL, 'ChIJ1UuaqN2HI5ARAjecEQSvdp0', 'GD / GRD', '1'),
       (86, 'Guam', 'ACTIVE', NULL, NULL, NULL, 'ChIJ1UuaqN2HI5ARAjecEQSvdp0', 'GU / GUM', '1'),
       (87, 'Guatemala', 'ACTIVE', NULL, NULL, NULL, 'ChIJ1UuaqN2HI5ARAjecEQSvdp0', 'GT / GTM', '502'),
       (88, 'Guernsey', 'ACTIVE', NULL, NULL, NULL, 'ChIJ1UuaqN2HI5ARAjecEQSvdp0', 'GG / GGY', '44'),
       (89, 'Guinea', 'ACTIVE', NULL, NULL, NULL, 'ChIJ1UuaqN2HI5ARAjecEQSvdp0', 'GN / GIN', '224'),
       (90, 'Guinea-Bissau', 'ACTIVE', NULL, NULL, NULL, 'ChIJ1UuaqN2HI5ARAjecEQSvdp0', 'GW / GNB', '245'),
       (91, 'Guyana', 'ACTIVE', NULL, NULL, NULL, 'ChIJ1UuaqN2HI5ARAjecEQSvdp0', 'GY / GUY', '592'),
       (92, 'Haiti', 'ACTIVE', NULL, NULL, NULL, 'ChIJ1UuaqN2HI5ARAjecEQSvdp0', 'HT / HTI', '509'),
       (93, 'Honduras', 'ACTIVE', NULL, NULL, NULL, 'ChIJ1UuaqN2HI5ARAjecEQSvdp0', 'HN / HND', '504'),
       (94, 'Hong Kong', 'ACTIVE', NULL, NULL, NULL, 'ChIJ1UuaqN2HI5ARAjecEQSvdp0', 'HK / HKG', '852'),
       (95, 'Hungary', 'ACTIVE', NULL, NULL, NULL, 'ChIJ1UuaqN2HI5ARAjecEQSvdp0', 'HU / HUN', '36'),
       (96, 'Iceland', 'ACTIVE', NULL, NULL, NULL, 'ChIJ1UuaqN2HI5ARAjecEQSvdp0', 'IS / ISL', '354'),
       (97, 'India', 'ACTIVE', NULL, NULL, NULL, 'ChIJ1UuaqN2HI5ARAjecEQSvdp0', 'IN / IND', '91'),
       (98, 'Indonesia', 'ACTIVE', NULL, NULL, NULL, 'ChIJ1UuaqN2HI5ARAjecEQSvdp0', 'ID / IDN', '62'),
       (99, 'Iran', 'ACTIVE', NULL, NULL, NULL, 'ChIJ1UuaqN2HI5ARAjecEQSvdp0', 'IR / IRN', '98'),
       (100, 'Iraq', 'ACTIVE', NULL, NULL, NULL, 'ChIJ1UuaqN2HI5ARAjecEQSvdp0', 'IQ / IRQ', '964'),
       (101, 'Ireland', 'ACTIVE', NULL, NULL, NULL, 'ChIJ1UuaqN2HI5ARAjecEQSvdp0', 'IE / IRL', '353'),
       (102, 'Isle of Man', 'ACTIVE', NULL, NULL, NULL, 'ChIJ1UuaqN2HI5ARAjecEQSvdp0', 'IM / IMN', '44'),
       (103, 'Israel', 'ACTIVE', NULL, NULL, NULL, 'ChIJ1UuaqN2HI5ARAjecEQSvdp0', 'IL / ISR', '972'),
       (104, 'Italy', 'ACTIVE', NULL, NULL, NULL, 'ChIJ1UuaqN2HI5ARAjecEQSvdp0', 'IT / ITA', '39'),
       (105, 'Ivory Coast', 'ACTIVE', NULL, NULL, NULL, 'ChIJ1UuaqN2HI5ARAjecEQSvdp0', 'CI / CIV', '225'),
       (106, 'Jamaica', 'ACTIVE', NULL, NULL, NULL, 'ChIJ1UuaqN2HI5ARAjecEQSvdp0', 'JM / JAM', '1'),
       (107, 'Japan', 'ACTIVE', NULL, NULL, NULL, 'ChIJ1UuaqN2HI5ARAjecEQSvdp0', 'JP / JPN', '81'),
       (108, 'Jersey', 'ACTIVE', NULL, NULL, NULL, 'ChIJ1UuaqN2HI5ARAjecEQSvdp0', 'JE / JEY', '44'),
       (109, 'Jordan', 'ACTIVE', NULL, NULL, NULL, 'ChIJ1UuaqN2HI5ARAjecEQSvdp0', 'JO / JOR', '962'),
       (110, 'Kazakhstan', 'ACTIVE', NULL, NULL, NULL, 'ChIJ1UuaqN2HI5ARAjecEQSvdp0', 'KZ / KAZ', '7'),
       (111, 'Kenya', 'ACTIVE', NULL, NULL, NULL, 'ChIJ1UuaqN2HI5ARAjecEQSvdp0', 'KE / KEN', '254'),
       (112, 'Kiribati', 'ACTIVE', NULL, NULL, NULL, 'ChIJ1UuaqN2HI5ARAjecEQSvdp0', 'KI / KIR', '686'),
       (113, 'Kosovo', 'ACTIVE', NULL, NULL, NULL, 'ChIJ1UuaqN2HI5ARAjecEQSvdp0', 'XK / XKX', '383'),
       (114, 'Kuwait', 'ACTIVE', NULL, NULL, NULL, 'ChIJ1UuaqN2HI5ARAjecEQSvdp0', 'KW / KWT', '965'),
       (115, 'Kyrgyzstan', 'ACTIVE', NULL, NULL, NULL, 'ChIJ1UuaqN2HI5ARAjecEQSvdp0', 'KG / KGZ', '996'),
       (116, 'Laos', 'ACTIVE', NULL, NULL, NULL, 'ChIJ1UuaqN2HI5ARAjecEQSvdp0', 'LA / LAO', '856'),
       (117, 'Latvia', 'ACTIVE', NULL, NULL, NULL, 'ChIJ1UuaqN2HI5ARAjecEQSvdp0', 'LV / LVA', '371'),
       (118, 'Lebanon', 'ACTIVE', NULL, NULL, NULL, 'ChIJ1UuaqN2HI5ARAjecEQSvdp0', 'LB / LBN', '961'),
       (119, 'Lesotho', 'ACTIVE', NULL, NULL, NULL, 'ChIJ1UuaqN2HI5ARAjecEQSvdp0', 'LS / LSO', '266'),
       (120, 'Liberia', 'ACTIVE', NULL, NULL, NULL, 'ChIJ1UuaqN2HI5ARAjecEQSvdp0', 'LR / LBR', '231'),
       (121, 'Libya', 'ACTIVE', NULL, NULL, NULL, 'ChIJ1UuaqN2HI5ARAjecEQSvdp0', 'LY / LBY', '218'),
       (122, 'Liechtenstein', 'ACTIVE', NULL, NULL, NULL, 'ChIJ1UuaqN2HI5ARAjecEQSvdp0', 'LI / LIE', '423'),
       (123, 'Lithuania', 'ACTIVE', NULL, NULL, NULL, 'ChIJ1UuaqN2HI5ARAjecEQSvdp0', 'LT / LTU', '370'),
       (124, 'Luxembourg', 'ACTIVE', NULL, NULL, NULL, 'ChIJ1UuaqN2HI5ARAjecEQSvdp0', 'LU / LUX', '352'),
       (125, 'Macau', 'ACTIVE', NULL, NULL, NULL, 'ChIJ1UuaqN2HI5ARAjecEQSvdp0', 'MO / MAC', '853'),
       (126, 'Macedonia', 'ACTIVE', NULL, NULL, NULL, 'ChIJ1UuaqN2HI5ARAjecEQSvdp0', 'MK / MKD', '389'),
       (127, 'Madagascar', 'ACTIVE', NULL, NULL, NULL, 'ChIJ1UuaqN2HI5ARAjecEQSvdp0', 'MG / MDG', '261'),
       (128, 'Malawi', 'ACTIVE', NULL, NULL, NULL, 'ChIJ1UuaqN2HI5ARAjecEQSvdp0', 'MW / MWI', '265'),
       (129, 'Malaysia', 'ACTIVE', NULL, NULL, NULL, 'ChIJ1UuaqN2HI5ARAjecEQSvdp0', 'MY / MYS', '60'),
       (130, 'Maldives', 'ACTIVE', NULL, NULL, NULL, 'ChIJ1UuaqN2HI5ARAjecEQSvdp0', 'MV / MDV', '960'),
       (131, 'Mali', 'ACTIVE', NULL, NULL, NULL, 'ChIJ1UuaqN2HI5ARAjecEQSvdp0', 'ML / MLI', '223'),
       (132, 'Malta', 'ACTIVE', NULL, NULL, NULL, 'ChIJ1UuaqN2HI5ARAjecEQSvdp0', 'MT / MLT', '356'),
       (133, 'Marshall Islands', 'ACTIVE', NULL, NULL, NULL, 'ChIJ1UuaqN2HI5ARAjecEQSvdp0', 'MH / MHL', '692'),
       (134, 'Mauritania', 'ACTIVE', NULL, NULL, NULL, 'ChIJ1UuaqN2HI5ARAjecEQSvdp0', 'MR / MRT', '222'),
       (135, 'Mauritius', 'ACTIVE', NULL, NULL, NULL, 'ChIJ1UuaqN2HI5ARAjecEQSvdp0', 'MU / MUS', '230'),
       (136, 'Mayotte', 'ACTIVE', NULL, NULL, NULL, 'ChIJ1UuaqN2HI5ARAjecEQSvdp0', 'YT / MYT', '262'),
       (137, 'Mexico', 'ACTIVE', NULL, NULL, NULL, 'ChIJ1UuaqN2HI5ARAjecEQSvdp0', 'MX / MEX', '52'),
       (138, 'Micronesia', 'ACTIVE', NULL, NULL, NULL, 'ChIJ1UuaqN2HI5ARAjecEQSvdp0', 'FM / FSM', '691'),
       (139, 'Moldova', 'ACTIVE', NULL, NULL, NULL, 'ChIJ1UuaqN2HI5ARAjecEQSvdp0', 'MD / MDA', '373'),
       (140, 'Monaco', 'ACTIVE', NULL, NULL, NULL, 'ChIJ1UuaqN2HI5ARAjecEQSvdp0', 'MC / MCO', '377'),
       (141, 'Mongolia', 'ACTIVE', NULL, NULL, NULL, 'ChIJ1UuaqN2HI5ARAjecEQSvdp0', 'MN / MNG', '976'),
       (142, 'Montenegro', 'ACTIVE', NULL, NULL, NULL, 'ChIJ1UuaqN2HI5ARAjecEQSvdp0', 'ME / MNE', '382'),
       (143, 'Montserrat', 'ACTIVE', NULL, NULL, NULL, 'ChIJ1UuaqN2HI5ARAjecEQSvdp0', 'MS / MSR', '1'),
       (144, 'Morocco', 'ACTIVE', NULL, NULL, NULL, 'ChIJ1UuaqN2HI5ARAjecEQSvdp0', 'MA / MAR', '212'),
       (145, 'Mozambique', 'ACTIVE', NULL, NULL, NULL, 'ChIJ1UuaqN2HI5ARAjecEQSvdp0', 'MZ / MOZ', '258'),
       (146, 'Namibia', 'ACTIVE', NULL, NULL, NULL, 'ChIJ1UuaqN2HI5ARAjecEQSvdp0', 'NA / NAM', '264'),
       (147, 'Nauru', 'ACTIVE', NULL, NULL, NULL, 'ChIJ1UuaqN2HI5ARAjecEQSvdp0', 'NR / NRU', '674'),
       (148, 'Nepal', 'ACTIVE', NULL, NULL, NULL, 'ChIJ1UuaqN2HI5ARAjecEQSvdp0', 'NP / NPL', '977'),
       (149, 'Netherlands', 'ACTIVE', NULL, NULL, NULL, 'ChIJ1UuaqN2HI5ARAjecEQSvdp0', 'NL / NLD', '31'),
       (150, 'Netherlands Antilles', 'ACTIVE', NULL, NULL, NULL, 'ChIJ1UuaqN2HI5ARAjecEQSvdp0', 'AN / ANT', '599'),
       (151, 'New Caledonia', 'ACTIVE', NULL, NULL, NULL, 'ChIJ1UuaqN2HI5ARAjecEQSvdp0', 'NC / NCL', '687'),
       (152, 'New Zealand', 'ACTIVE', NULL, NULL, NULL, 'ChIJ1UuaqN2HI5ARAjecEQSvdp0', 'NZ / NZL', '64'),
       (153, 'Nicaragua', 'ACTIVE', NULL, NULL, NULL, 'ChIJ1UuaqN2HI5ARAjecEQSvdp0', 'NI / NIC', '505'),
       (154, 'Niger', 'ACTIVE', NULL, NULL, NULL, 'ChIJ1UuaqN2HI5ARAjecEQSvdp0', 'NE / NER', '227'),
       (155, 'Nigeria', 'ACTIVE', NULL, NULL, NULL, 'ChIJ1UuaqN2HI5ARAjecEQSvdp0', 'NG / NGA', '234'),
       (156, 'Niue', 'ACTIVE', NULL, NULL, NULL, 'ChIJ1UuaqN2HI5ARAjecEQSvdp0', 'NU / NIU', '683'),
       (157, 'Northern Mariana Islands', 'ACTIVE', NULL, NULL, NULL, 'ChIJ1UuaqN2HI5ARAjecEQSvdp0', 'MP / MNP', '1'),
       (158, 'North Korea', 'ACTIVE', NULL, NULL, NULL, 'ChIJ1UuaqN2HI5ARAjecEQSvdp0', 'KP / PRK', '850'),
       (159, 'Norway', 'ACTIVE', NULL, NULL, NULL, 'ChIJ1UuaqN2HI5ARAjecEQSvdp0', 'NO / NOR', '47'),
       (160, 'Oman', 'ACTIVE', NULL, NULL, NULL, 'ChIJ1UuaqN2HI5ARAjecEQSvdp0', 'OM / OMN', '968'),
       (161, 'Pakistan', 'ACTIVE', NULL, NULL, NULL, 'ChIJ1UuaqN2HI5ARAjecEQSvdp0', 'PK / PAK', '92'),
       (162, 'Palau', 'ACTIVE', NULL, NULL, NULL, 'ChIJ1UuaqN2HI5ARAjecEQSvdp0', 'PW / PLW', '680'),
       (163, 'Palestine', 'ACTIVE', NULL, NULL, NULL, 'ChIJ1UuaqN2HI5ARAjecEQSvdp0', 'PS / PSE', '970'),
       (164, 'Panama', 'ACTIVE', NULL, NULL, NULL, 'ChIJ1UuaqN2HI5ARAjecEQSvdp0', 'PA / PAN', '507'),
       (165, 'Papua New Guinea', 'ACTIVE', NULL, NULL, NULL, 'ChIJ1UuaqN2HI5ARAjecEQSvdp0', 'PG / PNG', '675'),
       (166, 'Paraguay', 'ACTIVE', NULL, NULL, NULL, 'ChIJ1UuaqN2HI5ARAjecEQSvdp0', 'PY / PRY', '595'),
       (167, 'Peru', 'ACTIVE', NULL, NULL, NULL, 'ChIJ1UuaqN2HI5ARAjecEQSvdp0', 'PE / PER', '51'),
       (168, 'Philippines', 'ACTIVE', NULL, NULL, NULL, 'ChIJ1UuaqN2HI5ARAjecEQSvdp0', 'PH / PHL', '63'),
       (169, 'Pitcairn', 'ACTIVE', NULL, NULL, NULL, 'ChIJ1UuaqN2HI5ARAjecEQSvdp0', 'PN / PCN', '64'),
       (170, 'Poland', 'ACTIVE', NULL, NULL, NULL, 'ChIJ1UuaqN2HI5ARAjecEQSvdp0', 'PL / POL', '48'),
       (172, 'Puerto Rico', 'ACTIVE', NULL, NULL, NULL, 'ChIJ1UuaqN2HI5ARAjecEQSvdp0', 'PR / PRI', '1, 1'),
       (173, 'Qatar', 'ACTIVE', NULL, NULL, NULL, 'ChIJ1UuaqN2HI5ARAjecEQSvdp0', 'QA / QAT', '974'),
       (174, 'Reunion', 'ACTIVE', NULL, NULL, NULL, 'ChIJ1UuaqN2HI5ARAjecEQSvdp0', 'RE / REU', '262'),
       (175, 'Romania', 'ACTIVE', NULL, NULL, NULL, 'ChIJ1UuaqN2HI5ARAjecEQSvdp0', 'RO / ROU', '40'),
       (176, 'Russia', 'ACTIVE', NULL, NULL, NULL, 'ChIJ1UuaqN2HI5ARAjecEQSvdp0', 'RU / RUS', '7'),
       (177, 'Rwanda', 'ACTIVE', NULL, NULL, NULL, 'ChIJ1UuaqN2HI5ARAjecEQSvdp0', 'RW / RWA', '250'),
       (178, 'Saint Barthelemy', 'ACTIVE', NULL, NULL, NULL, 'ChIJ1UuaqN2HI5ARAjecEQSvdp0', 'BL / BLM', '590'),
       (179, 'Samoa', 'ACTIVE', NULL, NULL, NULL, 'ChIJ1UuaqN2HI5ARAjecEQSvdp0', 'WS / WSM', '685'),
       (180, 'San Marino', 'ACTIVE', NULL, NULL, NULL, 'ChIJ1UuaqN2HI5ARAjecEQSvdp0', 'SM / SMR', '378'),
       (181, 'Sao Tome and Principe', 'ACTIVE', NULL, NULL, NULL, 'ChIJ1UuaqN2HI5ARAjecEQSvdp0', 'ST / STP', '239'),
       (182, 'Saudi Arabia', 'ACTIVE', NULL, NULL, NULL, 'ChIJ1UuaqN2HI5ARAjecEQSvdp0', 'SA / SAU', '966'),
       (183, 'Senegal', 'ACTIVE', NULL, NULL, NULL, 'ChIJ1UuaqN2HI5ARAjecEQSvdp0', 'SN / SEN', '221'),
       (184, 'Serbia', 'ACTIVE', NULL, NULL, NULL, 'ChIJ1UuaqN2HI5ARAjecEQSvdp0', 'RS / SRB', '381'),
       (185, 'Seychelles', 'ACTIVE', NULL, NULL, NULL, 'ChIJ1UuaqN2HI5ARAjecEQSvdp0', 'SC / SYC', '248'),
       (186, 'Sierra Leone', 'ACTIVE', NULL, NULL, NULL, 'ChIJ1UuaqN2HI5ARAjecEQSvdp0', 'SL / SLE', '232'),
       (187, 'Singapore', 'ACTIVE', NULL, NULL, NULL, 'ChIJ1UuaqN2HI5ARAjecEQSvdp0', 'SG / SGP', '65'),
       (188, 'Sint Maarten', 'ACTIVE', NULL, NULL, NULL, 'ChIJ1UuaqN2HI5ARAjecEQSvdp0', 'SX / SXM', '1'),
       (189, 'Slovakia', 'ACTIVE', NULL, NULL, NULL, 'ChIJ1UuaqN2HI5ARAjecEQSvdp0', 'SK / SVK', '421'),
       (190, 'Slovenia', 'ACTIVE', NULL, NULL, NULL, 'ChIJ1UuaqN2HI5ARAjecEQSvdp0', 'SI / SVN', '386'),
       (191, 'Solomon Islands', 'ACTIVE', NULL, NULL, NULL, 'ChIJ1UuaqN2HI5ARAjecEQSvdp0', 'SB / SLB', '677'),
       (192, 'Somalia', 'ACTIVE', NULL, NULL, NULL, 'ChIJ1UuaqN2HI5ARAjecEQSvdp0', 'SO / SOM', '252'),
       (193, 'South Africa', 'ACTIVE', NULL, NULL, NULL, 'ChIJ1UuaqN2HI5ARAjecEQSvdp0', 'ZA / ZAF', '27'),
       (194, 'South Korea', 'ACTIVE', NULL, NULL, NULL, 'ChIJ1UuaqN2HI5ARAjecEQSvdp0', 'KR / KOR', '82'),
       (195, 'South Sudan', 'ACTIVE', NULL, NULL, NULL, 'ChIJ1UuaqN2HI5ARAjecEQSvdp0', 'SS / SSD', '211'),
       (196, 'Spain', 'ACTIVE', NULL, NULL, NULL, 'ChIJ1UuaqN2HI5ARAjecEQSvdp0', 'ES / ESP', '34'),
       (197, 'Sri Lanka', 'ACTIVE', NULL, NULL, NULL, 'ChIJ1UuaqN2HI5ARAjecEQSvdp0', 'LK / LKA', '94'),
       (198, 'Saint Helena', 'ACTIVE', NULL, NULL, NULL, 'ChIJ1UuaqN2HI5ARAjecEQSvdp0', 'SH / SHN', '290'),
       (199, 'Saint Kitts and Nevis', 'ACTIVE', NULL, NULL, NULL, 'ChIJ1UuaqN2HI5ARAjecEQSvdp0', 'KN / KNA', '1'),
       (200, 'Saint Lucia', 'ACTIVE', NULL, NULL, NULL, 'ChIJ1UuaqN2HI5ARAjecEQSvdp0', 'LC / LCA', '1'),
       (201, 'Saint Martin', 'ACTIVE', NULL, NULL, NULL, 'ChIJ1UuaqN2HI5ARAjecEQSvdp0', 'MF / MAF', '590'),
       (202, 'Saint Pierre and Miquelon', 'ACTIVE', NULL, NULL, NULL, 'ChIJ1UuaqN2HI5ARAjecEQSvdp0', 'PM / SPM', '508'),
       (203, 'Saint Vincent and the Grenadines', 'ACTIVE', NULL, NULL, NULL, 'ChIJ1UuaqN2HI5ARAjecEQSvdp0', 'VC / VCT',
        '1'),
       (204, 'Sudan', 'ACTIVE', NULL, NULL, NULL, 'ChIJ1UuaqN2HI5ARAjecEQSvdp0', 'SD / SDN', '249'),
       (205, 'Suriname', 'ACTIVE', NULL, NULL, NULL, 'ChIJ1UuaqN2HI5ARAjecEQSvdp0', 'SR / SUR', '597'),
       (206, 'Svalbard and Jan Mayen', 'ACTIVE', NULL, NULL, NULL, 'ChIJ1UuaqN2HI5ARAjecEQSvdp0', 'SJ / SJM', '47'),
       (207, 'Swaziland', 'ACTIVE', NULL, NULL, NULL, 'ChIJ1UuaqN2HI5ARAjecEQSvdp0', 'SZ / SWZ', '268'),
       (208, 'Sweden', 'ACTIVE', NULL, NULL, NULL, 'ChIJ1UuaqN2HI5ARAjecEQSvdp0', 'SE / SWE', '46'),
       (209, 'Switzerland', 'ACTIVE', NULL, NULL, NULL, 'ChIJ1UuaqN2HI5ARAjecEQSvdp0', 'CH / CHE', '41'),
       (210, 'Syria', 'ACTIVE', NULL, NULL, NULL, 'ChIJ1UuaqN2HI5ARAjecEQSvdp0', 'SY / SYR', '963'),
       (211, 'Taiwan', 'ACTIVE', NULL, NULL, NULL, 'ChIJ1UuaqN2HI5ARAjecEQSvdp0', 'TW / TWN', '886'),
       (212, 'Tajikistan', 'ACTIVE', NULL, NULL, NULL, 'ChIJ1UuaqN2HI5ARAjecEQSvdp0', 'TJ / TJK', '992'),
       (213, 'Tanzania', 'ACTIVE', NULL, NULL, NULL, 'ChIJ1UuaqN2HI5ARAjecEQSvdp0', 'TZ / TZA', '255'),
       (214, 'Thailand', 'ACTIVE', NULL, NULL, NULL, 'ChIJ1UuaqN2HI5ARAjecEQSvdp0', 'TH / THA', '66'),
       (215, 'Togo', 'ACTIVE', NULL, NULL, NULL, 'ChIJ1UuaqN2HI5ARAjecEQSvdp0', 'TG / TGO', '228'),
       (216, 'Tokelau', 'ACTIVE', NULL, NULL, NULL, 'ChIJ1UuaqN2HI5ARAjecEQSvdp0', 'TK / TKL', '690'),
       (217, 'Tonga', 'ACTIVE', NULL, NULL, NULL, 'ChIJ1UuaqN2HI5ARAjecEQSvdp0', 'TO / TON', '676'),
       (218, 'Trinidad and Tobago', 'ACTIVE', NULL, NULL, NULL, 'ChIJ1UuaqN2HI5ARAjecEQSvdp0', 'TT / TTO', '1'),
       (219, 'Tunisia', 'ACTIVE', NULL, NULL, NULL, 'ChIJ1UuaqN2HI5ARAjecEQSvdp0', 'TN / TUN', '216'),
       (220, 'Turkey', 'ACTIVE', NULL, NULL, NULL, 'ChIJ1UuaqN2HI5ARAjecEQSvdp0', 'TR / TUR', '90'),
       (221, 'Turkmenistan', 'ACTIVE', NULL, NULL, NULL, 'ChIJ1UuaqN2HI5ARAjecEQSvdp0', 'TM / TKM', '993'),
       (222, 'Turks and Caicos Islands', 'ACTIVE', NULL, NULL, NULL, 'ChIJ1UuaqN2HI5ARAjecEQSvdp0', 'TC / TCA', '1'),
       (223, 'Tuvalu', 'ACTIVE', NULL, NULL, NULL, 'ChIJ1UuaqN2HI5ARAjecEQSvdp0', 'TV / TUV', '688'),
       (224, 'United Arab Emirates', 'ACTIVE', NULL, NULL, NULL, 'ChIJ1UuaqN2HI5ARAjecEQSvdp0', 'AE / ARE', '971'),
       (225, 'Uganda', 'ACTIVE', NULL, NULL, NULL, 'ChIJ1UuaqN2HI5ARAjecEQSvdp0', 'UG / UGA', '256'),
       (226, 'United Kingdom', 'ACTIVE', NULL, NULL, NULL, 'ChIJ1UuaqN2HI5ARAjecEQSvdp0', 'GB / GBR', '44'),
       (227, 'Ukraine', 'ACTIVE', NULL, NULL, NULL, 'ChIJ1UuaqN2HI5ARAjecEQSvdp0', 'UA / UKR', '380'),
       (228, 'Uruguay', 'ACTIVE', NULL, NULL, NULL, 'ChIJ1UuaqN2HI5ARAjecEQSvdp0', 'UY / URY', '598'),
       (229, 'United States', 'ACTIVE', NULL, NULL, NULL, 'ChIJ1UuaqN2HI5ARAjecEQSvdp0', 'US / USA', '1'),
       (230, 'Uzbekistan', 'ACTIVE', NULL, NULL, NULL, 'ChIJ1UuaqN2HI5ARAjecEQSvdp0', 'UZ / UZB', '998'),
       (231, 'Vanuatu', 'ACTIVE', NULL, NULL, NULL, 'ChIJ1UuaqN2HI5ARAjecEQSvdp0', 'VU / VUT', '678'),
       (232, 'Vatican', 'ACTIVE', NULL, NULL, NULL, 'ChIJ1UuaqN2HI5ARAjecEQSvdp0', 'VA / VAT', '379'),
       (233, 'Venezuela', 'ACTIVE', NULL, NULL, NULL, 'ChIJ1UuaqN2HI5ARAjecEQSvdp0', 'VE / VEN', '58'),
       (234, 'Vietnam', 'ACTIVE', NULL, NULL, NULL, 'ChIJ1UuaqN2HI5ARAjecEQSvdp0', 'VN / VNM', '84'),
       (235, 'U.S. Virgin Islands', 'ACTIVE', NULL, NULL, NULL, 'ChIJ1UuaqN2HI5ARAjecEQSvdp0', 'VI / VIR', '1'),
       (236, 'Wallis and Futuna', 'ACTIVE', NULL, NULL, NULL, 'ChIJ1UuaqN2HI5ARAjecEQSvdp0', 'WF / WLF', '681'),
       (237, 'Western Sahara', 'ACTIVE', NULL, NULL, NULL, 'ChIJ1UuaqN2HI5ARAjecEQSvdp0', 'EH / ESH', '212'),
       (238, 'Yemen', 'ACTIVE', NULL, NULL, NULL, 'ChIJ1UuaqN2HI5ARAjecEQSvdp0', 'YE / YEM', '967'),
       (239, 'Zambia', 'ACTIVE', NULL, NULL, NULL, 'ChIJ1UuaqN2HI5ARAjecEQSvdp0', 'ZM / ZMB', '260'),
       (240, 'Zimbabwe', 'ACTIVE', NULL, NULL, NULL, 'ChIJ1UuaqN2HI5ARAjecEQSvdp0', 'ZW / ZWE', '263'),
       (241, 'Falkland Islands', 'ACTIVE', NULL, NULL, NULL, 'ChIJ1UuaqN2HI5ARAjecEQSvdp0', 'FK / FLK', '500'),
       (242, 'Portugal', 'ACTIVE', NULL, NULL, NULL, 'ChIJ1UuaqN2HI5ARAjecEQSvdp0', 'PT / PRT', '351');

--
-- Volcado de datos para la tabla `customer`
--
INSERT INTO `dental_piece` (`id`, `name`, `piece`, `dentition`)
VALUES (1, 'Tercer Molar Superior', '18', 'Perm-FDI'),
       (2, 'Segundo Molar Superior', '17', 'Perm-FDI'),
       (3, 'Primer Molar Superior', '16', 'Perm-FDI'),
       (4, 'Segundo Premolar Superior', '15', 'Perm-FDI'),
       (5, 'Primer Premolar Superior', '14', 'Perm-FDI'),
       (6, 'Canino Superior', '13', 'Perm-FDI'),
       (7, 'Incisivo Lateral Superior', '12', 'Perm-FDI'),
       (8, 'Incisivo Central Superior', '11', 'Perm-FDI'),
       (9, 'Tercer Molar Inferior', '48', 'Perm-FDI'),
       (10, 'Segundo Molar Inferior', '47', 'Perm-FDI'),
       (11, 'Primer Molar Inferior', '46', 'Perm-FDI'),
       (12, 'Segundo Premolar Inferior', '45', 'Perm-FDI'),
       (13, 'Primer Premolar Inferior', '44', 'Perm-FDI'),
       (14, 'Canino Inferior', '43', 'Perm-FDI'),
       (15, 'Incisivo Lateral Inferior', '42', 'Perm-FDI'),
       (16, 'Incisivo Central Inferior', '41', 'Perm-FDI'),
       (17, 'Tercer Molar Inferior', '38', 'Perm-FDI'),
       (18, 'Segundo Molar Inferior', '37', 'Perm-FDI'),
       (19, 'Primer Molar Inferior', '36', 'Perm-FDI'),
       (20, 'Segundo Premolar Inferior', '35', 'Perm-FDI'),
       (21, 'Primer Premolar Inferior', '34', 'Perm-FDI'),
       (22, 'Canino Inferior', '33', 'Perm-FDI'),
       (23, 'Incisivo Lateral Inferior', '32', 'Perm-FDI'),
       (24, 'Incisivo Central Inferior', '31', 'Perm-FDI'),
       (25, 'Tercer Molar Inferior', '28', 'Perm-FDI'),
       (26, 'Segundo Molar Superior', '27', 'Perm-FDI'),
       (27, 'Primer Molar Superior', '26', 'Perm-FDI'),
       (28, 'Segundo Premolar Superior', '25', 'Perm-FDI'),
       (29, 'Primer Premolar Superior', '24', 'Perm-FDI'),
       (30, 'Canino Superior', '23', 'Perm-FDI'),
       (31, 'Incisivo Lateral Superior', '22', 'Perm-FDI'),
       (32, 'Incisivo Central Superior', '21', 'Perm-FDI');

--
-- Volcado de datos para la tabla `diary_book`
--


INSERT INTO `entity_plans` (`id`, `name`, `description`, `state`)
VALUES (1, 'PLAN_PRO', NULL, 'ACTIVE'),
       (2, 'PLAN_LINE', NULL, 'ACTIVE'),
       (3, 'PLAN_SIMPLE', NULL, 'ACTIVE'),
       (4, 'PLAN_BASIC', NULL, 'ACTIVE');

--
-- Volcado de datos para la tabla `entity_position_fiscal`
--

INSERT INTO `entity_position_fiscal` (`id`, `value`, `state`, `description`)
VALUES (1, 'Posicion Fiscal 1', 'ACTIVE', NULL);

--
-- Volcado de datos para la tabla `gamification`
--

INSERT INTO `habits` (`id`, `name`, `description`, `created_at`, `updated_at`, `deleted_at`, `status`)
VALUES (1, 'Fumar', NULL, NULL, NULL, NULL, 'ACTIVE'),
       (2, 'Toma Alcohol', NULL, NULL, NULL, NULL, 'ACTIVE'),
       (3, 'Drogas', NULL, NULL, NULL, NULL, 'ACTIVE'),
       (4, 'Micción', NULL, NULL, NULL, NULL, 'ACTIVE'),
       (5, 'Deposición', NULL, NULL, NULL, NULL, 'ACTIVE'),
       (6, 'Alimentación', NULL, NULL, NULL, NULL, 'ACTIVE'),
       (7, 'Sedentarismo', NULL, NULL, NULL, NULL, 'ACTIVE'),
       (8, 'Actividad Física', NULL, NULL, NULL, NULL, 'ACTIVE'),
       (9, 'Sueño', NULL, NULL, NULL, NULL, 'ACTIVE');

--
-- Volcado de datos para la tabla `human_resources_department`
--

INSERT INTO `human_resources_department` (`id`, `name`, `description`, `status`, `business_id`, `color`)
VALUES (1, 'SISTEMAS', '', 'ACTIVE', 1, '#DEC63D'),
       (2, 'MARKETING', '', 'ACTIVE', 1, '#DEC63D'),
       (3, 'DISEÑO', '', 'ACTIVE', 1, '#DEC63D'),
       (4, 'VENTAS', '', 'ACTIVE', 1, '#DEC63D'),
       (5, 'RECURSOS HUMANOS', '', 'ACTIVE', 1, '#DEC63D'),
       (6, 'COMPRAS', '', 'ACTIVE', 1, '#DEC63D'),
       (7, 'CONTABILIDAD', '', 'ACTIVE', 1, '#DEC63D'),
       (8, 'FINANZAS', '', 'ACTIVE', 1, '#DEC63D'),
       (9, 'COBROS', '', 'ACTIVE', 1, '#DEC63D');


INSERT INTO `information_address_type` (`id`, `value`, `description`, `state`)
VALUES (1, 'Domicilio', 'Domicilio', 'ACTIVE'),
       (2, 'Trabajo', 'Trabajo', 'ACTIVE'),
       (3, 'Sin Especificación', 'Sin Especificación', 'ACTIVE');

--
-- Volcado de datos para la tabla `information_mail`
--

INSERT INTO `information_mail_type` (`id`, `value`, `description`, `state`)
VALUES (1, 'Coorporativo', 'Coorporativo', 'ACTIVE'),
       (2, 'Personal', 'Personal', 'ACTIVE'),
       (3, 'Sin Especificación', 'Sin Especificación', 'ACTIVE');

--
-- Volcado de datos para la tabla `information_phone`
--


INSERT INTO `information_phone_operator` (`id`, `value`, `description`, `state`)
VALUES (1, 'SIN DEFINIR', NULL, 'ACTIVE'),
       (2, 'MOVISTAR', 'adad', 'ACTIVE'),
       (3, 'ALEGRO', 'adad', 'ACTIVE'),
       (4, 'CLARO', NULL, 'ACTIVE');

--
-- Volcado de datos para la tabla `information_phone_type`
--

INSERT INTO `information_phone_type` (`id`, `value`, `description`, `state`)
VALUES (1, 'SIN DEFINIR', 'sfdd ADAD', 'ACTIVE'),
       (2, 'TRABAJO', NULL, 'ACTIVE'),
       (3, 'CASA', 'adad', 'ACTIVE'),
       (4, 'Personal', NULL, 'ACTIVE');


INSERT INTO `information_social_network_type` (`id`, `value`, `description`, `state`, `icon`)
VALUES (1, 'Facebook', 'adadad', 'ACTIVE', 'fa fa-facebook'),
       (2, 'Instagram', 'adadad', 'ACTIVE', 'fa fa-instagram'),
       (3, 'Twitter', 'adadad', 'ACTIVE', 'fa fa-twitter'),
       (4, 'LinkedIn', 'adadad', 'ACTIVE', 'fa fa-linkedin'),
       (5, 'Youtube', 'adadad', 'ACTIVE', 'fa fa-youtube-play'),
       (6, 'Whatsapp', 'adadad', 'ACTIVE', 'fa fa-youtube-play');


INSERT INTO `language` (`id`, `value`, `initials`, `state`, `description`)
VALUES (1, 'Ingles', 'en', 'ACTIVE', 'Ingles'),
       (2, 'Kichwa', 'ki', 'ACTIVE', NULL),
       (3, 'Español', 'es', 'ACTIVE', NULL);

--
-- Volcado de datos para la tabla `lodging_type_of_room`
--

INSERT INTO `lodging_type_of_room` (`id`, `name`, `description`, `created_at`, `updated_at`, `deleted_at`, `status`)
VALUES (1, 'Habitación individual o habitación simple',
        'Habitación estándar destinada a la pernoctación y\r\nalojamiento turístico de una sola persona.', NULL, NULL,
        NULL, 'ACTIVE'),
       (2, 'Habitación doble',
        'Habitación estándar destinada a la pernoctación y alojamiento turístico de dos\r\npersonas.\r\n', NULL, NULL,
        NULL, 'ACTIVE'),
       (3, 'Habitación triple',
        'Habitación estándar destinada a la pernoctación y alojamiento turístico de tres\r\npersonas.\r\n', NULL, NULL,
        NULL, 'ACTIVE'),
       (4, 'Habitación cuádruple',
        'Habitación estándar destinada a la pernoctación y alojamiento turístico de\r\ncuatro personas. Este tipo de habitaciones están prohibidas en establecimientos de alojamiento turístico de cinco estrellas.\r\n',
        NULL, NULL, NULL, 'ACTIVE'),
       (5, 'Habitación múltiple',
        'Habitación estándar destinada a la pernoctación y alojamiento turístico de\r\ncinco o más personas. Este tipo de habitación no aplica para establecimientos de cinco estrellas.\r\n',
        NULL, NULL, NULL, 'ACTIVE'),
       (6, 'Habitación júnior suite',
        'Habitación destinada al alojamiento turístico compuesto por un ambiente\r\nadicional que se encuentre en funcionamiento.\r\n',
        NULL, NULL, NULL, 'ACTIVE'),
       (7, 'Habitación suite',
        ' Unidad habitacional destinada al alojamiento turístico compuesta de una o más\r\náreas, al menos un baño privado y un ambiente separado que incluya sala de estar, área de trabajo,\r\nentre otros.\r\n',
        NULL, NULL, NULL, 'ACTIVE'),
       (8, 'Otras', NULL, NULL, NULL, NULL, 'ACTIVE');

--
-- Volcado de datos para la tabla `management_livelihood_by_voucher`
--

INSERT INTO `migrations` (`id`, `migration`, `batch`)
VALUES (1, '2014_10_12_000000_create_users_table', 1),
       (2, '2014_10_12_100000_create_password_resets_table', 1),
       (3, '2016_06_01_000001_create_oauth_auth_codes_table', 2),
       (4, '2016_06_01_000002_create_oauth_access_tokens_table', 2),
       (5, '2016_06_01_000003_create_oauth_refresh_tokens_table', 2),
       (6, '2016_06_01_000004_create_oauth_clients_table', 2),
       (7, '2016_06_01_000005_create_oauth_personal_access_clients_table', 2);

--
-- Volcado de datos para la tabla `parameters`
--

INSERT INTO `parameters` (`id`, `name`, `value`)
VALUES (1, 'environment', 'staging'),
       (2, 'host_firebase_url', 'https://us-central1-timelygas-396c4.cloudfunctions.net/api'),
       (3, 'site_url', 'http://back.timelygas.com'),
       (4, 'cancel_status_id', '5');

--
-- Volcado de datos para la tabla `people`
--
INSERT INTO `people_gender` (`id`, `value`, `description`, `status`)
VALUES (1, 'Masculino', 'hom', 'ACTIVE'),
       (2, 'Femenino', 'hom', 'ACTIVE'),
       (3, 'LGBTI', 'hom', 'ACTIVE');


INSERT INTO `people_nationality` (`id`, `name`, `description`, `created_at`, `updated_at`, `deleted_at`, `status`,
                                  `countries_id`)
VALUES (1, 'Afgano/\nfgana', NULL, NULL, NULL, NULL, 'ACTIVE', 1),
       (2, 'Alemán/\n/Alemana', NULL, NULL, NULL, NULL, 'ACTIVE', 2),
       (3, 'Arabe', NULL, NULL, NULL, NULL, 'ACTIVE', 3),
       (4, '	Argentino\n/Argentina', NULL, NULL, NULL, NULL, 'ACTIVE', 4),
       (5, 'Australiano\n/Australiana', NULL, NULL, NULL, NULL, 'ACTIVE', 5),
       (6, 'Belga\n', NULL, NULL, NULL, NULL, 'ACTIVE', 6),
       (7, 'Boliviano\n/Boliviana', NULL, NULL, NULL, NULL, 'ACTIVE', 7),
       (8, '	Brasileño\n/Brasileña', NULL, NULL, NULL, NULL, 'ACTIVE', 8),
       (9, 'Camboyano\n/Camboyana', NULL, NULL, NULL, NULL, 'ACTIVE', 9),
       (10, 'canadiense\ncanadiense', NULL, NULL, NULL, NULL, 'ACTIVE', 10),
       (11, 'Chileno\n/Chilena', NULL, NULL, NULL, NULL, 'ACTIVE', 11),
       (12, 'Chino\n/China', NULL, NULL, NULL, NULL, 'ACTIVE', 12),
       (13, 'Colombiano\n/Colombiana', NULL, NULL, NULL, NULL, 'ACTIVE', 13),
       (14, 'Coreano\n/Coreana', NULL, NULL, NULL, NULL, 'ACTIVE', 14),
       (15, 'Costarricense\n/Costarricense', NULL, NULL, NULL, NULL, 'ACTIVE', 15),
       (16, 'Cubano\n/Cubana', NULL, NULL, NULL, NULL, 'ACTIVE', 16),
       (17, 'Danés\n/Danesa', NULL, NULL, NULL, NULL, 'ACTIVE', 17),
       (18, 'Ecuatoriano\n/Ecuatoriana', NULL, NULL, NULL, NULL, 'ACTIVE', 18),
       (19, 'Egipcio\n/Egipcia', NULL, NULL, NULL, NULL, 'ACTIVE', 19),
       (20, 'Salvadoreño\n/Salvadoreña', NULL, NULL, NULL, NULL, 'ACTIVE', 20),
       (21, 'Escocés\nEscocesa', NULL, NULL, NULL, NULL, 'ACTIVE', 21),
       (22, 'Español\n/Española', NULL, NULL, NULL, NULL, 'ACTIVE', 22),
       (23, 'Estadounidense', NULL, NULL, NULL, NULL, 'ACTIVE', 23),
       (24, 'Estonio\n/Estonia', NULL, NULL, NULL, NULL, 'ACTIVE', 24),
       (25, 'Etiope', NULL, NULL, NULL, NULL, 'ACTIVE', 25),
       (26, 'Filipino\n/Filipina', NULL, NULL, NULL, NULL, 'ACTIVE', 26),
       (27, 'Finlandés\n/Finlandesa', NULL, NULL, NULL, NULL, 'ACTIVE', 27),
       (28, 'Francés\n/Francesa', NULL, NULL, NULL, NULL, 'ACTIVE', 28),
       (29, 'Galés\n/Galesa', NULL, NULL, NULL, NULL, 'ACTIVE', 29),
       (30, 'Griego\n/Griega', NULL, NULL, NULL, NULL, 'ACTIVE', 30),
       (31, 'Guatemalteco\n/Guatemalteca', NULL, NULL, NULL, NULL, 'ACTIVE', 31),
       (32, 'Haitiano\n/Haitiana', NULL, NULL, NULL, NULL, 'ACTIVE', 32),
       (33, 'Holandés\n/Holandesa', NULL, NULL, NULL, NULL, 'ACTIVE', 33),
       (34, 'Hondureño\n/Hondureña', NULL, NULL, NULL, NULL, 'ACTIVE', 34),
       (35, 'Indonés\n/Indonesa', NULL, NULL, NULL, NULL, 'ACTIVE', 35),
       (36, 'Inglés\n/Inglesa', NULL, NULL, NULL, NULL, 'ACTIVE', 36),
       (37, 'Iraquí', NULL, NULL, NULL, NULL, 'ACTIVE', 37),
       (38, 'Iraní', NULL, NULL, NULL, NULL, 'ACTIVE', 38),
       (39, 'Irlandés\n/Irlandesa', NULL, NULL, NULL, NULL, 'ACTIVE', 39),
       (40, 'Israelí', NULL, NULL, NULL, NULL, 'ACTIVE', 40),
       (41, 'Italiano\nItaliana', NULL, NULL, NULL, NULL, 'ACTIVE', 41),
       (42, 'Japonés\nJaponesa', NULL, NULL, NULL, NULL, 'ACTIVE', 42),
       (43, 'Jordano\n/Jordana', NULL, NULL, NULL, NULL, 'ACTIVE', 43),
       (44, 'Laosiano\n/Laosiana', NULL, NULL, NULL, NULL, 'ACTIVE', 44),
       (45, 'Letón\n/Letona', NULL, NULL, NULL, NULL, 'ACTIVE', 45),
       (46, 'Letonés\n/Letonesa', NULL, NULL, NULL, NULL, 'ACTIVE', 46),
       (47, 'Malayo\n/Malaya', NULL, NULL, NULL, NULL, 'ACTIVE', 47),
       (48, 'Marroquí', NULL, NULL, NULL, NULL, 'ACTIVE', 48),
       (49, 'Mexicano\n/Mexicana', NULL, NULL, NULL, NULL, 'ACTIVE', 49),
       (50, 'Nicaragüense', NULL, NULL, NULL, NULL, 'ACTIVE', 50),
       (51, 'Noruego\n/Noruega', NULL, NULL, NULL, NULL, 'ACTIVE', 51),
       (52, 'Neozelandés\n/Neozelandesa', NULL, NULL, NULL, NULL, 'ACTIVE', 52),
       (53, 'Panameño\n/Panameña', NULL, NULL, NULL, NULL, 'ACTIVE', 53),
       (54, 'Paraguayo\n/Paraguaya', NULL, NULL, NULL, NULL, 'ACTIVE', 54),
       (55, 'Peruano\n/Peruana', NULL, NULL, NULL, NULL, 'ACTIVE', 55),
       (56, 'Polaco\n/Polaca', NULL, NULL, NULL, NULL, 'ACTIVE', 56),
       (57, 'Portugués\nPortuguesa', NULL, NULL, NULL, NULL, 'ACTIVE', 57),
       (58, 'Puertorriqueño', NULL, NULL, NULL, NULL, 'ACTIVE', 58),
       (59, 'Dominicano\n/Dominicana', NULL, NULL, NULL, NULL, 'ACTIVE', 59),
       (60, 'Rumano\n/Rumana', NULL, NULL, NULL, NULL, 'ACTIVE', 60),
       (61, 'Ruso\n/Rusa', NULL, NULL, NULL, NULL, 'ACTIVE', 61),
       (62, 'Sueco/\nSueca', NULL, NULL, NULL, NULL, 'ACTIVE', 62),
       (63, 'Suizo\n/Suiza', NULL, NULL, NULL, NULL, 'ACTIVE', 63),
       (64, 'Tailandés\n/Tailandesa', NULL, NULL, NULL, NULL, 'ACTIVE', 64),
       (65, 'Taiwanes\n/Taiwanesa', NULL, NULL, NULL, NULL, 'ACTIVE', 65),
       (66, 'Turco\n/Turca', NULL, NULL, NULL, NULL, 'ACTIVE', 66),
       (67, 'Ucraniano\n/Ucraniana', NULL, NULL, NULL, NULL, 'ACTIVE', 67),
       (68, 'Uruguayo\n/Uruguaya', NULL, NULL, NULL, NULL, 'ACTIVE', 68),
       (69, 'Venezolano\n/Venezolana', NULL, NULL, NULL, NULL, 'ACTIVE', 69),
       (70, 'Vietnamita', NULL, NULL, NULL, NULL, 'ACTIVE', 70),
       (71, 'Sin Especificación', NULL, NULL, NULL, NULL, 'ACTIVE', 71);

--
-- Volcado de datos para la tabla `people_profession`
--

INSERT INTO `people_profession` (`id`, `name`, `description`, `created_at`, `updated_at`, `deleted_at`, `status`)
VALUES (1, 'Ninguna',
        'Escoger esta opción cuando no se encuentra dentro del catálogo una sugerencia apropiada para paciente. Por ejemplo: niño/a menor de 4 años.',
        '2020-07-26 23:20:08', '2020-07-26 23:50:18', NULL, 'ACTIVE'),
       (2, 'Mecánico/a', 'Persona que repara máquinas, autos, camiones, motores, etc.', NULL, '2020-07-19 03:48:39',
        NULL, 'ACTIVE'),
       (3, 'Otras',
        'En caso de que dentro del catálogo no exista la profesión u oficio del paciente escoger la opción Otras.',
        NULL, '2020-07-26 23:50:53', NULL, 'ACTIVE'),
       (4, 'Diseñador/a',
        'Persona que diseña creativa mente diferentes cosas, por ejemplo, ropa, muebles, papelería, etc.\nHace referencia a las profesiones de diseñador gráfico, de productos, de moda, entre otros.',
        '2019-10-26 18:24:13', '2020-07-19 03:38:00', NULL, 'ACTIVE'),
       (5, 'Arquitecto/a', 'Persona que diseña edificios y casas, los diseños los representa en planos.',
        '2020-07-19 03:17:07', '2020-07-19 03:30:19', NULL, 'ACTIVE'),
       (6, 'Bombero/a', 'Persona que apaga el fuego en un incendio.', '2020-07-19 03:20:15', '2020-07-19 03:31:42',
        NULL, 'ACTIVE'),
       (7, 'Contador/a', 'Persona que trabaja con el dinero y trabaja con las cuentas de una compañía.',
        '2020-07-19 03:20:28', '2020-07-19 03:34:34', NULL, 'ACTIVE'),
       (8, 'Doctor/a',
        'Persona que se dedica a curar o prevenir enfermedades. Hace referencia a doctor en medicina general y a todas sus especialidades.',
        '2020-07-19 03:20:41', '2020-07-19 03:39:56', NULL, 'ACTIVE'),
       (9, 'Enfermero/a',
        'Persona que cuida a enfermos o a personas que están en un proceso de recuperación siguiendo las ordenes del doctor.',
        '2020-07-19 03:20:47', '2020-07-19 03:40:57', NULL, 'ACTIVE'),
       (10, 'Agente de viaje', 'Persona que vende y organiza viajes, vacaciones y vuelos.', '2020-07-19 03:27:53',
        '2020-07-19 03:29:52', NULL, 'ACTIVE'),
       (11, 'Carnicero/a', 'Persona que trabaja con carne. Ellos cortan la carne y la venden.', '2020-07-19 03:28:13',
        '2020-07-19 03:32:10', NULL, 'ACTIVE'),
       (12, 'Abogado/a', 'Persona que defiende, representa o acusa a una persona en un juicio.', '2020-07-19 03:29:21',
        '2020-07-19 03:29:21', NULL, 'ACTIVE'),
       (13, 'Carpintero/a', 'Persona que trabaja con madera haciendo casas o creando muebles.', '2020-07-19 03:32:44',
        '2020-07-19 03:32:44', NULL, 'ACTIVE'),
       (14, 'Chofer', 'Persona que conduce o maneja vehículos, buses , transporte publico o privado, etc.',
        '2020-07-19 03:34:08', '2020-07-19 03:34:08', NULL, 'ACTIVE'),
       (15, 'Chef/Cocinero/a', 'Persona que prepara comida para otros, comúnmente en un restaurante.',
        '2020-07-19 03:35:07', '2020-07-19 03:35:07', NULL, 'ACTIVE'),
       (16, 'Estilista',
        'Persona que corta el cabello y hace peinados, generalmente trabaja en un salón de belleza o peluquería.',
        '2020-07-19 03:41:52', '2020-07-19 03:41:52', NULL, 'ACTIVE'),
       (17, 'Farmacéutico/a',
        'Persona calificada que trabaja en una farmacia, chequea las prescripciones médicas o aconseja a los enfermos a comprar algún tipo de medicamentos.',
        '2020-07-19 03:42:19', '2020-07-19 03:42:19', NULL, 'ACTIVE'),
       (18, 'Fontanero/a',
        'Persona que repara las tuberías de agua o gas y realiza instalaciones de agua potable. Sinónimo: Plomero',
        '2020-07-19 03:42:50', '2020-07-19 03:42:50', NULL, 'ACTIVE'),
       (19, 'Florista', 'Persona que trabaja en la producción de flores y diseña arreglos florales.',
        '2020-07-19 03:43:20', '2020-07-19 03:43:20', NULL, 'ACTIVE'),
       (20, 'Fotógrafo/a',
        'Persona que toma fotos de distintas cosas, por ejemplo de paisajes, personas, detalles, etc.',
        '2020-07-19 03:44:38', '2020-07-19 03:44:38', NULL, 'ACTIVE'),
       (21, 'Jardinero/a',
        'Persona que trabaja en el cuidado de un jardín, corta el pasto, realiza riegos periódicos, etc.',
        '2020-07-19 03:46:52', '2020-07-19 03:46:52', NULL, 'ACTIVE'),
       (22, 'Juez/a', 'Persona que decide en un juicio si el acusado o demandado es culpable o inocente.',
        '2020-07-19 03:47:26', '2020-07-19 03:47:26', NULL, 'ACTIVE'),
       (23, 'Maestro de construcción', 'Persona que construye casas o edificios y realiza diversas reparaciones.',
        '2020-07-19 03:48:02', '2020-07-19 03:48:02', NULL, 'ACTIVE'),
       (24, 'Mesero/a',
        'Persona que trabaja por lo general en un restaurante, atiende y sirve la comida a los clientes.',
        '2020-07-19 03:49:25', '2020-07-19 03:49:25', NULL, 'ACTIVE'),
       (25, 'Modelo/a', 'Persona que muestra ropa o accesorios en un desfile de modas o revistas.',
        '2020-07-19 03:50:06', '2020-07-19 03:50:06', NULL, 'ACTIVE'),
       (26, 'Oftalmólogo/a',
        'Doctor especializado en el cuidado de la visión y corrige problemas relacionados con los ojos,',
        '2020-07-19 03:53:51', '2020-07-19 03:53:51', NULL, 'ACTIVE'),
       (27, 'Panadero/a', 'Persona que hace pan y trabaja generalmente en una panadería.', '2020-07-19 03:54:52',
        '2020-07-19 03:54:52', NULL, 'ACTIVE'),
       (28, 'Periodista',
        'Persona que investiga e informa sobre las noticias, puede ser a través de un diario, revista, radio o televisión.',
        '2020-07-19 03:55:24', '2020-07-19 03:55:24', NULL, 'ACTIVE'),
       (29, 'Pintor/a',
        '(1) Persona que pinta cuadros u obras de arte. \n(2) Persona que pinta casas por dentro o por fuera.',
        '2020-07-19 03:56:46', '2020-07-19 03:56:46', NULL, 'ACTIVE'),
       (30, 'Piloto', 'Persona que pilotea aviones o aeroplanos.', '2020-07-19 03:57:12', '2020-07-19 03:57:12', NULL,
        'ACTIVE'),
       (31, 'Policía', 'Persona que estar encargado de velar por el mantenimiento del orden público.',
        '2020-07-19 03:59:42', '2020-07-19 03:59:42', NULL, 'ACTIVE'),
       (32, 'Político', 'Persona que trabaja en la política.', '2020-07-19 04:00:05', '2020-07-19 04:00:05', NULL,
        'ACTIVE'),
       (33, 'Profesor/a',
        'Persona que enseña en una escuela, instituto, universidad y entrega el conocimiento y potencia las destrezas de un estudiante.',
        '2020-07-19 04:00:35', '2020-07-19 04:00:35', NULL, 'ACTIVE'),
       (34, 'Psiquiatra',
        'Especialista que evalua, diagnostica, trata o rehabilita a las personas con trastornos mentales.',
        '2020-07-19 04:01:07', '2020-07-19 04:01:07', NULL, 'ACTIVE'),
       (35, 'Recepcionista',
        'Persona que trabaja en la recepción de una compañía, entrega información, realiza llamadas, entre otras responsabilidades.',
        '2020-07-19 04:02:10', '2020-07-19 04:02:10', NULL, 'ACTIVE'),
       (36, 'Sastre', 'Persona que hace ropas para otros, generalmente crea diseños únicos y exclusivos.',
        '2020-07-19 04:02:45', '2020-07-19 04:02:45', NULL, 'ACTIVE'),
       (37, 'Secretario/a',
        'Persona que trabaja en una compañía escribiendo cartas, atendiendo el teléfono, organizando el horario de su jefe, etc.',
        '2020-07-19 04:03:12', '2020-07-19 04:03:12', NULL, 'ACTIVE'),
       (38, 'Soldado', 'Persona que está en un batallón de guerra.', '2020-07-19 04:03:35', '2020-07-19 04:03:35', NULL,
        'ACTIVE'),
       (39, 'Taxista', 'Persona que conduce un auto y cobra una cantidad de dinero por el recorrido.',
        '2020-07-19 04:03:58', '2020-07-19 04:03:58', NULL, 'ACTIVE'),
       (40, 'Traductor/a',
        'Persona que traduce un texto o conversaciones de un lenguaje a otro sin perder la idea original.',
        '2020-07-19 04:20:04', '2020-07-19 04:20:04', NULL, 'ACTIVE'),
       (41, 'Vendedor/a', 'Persona que trabaja en un lugar vendiendo productos o servicios.', '2020-07-19 04:20:32',
        '2020-07-19 04:20:32', NULL, 'ACTIVE'),
       (42, 'Veterinario/a',
        'Persona que atiende a los animales cuando están enfermos y les receta algún medicamento para que se sanen.',
        '2020-07-19 04:20:57', '2020-07-19 04:20:57', NULL, 'ACTIVE'),
       (43, 'Agricultor',
        'Persona que se dedica a cultivar la tierra en una explotación agraria para la extracción y explotación de los recursos que origina, tales como: alimentos vegetales como cereales, frutas, hortalizas, entre otros.',
        '2020-07-19 04:23:12', '2020-07-19 04:23:12', NULL, 'ACTIVE'),
       (44, 'Artesano',
        'Persona que realiza objetos artesanales o artesanías. Los artesanos realizan su trabajo a mano o con distintos instrumentos propios, por lo que hay que tener cierta destreza y habilidad para realizar su trabajo.',
        '2020-07-19 04:24:23', '2020-07-19 04:24:23', NULL, 'ACTIVE'),
       (45, 'Cajero',
        'Persona responsable de sumar la cantidad debida por una compra, cargar al consumidor esa cantidad y después, recoger el pago por las mercancías o servicios proporcionado.',
        '2020-07-19 04:25:26', '2020-07-19 04:25:26', NULL, 'ACTIVE'),
       (46, 'Ingeniero/a',
        'Persona que profesa la ingeniería o alguna de sus ramas.  Hace referencia a todas las profesiones de ingeniería. Por ejemplo: Ingeniero civil, en sistemas, minas y petroleo, redes, telecomunicaciones, turístico, entre otros.',
        '2020-07-19 04:27:52', '2020-07-25 18:13:22', NULL, 'ACTIVE'),
       (47, 'Administrador',
        'Persona que se ocupa de realizar la tarea administrativa por medio de la planificación, organización, dirección y control de todas las tareas dentro de un grupo social o de una organización para lograr los objetivos mediante el uso eficiente de los recursos.',
        '2020-07-19 04:29:20', '2020-07-19 04:29:20', NULL, 'ACTIVE'),
       (48, 'Estudiante',
        'Hace referencia a pacientes que se encuentren en educación primaria, educación secundaria, educación universitaria (sin egresar), cursos de profesionalizacion, tecnologias, otros.',
        '2020-07-25 18:01:07', '2020-07-25 18:01:07', NULL, 'ACTIVE'),
       (49, 'Quehaceres domésticos',
        'Persona que realiza oficios domésticos en instituciones, entidades publicas o privadas, establecimientos académicos, otros. Se refiere a un lugar distinto del propio hogar.',
        '2020-07-25 18:03:53', '2020-07-25 18:03:53', NULL, 'ACTIVE'),
       (50, 'Ama de casa',
        'Persona que se dedica netamente a desarrollar actividades dentro del hogar. Ya sea como madre de familia, esposa, hija, entre otros.',
        '2020-07-25 18:05:03', '2020-07-25 18:05:03', NULL, 'ACTIVE'),
       (51, 'Técnico de sonido',
        'Personas que trabajan en estudios de grabación. Preparan el equipo para hacer grabaciones musicales, equipos para cubrir una actuación u eventos. Entre otras funciones.',
        '2020-07-25 18:18:36', '2020-07-25 18:18:36', NULL, 'ACTIVE'),
       (52, 'Psicólogo',
        'Persona que busca orientar a sus pacientes en sesiones grupales o individuales, con la finalidad de evaluar sus problemas y ayudarles a lidiar con diferentes circunstancias y conflictos, mejorando su salud mental. Entre otras funciones.',
        '2020-07-25 18:19:57', '2020-07-25 18:19:57', NULL, 'ACTIVE'),
       (53, 'Músico', 'Persona que se dedica a la composición, interpretación o edición de la música.',
        '2020-07-25 18:21:19', '2020-07-25 18:21:19', NULL, 'ACTIVE'),
       (54, 'Economista',
        'Persona capaz de realizar tablas, gráficos e informes que ilustren de forma clara la realidad que atraviesa la economía de la entidad para la que cumplen funciones, de tal forma que analiza los datos una entidad o de algunas y las compara estadisticamente.',
        '2020-07-25 18:24:40', '2020-07-25 18:24:40', NULL, 'ACTIVE'),
       (55, 'Catedrático Universitario',
        'Docente superior que ejerce funciones en universidades o instituciones. Además, se puede considerar a personas que forman parte de las autoridades académicas de una institución.',
        '2020-07-25 18:26:32', '2020-07-25 18:26:32', NULL, 'ACTIVE'),
       (56, 'Comerciante',
        'Persona que realiza actividades comerciales en las cuales se realiza la acción de comprar y vender.',
        '2020-07-26 23:20:08', '2020-07-30 22:44:38', NULL, 'ACTIVE'),
       (57, 'Sociologo/a',
        'Persona que se dedica a analizar la estructura de la sociedad y sus problemas, ademas de entender los comportamientos que se dan entre los grupos de personas.',
        '2020-07-26 23:20:08', '2020-07-30 23:00:01', NULL, 'ACTIVE'),
       (58, 'Oficinista',
        'Persona que realiza funciones administrativas u operativas dentro de una empresa o institución, ya sea pública o privada.',
        '2020-07-26 23:20:08', '2020-07-30 22:53:34', NULL, 'ACTIVE'),
       (59, 'Artista', 'Persona que hace o practica arte, ya sea por talento innato o profesionalmente.',
        '2020-07-26 23:20:08', '2020-07-30 22:41:52', NULL, 'ACTIVE'),
       (60, 'Bibliotecario/a',
        'Persona que trabaja en una biblioteca manteniendo el orden de los libros, vídeos, discos, etc.', NULL,
        '2020-07-19 03:31:07', NULL, 'ACTIVE'),
       (61, 'Odontólogo/a', 'Profesional encargado de la salud oral.', '2020-07-30 22:38:53', '2020-07-30 22:38:53',
        NULL, 'ACTIVE');

--
-- Volcado de datos para la tabla `people_relationship`
--

INSERT INTO `people_relationship` (`id`, `name`, `description`, `status`)
VALUES (1, 'Padre', 'DESCRIPCION', 'ACTIVE'),
       (2, 'Madre', 'DESCRIPCION', 'ACTIVE'),
       (3, 'Tio', 'DESCRIPCION', 'ACTIVE'),
       (4, 'Tia', 'DESCRIPCION', 'ACTIVE'),
       (5, 'Abuelo Paterno', 'DESCRIPCION', 'ACTIVE'),
       (6, 'Abuela Paterna', 'DESCRIPCION', 'ACTIVE'),
       (7, 'Hermano', 'DESCRIPCION', 'ACTIVE'),
       (8, 'Hermana', 'DESCRIPCION', 'ACTIVE');

--
-- Volcado de datos para la tabla `people_type_identification`
--

INSERT INTO `people_type_identification` (`id`, `name`, `description`, `created_at`, `updated_at`, `deleted_at`,
                                          `status`, `code`)
VALUES (1, 'RUC', 'ada', '2019-10-26 18:19:10', '2019-10-28 09:48:48', NULL, 'ACTIVE', 'R'),
       (2, 'CEDULA', 'Codigo', '2019-10-26 18:19:11', '2019-10-28 09:48:17', NULL, 'ACTIVE', 'C'),
       (3, 'OTROS', '', '2019-10-27 11:56:31', '2019-10-28 09:48:30', NULL, 'ACTIVE', '-'),
       (4, 'PASAPORTE', '', '2019-10-27 11:56:39', '2019-10-28 09:48:36', NULL, 'ACTIVE', 'P'),
       (5, 'CONSUMIDOR FINAL', '', '2019-10-27 11:56:47', '2019-10-28 09:48:23', NULL, 'INACTIVE', 'F'),
       (6, 'PLACA-RAMV/CPN', '', '2019-10-27 11:56:57', '2019-10-28 09:48:42', NULL, 'INACTIVE', 'PL');

--
-- Volcado de datos para la tabla `product`
--

INSERT INTO `product_category` (`id`, `value`, `state`, `description`, `subtitle`, `source`, `business_id`)
VALUES (1, 'Sin definir', 'ACTIVE', 'null', 'null',
        '/uploads/products/productCategory/sindefinir.jpg', 1),
       (2, 'Software', 'ACTIVE', 'null', 'null',
        '/uploads/products/productCategory/software.jpg', 1),
       (3, 'Diseño', 'ACTIVE', 'null', 'null',
        '/uploads/products/productCategory/disenio.jpg', 1),
       (4, 'Multimedia', 'ACTIVE', 'null', 'null',
        '/uploads/products/productCategory/multimedia.jpg', 1),
       (5, 'Hoteleria', 'ACTIVE', 'null', 'null', '/uploads/products/productCategory/hoteleria.png', 1),
       (6, 'Tecnologia', 'ACTIVE', 'null', 'null', '/uploads/products/productCategory/tecnologia.png', 1),
       (7, 'Hardware', 'ACTIVE', 'null', 'null', '/uploads/products/productCategory/hardware.png', 1),
       (8, 'Ocio', 'ACTIVE', 'null', 'null', '/uploads/products/productCategory/ocio.jpg', 1),
       (9, 'Comida', 'ACTIVE', 'null', 'null', '/uploads/products/productCategory/comida.png', 1);

--
-- Volcado de datos para la tabla `product_color`
--

INSERT INTO `product_color` (`id`, `value`, `state`, `description`, `multicolored`, `color`, `business_id`)
VALUES (1, 'Morado', 'ACTIVE', NULL, 0, '#5508C0', 1),
       (2, 'Amarillo', 'ACTIVE', NULL, 0, '#E3ED0F', 1),
       (3, 'Negro', 'ACTIVE', NULL, 0, '#000000', 1),
       (4, 'Azul', 'ACTIVE', NULL, 0, '#1811F1', 1),
       (5, 'Tomate', 'ACTIVE', NULL, 0, '#B85807', 1);

--
-- Volcado de datos para la tabla `product_details_shipping_fee`
--


INSERT INTO `product_measure_type` (`id`, `value`, `state`, `description`, `abbreviation`, `unit`, `number_of_units`,
                                    `prefix`, `symbol`, `business_id`)
VALUES (1, 'Sin Definir', 'ACTIVE', 'SDF', 'SDF', 0, 1, 'U', 'U', 1),
       (2, 'UNIDAD', 'ACTIVE', 'uNIDAD', 'U', 0, 1, 'U', 'U', 1),
       (3, 'Docena', 'ACTIVE', NULL, 'Doce', 1, 12, 'DOC', 'DOC', 1),
       (4, 'PAR', 'ACTIVE', 'AD', 'PAR', 1, 2, 'PAR', 'PAR', 1),
       (5, 'Metro', 'ACTIVE', NULL, 'm', 0, 1, 'm', 'm', 1),
       (6, 'Libra', 'ACTIVE', NULL, 'lb', 0, 1, 'lb', 'lb', 1);

--
-- Volcado de datos para la tabla `product_sizes`
--

INSERT INTO `product_sizes` (`id`, `value`, `state`, `description`, `business_id`)
VALUES (1, 'XL', 'ACTIVE', 'XL', 1),
       (2, 'XXL', 'ACTIVE', NULL, 1),
       (3, 'L', 'ACTIVE', NULL, 1),
       (4, 'XS', 'ACTIVE', NULL, 1),
       (5, 'M', 'ACTIVE', NULL, 1),
       (6, 'S', 'ACTIVE', NULL, 1),
       (7, 'XXS', 'ACTIVE', NULL, 1);

--
-- Volcado de datos para la tabla `product_subcategory`
--

INSERT INTO `product_subcategory` (`id`, `value`, `state`, `description`, `source`, `subtitle`, `product_category_id`,
                                   `business_id`)
VALUES (1, 'Sin definir', 'ACTIVE', 'null', '/uploads/products/productSubcategory/sindefinir.jpg', 'null', 1, 1),
       (2, 'Artes', 'ACTIVE', 'null', '/uploads/products/productSubcategory/artes.jpg', 'null', 2, 1),
       (3, 'Tecnologia', 'ACTIVE', 'null', '/uploads/products/productSubcategory/tecnologia.jpg', 'null', 7, 1),
       (4, 'Videos', 'ACTIVE', 'null', '/uploads/products/productSubcategory/videos.jpg', 'null', 3, 1),
       (5, 'Sistemas', 'ACTIVE', 'null', '/uploads/products/productSubcategory/sistemas.jpg', 'null', 1, 1),
       (6, 'Aplicaciones Moviles', 'ACTIVE', 'null', '/uploads/products/productSubcategory/aplicacionesmoviles.png',
        'null', 7, 1),
       (7, 'Hospedaje', 'ACTIVE', 'null', '/uploads/products/productSubcategory/hospedaje.png', 'null', 5, 1),
       (8, 'Atracciones Deportivas', 'ACTIVE', 'null', '/uploads/products/productSubcategory/atracionesdeportivas.jpg',
        'null', 8, 1),
       (9, 'Asados', 'ACTIVE', 'null', '/uploads/products/productSubcategory/asados.jpg', 'null', 9, 1);
--
-- Volcado de datos para la tabla `product_trademark`
--

INSERT INTO `product_trademark` (`id`, `value`, `state`, `description`, `business_id`)
VALUES (1, 'Propia', 'ACTIVE', NULL, 1),
       (2, 'La Favorita', 'ACTIVE', NULL, 1),
       (3, 'ASUS', 'ACTIVE', NULL, 1),
       (4, 'ACER', 'ACTIVE', NULL, 1),
       (5, 'COMPAC', 'ACTIVE', NULL, 1),
       (6, 'MAC', 'ACTIVE', NULL, 1),
       (7, 'TOSHIBA', 'ACTIVE', NULL, 1),
       (8, 'SONY VAIO', 'ACTIVE', NULL, 1),
       (9, 'MSI', 'ACTIVE', NULL, 1),
       (10, 'DELL', 'ACTIVE', NULL, 1),
       (11, 'LG', 'ACTIVE', NULL, 1),
       (12, 'HP', 'ACTIVE', NULL, 1),
       (13, 'IBM', 'ACTIVE', NULL, 1),
       (14, 'SONY', 'ACTIVE', NULL, 1),
       (15, 'LENOVO', 'ACTIVE', NULL, 1),
       (16, 'COMPAC', 'ACTIVE', NULL, 1),
       (17, 'ALCATEL', 'ACTIVE', NULL, 1),
       (18, 'NOKIA', 'ACTIVE', NULL, 1),
       (19, 'HUAWEI', 'ACTIVE', NULL, 1),
       (20, 'PHILIPS', 'ACTIVE', NULL, 1),
       (21, 'SAMSUNG', 'ACTIVE', NULL, 1),
       (22, 'MOTOROLA', 'ACTIVE', NULL, 1),
       (23, 'XPERIA', 'ACTIVE', NULL, 1),
       (24, 'GALAXY', 'ACTIVE', NULL, 1),
       (25, 'SM', 'ACTIVE', NULL, 1),
       (26, 'Otras', 'ACTIVE', NULL, 1);

--
-- Volcado de datos para la tabla `provinces`
--

INSERT INTO `provinces` (`id`, `name`, `country_id`, `status`, `created_at`, `updated_at`, `deleted_at`, `place_id`)
VALUES (1, 'Galapagos', 18, 'ACTIVE', NULL, NULL, NULL, 'none-id'),
       (2, 'Esmeraldas', 18, 'ACTIVE', NULL, NULL, NULL, 'none-id'),
       (3, 'Manabí ', 18, 'ACTIVE', NULL, NULL, NULL, 'none-id'),
       (4, 'Los Ríos', 18, 'ACTIVE', NULL, NULL, NULL, 'none-id'),
       (5, 'Santa Elena', 18, 'ACTIVE', NULL, NULL, NULL, 'none-id'),
       (6, 'Guayas ', 18, 'ACTIVE', NULL, NULL, NULL, 'none-id'),
       (7, 'Santo Domingo de los Tsáchilas ', 18, 'ACTIVE', NULL, NULL, NULL, 'none-id'),
       (8, 'El Oro', 18, 'ACTIVE', NULL, NULL, NULL, 'none-id'),
       (9, 'Azuay ', 18, 'ACTIVE', NULL, NULL, NULL, 'none-id'),
       (10, 'Bolívar ', 18, 'ACTIVE', NULL, NULL, NULL, 'none-id'),
       (11, 'Cañar ', 18, 'ACTIVE', NULL, NULL, NULL, 'none-id'),
       (12, 'Carchi', 18, 'ACTIVE', NULL, NULL, NULL, 'none-id'),
       (13, 'Cotopaxi', 18, 'ACTIVE', NULL, NULL, NULL, 'none-id'),
       (14, 'Chimborazo', 18, 'ACTIVE', NULL, NULL, NULL, 'none-id'),
       (15, 'Imbabura ', 18, 'ACTIVE', NULL, NULL, NULL, 'none-id'),
       (16, 'Loja', 18, 'ACTIVE', NULL, NULL, NULL, 'none-id'),
       (17, 'Pichincha ', 18, 'ACTIVE', NULL, NULL, NULL, 'none-id'),
       (18, 'Tungurahua', 18, 'ACTIVE', NULL, NULL, NULL, 'none-id'),
       (19, 'Morona Santiago ', 18, 'ACTIVE', NULL, NULL, NULL, 'none-id'),
       (20, 'Napo ', 18, 'ACTIVE', NULL, NULL, NULL, 'none-id'),
       (21, 'Orellana', 18, 'ACTIVE', NULL, NULL, NULL, 'none-id'),
       (22, 'Pastaza', 18, 'ACTIVE', NULL, NULL, NULL, 'none-id'),
       (23, 'Sucumbíos', 18, 'ACTIVE', NULL, NULL, NULL, 'none-id'),
       (24, 'Zamora Chinchipe', 18, 'ACTIVE', NULL, NULL, NULL, 'none-id'),
       (25, 'Amazonas', 48, 'ACTIVE', '2020-07-27 06:20:14', '2020-07-27 06:20:14', NULL, 'none-id'),
       (26, 'Antioquia', 48, 'ACTIVE', '2020-07-27 06:20:39', '2020-07-27 06:20:39', NULL, 'none-id'),
       (27, 'Arauca', 48, 'ACTIVE', '2020-07-27 06:20:56', '2020-07-27 06:20:56', NULL, 'none-id'),
       (28, 'Atlántico', 48, 'ACTIVE', '2020-07-27 06:21:19', '2020-07-27 06:21:19', NULL, 'none-id'),
       (29, 'Bogotá', 48, 'ACTIVE', '2020-07-27 06:21:38', '2020-07-27 06:21:38', NULL, 'none-id'),
       (30, 'Bolivar Co', 48, 'ACTIVE', '2020-07-27 06:22:42', '2020-07-27 06:22:42', NULL, 'none-id'),
       (31, 'Boyacá', 48, 'ACTIVE', '2020-07-27 06:23:03', '2020-07-27 06:23:03', NULL, 'none-id'),
       (32, 'Caldas', 48, 'ACTIVE', '2020-07-27 06:23:24', '2020-07-27 06:23:24', NULL, 'none-id'),
       (33, 'Caquetá', 48, 'ACTIVE', '2020-07-27 06:23:44', '2020-07-27 06:23:44', NULL, 'none-id'),
       (34, 'Casanare', 48, 'ACTIVE', '2020-07-27 06:24:01', '2020-07-27 06:24:01', NULL, 'none-id'),
       (35, 'Cauca', 48, 'ACTIVE', '2020-07-27 06:24:16', '2020-07-27 06:24:16', NULL, 'none-id'),
       (36, 'Cesar', 48, 'ACTIVE', '2020-07-27 06:24:32', '2020-07-27 06:24:32', NULL, 'none-id'),
       (37, 'Chocó', 48, 'ACTIVE', '2020-07-27 06:24:44', '2020-07-27 06:24:44', NULL, 'none-id'),
       (38, 'Córdoba', 48, 'ACTIVE', '2020-07-27 06:25:04', '2020-07-27 06:25:04', NULL, 'none-id'),
       (39, 'Cundinamarca', 48, 'ACTIVE', '2020-07-27 06:25:21', '2020-07-27 06:25:21', NULL, 'none-id'),
       (40, 'Guainía', 48, 'ACTIVE', '2020-07-27 06:25:39', '2020-07-27 06:25:39', NULL, 'none-id'),
       (41, 'Guaviare', 48, 'ACTIVE', '2020-07-27 06:27:29', '2020-07-27 06:27:29', NULL, 'none-id'),
       (42, 'Huila', 48, 'ACTIVE', '2020-07-27 06:27:45', '2020-07-27 06:27:45', NULL, 'none-id'),
       (43, 'La Guajira', 48, 'ACTIVE', '2020-07-27 06:28:00', '2020-07-27 06:28:00', NULL, 'none-id'),
       (44, 'Magdalena', 48, 'ACTIVE', '2020-07-27 06:28:16', '2020-07-27 06:28:16', NULL, 'none-id'),
       (45, 'Meta', 48, 'ACTIVE', '2020-07-27 06:28:31', '2020-07-27 06:28:31', NULL, 'none-id'),
       (46, 'Nariño', 48, 'ACTIVE', '2020-07-27 06:28:45', '2020-07-27 06:28:45', NULL, 'none-id'),
       (47, 'Norte de Santander', 48, 'ACTIVE', '2020-07-27 06:29:02', '2020-07-27 06:29:02', NULL, 'none-id'),
       (48, 'Putumayo', 48, 'ACTIVE', '2020-07-27 06:29:15', '2020-07-27 06:29:15', NULL, 'none-id'),
       (49, 'Quindío', 48, 'ACTIVE', '2020-07-27 06:29:31', '2020-07-27 06:29:31', NULL, 'none-id'),
       (50, 'Risaralda', 48, 'ACTIVE', '2020-07-27 06:29:57', '2020-07-27 06:29:57', NULL, 'none-id'),
       (51, 'San Andrés y Providencia', 48, 'ACTIVE', '2020-07-27 06:30:12', '2020-07-27 06:30:12', NULL, 'none-id'),
       (52, 'Santander', 48, 'ACTIVE', '2020-07-27 06:30:27', '2020-07-27 06:30:27', NULL, 'none-id'),
       (53, 'Sucre', 48, 'ACTIVE', '2020-07-27 06:30:43', '2020-07-27 06:30:43', NULL, 'none-id'),
       (54, 'Tolima', 48, 'ACTIVE', '2020-07-27 06:30:58', '2020-07-27 06:30:58', NULL, 'none-id'),
       (55, 'Valle del Cauca', 48, 'ACTIVE', '2020-07-27 06:31:16', '2020-07-27 06:31:16', NULL, 'none-id'),
       (56, 'Vaupés', 48, 'ACTIVE', '2020-07-27 06:31:32', '2020-07-27 06:31:32', NULL, 'none-id'),
       (57, 'Vichada', 48, 'ACTIVE', '2020-07-27 06:31:48', '2020-07-27 06:31:48', NULL, 'none-id');

--
-- Volcado de datos para la tabla `reference_piece`
--

INSERT INTO `reference_piece` (`id`, `name`, `type`, `status`, `reference_type_id`)
VALUES (1, 'Sin detalles', 'INDIVIDUAL', 'ACTIVE', 1),
       (2, 'En Observacion', 'INDIVIDUAL', 'ACTIVE', 1),
       (3, 'Ausente', 'COMPLETE', 'INACTIVE', 2),
       (4, 'Remanente radicular', 'INDIVIDUAL', 'ACTIVE', 1),
       (5, 'Caries', 'COMPLETE', 'ACTIVE', 1),
       (6, 'Edentulo', 'INDIVIDUAL', 'ACTIVE', 1),
       (7, 'Incrustacion', 'INDIVIDUAL', 'ACTIVE', 1),
       (8, 'Obturacion', 'INDIVIDUAL', 'ACTIVE', 1),
       (9, 'Intrusion', 'INDIVIDUAL', 'ACTIVE', 1),
       (10, 'Extrusion', 'INDIVIDUAL', 'ACTIVE', 1),
       (11, 'Protesis Removible', 'COMPLETE', 'ACTIVE', 2),
       (12, 'Implante', 'COMPLETE', 'ACTIVE', 2),
       (13, 'Ortodoncia', 'INDIVIDUAL', 'ACTIVE', 1),
       (14, 'Clavija', 'INDIVIDUAL', 'ACTIVE', 1),
       (15, 'Amalgama', 'INDIVIDUAL', 'ACTIVE', 1),
       (16, 'Endodoncia', 'COMPLETE', 'ACTIVE', 2),
       (17, 'Otro', 'INDIVIDUAL', 'ACTIVE', 3),
       (18, 'No Erupcionada', 'COMPLETE', 'INACTIVE', 1),
       (19, 'Corona', 'COMPLETE', 'ACTIVE', 2),
       (20, 'Corona a realizar', 'COMPLETE', 'ACTIVE', 3),
       (21, 'Corona realizada', 'COMPLETE', 'ACTIVE', 4),
       (22, 'A extraer', 'COMPLETE', 'INACTIVE', 2),
       (23, 'Extraida', 'COMPLETE', 'INACTIVE', 1),
       (24, 'Fractura', 'COMPLETE', 'ACTIVE', 1),
       (25, 'Infeccion Pulpar', 'COMPLETE', 'ACTIVE', 1),
       (26, 'Movilidad', 'COMPLETE', 'ACTIVE', 1),
       (27, 'Residuo Radicular', 'COMPLETE', 'ACTIVE', 1),
       (28, 'Otro', 'COMPLETE', 'ACTIVE', 2),
       (29, 'Restauracion', 'COMPLETE', 'ACTIVE', 2),
       (30, 'Perno Muñon', 'COMPLETE', 'ACTIVE', 2);

--
-- Volcado de datos para la tabla `reference_piece_position`
--

INSERT INTO `reference_piece_position` (`id`, `position`)
VALUES (1, 'TOP'),
       (2, 'DOWN'),
       (3, 'RIGHT'),
       (4, 'LEFT'),
       (5, 'CENTER'),
       (6, 'COMPLETE');

--
-- Volcado de datos para la tabla `reference_piece_type`
--

INSERT INTO `reference_piece_type` (`id`, `color`, `description`, `created_at`, `updated_at`, `deleted_at`, `status`,
                                    `name`)
VALUES (1, '#0b0a0a', NULL, '2018-09-11 22:49:22', '2018-09-11 22:49:22', NULL, 'ACTIVE', 'Lesion'),
       (2, '#247b1f', NULL, '2018-09-11 22:49:44', '2018-09-12 00:37:34', NULL, 'ACTIVE', 'Pre Existencias'),
       (3, '#f81111', NULL, '2018-09-11 22:50:28', '2018-09-11 22:50:28', NULL, 'ACTIVE', 'Por Hacer'),
       (4, '#1ec1fb', 'ag', '2018-09-11 22:51:15', '2018-09-14 08:43:19', NULL, 'ACTIVE', 'Hecho');

--
-- Volcado de datos para la tabla `retention_tax_sub_type`
--

INSERT INTO `retention_tax_sub_type` (`id`, `value`, `description`, `status`, `type`, `retention_tax_type_id`,
                                      `percentage`, `accounting_account_id`)
VALUES (1, '712', 'RETENCIÓN DEL 10%', 'ACTIVE', 0, 3, 10, 100),
       (2, '723', 'RETENCIÓN DEL 20%', 'ACTIVE', 0, 3, 20, 101),
       (3, '725', 'RETENCIÓN DEL 30%', 'ACTIVE', 0, 3, 30, 102),
       (4, '727', 'RETENCIÓN DEL 50%', 'ACTIVE', 0, 3, 50, 103),
       (5, '729', 'RETENCIÓN DEL 70%', 'ACTIVE', 0, 3, 70, 104),
       (6, '731', 'RETENCIÓN DEL 100%', 'ACTIVE', 0, 3, 100, 105),
       (7, '712', 'RETENCIÓN DEL 10%', 'ACTIVE', 0, 4, 10, 30),
       (8, '723', 'RETENCIÓN DEL 20%', 'ACTIVE', 0, 4, 20, 31),
       (9, '725', 'RETENCIÓN DEL 30%', 'ACTIVE', 0, 4, 30, 32),
       (10, '727', 'RETENCIÓN DEL 50%', 'ACTIVE', 0, 4, 50, 33),
       (11, '729', 'RETENCIÓN DEL 70%', 'ACTIVE', 0, 4, 70, 34),
       (12, '731', 'RETENCIÓN DEL 100%', 'ACTIVE', 0, 4, 100, 35),
       (13, '303', 'Honorarios profesionales y demás pagos por servicios relacionados con el título profesional',
        'ACTIVE', 0, 1, 10, 98),
       (14, '304', 'Servicios predomina el intelecto no relacionados con el título profesional', 'ACTIVE', 0, 1, 8, 97),
       (15, '304A',
        'Comisiones y demás pagos por servicios predomina intelecto no relacionados con el título profesional',
        'ACTIVE', 0, 1, 8, 97),
       (16, '304B',
        'Pagos a notarios y registradores de la propiedad y mercantil por sus actividades ejercidas como tales',
        'ACTIVE', 0, 1, 8, 97),
       (17, '304C',
        'Pagos a deportistas, entrenadores, árbitros, miembros del cuerpo técnico por sus actividades ejercidas como tales',
        'ACTIVE', 0, 1, 8, 97),
       (18, '304D', 'Pagos a artistas por sus actividades ejercidas como tales', 'ACTIVE', 0, 1, 8, 97),
       (19, '304E', 'Honorarios y demás pagos por servicios de docencia', 'ACTIVE', 0, 1, 8, 97),
       (20, '307', 'Servicios predomina la mano de obra', 'ACTIVE', 0, 1, 2, 96),
       (21, '308', 'Utilización o aprovechamiento de la imagen o renombre', 'ACTIVE', 0, 1, 10, 98),
       (22, '309', 'Servicios prestados por medios de comunicación y agencias de publicidad', 'ACTIVE', 0, 1, 1, 95),
       (23, '310', 'Servicio de transporte privado de pasajeros o transporte público o privado de carga', 'ACTIVE', 0,
        1, 1, 95),
       (24, '311', 'Pagos a través de liquidación de compra (nivel cultural o rusticidad)', 'ACTIVE', 0, 1, 2, 96),
       (25, '312', 'Transferencia de bienes muebles de naturaleza corporal', 'ACTIVE', 0, 1, 1, 95),
       (26, '312A',
        'Compra de bienes de origen agrícola, avícola, pecuario, apícola, cunícula, bioacuático, y forestal', 'ACTIVE',
        0, 1, 1, 95),
       (27, '312B', 'Impuesto a la Renta único para la actividad de producción y cultivo de palma aceitera', 'ACTIVE',
        0, 1, 1, 95),
       (28, '314A',
        'Regalías por concepto de franquicias de acuerdo a Ley de Propiedad Intelectual - pago a personas naturales',
        'ACTIVE', 0, 1, 8, 97),
       (29, '314B',
        'Cánones, derechos de autor,  marcas, patentes y similares de acuerdo a Ley de Propiedad Intelectual – pago a personas naturales',
        'ACTIVE', 0, 1, 8, 97),
       (30, '314C',
        'Regalías por concepto de franquicias de acuerdo a Ley de Propiedad Intelectual  - pago a sociedades', 'ACTIVE',
        0, 1, 8, 97),
       (31, '314D',
        'Cánones, derechos de autor,  marcas, patentes y similares de acuerdo a Ley de Propiedad Intelectual – pago a sociedades',
        'ACTIVE', 0, 1, 8, 97),
       (32, '319', 'Cuotas de arrendamiento mercantil (prestado por sociedades), inclusive la de opción de compra',
        'ACTIVE', 0, 1, 1, 95),
       (33, '320', 'Arrendamiento bienes inmuebles', 'ACTIVE', 0, 1, 8, 97),
       (34, '322', 'Seguros y reaseguros (primas y cesiones)', 'ACTIVE', 0, 1, 1, 95),
       (35, '323', 'Rendimientos financieros pagados a naturales y sociedades  (No a IFIs)', 'ACTIVE', 0, 1, 2, 96),
       (36, '323A', 'Rendimientos financieros: depósitos Cta. Corriente', 'ACTIVE', 0, 1, 2, 96),
       (37, '323B1', 'Rendimientos financieros:  depósitos Cta. Ahorros Sociedades', 'ACTIVE', 0, 1, 2, 96),
       (38, '323E', 'Rendimientos financieros: depósito a plazo fijo  gravados', 'ACTIVE', 0, 1, 2, 96),
       (39, '323E2', 'Rendimientos financieros: depósito a plazo fijo exentos', 'ACTIVE', 0, 1, 0, 95),
       (40, '323F', 'Rendimientos financieros: operaciones de reporto - repos', 'ACTIVE', 0, 1, 2, 96),
       (41, '323G', 'Inversiones (captaciones) rendimientos distintos de aquellos pagados a IFIs', 'ACTIVE', 0, 1, 2,
        96),
       (42, '323H', 'Rendimientos financieros: obligaciones', 'ACTIVE', 0, 1, 2, 96),
       (43, '323I', 'Rendimientos financieros: bonos convertible en acciones', 'ACTIVE', 0, 1, 2, 96),
       (44, '323 M', 'Rendimientos financieros: Inversiones en títulos valores en renta fija gravados ', 'ACTIVE', 0, 1,
        2, 96),
       (45, '323 N', 'Rendimientos financieros: Inversiones en títulos valores en renta fija exentos', 'ACTIVE', 0, 1,
        0, 95),
       (46, '323 O',
        'Intereses y demás rendimientos financieros pagados a bancos y otras entidades sometidas al control de la Superintendencia de Bancos y de la Economía Popular y Solidaria',
        'ACTIVE', 0, 1, 0, 95),
       (47, '323 P', 'Intereses pagados por entidades del sector público a favor de sujetos pasivos', 'ACTIVE', 0, 1, 2,
        96),
       (48, '323Q', 'Otros intereses y rendimientos financieros gravados ', 'ACTIVE', 0, 1, 2, 96),
       (49, '323R', 'Otros intereses y rendimientos financieros exentos', 'ACTIVE', 0, 1, 0, 95),
       (50, '323S',
        'Pagos y créditos en cuenta efectuados por el BCE y los depósitos centralizados de valores, en calidad de intermediarios, a instituciones del sistema financiero por cuenta de otras personas naturales y sociedades',
        'ACTIVE', 0, 1, 2, 96),
       (51, '323T', 'Rendimientos financieros originados en la deuda pública ecuatoriana', 'ACTIVE', 0, 1, 0, 95),
       (52, '323U',
        'Rendimientos financieros originados en títulos valores de obligaciones de 360 días o más para el financiamiento de proyectos públicos en asociación público-privada',
        'ACTIVE', 0, 1, 0, 95),
       (53, '324A',
        'Intereses y comisiones en operaciones de crédito entre instituciones del sistema financiero y entidades economía popular y solidaria.',
        'ACTIVE', 0, 1, 1, 95),
       (54, '324B', 'Inversiones entre instituciones del sistema financiero y entidades economía popular y solidaria',
        'ACTIVE', 0, 1, 1, 95),
       (55, '324C',
        'Pagos y créditos en cuenta efectuados por el BCE y los depósitos centralizados de valores, en calidad de intermediarios, a instituciones del sistema financiero por cuenta de otras instituciones del sistema financiero',
        'ACTIVE', 0, 1, 1, 95),
       (56, '328', 'Dividendos distribuidos a sociedades residentes', 'ACTIVE', 0, 1, 0, 95),
       (57, '329', 'Dividendos distribuidos a fideicomisos residentes', 'ACTIVE', 0, 1, 0, 95),
       (58, '343', 'Otras retenciones aplicables el 1%', 'ACTIVE', 0, 1, 1, 95),
       (59, '343A', 'Energía eléctrica', 'ACTIVE', 0, 1, 1, 95),
       (60, '343B',
        'Actividades de construcción de obra material inmueble, urbanización, lotización o actividades similares',
        'ACTIVE', 0, 1, 1, 95),
       (61, '343C', 'Impuesto Redimible a las botellas plásticas - IRBP', 'ACTIVE', 0, 1, 1, 95),
       (62, '344', 'Otras retenciones aplicables el 2%', 'ACTIVE', 0, 1, 2, 96),
       (63, '344A', 'Pago local tarjeta de crédito reportada por la Emisora de tarjeta de crédito, solo RECAP',
        'ACTIVE', 0, 1, 2, 96),
       (64, '344B', 'Adquisición de sustancias minerales dentro del territorio nacional', 'ACTIVE', 0, 1, 2, 96),
       (65, '345', 'Otras retenciones aplicables el 8%', 'ACTIVE', 0, 1, 8, 97),
       (66, '303', 'Honorarios profesionales y demás pagos por servicios relacionados con el título profesional',
        'ACTIVE', 0, 2, 10, 27),
       (67, '304', 'Servicios predomina el intelecto no relacionados con el título profesional', 'ACTIVE', 0, 2, 8, 26),
       (68, '304A',
        'Comisiones y demás pagos por servicios predomina intelecto no relacionados con el título profesional',
        'ACTIVE', 0, 2, 8, 26),
       (69, '304B',
        'Pagos a notarios y registradores de la propiedad y mercantil por sus actividades ejercidas como tales',
        'ACTIVE', 0, 2, 8, 26),
       (70, '304C',
        'Pagos a deportistas, entrenadores, árbitros, miembros del cuerpo técnico por sus actividades ejercidas como tales',
        'ACTIVE', 0, 2, 8, 26),
       (71, '304D', 'Pagos a artistas por sus actividades ejercidas como tales', 'ACTIVE', 0, 2, 8, 26),
       (72, '304E', 'Honorarios y demás pagos por servicios de docencia', 'ACTIVE', 0, 2, 8, 26),
       (73, '307', 'Servicios predomina la mano de obra', 'ACTIVE', 0, 2, 2, 25),
       (74, '308', 'Utilización o aprovechamiento de la imagen o renombre', 'ACTIVE', 0, 2, 10, 27),
       (75, '309', 'Servicios prestados por medios de comunicación y agencias de publicidad', 'ACTIVE', 0, 2, 1, 24),
       (76, '310', 'Servicio de transporte privado de pasajeros o transporte público o privado de carga', 'ACTIVE', 0,
        2, 1, 24),
       (77, '311', 'Pagos a través de liquidación de compra (nivel cultural o rusticidad)', 'ACTIVE', 0, 2, 2, 25),
       (78, '312', 'Transferencia de bienes muebles de naturaleza corporal', 'ACTIVE', 0, 2, 1, 24),
       (79, '312A',
        'Compra de bienes de origen agrícola, avícola, pecuario, apícola, cunícula, bioacuático, y forestal', 'ACTIVE',
        0, 2, 1, 24),
       (80, '312B', 'Impuesto a la Renta único para la actividad de producción y cultivo de palma aceitera', 'ACTIVE',
        0, 2, 1, 24),
       (81, '314A',
        'Regalías por concepto de franquicias de acuerdo a Ley de Propiedad Intelectual - pago a personas naturales',
        'ACTIVE', 0, 2, 8, 26),
       (82, '314B',
        'Cánones, derechos de autor,  marcas, patentes y similares de acuerdo a Ley de Propiedad Intelectual – pago a personas naturales',
        'ACTIVE', 0, 2, 8, 26),
       (83, '314C',
        'Regalías por concepto de franquicias de acuerdo a Ley de Propiedad Intelectual  - pago a sociedades', 'ACTIVE',
        0, 2, 8, 26),
       (84, '314D',
        'Cánones, derechos de autor,  marcas, patentes y similares de acuerdo a Ley de Propiedad Intelectual – pago a sociedades',
        'ACTIVE', 0, 2, 8, 26),
       (85, '319', 'Cuotas de arrendamiento mercantil (prestado por sociedades), inclusive la de opción de compra',
        'ACTIVE', 0, 2, 1, 24),
       (86, '320', 'Arrendamiento bienes inmuebles', 'ACTIVE', 0, 2, 8, 26),
       (87, '322', 'Seguros y reaseguros (primas y cesiones)', 'ACTIVE', 0, 2, 1, 24),
       (88, '323', 'Rendimientos financieros pagados a naturales y sociedades  (No a IFIs)', 'ACTIVE', 0, 2, 2, 25),
       (89, '323A', 'Rendimientos financieros: depósitos Cta. Corriente', 'ACTIVE', 0, 2, 2, 25),
       (90, '323B1', 'Rendimientos financieros:  depósitos Cta. Ahorros Sociedades', 'ACTIVE', 0, 2, 2, 25),
       (91, '323E', 'Rendimientos financieros: depósito a plazo fijo  gravados', 'ACTIVE', 0, 2, 2, 25),
       (92, '323E2', 'Rendimientos financieros: depósito a plazo fijo exentos', 'ACTIVE', 0, 2, 0, 24),
       (93, '323F', 'Rendimientos financieros: operaciones de reporto - repos', 'ACTIVE', 0, 2, 2, 25),
       (94, '323G', 'Inversiones (captaciones) rendimientos distintos de aquellos pagados a IFIs', 'ACTIVE', 0, 2, 2,
        25),
       (95, '323H', 'Rendimientos financieros: obligaciones', 'ACTIVE', 0, 2, 2, 25),
       (96, '323I', 'Rendimientos financieros: bonos convertible en acciones', 'ACTIVE', 0, 2, 2, 25),
       (97, '323 M', 'Rendimientos financieros: Inversiones en títulos valores en renta fija gravados ', 'ACTIVE', 0, 2,
        2, 25),
       (98, '323 N', 'Rendimientos financieros: Inversiones en títulos valores en renta fija exentos', 'ACTIVE', 0, 2,
        0, 24),
       (99, '323 O',
        'Intereses y demás rendimientos financieros pagados a bancos y otras entidades sometidas al control de la Superintendencia de Bancos y de la Economía Popular y Solidaria',
        'ACTIVE', 0, 2, 0, 24),
       (100, '323 P', 'Intereses pagados por entidades del sector público a favor de sujetos pasivos', 'ACTIVE', 0, 2,
        2, 25),
       (101, '323Q', 'Otros intereses y rendimientos financieros gravados ', 'ACTIVE', 0, 2, 2, 25),
       (102, '323R', 'Otros intereses y rendimientos financieros exentos', 'ACTIVE', 0, 2, 0, 24),
       (103, '323S',
        'Pagos y créditos en cuenta efectuados por el BCE y los depósitos centralizados de valores, en calidad de intermediarios, a instituciones del sistema financiero por cuenta de otras personas naturales y sociedades',
        'ACTIVE', 0, 2, 2, 25),
       (104, '323T', 'Rendimientos financieros originados en la deuda pública ecuatoriana', 'ACTIVE', 0, 2, 0, 24),
       (105, '323U',
        'Rendimientos financieros originados en títulos valores de obligaciones de 360 días o más para el financiamiento de proyectos públicos en asociación público-privada',
        'ACTIVE', 0, 2, 0, 24),
       (106, '324A',
        'Intereses y comisiones en operaciones de crédito entre instituciones del sistema financiero y entidades economía popular y solidaria.',
        'ACTIVE', 0, 2, 1, 24),
       (107, '324B', 'Inversiones entre instituciones del sistema financiero y entidades economía popular y solidaria',
        'ACTIVE', 0, 2, 1, 24),
       (108, '324C',
        'Pagos y créditos en cuenta efectuados por el BCE y los depósitos centralizados de valores, en calidad de intermediarios, a instituciones del sistema financiero por cuenta de otras instituciones del sistema financiero',
        'ACTIVE', 0, 2, 1, 24),
       (109, '328', 'Dividendos distribuidos a sociedades residentes', 'ACTIVE', 0, 2, 0, 24),
       (110, '329', 'Dividendos distribuidos a fideicomisos residentes', 'ACTIVE', 0, 2, 0, 24),
       (111, '343', 'Otras retenciones aplicables el 1%', 'ACTIVE', 0, 2, 1, 24),
       (112, '343A', 'Energía eléctrica', 'ACTIVE', 0, 2, 1, 24),
       (113, '343B',
        'Actividades de construcción de obra material inmueble, urbanización, lotización o actividades similares',
        'ACTIVE', 0, 2, 1, 24),
       (114, '343C', 'Impuesto Redimible a las botellas plásticas - IRBP', 'ACTIVE', 0, 2, 1, 24),
       (115, '344', 'Otras retenciones aplicables el 2%', 'ACTIVE', 0, 2, 2, 25),
       (116, '344A', 'Pago local tarjeta de crédito reportada por la Emisora de tarjeta de crédito, solo RECAP',
        'ACTIVE', 0, 2, 2, 25),
       (117, '344B', 'Adquisición de sustancias minerales dentro del territorio nacional', 'ACTIVE', 0, 2, 2, 25),
       (118, '345', 'Otras retenciones aplicables el 8%', 'ACTIVE', 0, 2, 8, 26);

--
-- Volcado de datos para la tabla `retention_tax_type`
--

INSERT INTO `retention_tax_type` (`id`, `value`, `description`, `status`, `type`)
VALUES (1, 'Retención IR Compras', NULL, 'ACTIVE', 1),
       (2, 'Retención IR Ventas', NULL, 'ACTIVE', 1),
       (3, 'Retención Iva Compras', NULL, 'ACTIVE', 0),
       (4, 'Retención Iva Ventas', NULL, 'ACTIVE', 0);

--
-- Volcado de datos para la tabla `roles`
--

INSERT INTO `roles` (`id`, `name`, `status`, `created_at`, `updated_at`)
VALUES (1, 'GOD', 'ACTIVE', NULL, NULL),
       (2, 'BUSINESS', 'ACTIVE', '2020-06-14 18:50:42', '2020-06-14 18:50:42'),
       (3, 'EMPLOYER', 'ACTIVE', '2020-06-14 19:08:45', '2020-06-14 22:10:21'),
       (4, 'CUSTOMER', 'ACTIVE', '2020-06-14 19:17:10', '2020-06-14 19:17:10');

--
-- Volcado de datos para la tabla `ruc_type`
--

INSERT INTO `ruc_type` (`id`, `name`, `description`)
VALUES (1, 'Persona Natural', 'Persona Natural'),
       (2, 'Sociedad Privada', 'Sociedad Privada'),
       (3, 'Sociedad Publica', 'Sociedad Publica'),
       (4, 'Ninguno', 'Ningunos');

--
-- Volcado de datos para la tabla `schedule_days_category`
--

INSERT INTO `schedule_days_category` (`id`, `name`, `weight_day`, `description`)
VALUES (1, 'Lunes', 0, NULL),
       (2, 'Martes', 1, NULL),
       (3, 'Miercoles', 2, NULL),
       (4, 'Jueves', 3, NULL),
       (5, 'Viernes', 4, NULL),
       (6, 'Sabado', 5, NULL),
       (7, 'Domingo', 6, NULL);

--
-- Volcado de datos para la tabla `shipping_rate_business`
--

INSERT INTO `shipping_rate_business` (`id`, `title`, `description`, `state`, `created_at`, `updated_at`, `deleted_at`)
VALUES (1, 'Servientrega', NULL, 'ACTIVE', NULL, NULL, NULL),
       (2, 'DHL', NULL, 'ACTIVE', NULL, NULL, NULL);

--
-- Volcado de datos para la tabla `shipping_rate_kinds_of_way`
--

INSERT INTO `shipping_rate_kinds_of_way` (`id`, `value`, `description`, `state`)
VALUES (1, 'Aereo', 'hola', 'ACTIVE'),
       (2, 'Terrestre', NULL, 'ACTIVE'),
       (3, 'Maritimo', NULL, 'ACTIVE');

--
-- Volcado de datos para la tabla `shipping_rate_services`
--

INSERT INTO `shipping_rate_services` (`id`, `value`, `description`, `state`, `shipping_rate_business_id`)
VALUES (3, 'Servicio Express', 'adad', 'ACTIVE', 1);

--
-- Volcado de datos para la tabla `tax`
--

INSERT INTO `tax` (`id`, `value`, `percentage`, `state`)
VALUES (1, '12', 12, 'ACTIVE'),
       (2, '0', 0, 'ACTIVE');

--
-- Volcado de datos para la tabla `tax_by_business`
--

INSERT INTO `tax_by_business` (`id`, `tax_id`, `state`, `business_id`)
VALUES (1, 1, 'ACTIVE', 1);

--
-- Volcado de datos para la tabla `tax_support`
--

INSERT INTO `tax_support` (`id`, `value`, `description`, `status`, `code`)
VALUES (1, ' Crédito Tributario para declaración de IVA (servicios y bienes distintos de inventarios y activos fijos)',
        ' Crédito Tributario para declaración de IVA (servicios y bienes distintos de inventarios y activos fijos)',
        'ACTIVE', '01'),
       (2, ' Costo o Gasto para declaración de IR (servicios y bienes distintos de inventarios y activos fijos)',
        ' Costo o Gasto para declaración de IR (servicios y bienes distintos de inventarios y activos fijos)', 'ACTIVE',
        '02'),
       (3, ' Activo Fijo - Crédito Tributario para declaración de IVA',
        ' Activo Fijo - Crédito Tributario para declaración de IVA', 'ACTIVE', '03'),
       (4, ' Activo Fijo - Costo o Gasto para declaración de IR', ' Activo Fijo - Costo o Gasto para declaración de IR',
        'ACTIVE', '04'),
       (5,
        ' Liquidación Gastos de Viaje, hospedaje y alimentación Gastos IR (a nombre de empleados y no de la empresa)',
        ' Liquidación Gastos de Viaje, hospedaje y alimentación Gastos IR (a nombre de empleados y no de la empresa)',
        'ACTIVE', '05'),
       (6, ' Inventario - Crédito Tributario para declaración de IVA',
        ' Inventario - Crédito Tributario para declaración de IVA', 'ACTIVE', '06'),
       (7, ' Inventario - Costo o Gasto para declaración de IR', ' Inventario - Costo o Gasto para declaración de IR',
        'ACTIVE', '07'),
       (8, ' Valor pagado para solicitar Reembolso de Gasto (intermediario)',
        ' Valor pagado para solicitar Reembolso de Gasto (intermediario)', 'ACTIVE', '08'),
       (9, ' Reembolso por Siniestros', ' Reembolso por Siniestros', 'ACTIVE', '09'),
       (10, 'Distribución de Dividendos, Beneficios o Utilidades',
        'Distribución de Dividendos, Beneficios o Utilidades', 'ACTIVE', '10'),
       (11, 'Convenios de débito o recaudación para IFI´s', 'Convenios de débito o recaudación para IFI´s', 'ACTIVE',
        '11'),
       (12, ' Impuestos y retenciones presuntivos', ' Impuestos y retenciones presuntivos', 'ACTIVE', '12'),
       (13, 'Valores reconocidos por entidades del sector público a favor de sujetos pasivos',
        'Valores reconocidos por entidades del sector público a favor de sujetos pasivos', 'ACTIVE', '13'),
       (14, 'Valores facturados por socios a operadoras de transporte (que no constituyen gasto de dicha operadora)',
        'Valores facturados por socios a operadoras de transporte (que no constituyen gasto de dicha operadora)',
        'ACTIVE', '14'),
       (15, 'Casos especiales cuyo sustento no aplica en las opciones anteriores',
        'Casos especiales cuyo sustento no aplica en las opciones anteriores', 'ACTIVE', '00');


INSERT INTO `types_payments` (`id`, `value`, `description`, `status`, `code`, `type_payment`)
VALUES (1, 'SIN UTILIZACION DEL SISTEMA FINANCIERO', NULL, 'ACTIVE', '01', 0),
       (2, 'TARJETA DE CRÉDITO', NULL, 'ACTIVE', '19', 0),
       (3, 'CHEQUE PROPIO', NULL, 'ACTIVE', '02', 0),
       (4, 'TRANSFERENCIA PROPIO BANCO', NULL, 'ACTIVE', '07', 0),
       (5, 'DINERO ELECTRÓNICO', NULL, 'ACTIVE', '17', 0),
       (6, 'TARJETA DE DÉBITO', NULL, 'ACTIVE', '16', 0),
       (7, 'TARJETA PREPAGO', NULL, 'ACTIVE', '18', 0),
       (8, 'TRANSFERENCIA OTRO BANCO NACIONAL', NULL, 'INACTIVE', '08', 0),
       (9, 'TRANSFERENCIA  BANCO EXTERIOR', NULL, 'INACTIVE', '09', 0),
       (10, 'TARJETA DE CRÉDITO NACIONAL', NULL, 'INACTIVE', '10', 0),
       (11, 'TARJETA DE CRÉDITO INTERNACIONAL', NULL, 'INACTIVE', '11', 0),
       (12, 'GIRO', NULL, 'INACTIVE', '12', 0),
       (13, 'DEPOSITO EN CUENTA (CORRIENTE/AHORROS)', NULL, 'INACTIVE', '13', 0),
       (14, 'ENDOSO DE INVERSIÓN', NULL, 'INACTIVE', '14', 0),
       (15, 'COMPENSACIÓN DE DEUDAS', NULL, 'ACTIVE', '15', 0),
       (16, 'CHEQUE CERTIFICADO', NULL, 'INACTIVE', '03', 0),
       (17, 'CHEQUE DEL EXTERIOR', NULL, 'INACTIVE', '05', 0),
       (18, 'CHEQUE DE GERENCIA', NULL, 'INACTIVE', '04', 0),
       (19, 'DÉBITO DE CUENTA', NULL, 'INACTIVE', '06', 0),
       (20, 'OTROS CON UTILIZACION DEL SISTEMA FINANCIERO', NULL, 'ACTIVE', '20', 0),
       (21, 'ENDOSO DE TÍTULOS', NULL, 'ACTIVE', '21', 0);


INSERT INTO `type_ruc` (`id`, `value`, `descripcion`)
VALUES (1, 'Persona Natural', NULL),
       (2, 'Sociedad Privada', NULL),
       (3, 'Sociedad Pública', NULL),
       (4, 'Sin Ruc', NULL);

--
-- Volcado de datos para la tabla `users`
--

INSERT INTO `users` (`id`, `name`, `email`, `username`, `password`, `remember_token`, `status`, `created_at`,
                     `updated_at`, `provider_id`, `provider`, `api_token`, `user_id`, `avatar`)
VALUES (1, 'Admin', 'admin@system.dev', NULL, '$2y$10$bzHa0mwLff7MNndE5DSOpu9Ae2CZefyQnqZW9f4PV3CWsFQnG.zeS',
        '6q9DUbHNxJjuIeHdwZzseHj178ZeNuyJE4BIgB0OTrb2UUO905N3QdycZ8QK', 'ACTIVE', '2017-11-25 15:41:16',
        '2017-11-25 15:41:16', 'server', 'server', NULL, NULL, NULL);

--
-- Volcado de datos para la tabla `users_has_roles`
--

INSERT INTO `users_has_roles` (`user_id`, `role_id`)
VALUES (1, 1);

--
-- Volcado de datos para la tabla `voucher_type`
--

INSERT INTO `voucher_type` (`id`, `value`, `description`, `status`, `code`)
VALUES (1, 'Factura', 'Factura', 'ACTIVE', '1'),
       (2, 'Nota o boleta de venta', 'Nota o boleta de venta', 'ACTIVE', '2'),
       (3, 'Liquidación de compra de Bienes o Prestación de servicios',
        'Liquidación de compra de Bienes o Prestación de servicios', 'ACTIVE', '3'),
       (4, 'Nota de crédito', 'Nota de crédito', 'ACTIVE', '4'),
       (5, 'Nota de débito', 'Nota de débito', 'ACTIVE', '5'),
       (6, 'Guías de Remisión', 'Guías de Remisión', 'ACTIVE', '6'),
       (7, 'Comprobante de Retención', 'Comprobante de Retención', 'ACTIVE', '7'),
       (8, 'Boletos o entradas a espectáculos públicos', 'Boletos o entradas a espectáculos públicos', 'ACTIVE', '8'),
       (9, 'Tiquetes o vales emitidos por máquinas registradoras',
        'Tiquetes o vales emitidos por máquinas registradoras', 'ACTIVE', '9'),
       (10, 'Pasajes expedidos por empresas de aviación', 'Pasajes expedidos por empresas de aviación', 'ACTIVE', '11'),
       (11, 'Documentos emitidos por instituciones financieras', 'Documentos emitidos por instituciones financieras',
        'ACTIVE', '12'),
       (12, 'Comprobante de venta emitido en el Exterior', 'Comprobante de venta emitido en el Exterior', 'ACTIVE',
        '15'),
       (13,
        'Formulario Único de Exportación (FUE) o Declaración Aduanera Única (DAU) o Declaración Andina de Valor (DAV)',
        'Formulario Único de Exportación (FUE) o Declaración Aduanera Única (DAU) o Declaración Andina de Valor (DAV)',
        'ACTIVE', '16'),
       (14, 'Documentos autorizados utilizados en ventas excepto N/C N/D',
        'Documentos autorizados utilizados en ventas excepto N/C N/D', 'ACTIVE', '18'),
       (15, 'Comprobantes de Pago de Cuotas o Aportes', 'Comprobantes de Pago de Cuotas o Aportes', 'ACTIVE', '19'),
       (16, 'Documentos por Servicios Administrativos emitidos por Inst. del Estado',
        'Documentos por Servicios Administrativos emitidos por Inst. del Estado', 'ACTIVE', '20'),
       (17, 'Carta de Porte Aéreo', 'Carta de Porte Aéreo', 'ACTIVE', '21'),
       (18, 'RECAP', 'RECAP', 'ACTIVE', '22'),
       (19, 'Nota de Crédito TC', 'Nota de Crédito TC', 'ACTIVE', '23'),
       (20, 'Nota de Débito TC', 'Nota de Débito TC', 'ACTIVE', '24'),
       (21, 'Comprobante de venta emitido por reembolso', 'Comprobante de venta emitido por reembolso', 'ACTIVE', '41'),
       (22, 'Documento agente de retención Presuntiva', 'Documento agente de retención Presuntiva', 'ACTIVE', '42'),
       (23, 'Liquidación para Explotación y Exploracion de Hidrocarburos',
        'Liquidación para Explotación y Exploracion de Hidrocarburos', 'ACTIVE', '43'),
       (24, 'Comprobante de Contribuciones y Aportes', 'Comprobante de Contribuciones y Aportes', 'ACTIVE', '44'),
       (25, 'Liquidación por reclamos de aseguradoras', 'Liquidación por reclamos de aseguradoras', 'ACTIVE', '45'),
       (26, 'Nota de Crédito por Reembolso Emitida por Intermediario',
        'Nota de Crédito por Reembolso Emitida por Intermediario', 'ACTIVE', '47'),
       (27, 'Nota de Débito por Reembolso Emitida por Intermediario',
        'Nota de Débito por Reembolso Emitida por Intermediario', 'ACTIVE', '48'),
       (28, 'Proveedor Directo de Exportador Bajo Régimen Especial',
        'Proveedor Directo de Exportador Bajo Régimen Especial', 'ACTIVE', '49'),
       (29, 'A Inst. Estado y Empr. Públicas que percibe ingreso exento de Imp. Renta',
        'A Inst. Estado y Empr. Públicas que percibe ingreso exento de Imp. Renta', 'ACTIVE', '50'),
       (30, 'N/C A Inst. Estado y Empr. Públicas que percibe ingreso exento de Imp. Renta',
        'N/C A Inst. Estado y Empr. Públicas que percibe ingreso exento de Imp. Renta', 'ACTIVE', '51'),
       (31, 'N/D A Inst. Estado y Empr. Públicas que percibe ingreso exento de Imp. Renta',
        'N/D A Inst. Estado y Empr. Públicas que percibe ingreso exento de Imp. Renta', 'ACTIVE', '52'),
       (32, 'Liquidación de compra de Bienes Muebles Usados', 'Liquidación de compra de Bienes Muebles Usados',
        'ACTIVE', '294'),
       (33, 'Liquidación de compra de vehículos usados', 'Liquidación de compra de vehículos usados', 'ACTIVE', '344'),
       (34, 'Acta Entrega-Recepción PET', 'Acta Entrega-Recepción PET', 'ACTIVE', '364'),
       (35, 'Factura operadora transporte / socio', 'Factura operadora transporte / socio', 'ACTIVE', '370'),
       (36, 'Comprobante socio a operadora de transporte', 'Comprobante socio a operadora de transporte', 'ACTIVE',
        '371'),
       (37, 'Nota de crédito operadora transporte / socio', 'Nota de crédito operadora transporte / socio', 'ACTIVE',
        '372'),
       (38, 'Nota de débito operadora transporte / socio', 'Nota de débito operadora transporte / socio', 'ACTIVE',
        '373');

--
-- Volcado de datos para la tabla `zones`
--

INSERT INTO `zones` (`id`, `name`, `city_id`, `color`, `zip_code`, `polygon_coordinates`, `polygon_spatial`, `status`,
                     `created_at`, `updated_at`, `deleted_at`, `place_id`)
VALUES (1, 'Gonzales Suares', 1, '#ffa8b8', '100450',
        '[[0.19898877729791498,-78.25823140153514],[0.2015636822213178,-78.25724434861766],[0.2033232003518515,-78.25707268724071],[0.20400984152158985,-78.25625729570018],[0.20319445512926707,-78.25475525865184],[0.20336611542581728,-78.25376820573436],[0.20495397308212226,-78.25260949143993],[0.20611267992122725,-78.25153660783397],[0.2074001318658086,-78.25084996232616],[0.20873049876517405,-78.24801754960643],[0.2101466956634176,-78.24660134324657],[0.21083333653760608,-78.2446272374116],[0.21164872253637973,-78.24303936967479],[0.21023252577434026,-78.24007821092235],[0.21083333653760608,-78.23801827439891],[0.21860095929455028,-78.23741745957958],[0.2194163448782743,-78.23964905747997],[0.21993132522405012,-78.24200940141307],[0.21598314212208675,-78.25007748612987],[0.21302200412154337,-78.25557065019237],[0.21109082685763916,-78.25921845445262],[0.20662766071159372,-78.25994801530467]]',
        0x0000000001030000000100000017000000281900dd869053c091fd61d97678c93f4a1900b1769053c00fd899b7d6ccc93f471900e1739053c083be03a07e06ca3f25190085669053c015ddb296fe1cca3f3d1900e94d9053c0db1ec1a14602ca3f191900bd3d9053c0a2296f9fe607ca3f371900c12a9053c01257c989ee3bca3f3419002d199053c08ebbc679e661ca3f271900ed0d9053c0ed5dc667168cca3f14190085df8f53c0ebe4ef54aeb7ca3f50190051c88f53c03b519e4016e6ca3f4e1900f9a78f53c0d6f4aa3696fcca3f411900f58d8f53c0d457c42a4e17cb3f191900715d8f53c05fcd603fe6e8ca3f381900b13b8f53c0d6f4aa3696fcca3f501900d9318f53c043ac85c11dfbcb3f34190069568f53c028e2bab4d515cc3f2d1900157d8f53c098039aacb526cc3f3b190045019053c0cb6af3e955a5cb3f181900455b9053c0dee383164e44cb3f4d190009979053c0ab69eb320605cb3f491900fda29053c010469a72c672ca3f281900dd869053c091fd61d97678c93f,
        'ACTIVE', '2020-05-20 21:54:53', '2020-05-20 22:02:44', NULL, 'none-id'),
       (2, 'El Jordan', 1, '#e5bedd', NULL,
        '[[0.2170141185930993,-78.2193915055365],[0.2086027691489902,-78.20892016154237],[0.20877442938728538,-78.19621721964783],[0.2175290990212006,-78.19175402384705],[0.2231938825614229,-78.20874850016541],[0.22370886277591814,-78.21424166422791],[0.22096230142418116,-78.22024981242127]]',
        0x00000000010300000001000000080000004e53ab820a8e53c02e56105f1ec7cb3f1153abf25e8d53c028cbacdb7eb3ca3f3753abd28e8c53c0f9cf3ad91eb9ca3f2753abb2458c53c020b91c57fed7cb3f0e53ab225c8d53c04b6022fd9d91cc3f3153ab22b68d53c0b655b9f47da2cc3f1853ab92188e53c0020422217e48cc3f4e53ab820a8e53c02e56105f1ec7cb3f,
        'ACTIVE', '2020-05-20 21:58:17', '2020-05-20 22:02:44', NULL, 'none-id'),
       (3, 'San Rafael de la laguna', 1, '#e5bedd', NULL,
        '[[0.2048400917519579,-78.24626876404871],[0.19351050934756264,-78.2485003619491],[0.19351050934756264,-78.22481109192957],[0.20724333548969276,-78.23974563172449]]',
        0x00000000010300000001000000050000007ae70fdec28f53c0cafd7d3b3338ca3f5ee70f6ee78f53c0d13f8acef3c4c83f83e70f4e638e53c0d13f8acef3c4c83f43e70ffe578f53c095ff1e1af386ca3f7ae70fdec28f53c0cafd7d3b3338ca3f,
        'ACTIVE', '2020-05-20 21:58:17', '2020-05-20 22:02:44', NULL, 'none-id'),
       (4, 'San Juan de Iluman', 1, '#e5bedd', NULL,
        '[[0.23111585890298292,-78.28933583598388],[0.22673852873244676,-78.28933583598388],[0.22862678896981717,-78.28555928569091],[0.23051504895887534,-78.28444348674071]]',
        0x00000000010300000001000000050000002d47747a849253c0c7a1c9573495cd3f2d47747a849253c06313d3a2c405cd3f2a47749a469253c013b4ce82a443cd3f38477452349253c03dd241628481cd3f2d47747a849253c0c7a1c9573495cd3f,
        'ACTIVE', '2020-05-20 22:02:44', '2020-05-20 22:02:44', NULL, 'none-id'),
       (5, 'San Luis', 1, '#e5bedd', NULL,
        '[[0.2251935883549699,-78.2782636771704],[0.2168680735304996,-78.27208386760009],[0.21901382521895926,-78.26659070353759],[0.22261868736255455,-78.2683931479956]]',
        0x000000000103000000010000000500000008477412cf9153c01e72a0bc24d3cc3f1e4774d2699153c02915ae4155c2cb3f414774d20f9153c03af95720a508cc3f4047745a2d9153c049add9e6c47ecc3f08477412cf9153c01e72a0bc24d3cc3f,
        'ACTIVE', '2020-05-20 22:02:44', '2020-05-20 22:02:44', NULL, 'none-id'),
       (6, 'San Pedro de Pataqui', 1, '#e5bedd', NULL,
        '[[0.22819763893760353,-78.2441888938452],[0.2242494580436194,-78.25002538066161],[0.22510775832918428,-78.25174199443114],[0.2297425789935009,-78.250454534104],[0.22957091899551568,-78.24796544413817]]',
        0x0000000001030000000100000006000000164774caa08f53c0d375218a9435cd3f3f47746a009053c096b638cc34b4cc3f1a47748a1c9053c0f6c20cbe54d0cc3f24477472079053c0bb4ca36f3468cd3f184774aade8f53c0f26599729462cd3f164774caa08f53c0d375218a9435cd3f,
        'ACTIVE', '2020-05-20 22:02:44', '2020-05-20 22:02:44', NULL, 'none-id'),
       (7, 'San Jose de Quichinche', 1, '#e5bedd', NULL,
        '[[0.23403407826881503,-78.23337422709716],[0.23060087895244827,-78.23637830119384],[0.23635148733308337,-78.23663579325927],[0.2379822564430687,-78.23165761332763]]',
        0x00000000010300000001000000050000001947749aef8e53c0fa332824d4f4cd3f2f4774d2208f53c0d5cac3605484cd3f1147740a258f53c0cd6f3afac340ce3f3e47747ad38e53c03fc339dc3376ce3f1947749aef8e53c0fa332824d4f4cd3f,
        'ACTIVE', '2020-05-20 22:02:44', '2020-05-20 22:02:44', NULL, 'none-id'),
       (8, 'Dr Miguel Egas', 1, '#e5bedd', NULL,
        '[[0.2289701089863594,-78.23886739115966],[0.2289701089863594,-78.23054181437743],[0.22570856849904763,-78.23792325358642]]',
        0x00000000010300000001000000040000003c47749a498f53c006d2ed7ce44ecd3f06477432c18e53c006d2ed7ce44ecd3f074774223a8f53c0cdb010b404e4cc3f3c47749a498f53c006d2ed7ce44ecd3f,
        'ACTIVE', '2020-05-20 22:02:44', '2020-05-20 22:02:44', NULL, 'none-id'),
       (9, 'Selva Alegra', 1, '#e5bedd', NULL,
        '[[0.22845512895847364,-78.22702275614989],[0.23214581874799814,-78.22230206828368],[0.23300411856156872,-78.22693692546142]]',
        0x00000000010300000001000000040000002c47748a878e53c0a173bd85043ecd3f3a4774323a8e53c0bc80b645f4b6cd3f07477422868e53c06c12873614d3cd3f2c47748a878e53c0a173bd85043ecd3f,
        'ACTIVE', '2020-05-20 22:02:44', '2020-05-20 22:02:44', NULL, 'none-id'),
       (10, 'Eugenio Espejo', 1, '#e5bedd', NULL,
        '[[0.22570856849904763,-78.22775231700194],[0.22648103868095426,-78.22234498362792],[0.22304783755930466,-78.22414742808593]]',
        0x00000000010300000001000000040000002847747e938e53c0cdb010b404e4cc3f2a4774e63a8e53c0ca3e26a754fdcc3f2947746e588e53c0135fe1dfd48ccc3f2847747e938e53c0cdb010b404e4cc3f,
        'ACTIVE', '2020-05-20 22:02:44', '2020-05-20 22:02:44', NULL, 'none-id'),
       (11, 'San Pablo del Lago', 1, '#e5bedd', NULL,
        '[[0.24286668310337173,-78.20816716087256],[0.2347128385193923,-78.20773800743018],[0.23454117858174858,-78.21649273765479],[0.2382318667746855,-78.21563443077002]]',
        0x00000000010300000001000000050000003f035b9c528d53c0acc59b664116cf3f13035b944b8d53c0a230b2fe110bce3f2f035b04db8d53c0f275c9017205ce3f1e035bf4cc8d53c0fcc654be617ece3f3f035b9c528d53c0acc59b664116cf3f,
        'ACTIVE', '2020-05-20 22:02:44', '2020-05-20 22:02:44', NULL, 'none-id'),
       (12, 'Cristoba Colon', 5, '#e5bedd', NULL,
        '[[0.6402458478000177,-77.74711566851752],[0.6382718648346677,-77.72600131915229],[0.6232524045846296,-77.73612934039252]]',
        0x00000000010300000001000000040000004ca73cbed06f53c09b6d36dce47ce43f16a73cce766e53c0b77f2d1eb96ce43f4ca73cbe1c6f53c0e304db06aff1e33f4ca73cbed06f53c09b6d36dce47ce43f,
        'ACTIVE', '2020-07-14 05:36:18', '2020-07-27 06:47:56', NULL, 'none-id'),
       (13, 'Por definir', 215, '#e5bedd', NULL,
        '[[-0.16509509768396524,-78.48976135350341],[-0.15556792857568008,-78.47680091954345],[-0.16226269652208958,-78.46504211522216]]',
        0x0000000001030000000100000004000000f7080140589f53c0772ba40ed621c5bff40801e8839e53c043fec45ea6e9c3bf09090140c39d53c0c329762706c5c4bff7080140589f53c0772ba40ed621c5bf,
        'ACTIVE', '2020-07-27 06:35:16', '2020-07-27 06:35:16', NULL, 'none-id'),
       (14, 'Chical', 6, '#e5bedd', NULL,
        '[[0.8239941784795906,-77.73905868270874],[0.8251956836756045,-77.72554034927369],[0.814167568858249,-77.73279304244996]]',
        0x0000000001030000000100000004000000d703cabc4c6f53c05741150a295eea3fdb03ca406f6e53c06cfc45c70068ea3fc803ca14e66e53c06bb83625a90dea3fd703cabc4c6f53c05741150a295eea3f,
        'ACTIVE', '2020-07-27 06:43:50', '2020-07-31 19:46:56', NULL, 'none-id'),
       (15, 'Tulcan', 6, '#e5bedd', NULL,
        '[[0.7997494433501385,-77.76096696594239],[0.8400857356430022,-77.71582002380372],[0.8189735992815355,-77.67067308166504],[0.7769206414113045,-77.75976533630372]]',
        0x0000000001030000000100000005000000aa03caaeb37053c098db05258c97e93fd903cafecf6d53c078870d7bfbe1ea3fc203ca4eec6a53c0b373261f0835ea3fd903cafe9f7053c0335d4ead88dce83faa03caaeb37053c098db05258c97e93f,
        'ACTIVE', '2020-07-27 06:45:25', '2020-07-31 19:46:57', NULL, 'none-id'),
       (16, 'Sin registro', 8, '#e5bedd', NULL,
        '[[0.5087050120222935,-77.94235172641358],[0.5141121299966296,-77.89222660434326],[0.5026112704647144,-77.93488445651612]]',
        0x0000000001030000000100000004000000bf919d7d4f7c53c0024ebebb4f47e03f8e919d3d1a7953c066ff19489b73e03f99919d25d57b53c0efe6273b6415e03fbf919d7d4f7c53c0024ebebb4f47e03f,
        'ACTIVE', '2020-07-27 06:46:34', '2020-07-31 20:02:25', NULL, 'none-id'),
       (17, 'Sin registro', 7, '#e5bedd', NULL,
        '[[0.5048868951487201,-77.91947606202393],[0.5078050246003604,-77.87690404053956],[0.4932143643209043,-77.89492848511964]]',
        0x000000000103000000010000000400000045f61fb2d87a53c0acf7da8f0828e03f5ff61f321f7853c08ee5ac52f03fe03f5af61f82467953c0953e2bfbd290df3f45f61fb2d87a53c0acf7da8f0828e03f,
        'ACTIVE', '2020-07-27 06:46:58', '2020-07-31 19:57:51', NULL, 'none-id'),
       (18, 'Sin registro', 9, '#e5bedd', NULL,
        '[[0.5557989348868654,-78.0542882720581],[0.5591461732930796,-78.01446283260498],[0.5430107502734334,-78.02175844112548]]',
        0x0000000001030000000100000004000000e9428475798353c025b40fd91ac9e13ff24284f5ec8053c04446ff8386e4e13fce42847d648153c032a0b9145860e13fe9428475798353c025b40fd91ac9e13f,
        'ACTIVE', '2020-07-27 06:48:18', '2020-07-27 06:48:18', NULL, 'none-id'),
       (19, 'Sin registro', 10, '#e5bedd', NULL,
        '[[0.5724422490199026,-77.79592586260988],[0.5746737351073109,-77.75747371417238],[0.5551052893286973,-77.7585036824341]]',
        0x0000000001030000000100000004000000d67c0773f07253c0fd734c687251e23fb27c07737a7053c079fe442cba63e23fc67c07538b7053c0b91bf02a6cc3e13fd67c0773f07253c0fd734c687251e23f,
        'ACTIVE', '2020-07-27 06:48:40', '2020-07-27 06:48:40', NULL, 'none-id'),
       (20, 'Sin registro', 3, '#e5bedd', NULL,
        '[[0.33538922308889224,-78.2347798133667],[0.34251304557036877,-78.20533988721924],[0.32242900270425207,-78.1959843421753]]',
        0x0000000001030000000100000004000000060be9a1068f53c0953f265c0477d53fe00ae949248d53c0f0654bd6bbebd53fdc0ae9018b8c53c0b4627941ada2d43f060be9a1068f53c0953f265c0477d53f,
        'ACTIVE', '2020-07-27 06:49:26', '2020-07-27 06:49:26', NULL, 'none-id'),
       (21, 'Sin registro', 4, '#e5bedd', NULL,
        '[[0.3016286134508392,-78.2825102678589],[0.3193953049827574,-78.27504299796144],[0.3081516534151998,-78.23573254263917]]',
        0x0000000001030000000100000004000000454ff2a5149253c0aac99319e24dd33f1f4ff24d9a9153c0cf665901f970d43f324ff23d168f53c0641a68b6c1b8d33f454ff2a5149253c0aac99319e24dd33f,
        'ACTIVE', '2020-07-27 06:49:58', '2020-07-27 06:49:58', NULL, 'none-id'),
       (22, 'Sin registro', 2, '#e5bedd', NULL,
        '[[0.3499792603059938,-78.15326457264403],[0.35040840573245896,-78.09592967274169],[0.33049603763935254,-78.13043360950927]]',
        0x00000000010300000001000000040000000dc93516cf8953c04ab852690f66d63f25c935b6238653c09252b760176dd63ffcc83506598853c0089747dad826d53f0dc93516cf8953c04ab852690f66d63f,
        'ACTIVE', '2020-07-27 06:50:21', '2020-07-27 06:50:21', NULL, 'none-id'),
       (23, 'Sin registro', 106, '#e5bedd', NULL,
        '[[0.3970092922055667,-77.96046575093995],[0.3981250642942425,-77.90991147542725],[0.37426467510040734,-77.93557485128174]]',
        0x0000000001030000000100000004000000c94d5745787d53c036c98ea99968d93fb34d57fd3b7a53c06825b78ce17ad93fd74d5775e07b53c049ade6d2f3f3d73fc94d5745787d53c036c98ea99968d93f,
        'ACTIVE', '2020-07-27 06:50:55', '2020-07-27 06:50:55', NULL, 'none-id'),
       (24, 'Sin registro', 107, '#e5bedd', NULL,
        '[[0.42724758074649016,-78.21046294615479],[0.42922163144264264,-78.18402709410401],[0.41917971613256977,-78.18497123167725]]',
        0x00000000010300000001000000040000005bb09339788d53c0997ba63c0658db3f4bb09319c78b53c0b70a72015e78db3f3ab09391d68b53c0a2e6fb28d7d3da3f5bb09339788d53c0997ba63c0658db3f,
        'ACTIVE', '2020-07-27 06:51:21', '2020-07-27 06:51:21', NULL, 'none-id'),
       (25, 'Sin registro', 178, '#e5bedd', NULL,
        '[[-0.1773058194818411,-78.49062624779052],[-0.17043939602472563,-78.44487849083251],[-0.19155363991854032,-78.4537190517456]]',
        0x00000000010300000001000000040000009434a26b669f53c058510804f5b1c6bf9534a2e3789c53c09327f047f5d0c5bf8f34a2bb099d53c037a07065d484c8bf9434a26b669f53c058510804f5b1c6bf,
        'ACTIVE', '2020-07-27 06:52:12', '2020-07-27 06:52:12', NULL, 'none-id'),
       (26, 'Sin registro', 179, '#e5bedd', NULL,
        '[[0.04184845467835922,-78.17012756949462],[0.05111816597312691,-78.12575310355224],[0.030347144724432343,-78.12970131522216]]',
        0x000000000103000000010000000400000041c8be5ee38a53c016a07620296da53f16c8be560c8853c0be122c06292caa3f1bc8be064d8853c09e41796852139f3f41c8be5ee38a53c016a07620296da53f,
        'ACTIVE', '2020-07-27 06:52:34', '2020-07-27 06:52:34', NULL, 'none-id'),
       (27, 'Sin registro', 181, '#e5bedd', NULL,
        '[[0.08220280601059479,-79.073644822937],[0.09378993526952253,-79.02557963739012],[0.0690707221450119,-79.03244609246825]]',
        0x00000000010300000001000000040000002f82c698b6c453c0cd76743b3e0bb53f2682c618a3c153c0ec32ad009e02b83f1e82c69813c253c07253b96c9eaeb13f2f82c698b6c453c0cd76743b3e0bb53f,
        'ACTIVE', '2020-07-27 06:53:03', '2020-07-27 06:53:03', NULL, 'none-id'),
       (28, 'Sin registro', 182, '#e5bedd', NULL,
        '[[0.11580869488155088,-79.28464852923585],[0.13160150470171353,-79.24645387286378],[0.10619567582393855,-79.24430810565187]]',
        0x000000000103000000010000000400000014fb76ae37d253c0c1d31b7da3a5bd3f19fb76e6c5cf53c08e2c666f51d8c03f13fb76bea2cf53c0e3f3a3caa32fbb3f14fb76ae37d253c0c1d31b7da3a5bd3f,
        'ACTIVE', '2020-07-27 06:53:23', '2020-07-27 06:53:23', NULL, 'none-id'),
       (29, 'Sin registro', 183, '#e5bedd', NULL,
        '[[0.027748020379505172,-78.914918278479],[0.035129458472160056,-78.86676726224366],[0.015045079396745178,-78.8743203628296]]',
        0x00000000010300000001000000040000001e2565058eba53c0e91f3c20fa699c3f3625651d79b753c0633a87067dfca13f3b2565ddf4b753c02846cc5ff4cf8e3f1e2565058eba53c0e91f3c20fa699c3f,
        'ACTIVE', '2020-07-27 06:53:57', '2020-07-27 06:53:57', NULL, 'none-id'),
       (30, 'Julio Andrade', 6, '#e5bedd', NULL,
        '[[0.7685111958183863,-77.81431054565819],[0.795116231990742,-77.75937890503319],[0.7546078525605212,-77.77036523315819]]',
        0x0000000001030000000100000004000000e698faa91d7453c077cb94caa497e83fe698faa9997053c043689d989771e93fe698faa94d7153c0d0ab015ebf25e83fe698faa91d7453c077cb94caa497e83f,
        'ACTIVE', '2020-07-31 19:41:33', '2020-07-31 19:46:57', NULL, 'none-id'),
       (31, 'El Carmelo', 6, '#e5bedd', NULL,
        '[[0.7825907871309515,-77.81736632249496],[0.7743518015755979,-77.6930834855809],[0.6995136371567818,-77.74938841722152],[0.7839639498214088,-77.82354613206527],[0.8141734136839461,-77.78990050218246]]',
        0x0000000001030000000100000006000000f1fdd5ba4f7453c0431b9cd5fb0ae93ff5fdd57a5b6c53c051b5eb6d7dc7e83f0ffed5faf56f53c05e38566c6a62e63fdbfdd5fab47453c0e93ab7903b16e93fcdfdd5ba8d7253c0a4722167b50dea3ff1fdd5ba4f7453c0431b9cd5fb0ae93f,
        'ACTIVE', '2020-07-31 19:42:52', '2020-07-31 19:46:57', NULL, 'none-id'),
       (32, 'Maldonado', 6, '#e5bedd', NULL,
        '[[0.8264210430190453,-77.75603649999455],[0.8339733507241377,-77.71415112401799],[0.8017042999160229,-77.7368104257758],[0.830540485373964,-77.74985669042424]]',
        0x0000000001030000000100000005000000e583eae6627053c0e4c60f8b0a72ea3fc683eaa6b46d53c0221063e1e8afea3fd383eae6276f53c0d075a6c68fa7e93fb483eaa6fd6f53c08aecd5a3c993ea3fe583eae6627053c0e4c60f8b0a72ea3f,
        'ACTIVE', '2020-07-31 19:43:32', '2020-07-31 19:46:57', NULL, 'none-id'),
       (33, 'Pioter', 6, '#e5bedd', NULL,
        '[[0.8304957739278666,-77.6912247669671],[0.8170217485745882,-77.6816975605462],[0.8179657900482247,-77.69543047070245],[0.8310965255865157,-77.691568089721]]',
        0x0000000001030000000100000005000000be13ce063d6c53c0ae908fdf6b93ea3fb713ceeea06b53c085f447cb0a25ea3fa513ceee816c53c00220b097c62cea3fc513cea6426c53c09bd3a6bd5798ea3fbe13ce063d6c53c0ae908fdf6b93ea3f,
        'ACTIVE', '2020-07-31 19:44:11', '2020-07-31 19:46:57', NULL, 'none-id'),
       (34, 'Tobar Donoso', 6, '#e5bedd', NULL,
        '[[0.821017235860916,-77.7534520161126],[0.8318307776351835,-77.74186487316827],[0.8028229569129044,-77.75061960339288]]',
        0x0000000001030000000100000004000000e113ce8e387053c0f4322ff0c545ea3fb213ceb67a6f53c0a5fa37945b9eea3fce13ce260a7053c0d0670dc5b9b0e93fe113ce8e387053c0f4322ff0c545ea3f,
        'ACTIVE', '2020-07-31 19:44:48', '2020-07-31 19:46:57', NULL, 'none-id'),
       (35, 'Tufiño', 6, '#e5bedd', NULL,
        '[[0.8296375571142417,-77.76160593151788],[0.8238874996707007,-77.73199434399346],[0.8054357670465262,-77.75448198437432]]',
        0x0000000001030000000100000004000000ce13ce26be7053c008d9ea0f648cea3fa413cefed86e53c05c675551495dea3fae13ce6e497053c0eccacf3a21c6e93fce13ce26be7053c008d9ea0f648cea3f,
        'ACTIVE', '2020-07-31 19:45:23', '2020-07-31 19:46:57', NULL, 'none-id'),
       (36, 'Urbina', 6, '#e5bedd', NULL,
        '[[0.8315716915271679,-77.7913321258852],[0.8336314105574412,-77.7441252472231],[0.7963846609581579,-77.7609480621645]]',
        0x0000000001030000000100000004000000d13c802fa57253c0606f6c3c3c9cea3fd83c80bf9f6f53c0d766a8c71badea3f023d805fb37053c0383e3baffb7be93fd13c802fa57253c0606f6c3c3c9cea3f,
        'ACTIVE', '2020-07-31 19:46:18', '2020-07-31 19:46:57', NULL, 'none-id'),
       (37, 'Santa Marta de Cuba', 6, '#e5bedd', NULL,
        '[[0.81738828727564,-77.8087556010715],[0.802283595069792,-77.6769196635715],[0.7658947914361117,-77.69786235155978],[0.7923281991995731,-77.86609050097384]]',
        0x0000000001030000000100000005000000a243daa6c27353c0386f3f7b0b28ea3fa243daa6526b53c050255ea54eace93fd543dac6a96c53c079a22ccb3582e83fd043da066e7753c0df57e8aac05ae93fa243daa6c27353c0386f3f7b0b28ea3f,
        'ACTIVE', '2020-07-31 19:46:57', '2020-07-31 19:46:57', NULL, 'none-id'),
       (38, 'Los Andes', 7, '#e5bedd', NULL,
        '[[0.505419146267689,-77.94539216535577],[0.5132294303139098,-77.92436364667901],[0.48524968833363424,-77.91629556196222],[0.49305999633706504,-77.95191529767999]]',
        0x00000000010300000001000000050000005006244e817c53c036beffc5642ce03f3f0624c6287b53c0e25f5120606ce03f31062496a47a53c0666072b5540edf3f4106242eec7c53c03af3ce834b8edf3f5006244e817c53c036beffc5642ce03f,
        'ACTIVE', '2020-07-31 19:53:10', '2020-07-31 19:57:51', NULL, 'none-id'),
       (39, 'Garcia Moreno', 7, '#e5bedd', NULL,
        '[[0.511018515557544,-77.92083376257777],[0.4972003096062016,-77.87954920142055],[0.4824379706957606,-77.92203539221644]]',
        0x0000000001030000000100000004000000cfd4bbf0ee7a53c0120b7f80435ae03fdfd4bb884a7853c00676543f21d2df3fa0d4bba0027b53c04c299f8243e0de3fcfd4bbf0ee7a53c0120b7f80435ae03f,
        'ACTIVE', '2020-07-31 19:56:34', '2020-07-31 19:57:51', NULL, 'none-id'),
       (40, 'Monte Olivo', 7, '#e5bedd', NULL,
        '[[0.4878721982842548,-77.90359262006768],[0.5041794179193684,-77.87561181562432],[0.4902753700083286,-77.86943200605401]]',
        0x000000000103000000010000000400000056062476d47953c0f48a10504c39df3f290624060a7853c0d9f5e8df3c22e03f3f0624c6a47753c0bc150ef2ab60df3f56062476d47953c0f48a10504c39df3f,
        'ACTIVE', '2020-07-31 19:57:04', '2020-07-31 19:57:51', NULL, 'none-id'),
       (41, 'San Vicente de Pusir', 7, '#e5bedd', NULL,
        '[[0.49763567652737084,-77.94800523676622],[0.49471754254438155,-77.87195924677599],[0.48081347489604076,-77.91470292963731]]',
        0x00000000010300000001000000040000003016281eac7c53c04181004f43d9df3f4116282ece7753c015147fc473a9df3f2a16287e8a7a53c01ce589e1a5c5de3f3016281eac7c53c04181004f43d9df3f,
        'ACTIVE', '2020-07-31 19:57:51', '2020-07-31 19:57:51', NULL, 'none-id'),
       (42, '27 de septiembre', 8, '#e5bedd', NULL,
        '[[0.5059313233342333,-77.95679202727482],[0.49202727911922695,-77.90529361418888],[0.48018307041973923,-77.9586803024213]]',
        0x00000000010300000001000000040000000f8ea0143c7d53c0b8c2f7e29630e03f0b8ea054f07953c02da523fc5f7ddf3fed8da0045b7d53c0e7ebe2c551bbde3f0f8ea0143c7d53c0b8c2f7e29630e03f,
        'ACTIVE', '2020-07-31 20:00:39', '2020-07-31 20:02:25', NULL, 'none-id'),
       (43, 'El Goaltal', 8, '#e5bedd', NULL,
        '[[0.49106867390987624,-77.96324196988145],[0.4905537086739361,-77.92135659390489],[0.466865265656445,-77.92993966275255]]',
        0x000000000103000000010000000400000081b1a5c1a57d53c00d1da24dab6ddf3fa9b1a581f77a53c0cce8eb613b65df3fc1b1a521847b53c02b7fe8d91ee1dd3f81b1a5c1a57d53c00d1da24dab6ddf3f,
        'ACTIVE', '2020-07-31 20:01:17', '2020-07-31 20:02:25', NULL, 'none-id'),
       (44, 'La Libertad', 8, '#e5bedd', NULL,
        '[[0.5032838029756448,-77.94571137076949],[0.5217366626606419,-77.9313776457939],[0.497705021078201,-77.91815971976851]]',
        0x0000000001030000000100000004000000203afc88867c53c055614ca2e61ae03f493afcb09b7b53c0610de81511b2e03f643afc20c37a53c0ba7e252966dadf3f203afc88867c53c055614ca2e61ae03f,
        'ACTIVE', '2020-07-31 20:01:54', '2020-07-31 20:02:25', NULL, 'none-id'),
       (45, 'San Isidro', 8, '#e5bedd', NULL,
        '[[0.5082454804903404,-77.94681015762627],[0.5018084289241144,-77.91144791397393],[0.4914233057463509,-77.91788521560967],[0.5009501549016235,-77.95522156509698]]',
        0x00000000010300000001000000050000008ea1a189987c53c05477a1068c43e03fa6a1a129557a53c018c2e28cd00ee03fb8a1a1a1be7a53c0dd0eabbc7a73df3fa3a1a159227d53c0a050879ec807e03f8ea1a189987c53c05477a1068c43e03f,
        'ACTIVE', '2020-07-31 20:02:25', '2020-07-31 20:02:25', NULL, 'none-id');


/*  MANAGER BUSINESS PROCESS*/
INSERT INTO `human_resources_organizational_chart_area` (`id`, `parent_id`, `weight`, `icon`, `type`, `description`,
                                                         `type_item`, `status`, `name`, `business_id`)
VALUES (1, NULL, 1, 'fa fa-developer', 2, 'Asamblea de Socios', 1, 'ACTIVE', 'Asamblea de Socios', 1),
       (2, 1, 1, 'fa fa-developer', 0, 'GERENTE GENERAL', 1, 'ACTIVE', 'GERENTE GENERAL', 1),
       (3, 2, 1, 'fa fa-developer', 0, 'ADMINISTRATIVO', 1, 'ACTIVE', 'ADMINISTRATIVO', 1),
       (4, 2, 2, 'fa fa-developer', 0, 'COMERCIAL', 1, 'ACTIVE', 'COMERCIAL', 1),
       (5, 2, 3, 'fa fa-developer', 0, 'OPERACIONES', 1, 'ACTIVE', 'OPERACIONES', 1);
INSERT INTO `human_resources_schedule_type` (`id`, `name`, `code`, `description`, `created_at`, `updated_at`,
                                             `deleted_at`, `status`, `predetermined`, `rotary`, `business_id`)
VALUES (1, 'HORARIO OPERATIVO', '001', 'HORARIO OPERATIVO', '2023-06-14 00:05:17', NULL, NULL, 'ACTIVE', 0, 0, 1);


INSERT INTO `human_resources_department_by_organizational_chart_area` (`id`, `human_resources_department_id`,
                                                                       `human_resources_organizational_chart_area_id`)
VALUES (1, 5, 3),
       (2, 1, 3),
       (3, 4, 4),
       (4, 2, 4),
       (5, 6, 5);

SET
FOREIGN_KEY_CHECKS=1;
COMMIT;

/*!40101 SET CHARACTER_SET_CLIENT=@OLD_CHARACTER_SET_CLIENT */;
/*!40101 SET CHARACTER_SET_RESULTS=@OLD_CHARACTER_SET_RESULTS */;
/*!40101 SET COLLATION_CONNECTION=@OLD_COLLATION_CONNECTION */;
