-- phpMyAdmin SQL Dump
-- version 5.1.1
-- https://www.phpmyadmin.net/
--
-- Host: 127.0.0.1:3306
-- Generation Time: Mar 15, 2024 at 12:14 PM
-- Server version: 10.5.19-MariaDB-cll-lve
-- PHP Version: 7.2.34

SET FOREIGN_KEY_CHECKS=0;
SET SQL_MODE = "NO_AUTO_VALUE_ON_ZERO";
START TRANSACTION;
SET time_zone = "+00:00";


/*!40101 SET @OLD_CHARACTER_SET_CLIENT=@@CHARACTER_SET_CLIENT */;
/*!40101 SET @OLD_CHARACTER_SET_RESULTS=@@CHARACTER_SET_RESULTS */;
/*!40101 SET @OLD_COLLATION_CONNECTION=@@COLLATION_CONNECTION */;
/*!40101 SET NAMES utf8mb4 */;

--
-- Database: `u485345768_meetclic_manag`
--

--
-- Dumping data for table `accounting_account`
--

INSERT INTO `accounting_account` (`id`, `value`, `status`, `accounting_account_type_id`, `accounting_level_id`, `description`, `parent_key`, `has_parent`, `is_parent`, `movement`, `rfc`, `cost_center`, `base_amount`, `base_amount_percentage`, `base_amount_value`, `business_id`) VALUES
(1, '1', 'ACTIVE', 1, 1, 'ACTIVE', 0, 0, 1, 0, 0, 0, 0, NULL, NULL, 1),
(2, '1.1', 'ACTIVE', 1, 2, 'ACTIVE corriente', 1, 1, 1, 0, 0, 0, 0, NULL, NULL, 1),
(3, '1.1.01', 'ACTIVE', 1, 3, 'ACTIVEs disponibles', 2, 1, 1, 0, 0, 0, 0, NULL, NULL, 1),
(4, '1.1.01.01', 'ACTIVE', 1, 4, 'Caja', 3, 1, 1, 0, 0, 0, 0, NULL, NULL, 1),
(5, '1.1.01.01.001', 'ACTIVE', 1, 5, 'Caja General', 4, 1, 0, 0, 0, 0, 0, NULL, NULL, 1),
(6, '1.1.01.02', 'ACTIVE', 1, 4, 'Bancos', 3, 1, 1, 0, 0, 0, 0, NULL, NULL, 1),
(7, '1.1.01.02.001', 'ACTIVE', 1, 5, 'Banco Pichincha Luxury', 6, 1, 0, 0, 0, 0, 0, NULL, NULL, 1),
(8, '1.1.01.03', 'ACTIVE', 1, 4, 'Clientes', 3, 1, 1, 0, 0, 0, 0, NULL, NULL, 1),
(9, '1.1.01.03.001', 'ACTIVE', 1, 5, 'Clientes ', 8, 1, 0, 0, 0, 0, 0, NULL, NULL, 1),
(10, '1.1.01.03.002', 'ACTIVE', 1, 5, 'Cuentas por Cobrar', 8, 1, 0, 0, 0, 0, 0, NULL, NULL, 1),
(11, '1.1.01.04', 'ACTIVE', 1, 4, 'Provisiones incobrables', 3, 1, 1, 0, 0, 0, 0, NULL, NULL, 1),
(12, '1.1.01.04.001', 'ACTIVE', 1, 5, 'Provisiones incobrables', 11, 1, 0, 0, 0, 0, 0, NULL, NULL, 1),
(13, '1.1.01.05', 'ACTIVE', 1, 4, 'Documentos por cobrar', 3, 1, 1, 0, 0, 0, 0, NULL, NULL, 1),
(14, '1.1.01.05.001', 'ACTIVE', 1, 5, 'Documentos por cobrar', 13, 1, 0, 0, 0, 0, 0, NULL, NULL, 1),
(15, '1.1.01.05.002', 'ACTIVE', 1, 5, 'Cheques devueltos o protestados', 13, 1, 0, 0, 0, 0, 0, NULL, NULL, 1),
(16, '1.1.01.06', 'ACTIVE', 1, 4, 'Otras cuentas por cobrar', 3, 1, 1, 0, 0, 0, 0, NULL, NULL, 1),
(17, '1.1.01.06.001', 'ACTIVE', 1, 5, 'Anticipo proveedores', 16, 1, 0, 0, 0, 0, 0, NULL, NULL, 1),
(18, '1.1.01.06.002', 'ACTIVE', 1, 5, 'Anticipo empleados', 16, 1, 0, 0, 0, 0, 0, NULL, NULL, 1),
(19, '1.1.01.07', 'ACTIVE', 1, 4, 'Cuentas por cobrar terceros', 3, 1, 1, 0, 0, 0, 0, NULL, NULL, 1),
(20, '1.1.01.07.001', 'ACTIVE', 1, 5, 'Préstamos terceros', 19, 1, 0, 0, 0, 0, 0, NULL, NULL, 1),
(21, '1.1.01.08', 'ACTIVE', 1, 4, 'Impuestos', 3, 1, 1, 0, 0, 0, 0, NULL, NULL, 1),
(22, '1.1.01.08.001', 'ACTIVE', 1, 5, 'Iva pagado', 21, 1, 0, 0, 0, 0, 0, NULL, NULL, 1),
(23, '1.1.01.09', 'ACTIVE', 1, 4, 'Impuesto a la renta', 3, 1, 1, 0, 0, 0, 0, NULL, NULL, 1),
(24, '1.1.01.09.001', 'ACTIVE', 1, 5, 'retención en la fuente 1%', 23, 1, 0, 0, 0, 0, 0, NULL, NULL, 1),
(25, '1.1.01.09.002', 'ACTIVE', 1, 5, 'retención en la fuente 2%', 23, 1, 0, 0, 0, 0, 0, NULL, NULL, 1),
(26, '1.1.01.09.003', 'ACTIVE', 1, 5, 'retención en la fuente 8%', 23, 1, 0, 0, 0, 0, 0, NULL, NULL, 1),
(27, '1.1.01.09.004', 'ACTIVE', 1, 5, 'retención en la fuente 10%', 23, 1, 0, 0, 0, 0, 0, NULL, NULL, 1),
(28, '1.1.01.09.005', 'ACTIVE', 1, 5, 'retención en la fuente 25%', 23, 1, 0, 0, 0, 0, 0, NULL, NULL, 1),
(29, '1.1.01.09.006', 'ACTIVE', 1, 5, 'Anticipo impuesto a la renta', 23, 1, 0, 0, 0, 0, 0, NULL, NULL, 1),
(30, '1.1.01.09.007', 'ACTIVE', 1, 5, 'Retencion IVA 10%', 23, 1, 0, 0, 0, 0, 0, NULL, NULL, 1),
(31, '1.1.01.09.008', 'ACTIVE', 1, 5, 'Retencion IVA 20%', 23, 1, 0, 0, 0, 0, 0, NULL, NULL, 1),
(32, '1.1.01.09.009', 'ACTIVE', 1, 5, 'Retencion IVA 30%', 23, 1, 0, 0, 0, 0, 0, NULL, NULL, 1),
(33, '1.1.01.09.010', 'ACTIVE', 1, 5, 'Retencion IVA 50%', 23, 1, 0, 0, 0, 0, 0, NULL, NULL, 1),
(34, '1.1.01.09.011', 'ACTIVE', 1, 5, 'Retencion IVA 70%', 23, 1, 0, 0, 0, 0, 0, NULL, NULL, 1),
(35, '1.1.01.09.012', 'ACTIVE', 1, 5, 'Retencion IVA 100%', 23, 1, 0, 0, 0, 0, 0, NULL, NULL, 1),
(36, '1.1.01.10', 'ACTIVE', 1, 4, 'Gastos anticipados', 3, 1, 1, 0, 0, 0, 0, NULL, NULL, 1),
(37, '1.1.01.10.001', 'ACTIVE', 1, 5, 'Seguros prepagados', 36, 1, 0, 0, 0, 0, 0, NULL, NULL, 1),
(38, '1.1.01.10.002', 'ACTIVE', 1, 5, 'intereses prepagados', 36, 1, 0, 0, 0, 0, 0, NULL, NULL, 1),
(39, '1.1.01.10.003', 'ACTIVE', 1, 5, 'Arriendos prepagados', 36, 1, 0, 0, 0, 0, 0, NULL, NULL, 1),
(40, '1.1.02', 'ACTIVE', 1, 3, 'ACTIVEs realizables', 2, 1, 1, 0, 0, 0, 0, NULL, NULL, 1),
(41, '1.1.02.01', 'ACTIVE', 1, 4, 'Inventario materia prima', 40, 1, 1, 0, 0, 0, 0, NULL, NULL, 1),
(42, '1.1.02.01.001', 'ACTIVE', 1, 5, 'Tela ', 41, 1, 0, 0, 0, 0, 0, NULL, NULL, 1),
(43, '1.1.02.01.002', 'ACTIVE', 1, 5, 'Plumón', 41, 1, 0, 0, 0, 0, 0, NULL, NULL, 1),
(44, '1.1.02.02', 'ACTIVE', 1, 4, 'Materia prima indirecta confección', 40, 1, 1, 0, 0, 0, 0, NULL, NULL, 1),
(45, '1.1.02.02.001', 'ACTIVE', 1, 5, 'materiales confección', 44, 1, 0, 0, 0, 0, 0, NULL, NULL, 1),
(46, '1.1.02.03', 'ACTIVE', 1, 4, 'Inventario de productos en proceso', 40, 1, 1, 0, 0, 0, 0, NULL, NULL, 1),
(47, '1.1.02.03.001', 'ACTIVE', 1, 5, 'P.p. materia prima confección', 46, 1, 0, 0, 0, 0, 0, NULL, NULL, 1),
(48, '1.1.02.03.002', 'ACTIVE', 1, 5, 'P.p. mano de obra confección', 46, 1, 0, 0, 0, 0, 0, NULL, NULL, 1),
(49, '1.1.02.03.003', 'ACTIVE', 1, 5, 'P.p. cif confección', 46, 1, 0, 0, 0, 0, 0, NULL, NULL, 1),
(50, '1.1.02.04', 'ACTIVE', 1, 4, 'Inventario de productos terminados', 40, 1, 1, 0, 0, 0, 0, NULL, NULL, 1),
(51, '1.1.02.04.001', 'ACTIVE', 1, 5, 'Inventario', 50, 1, 0, 0, 0, 0, 0, NULL, NULL, 1),
(52, '1.2', 'ACTIVE', 1, 2, 'ACTIVE no corriente', 1, 1, 1, 0, 0, 0, 0, NULL, NULL, 1),
(53, '1.2.01', 'ACTIVE', 1, 3, 'Propiedad planta y equipo', 52, 1, 1, 0, 0, 0, 0, NULL, NULL, 1),
(54, '1.2.01.01', 'ACTIVE', 1, 4, 'Depreciables', 53, 1, 1, 0, 0, 0, 0, NULL, NULL, 1),
(55, '1.2.01.01.001', 'ACTIVE', 1, 5, 'Equipo de oficina', 54, 1, 0, 0, 0, 0, 0, NULL, NULL, 1),
(56, '1.2.01.01.002', 'ACTIVE', 1, 5, 'Equipos de computación', 54, 1, 0, 0, 0, 0, 0, NULL, NULL, 1),
(57, '1.2.01.01.003', 'ACTIVE', 1, 5, 'Maquinaria y equipo', 54, 1, 0, 0, 0, 0, 0, NULL, NULL, 1),
(58, '1.2.01.01.004', 'ACTIVE', 1, 5, 'Muebles y enseres', 54, 1, 0, 0, 0, 0, 0, NULL, NULL, 1),
(59, '1.2.01.01.005', 'ACTIVE', 1, 5, 'Vehículos', 54, 1, 0, 0, 0, 0, 0, NULL, NULL, 1),
(60, '1.2.01.02', 'ACTIVE', 1, 4, 'Depreciación acumulada', 53, 1, 1, 0, 0, 0, 0, NULL, NULL, 1),
(61, '1.2.01.02.001', 'ACTIVE', 1, 5, 'Dep. Acum. Equipo de oficina', 60, 1, 0, 0, 0, 0, 0, NULL, NULL, 1),
(62, '1.2.01.02.002', 'ACTIVE', 1, 5, 'Dep. Acum. Equipos de computación', 60, 1, 0, 0, 0, 0, 0, NULL, NULL, 1),
(63, '1.2.01.02.003', 'ACTIVE', 1, 5, 'Dep. Acum. Maquinaria y equipo', 60, 1, 0, 0, 0, 0, 0, NULL, NULL, 1),
(64, '1.2.01.02.004', 'ACTIVE', 1, 5, 'Dep. Acum. Muebles y enseres', 60, 1, 0, 0, 0, 0, 0, NULL, NULL, 1),
(65, '1.2.01.02.005', 'ACTIVE', 1, 5, 'Dep. Acum. Vehículos', 60, 1, 0, 0, 0, 0, 0, NULL, NULL, 1),
(66, '1.2.01.03', 'ACTIVE', 1, 4, 'No depreciables', 53, 1, 1, 0, 0, 0, 0, NULL, NULL, 1),
(67, '1.2.01.03.001', 'ACTIVE', 1, 5, 'Terrenos', 66, 1, 0, 0, 0, 0, 0, NULL, NULL, 1),
(68, '2', 'ACTIVE', 2, 1, 'Pasivo', 0, 0, 1, 0, 0, 0, 0, NULL, NULL, 1),
(69, '2.1', 'ACTIVE', 2, 2, 'Pasivo corriente', 68, 1, 1, 0, 0, 0, 0, NULL, NULL, 1),
(70, '2.1.01', 'ACTIVE', 2, 3, 'Pasivo corriente', 69, 1, 1, 0, 0, 0, 0, NULL, NULL, 1),
(71, '2.1.01.01', 'ACTIVE', 2, 4, 'Proveedores', 70, 1, 1, 0, 0, 0, 0, NULL, NULL, 1),
(72, '2.1.01.01.001', 'ACTIVE', 2, 5, 'Proveedores', 71, 1, 0, 0, 0, 0, 0, NULL, NULL, 1),
(73, '2.1.01.01.002', 'ACTIVE', 2, 5, 'Cuentas por Pagar', 71, 1, 0, 0, 0, 0, 0, NULL, NULL, 1),
(74, '2.1.01.02', 'ACTIVE', 2, 4, 'Obligaciones con el personal ', 70, 1, 1, 0, 0, 0, 0, NULL, NULL, 1),
(75, '2.1.01.02.001', 'ACTIVE', 2, 5, 'Remuneraciones', 74, 1, 0, 0, 0, 0, 0, NULL, NULL, 1),
(76, '2.1.01.02.002', 'ACTIVE', 2, 5, 'Décimo tercer sueldo ', 74, 1, 0, 0, 0, 0, 0, NULL, NULL, 1),
(77, '2.1.01.02.003', 'ACTIVE', 2, 5, 'Décimo cuarto sueldo ', 74, 1, 0, 0, 0, 0, 0, NULL, NULL, 1),
(78, '2.1.01.02.004', 'ACTIVE', 2, 5, 'Aporte patronal IESS', 74, 1, 0, 0, 0, 0, 0, NULL, NULL, 1),
(79, '2.1.01.02.005', 'ACTIVE', 2, 5, 'Fondos de reserva IESS', 74, 1, 0, 0, 0, 0, 0, NULL, NULL, 1),
(80, '2.1.01.02.006', 'ACTIVE', 2, 5, 'Vacaciones', 74, 1, 0, 0, 0, 0, 0, NULL, NULL, 1),
(81, '2.1.01.02.007', 'ACTIVE', 2, 5, 'Participación empleados ', 74, 1, 0, 0, 0, 0, 0, NULL, NULL, 1),
(82, '2.1.01.02.008', 'ACTIVE', 2, 5, 'Liquidaciones e indemnizaciones', 74, 1, 0, 0, 0, 0, 0, NULL, NULL, 1),
(83, '2.1.01.02.009', 'ACTIVE', 2, 5, 'Desahucio', 74, 1, 0, 0, 0, 0, 0, NULL, NULL, 1),
(84, '2.1.01.03', 'ACTIVE', 2, 4, 'Deducciones patronales', 70, 1, 1, 0, 0, 0, 0, NULL, NULL, 1),
(85, '2.1.01.03.001', 'ACTIVE', 2, 5, 'Aporte personal IESS', 84, 1, 0, 0, 0, 0, 0, NULL, NULL, 1),
(86, '2.1.01.03.002', 'ACTIVE', 2, 5, 'Préstamos IESS', 84, 1, 0, 0, 0, 0, 0, NULL, NULL, 1),
(87, '2.1.01.03.003', 'ACTIVE', 2, 5, 'Descuentos varios', 84, 1, 0, 0, 0, 0, 0, NULL, NULL, 1),
(88, '2.1.01.04', 'ACTIVE', 2, 4, 'Obligaciones financieras', 70, 1, 1, 0, 0, 0, 0, NULL, NULL, 1),
(89, '2.1.01.04.001', 'ACTIVE', 2, 5, 'Préstamos bancarios', 88, 1, 0, 0, 0, 0, 0, NULL, NULL, 1),
(90, '2.1.01.04.002', 'ACTIVE', 2, 5, 'Sobregiros bancarios', 88, 1, 0, 0, 0, 0, 0, NULL, NULL, 1),
(91, '2.1.01.04.003', 'ACTIVE', 2, 5, 'Sociedades financieras', 88, 1, 0, 0, 0, 0, 0, NULL, NULL, 1),
(92, '2.1.01.05', 'ACTIVE', 2, 4, 'Impuestos por pagar ', 70, 1, 1, 0, 0, 0, 0, NULL, NULL, 1),
(93, '2.1.01.05.001', 'ACTIVE', 2, 5, 'Iva por pagar', 92, 1, 0, 0, 0, 0, 0, NULL, NULL, 1),
(94, '2.1.01.06', 'ACTIVE', 2, 4, 'Impuesto a la renta', 70, 1, 1, 0, 0, 0, 0, NULL, NULL, 1),
(95, '2.1.01.06.001', 'ACTIVE', 2, 5, 'Impuesto a la renta por pagar 1%', 94, 1, 0, 0, 0, 0, 0, NULL, NULL, 1),
(96, '2.1.01.06.002', 'ACTIVE', 2, 5, 'Impuesto a la renta por pagar 2%', 94, 1, 0, 0, 0, 0, 0, NULL, NULL, 1),
(97, '2.1.01.06.003', 'ACTIVE', 2, 5, 'Impuesto a la renta por pagar 8%', 94, 1, 0, 0, 0, 0, 0, NULL, NULL, 1),
(98, '2.1.01.06.004', 'ACTIVE', 2, 5, 'Impuesto a la renta por pagar 10%', 94, 1, 0, 0, 0, 0, 0, NULL, NULL, 1),
(99, '2.1.01.07', 'ACTIVE', 2, 4, 'Retencion IVA ', 70, 1, 1, 0, 0, 0, 0, NULL, NULL, 1),
(100, '2.1.01.07.001', 'ACTIVE', 2, 5, 'Retencion IVA por pagar 10%', 99, 1, 0, 0, 0, 0, 0, NULL, NULL, 1),
(101, '2.1.01.07.002', 'ACTIVE', 2, 5, 'Retencion IVA por pagar 20%', 99, 1, 0, 0, 0, 0, 0, NULL, NULL, 1),
(102, '2.1.01.07.003', 'ACTIVE', 2, 5, 'Retencion IVA por pagar 30%', 99, 1, 0, 0, 0, 0, 0, NULL, NULL, 1),
(103, '2.1.01.07.004', 'ACTIVE', 2, 5, 'Retencion IVA por pagar 50%', 99, 1, 0, 0, 0, 0, 0, NULL, NULL, 1),
(104, '2.1.01.07.005', 'ACTIVE', 2, 5, 'Retencion IVA por pagar 70%', 99, 1, 0, 0, 0, 0, 0, NULL, NULL, 1),
(105, '2.1.01.07.006', 'ACTIVE', 2, 5, 'Retencion IVA por pagar 100%', 99, 1, 0, 0, 0, 0, 0, NULL, NULL, 1),
(106, '2.1.01.08', 'ACTIVE', 2, 4, 'Otras cuentas por pagar', 70, 1, 1, 0, 0, 0, 0, NULL, NULL, 1),
(107, '2.1.01.08.001', 'ACTIVE', 2, 5, 'Préstamos terceros', 106, 1, 0, 0, 0, 0, 0, NULL, NULL, 1),
(108, '2.1.01.08.002', 'ACTIVE', 2, 5, 'Anticipo a clientes', 106, 1, 0, 0, 0, 0, 0, NULL, NULL, 1),
(109, '2.1.01.08.003', 'ACTIVE', 2, 5, 'Documentos por pagar', 106, 1, 0, 0, 0, 0, 0, NULL, NULL, 1),
(110, '2.1.01.08.004', 'ACTIVE', 2, 5, 'Comisiones por pagar', 106, 1, 0, 0, 0, 0, 0, NULL, NULL, 1),
(111, '2.1.01.08.005', 'ACTIVE', 2, 5, 'Honorarios por pagar', 106, 1, 0, 0, 0, 0, 0, NULL, NULL, 1),
(112, '2.1.01.08.006', 'ACTIVE', 2, 5, 'Otras cuentas por pagar', 106, 1, 0, 0, 0, 0, 0, NULL, NULL, 1),
(113, '2.1.01.09', 'ACTIVE', 2, 4, 'Gastos por pagar', 70, 1, 1, 0, 0, 0, 0, NULL, NULL, 1),
(114, '2.1.01.09.001', 'ACTIVE', 2, 5, 'Servicios básicos por pagar', 113, 1, 0, 0, 0, 0, 0, NULL, NULL, 1),
(115, '2.1.01.09.002', 'ACTIVE', 2, 5, 'intereses por pagar', 113, 1, 0, 0, 0, 0, 0, NULL, NULL, 1),
(116, '2.1.01.09.003', 'ACTIVE', 2, 5, 'Seguros por pagar', 113, 1, 0, 0, 0, 0, 0, NULL, NULL, 1),
(117, '2.1.01.09.004', 'ACTIVE', 2, 5, 'Servicios bancarios por pagar', 113, 1, 0, 0, 0, 0, 0, NULL, NULL, 1),
(118, '2.2', 'ACTIVE', 2, 2, 'Pasivo no corriente', 68, 1, 1, 0, 0, 0, 0, NULL, NULL, 1),
(119, '2.2.01', 'ACTIVE', 2, 3, 'Pasivo no corriente', 118, 1, 1, 0, 0, 0, 0, NULL, NULL, 1),
(120, '2.2.01.01', 'ACTIVE', 2, 4, 'Instituciones financieras', 119, 1, 1, 0, 0, 0, 0, NULL, NULL, 1),
(121, '2.2.01.01.001', 'ACTIVE', 2, 5, 'Instituciones financieras', 120, 1, 0, 0, 0, 0, 0, NULL, NULL, 1),
(122, '2.2.01.01.002', 'ACTIVE', 2, 5, 'Sociedades financieras Media', 120, 1, 0, 0, 0, 0, 0, NULL, NULL, 1),
(123, '2.2.01.02', 'ACTIVE', 2, 4, 'Obligaciones con el personal', 119, 1, 1, 0, 0, 0, 0, NULL, NULL, 1),
(124, '2.2.01.02.001', 'ACTIVE', 2, 5, 'desahucio', 123, 1, 0, 0, 0, 0, 0, NULL, NULL, 1),
(125, '2.2.01.02.002', 'ACTIVE', 2, 5, 'Jubilación patronal', 123, 1, 0, 0, 0, 0, 0, NULL, NULL, 1),
(126, '2.2.01.03', 'ACTIVE', 2, 4, 'Préstamos terceros', 119, 1, 1, 0, 0, 0, 0, NULL, NULL, 1),
(127, '2.2.01.03.001', 'ACTIVE', 2, 5, 'Préstamos terceros', 126, 1, 0, 0, 0, 0, 0, NULL, NULL, 1),
(128, '3', 'ACTIVE', 3, 1, 'Patrimonio', 0, 0, 1, 0, 0, 0, 0, NULL, NULL, 1),
(129, '3.1', 'ACTIVE', 3, 2, 'Patrimonio neto', 128, 1, 1, 0, 0, 0, 0, NULL, NULL, 1),
(130, '3.1.01', 'ACTIVE', 3, 3, 'Patrimonio neto', 129, 1, 1, 0, 0, 0, 0, NULL, NULL, 1),
(131, '3.1.01.01', 'ACTIVE', 3, 4, 'Capital', 130, 1, 1, 0, 0, 0, 0, NULL, NULL, 1),
(132, '3.1.01.01.001', 'ACTIVE', 3, 5, 'Capital', 131, 1, 0, 0, 0, 0, 0, NULL, NULL, 1),
(133, '3.1.01.01.002', 'ACTIVE', 3, 5, 'Resultado del ejercicio', 131, 1, 0, 0, 0, 0, 0, NULL, NULL, 1),
(134, '3.1.01.01.003', 'ACTIVE', 3, 5, 'Resultado de ejercicios anteriores', 131, 1, 0, 0, 0, 0, 0, NULL, NULL, 1),
(135, '3.1.01.01.004', 'ACTIVE', 3, 5, 'Utilidades retenidas', 131, 1, 0, 0, 0, 0, 0, NULL, NULL, 1),
(136, '3.1.01.01.005', 'ACTIVE', 3, 5, 'Pérdidas acumuladas', 131, 1, 0, 0, 0, 0, 0, NULL, NULL, 1),
(137, '4', 'ACTIVE', 4, 1, 'Ingresos', 0, 0, 1, 0, 0, 0, 0, NULL, NULL, 1),
(138, '4.1', 'ACTIVE', 4, 2, 'Ingresos operacionales', 137, 1, 1, 0, 0, 0, 0, NULL, NULL, 1),
(139, '4.1.01', 'ACTIVE', 4, 3, 'Venta netas', 138, 1, 1, 0, 0, 0, 0, NULL, NULL, 1),
(140, '4.1.01.01', 'ACTIVE', 4, 4, 'Ventas', 139, 1, 1, 0, 0, 0, 0, NULL, NULL, 1),
(141, '4.1.01.01.001', 'ACTIVE', 4, 5, 'Ventas', 140, 1, 0, 0, 0, 0, 0, NULL, NULL, 1),
(142, '4.1.01.01.002', 'ACTIVE', 4, 5, 'Descuento en Ventas', 140, 1, 0, 0, 0, 0, 0, NULL, NULL, 1),
(143, '4.1.01.01.003', 'ACTIVE', 4, 5, 'Devolución en Ventas', 140, 1, 0, 0, 0, 0, 0, NULL, NULL, 1),
(144, '4.1.01.02', 'ACTIVE', 4, 4, 'Servicios Prestados', 139, 1, 1, 0, 0, 0, 0, NULL, NULL, 1),
(145, '4.1.01.02.001', 'ACTIVE', 4, 5, 'Servicios Prestados', 144, 1, 0, 0, 0, 0, 0, NULL, NULL, 1),
(146, '4.1.01.02.002', 'ACTIVE', 4, 5, 'Descuento en Servicios Prestados', 144, 1, 0, 0, 0, 0, 0, NULL, NULL, 1),
(147, '4.1.01.02.003', 'ACTIVE', 4, 5, 'Devolución en Servicios Prestados', 144, 1, 0, 0, 0, 0, 0, NULL, NULL, 1),
(148, '4.2', 'ACTIVE', 4, 2, 'Otros ingresos operacionales', 137, 1, 1, 0, 0, 0, 0, NULL, NULL, 1),
(149, '4.2.01', 'ACTIVE', 4, 3, 'Otros ingresos', 148, 1, 1, 0, 0, 0, 0, NULL, NULL, 1),
(150, '4.2.01.01', 'ACTIVE', 4, 4, 'Otros ingresos', 149, 1, 1, 0, 0, 0, 0, NULL, NULL, 1),
(151, '4.2.01.01.001', 'ACTIVE', 4, 5, 'intereses ganados', 150, 1, 0, 0, 0, 0, 0, NULL, NULL, 1),
(152, '4.2.01.01.002', 'ACTIVE', 4, 5, 'Descuento en compras', 150, 1, 0, 0, 0, 0, 0, NULL, NULL, 1),
(153, '4.2.01.01.003', 'ACTIVE', 4, 5, 'Fletes cobrados a clientes', 150, 1, 0, 0, 0, 0, 0, NULL, NULL, 1),
(154, '4.2.01.01.004', 'ACTIVE', 4, 5, 'Sobrantes de caja', 150, 1, 0, 0, 0, 0, 0, NULL, NULL, 1),
(155, '5', 'ACTIVE', 5, 1, 'Costos y gastos', 0, 0, 1, 0, 0, 0, 0, NULL, NULL, 1),
(156, '5.1', 'ACTIVE', 5, 2, 'Costos', 155, 1, 1, 0, 0, 0, 0, NULL, NULL, 1),
(157, '5.1.01', 'ACTIVE', 5, 3, 'Costos de venta', 156, 1, 1, 0, 0, 0, 0, NULL, NULL, 1),
(158, '5.1.01.01', 'ACTIVE', 5, 4, 'Costos de venta', 157, 1, 1, 0, 0, 0, 0, NULL, NULL, 1),
(159, '5.1.01.01.001', 'ACTIVE', 5, 5, 'Costo de venta inventario', 158, 1, 0, 0, 0, 0, 0, NULL, NULL, 1),
(160, '5.1.01.01.002', 'ACTIVE', 5, 5, 'Pérdida de inventarios', 158, 1, 0, 0, 0, 0, 0, NULL, NULL, 1),
(161, '5.1.02', 'ACTIVE', 5, 3, 'Costos indirectos de Fabricación', 156, 1, 1, 0, 0, 0, 0, NULL, NULL, 1),
(162, '5.1.02.01', 'ACTIVE', 5, 4, 'Consumo materiales indirectos', 161, 1, 1, 0, 0, 0, 0, NULL, NULL, 1),
(163, '5.1.02.01.001', 'ACTIVE', 5, 5, 'Consumo materiales de confección', 162, 1, 0, 0, 0, 0, 0, NULL, NULL, 1),
(164, '5.1.02.02', 'ACTIVE', 5, 4, 'Mano de obra', 161, 1, 1, 0, 0, 0, 0, NULL, NULL, 1),
(165, '5.1.02.02.001', 'ACTIVE', 5, 5, 'Sueldos', 164, 1, 0, 0, 0, 0, 0, NULL, NULL, 1),
(166, '5.1.02.02.002', 'ACTIVE', 5, 5, 'Horas extras', 164, 1, 0, 0, 0, 0, 0, NULL, NULL, 1),
(167, '5.1.02.02.003', 'ACTIVE', 5, 5, 'Aporte patronal IESS', 164, 1, 0, 0, 0, 0, 0, NULL, NULL, 1),
(168, '5.1.02.02.004', 'ACTIVE', 5, 5, 'Décimo tercer sueldo ', 164, 1, 0, 0, 0, 0, 0, NULL, NULL, 1),
(169, '5.1.02.02.005', 'ACTIVE', 5, 5, 'Décimo cuarto sueldo ', 164, 1, 0, 0, 0, 0, 0, NULL, NULL, 1),
(170, '5.1.02.02.006', 'ACTIVE', 5, 5, 'Vacaciones', 164, 1, 0, 0, 0, 0, 0, NULL, NULL, 1),
(171, '5.1.02.02.007', 'ACTIVE', 5, 5, 'Fondos de reserva IESS', 164, 1, 0, 0, 0, 0, 0, NULL, NULL, 1),
(172, '5.1.02.02.008', 'ACTIVE', 5, 5, 'Desahucio', 164, 1, 0, 0, 0, 0, 0, NULL, NULL, 1),
(173, '5.1.02.02.009', 'ACTIVE', 5, 5, 'Uniformes', 164, 1, 0, 0, 0, 0, 0, NULL, NULL, 1),
(174, '5.1.02.02.010', 'ACTIVE', 5, 5, 'Capacitación', 164, 1, 0, 0, 0, 0, 0, NULL, NULL, 1),
(175, '5.1.02.02.011', 'ACTIVE', 5, 5, 'Agasajos ', 164, 1, 0, 0, 0, 0, 0, NULL, NULL, 1),
(176, '5.1.02.02.012', 'ACTIVE', 5, 5, 'atención al personal', 164, 1, 0, 0, 0, 0, 0, NULL, NULL, 1),
(177, '5.1.02.03', 'ACTIVE', 5, 4, 'Costos indirectos de Fabricación', 161, 1, 1, 0, 0, 0, 0, NULL, NULL, 1),
(178, '5.1.02.03.001', 'ACTIVE', 5, 5, 'Suministros', 177, 1, 0, 0, 0, 0, 0, NULL, NULL, 1),
(179, '5.1.02.03.002', 'ACTIVE', 5, 5, 'Repuestos y herramientas', 177, 1, 0, 0, 0, 0, 0, NULL, NULL, 1),
(180, '5.1.02.03.003', 'ACTIVE', 5, 5, 'Complementos', 177, 1, 0, 0, 0, 0, 0, NULL, NULL, 1),
(181, '5.1.02.04', 'ACTIVE', 5, 4, 'Servicios básicos', 161, 1, 1, 0, 0, 0, 0, NULL, NULL, 1),
(182, '5.1.02.04.001', 'ACTIVE', 5, 5, 'Agua potable', 181, 1, 0, 0, 0, 0, 0, NULL, NULL, 1),
(183, '5.1.02.04.002', 'ACTIVE', 5, 5, 'Energía eléctrica', 181, 1, 0, 0, 0, 0, 0, NULL, NULL, 1),
(184, '5.1.02.04.003', 'ACTIVE', 5, 5, 'Telefonía fija', 181, 1, 0, 0, 0, 0, 0, NULL, NULL, 1),
(185, '5.1.02.04.004', 'ACTIVE', 5, 5, 'Telefonía celular', 181, 1, 0, 0, 0, 0, 0, NULL, NULL, 1),
(186, '5.1.02.04.005', 'ACTIVE', 5, 5, 'Transportes y fletes', 181, 1, 0, 0, 0, 0, 0, NULL, NULL, 1),
(187, '5.1.02.04.006', 'ACTIVE', 5, 5, 'Publicidad y propaganda', 181, 1, 0, 0, 0, 0, 0, NULL, NULL, 1),
(188, '5.1.02.04.007', 'ACTIVE', 5, 5, 'Seguros', 181, 1, 0, 0, 0, 0, 0, NULL, NULL, 1),
(189, '5.1.02.04.008', 'ACTIVE', 5, 5, 'Peajes y garajes', 181, 1, 0, 0, 0, 0, 0, NULL, NULL, 1),
(190, '5.1.02.04.009', 'ACTIVE', 5, 5, 'Honorarios profesionales', 181, 1, 0, 0, 0, 0, 0, NULL, NULL, 1),
(191, '5.1.02.04.010', 'ACTIVE', 5, 5, 'Servicios técnicos', 181, 1, 0, 0, 0, 0, 0, NULL, NULL, 1),
(192, '5.1.02.04.011', 'ACTIVE', 5, 5, 'Capacitación ', 181, 1, 0, 0, 0, 0, 0, NULL, NULL, 1),
(193, '5.1.02.05', 'ACTIVE', 5, 4, 'Depreciaciones', 161, 1, 1, 0, 0, 0, 0, NULL, NULL, 1),
(194, '5.1.02.05.001', 'ACTIVE', 5, 5, 'Depreciación equipo de oficina', 193, 1, 0, 0, 0, 0, 0, NULL, NULL, 1),
(195, '5.1.02.05.002', 'ACTIVE', 5, 5, 'Depreciación equipo de computación', 193, 1, 0, 0, 0, 0, 0, NULL, NULL, 1),
(196, '5.1.02.05.003', 'ACTIVE', 5, 5, 'Depreciación muebles y enseres', 193, 1, 0, 0, 0, 0, 0, NULL, NULL, 1),
(197, '5.1.02.05.004', 'ACTIVE', 5, 5, 'Depreciación maquinaria y equipo', 193, 1, 0, 0, 0, 0, 0, NULL, NULL, 1),
(198, '5.1.02.06', 'ACTIVE', 5, 4, 'Arriendo', 161, 1, 1, 0, 0, 0, 0, NULL, NULL, 1),
(199, '5.1.02.06.001', 'ACTIVE', 5, 5, 'Arriendo empresa', 198, 1, 0, 0, 0, 0, 0, NULL, NULL, 1),
(200, '5.1.02.07', 'ACTIVE', 5, 4, 'Mantenimiento', 161, 1, 1, 0, 0, 0, 0, NULL, NULL, 1),
(201, '5.1.02.07.001', 'ACTIVE', 5, 5, 'Mantenimiento equipo computo y hardware', 200, 1, 0, 0, 0, 0, 0, NULL, NULL, 1),
(202, '5.1.02.07.002', 'ACTIVE', 5, 5, 'Mantenimiento muebles y enseres', 200, 1, 0, 0, 0, 0, 0, NULL, NULL, 1),
(203, '5.1.02.07.003', 'ACTIVE', 5, 5, 'Mantenimiento maquinaria y equipo', 200, 1, 0, 0, 0, 0, 0, NULL, NULL, 1),
(204, '5.1.02.07.004', 'ACTIVE', 5, 5, 'Mantenimiento edificios', 200, 1, 0, 0, 0, 0, 0, NULL, NULL, 1),
(205, '5.1.02.08', 'ACTIVE', 5, 4, 'Otros', 161, 1, 1, 0, 0, 0, 0, NULL, NULL, 1),
(206, '5.1.02.08.001', 'ACTIVE', 5, 5, 'Implementos de aseo y limpieza', 205, 1, 0, 0, 0, 0, 0, NULL, NULL, 1),
(207, '5.1.02.08.002', 'ACTIVE', 5, 5, 'Útiles y papelería', 205, 1, 0, 0, 0, 0, 0, NULL, NULL, 1),
(208, '5.1.02.08.003', 'ACTIVE', 5, 5, 'materiales de embalaje', 205, 1, 0, 0, 0, 0, 0, NULL, NULL, 1),
(209, '5.1.03', 'ACTIVE', 5, 3, 'CIF aplicado', 156, 1, 1, 0, 0, 0, 0, NULL, NULL, 1),
(210, '5.2', 'ACTIVE', 5, 2, 'Gastos', 155, 1, 1, 0, 0, 0, 0, NULL, NULL, 1),
(211, '5.2.01', 'ACTIVE', 5, 3, 'Gastos de administración y ventas', 210, 1, 1, 0, 0, 0, 0, NULL, NULL, 1),
(212, '5.2.01.01', 'ACTIVE', 5, 4, 'Gastos de personal', 211, 1, 1, 0, 0, 0, 0, NULL, NULL, 1),
(213, '5.2.01.01.001', 'ACTIVE', 5, 5, 'Sueldos', 212, 1, 0, 0, 0, 0, 0, NULL, NULL, 1),
(214, '5.2.01.01.002', 'ACTIVE', 5, 5, 'Horas extras', 212, 1, 0, 0, 0, 0, 0, NULL, NULL, 1),
(215, '5.2.01.01.003', 'ACTIVE', 5, 5, 'Aporte patronal IESS ', 212, 1, 0, 0, 0, 0, 0, NULL, NULL, 1),
(216, '5.2.01.01.004', 'ACTIVE', 5, 5, 'Décimo tercer sueldo ', 212, 1, 0, 0, 0, 0, 0, NULL, NULL, 1),
(217, '5.2.01.01.005', 'ACTIVE', 5, 5, 'Décimo cuarto sueldo ', 212, 1, 0, 0, 0, 0, 0, NULL, NULL, 1),
(218, '5.2.01.01.006', 'ACTIVE', 5, 5, 'Vacaciones', 212, 1, 0, 0, 0, 0, 0, NULL, NULL, 1),
(219, '5.2.01.01.007', 'ACTIVE', 5, 5, 'Fondos de reserva IESS', 212, 1, 0, 0, 0, 0, 0, NULL, NULL, 1),
(220, '5.2.01.01.008', 'ACTIVE', 5, 5, 'Desahucio', 212, 1, 0, 0, 0, 0, 0, NULL, NULL, 1),
(221, '5.2.01.01.009', 'ACTIVE', 5, 5, 'Uniformes', 212, 1, 0, 0, 0, 0, 0, NULL, NULL, 1),
(222, '5.2.01.01.010', 'ACTIVE', 5, 5, 'Capacitación', 212, 1, 0, 0, 0, 0, 0, NULL, NULL, 1),
(223, '5.2.01.01.011', 'ACTIVE', 5, 5, 'Agasajos ', 212, 1, 0, 0, 0, 0, 0, NULL, NULL, 1),
(224, '5.2.01.01.012', 'ACTIVE', 5, 5, 'atención al personal', 212, 1, 0, 0, 0, 0, 0, NULL, NULL, 1),
(225, '5.2.01.02', 'ACTIVE', 5, 4, 'Gastos indirectos - servicios', 211, 1, 1, 0, 0, 0, 0, NULL, NULL, 1),
(226, '5.2.01.02.001', 'ACTIVE', 5, 5, 'Agua potable', 225, 1, 0, 0, 0, 0, 0, NULL, NULL, 1),
(227, '5.2.01.02.002', 'ACTIVE', 5, 5, 'Energía eléctrica', 225, 1, 0, 0, 0, 0, 0, NULL, NULL, 1),
(228, '5.2.01.02.003', 'ACTIVE', 5, 5, 'Telefonía fija', 225, 1, 0, 0, 0, 0, 0, NULL, NULL, 1),
(229, '5.2.01.02.004', 'ACTIVE', 5, 5, 'Telefonía celular', 225, 1, 0, 0, 0, 0, 0, NULL, NULL, 1),
(230, '5.2.01.02.005', 'ACTIVE', 5, 5, 'Transportes y fletes', 225, 1, 0, 0, 0, 0, 0, NULL, NULL, 1),
(231, '5.2.01.02.006', 'ACTIVE', 5, 5, 'Publicidad y propaganda', 225, 1, 0, 0, 0, 0, 0, NULL, NULL, 1),
(232, '5.2.01.02.007', 'ACTIVE', 5, 5, 'Seguros', 225, 1, 0, 0, 0, 0, 0, NULL, NULL, 1),
(233, '5.2.01.02.008', 'ACTIVE', 5, 5, 'Peajes y garajes', 225, 1, 0, 0, 0, 0, 0, NULL, NULL, 1),
(234, '5.2.01.02.009', 'ACTIVE', 5, 5, 'Combustibles y lubricantes', 225, 1, 0, 0, 0, 0, 0, NULL, NULL, 1),
(235, '5.2.01.02.010', 'ACTIVE', 5, 5, 'Implementos de aseo y limpieza', 225, 1, 0, 0, 0, 0, 0, NULL, NULL, 1),
(236, '5.2.01.02.011', 'ACTIVE', 5, 5, 'Útiles y papelería', 225, 1, 0, 0, 0, 0, 0, NULL, NULL, 1),
(237, '5.2.01.02.012', 'ACTIVE', 5, 5, 'materiales de embalaje', 225, 1, 0, 0, 0, 0, 0, NULL, NULL, 1),
(238, '5.2.01.02.013', 'ACTIVE', 5, 5, 'Movilizaciones', 225, 1, 0, 0, 0, 0, 0, NULL, NULL, 1),
(239, '5.2.01.02.014', 'ACTIVE', 5, 5, 'Arriendo', 225, 1, 0, 0, 0, 0, 0, NULL, NULL, 1),
(240, '5.2.01.02.015', 'ACTIVE', 5, 5, 'Suministros', 225, 1, 0, 0, 0, 0, 0, NULL, NULL, 1),
(241, '5.2.01.02.016', 'ACTIVE', 5, 5, 'Internet satelital', 225, 1, 0, 0, 0, 0, 0, NULL, NULL, 1),
(242, '5.2.01.02.017', 'ACTIVE', 5, 5, 'Atención clientes', 225, 1, 0, 0, 0, 0, 0, NULL, NULL, 1),
(243, '5.2.01.03', 'ACTIVE', 5, 4, 'Honorarios profesionales', 211, 1, 1, 0, 0, 0, 0, NULL, NULL, 1),
(244, '5.2.01.03.001', 'ACTIVE', 5, 5, 'Honorarios profesionales', 243, 1, 0, 0, 0, 0, 0, NULL, NULL, 1),
(245, '5.2.01.03.002', 'ACTIVE', 5, 5, 'Servicios técnicos', 243, 1, 0, 0, 0, 0, 0, NULL, NULL, 1),
(246, '5.2.01.04', 'ACTIVE', 5, 4, 'Mantenimiento', 211, 1, 1, 0, 0, 0, 0, NULL, NULL, 1),
(247, '5.2.01.04.001', 'ACTIVE', 5, 5, 'Mantenimiento equipo de oficina', 246, 1, 0, 0, 0, 0, 0, NULL, NULL, 1),
(248, '5.2.01.04.002', 'ACTIVE', 5, 5, 'Mantenimiento equipo de computación', 246, 1, 0, 0, 0, 0, 0, NULL, NULL, 1),
(249, '5.2.01.04.003', 'ACTIVE', 5, 5, 'Mantenimiento mueble y enseres', 246, 1, 0, 0, 0, 0, 0, NULL, NULL, 1),
(250, '5.2.01.04.004', 'ACTIVE', 5, 5, 'Mantenimiento maquinaria y equipo', 246, 1, 0, 0, 0, 0, 0, NULL, NULL, 1),
(251, '5.2.01.04.005', 'ACTIVE', 5, 5, 'Mantenimiento Vehículos', 246, 1, 0, 0, 0, 0, 0, NULL, NULL, 1),
(252, '5.2.01.04.006', 'ACTIVE', 5, 5, 'Mantenimientos edificios', 246, 1, 0, 0, 0, 0, 0, NULL, NULL, 1),
(253, '5.2.01.05', 'ACTIVE', 5, 4, 'Impuestos y tasas', 211, 1, 1, 0, 0, 0, 0, NULL, NULL, 1),
(254, '5.2.01.05.001', 'ACTIVE', 5, 5, 'Matriculas Vehículos', 253, 1, 0, 0, 0, 0, 0, NULL, NULL, 1),
(255, '5.2.01.05.002', 'ACTIVE', 5, 5, 'Impuestos prediales, patentes, otros', 253, 1, 0, 0, 0, 0, 0, NULL, NULL, 1),
(256, '5.2.01.06', 'ACTIVE', 5, 4, 'Depreciaciones', 211, 1, 1, 0, 0, 0, 0, NULL, NULL, 1),
(257, '5.2.01.06.001', 'ACTIVE', 5, 5, 'Depreciación equipo de oficina', 256, 1, 0, 0, 0, 0, 0, NULL, NULL, 1),
(258, '5.2.01.06.002', 'ACTIVE', 5, 5, 'Depreciación equipo de computación', 256, 1, 0, 0, 0, 0, 0, NULL, NULL, 1),
(259, '5.2.01.06.003', 'ACTIVE', 5, 5, 'Depreciación muebles y enseres', 256, 1, 0, 0, 0, 0, 0, NULL, NULL, 1),
(260, '5.2.01.06.004', 'ACTIVE', 5, 5, 'Depreciación maquinaria y equipo', 256, 1, 0, 0, 0, 0, 0, NULL, NULL, 1),
(261, '5.2.01.06.005', 'ACTIVE', 5, 5, 'Depreciación Vehículos', 256, 1, 0, 0, 0, 0, 0, NULL, NULL, 1),
(262, '5.2.01.07', 'ACTIVE', 5, 4, 'Amortizaciones', 211, 1, 1, 0, 0, 0, 0, NULL, NULL, 1),
(263, '5.2.01.07.002', 'ACTIVE', 5, 5, 'Amortización seguro', 262, 1, 0, 0, 0, 0, 0, NULL, NULL, 1),
(264, '5.2.01.08', 'ACTIVE', 5, 4, 'Provisiones', 211, 1, 1, 0, 0, 0, 0, NULL, NULL, 1),
(265, '5.2.01.08.001', 'ACTIVE', 5, 5, 'Provisión para incobrables', 264, 1, 0, 0, 0, 0, 0, NULL, NULL, 1),
(266, '5.2.01.09', 'ACTIVE', 5, 4, 'Gastos financieros', 211, 1, 1, 0, 0, 0, 0, NULL, NULL, 1),
(267, '5.2.01.09.001', 'ACTIVE', 5, 5, 'intereses', 266, 1, 0, 0, 0, 0, 0, NULL, NULL, 1),
(268, '5.2.01.09.002', 'ACTIVE', 5, 5, 'Gastos bancarios', 266, 1, 0, 0, 0, 0, 0, NULL, NULL, 1),
(269, '5.2.01.09.003', 'ACTIVE', 5, 5, 'Multas y otros', 266, 1, 0, 0, 0, 0, 0, NULL, NULL, 1),
(270, '5.2.01.10', 'ACTIVE', 5, 4, 'Comisiones bancarias', 211, 1, 1, 0, 0, 0, 0, NULL, NULL, 1),
(271, '5.2.01.10.001', 'ACTIVE', 5, 5, 'Tarjetas de Crédito', 270, 1, 0, 0, 0, 0, 0, NULL, NULL, 1),
(272, '5.2.01.11', 'ACTIVE', 5, 4, 'Gastos varios', 211, 1, 1, 0, 0, 0, 0, NULL, NULL, 1),
(273, '5.2.01.11.001', 'ACTIVE', 5, 5, 'interés y multas organismos', 272, 1, 0, 0, 0, 0, 0, NULL, NULL, 1),
(274, '5.2.01.11.002', 'ACTIVE', 5, 5, 'Pérdida en venta de ACTIVEs', 272, 1, 0, 0, 0, 0, 0, NULL, NULL, 1),
(275, '5.2.01.11.003', 'ACTIVE', 5, 5, 'Pérdida de inventarios', 272, 1, 0, 0, 0, 0, 0, NULL, NULL, 1),
(276, '5.2.01.11.004', 'ACTIVE', 5, 5, 'Diferencias de cajas', 272, 1, 0, 0, 0, 0, 0, NULL, NULL, 1),
(277, '5.2.01.11.005', 'ACTIVE', 5, 5, 'Iva enviado al gasto', 272, 1, 0, 0, 0, 0, 0, NULL, NULL, 1),
(278, '5.3', 'ACTIVE', 5, 2, 'Impuesto a la renta', 155, 1, 1, 0, 0, 0, 0, NULL, NULL, 1),
(279, '5.3.01', 'ACTIVE', 5, 3, 'Impuesto a la renta', 278, 1, 1, 0, 0, 0, 0, NULL, NULL, 1),
(280, '5.3.01.01', 'ACTIVE', 5, 4, 'Impuesto a la renta', 279, 1, 1, 0, 0, 0, 0, NULL, NULL, 1),
(281, '5.3.01.01.001', 'ACTIVE', 5, 5, 'Impuesto a renta empresa', 280, 1, 0, 0, 0, 0, 0, NULL, NULL, 1),
(282, '5.2.01.01.013', 'ACTIVE', 5, 5, 'Gastos Operacionales', 280, 1, 0, 0, 0, 0, 0, NULL, NULL, 1),
(283, '1.1.01.10.004', 'ACTIVE', 1, 5, 'Importaciones', 4, 1, 0, 0, 0, 0, 0, NULL, NULL, 1),
(284, '1.1.01.10.005', 'ACTIVE', 1, 5, 'Crédito Tributario IVA', 4, 1, 0, 0, 0, 0, 0, NULL, NULL, 1),
(285, '1.1.01.02.003', 'ACTIVE', 1, 5, 'BANCO PICHINCHA 3068', 4, 1, 0, 0, 0, 0, 0, NULL, NULL, 1),
(286, '1.1.01.01.002', 'ACTIVE', 1, 5, 'Caja Chica', 4, 1, 0, 0, 0, 0, 0, NULL, NULL, 1),
(287, '1.1.01.01.003', 'ACTIVE', 1, 5, 'Caja AP Principal', 4, 1, 0, 0, 0, 0, 0, NULL, NULL, 1),
(288, '1.1.01.01.004', 'ACTIVE', 4, 5, 'Caja Principal Edf Ecuador', 4, 1, 0, 0, 0, 0, 0, NULL, NULL, 1);

--
-- Dumping data for table `accounting_account_type`
--

INSERT INTO `accounting_account_type` (`id`, `value`, `description`, `status`) VALUES
(1, 'ACTIVE', NULL, 'ACTIVE'),
(2, 'Pasivo', NULL, 'ACTIVE'),
(3, 'Patrimonio', NULL, 'ACTIVE'),
(4, 'Ingresos', NULL, 'ACTIVE'),
(5, 'Costos y Gastos', NULL, 'ACTIVE');

--
-- Dumping data for table `accounting_config_modules_account_by_account`
--

INSERT INTO `accounting_config_modules_account_by_account` (`id`, `accounting_account_id`, `description`, `code`, `accounting_config_modules_types_id`, `type_of_income`, `status`) VALUES
(1, 5, 'Caja general', '01', 1, 0, 'ACTIVE'),
(2, 10, 'Cheques por cobrar', '02', 1, 0, 'ACTIVE'),
(3, 109, 'Cheques por pagar', '03', 1, 0, 'ACTIVE'),
(4, 22, 'IVA pagado', '04', 2, 0, 'ACTIVE'),
(5, 22, 'ICE pagado	', '05', 2, 0, 'ACTIVE'),
(6, 135, 'Descuento en compras', '06', 2, 0, 'ACTIVE'),
(7, 135, 'Desc. solidario en compras', '07', 2, 0, 'ACTIVE'),
(8, 30, 'Renteción IVA 10%', '08', 2, 0, 'ACTIVE'),
(9, 30, 'Renteción IVA 20%', '09', 2, 0, 'ACTIVE'),
(10, 30, 'Renteción IVA 30%', '10', 2, 0, 'ACTIVE'),
(11, 30, 'Renteción IVA 70%	', '11', 2, 0, 'ACTIVE'),
(12, 30, 'Renteción IVA 100%	', '12', 2, 0, 'ACTIVE'),
(13, 25, 'Renteción RENTA 1%', '13', 2, 0, 'ACTIVE'),
(14, 26, 'Renteción RENTA 2%', '14', 2, 0, 'ACTIVE'),
(15, 26, 'Renteción RENTA 5%	', '15', 2, 0, 'ACTIVE'),
(16, 27, 'Renteción RENTA 8%	', '16', 2, 0, 'ACTIVE'),
(17, 24, 'Renteción RENTA 10%	', '17', 2, 0, 'ACTIVE'),
(18, 24, 'Otras renteciones realizadas	', '18', 2, 0, 'ACTIVE'),
(19, 73, 'Cuentas por pagar	', '19', 2, 0, 'ACTIVE'),
(20, 17, 'Anticipo a proveedores	', '20', 2, 0, 'ACTIVE'),
(21, 135, 'Devolución de compra	', '21', 2, 0, 'ACTIVE'),
(22, 51, 'Inventario y mercaderías', '22', 3, 0, 'ACTIVE'),
(23, 143, 'Sobrantes de inventario	', '23', 3, 0, 'ACTIVE'),
(24, 258, 'Faltantes de inventario	', '24', 3, 0, 'ACTIVE'),
(25, 258, 'Inventario en transito	', '25', 3, 0, 'ACTIVE'),
(26, 41, 'Inventario en producción	', '26', 3, 0, 'ACTIVE'),
(27, 174, 'Costos de mano obra	', '27', 3, 0, 'ACTIVE'),
(28, 174, 'Costos indirectos	', '28', 3, 0, 'ACTIVE'),
(29, 159, 'Costo de ventas	', '29', 4, 0, 'ACTIVE'),
(30, 10, 'Cuentas por cobrar', '30', 4, 0, 'ACTIVE'),
(31, 30, 'Retenciones IVA		', '31', 4, 0, 'ACTIVE'),
(32, 24, 'Retenciones RENTA	', '32', 4, 0, 'ACTIVE'),
(33, 93, 'Ventas con IVA gravado	', '33', 4, 0, 'ACTIVE'),
(34, 126, 'Ventas tarifa 0%	', '34', 4, 0, 'ACTIVE'),
(35, 93, 'IVA cobrado	', '35', 4, 0, 'ACTIVE'),
(36, 129, 'Descuento en ventas	', '36', 4, 0, 'ACTIVE'),
(37, 82, 'Desc. solidario en ventas	', '37', 4, 0, 'ACTIVE'),
(38, 93, 'Anticipo clientes', '38', 4, 0, 'ACTIVE'),
(39, 1, 'ICE cobrado	', '39', 4, 0, 'ACTIVE'),
(40, 130, 'Devolución de venta con IVA gravado', '40', 4, 0, 'ACTIVE'),
(41, 130, 'Devolución de venta con IVA 0%	', '41', 4, 0, 'ACTIVE'),
(42, 72, 'Proveedores', '42', 2, 0, 'ACTIVE'),
(43, 186, 'Transportes y Fletes', '43', 2, 0, 'ACTIVE'),
(44, 5, 'Caja chica', '44', 1, 0, 'ACTIVE'),
(45, 271, 'Tarjeta de Credito', '45', 1, 0, 'ACTIVE'),
(46, 9, 'Clientes', '46', 4, 0, 'ACTIVE'),
(47, 141, 'Ventas', '47', 4, 0, 'ACTIVE'),
(48, 145, 'Servicios Prestados', '48', 4, 0, 'ACTIVE'),
(49, 282, 'Gastos Operacionales', '49', 2, 0, 'ACTIVE'),
(50, 132, 'Ajustes de Inventario', '01', 3, 0, 'ACTIVE');

--
-- Dumping data for table `accounting_config_modules_types`
--

INSERT INTO `accounting_config_modules_types` (`id`, `value`, `description`, `status`) VALUES
(1, 'CAJA Y BANCOS', NULL, 'ACTIVE'),
(2, 'COMPRAS', NULL, 'ACTIVE'),
(3, 'INVENTARIOS', NULL, 'ACTIVE'),
(4, 'VENTAS', NULL, 'ACTIVE');

--
-- Dumping data for table `accounting_level`
--

INSERT INTO `accounting_level` (`id`, `value`, `description`, `status`, `color`) VALUES
(1, '1', 'NIVEL 1', 'ACTIVE', '#6b0542'),
(2, '2', 'NIVEL 2', 'ACTIVE', '#f00404'),
(3, '3', 'NIVEL 3', 'ACTIVE', '#b30a0a'),
(4, '4', 'NIVEL 4', 'ACTIVE', '#80082c'),
(5, '5', 'NIVEL 5', 'ACTIVE', '#8a0808'),
(6, '6', 'NIVEL 6', 'ACTIVE', '#d90c9f');

--
-- Dumping data for table `account_gamification`
--

INSERT INTO `account_gamification` (`id`, `created_at`, `updated_at`, `deleted_at`, `user_id`, `balance_available_bee`, `balance_available_queen`) VALUES
(1, '2024-03-12 15:19:00', '2024-03-12 15:19:00', NULL, 4, 1500, 150);

--
-- Dumping data for table `account_gamification_by_movement`
--

INSERT INTO `account_gamification_by_movement` (`id`, `created_at`, `updated_at`, `deleted_at`, `account_gamification_id`, `amount`, `type`, `input_movement`, `description`, `user_transaction_id`, `type_money`) VALUES
(1, NULL, NULL, NULL, 1, 1500, 0, 1, 'Unirse a la comunidad Tukuykuna.', 1, 0),
(2, NULL, NULL, NULL, 1, 1500, 0, 1, 'Unirse a la comunidad Tukuykuna.', 1, 1);

--
-- Dumping data for table `actions`
--

INSERT INTO `actions` (`id`, `name`, `link`, `parent_id`, `weight`, `icon`, `type`, `description`, `type_item`) VALUES
(1, 'RBAC', '#', NULL, 2, 'fas fa-user-cog', 2, '#', 1),
(2, 'Gestion Usuarios', 'user', 1, 3, NULL, 0, 'user', 1),
(3, 'ADMIN GRID-RBAC', 'user/list', 1, 4, NULL, 1, 'user/list', 1),
(4, 'Create Formulario', 'user/form', 1, 5, NULL, 1, 'user/form', 1),
(5, 'Update Formulario', 'user/form', 1, 6, NULL, 1, 'user/form', 1),
(6, 'Email Validacion', 'user/unique-email', 1, 7, NULL, 1, 'user/unique-email', 1),
(7, 'Nombre de Usuario Validacion', 'user/unique-username', 1, 8, NULL, 1, 'user/unique-username', 1),
(8, 'Obtencion de Datos Roles', 'role/list/select', 1, 9, NULL, 1, 'role/list/select', 1),
(9, 'Cambio de contraseña Validacion anterior contraseña', 'user/check-password-old', 1, 10, NULL, 1, 'user/check-password-old', 1),
(10, 'Cambio de contraseña Validacion anterior contraseña', 'user/save', 1, 11, NULL, 1, 'user/save', 1),
(11, 'Cambio de contraseña Validacion anterior contraseña', 'user/save', 1, 12, NULL, 1, 'user/save', 1),
(12, 'Gestion Roles', 'role', 1, 13, NULL, 0, 'role', 1),
(13, 'ADMIN GRID-RBAC', 'role/list', 12, 14, NULL, 1, 'role/list', 1),
(14, 'Create Formulario', 'role/form', 12, 15, NULL, 1, 'role/form', 1),
(15, 'Update Formulario', 'role/form', 12, 16, NULL, 1, 'role/form', 1),
(16, 'Guardar Registro Formulario Roles', 'role/save', 12, 17, NULL, 1, 'role/save', 1),
(17, 'Gestion Menu', 'actions/manager', 1, 18, NULL, 0, 'actions/manager', 1),
(18, 'ADMIN GRID-GESTION MENU', 'actions/admin', 17, 19, NULL, 1, 'actions/admin', 1),
(19, 'Select datos de subproceso Actions', 'actions/listActionsParent', 17, 20, NULL, 1, 'actions/listActionsParent', 1),
(20, 'Guardar Registro Formulario Actions', 'actions/save', 17, 21, NULL, 1, 'actions/save', 1),
(21, 'Guardar Registro Formulario Actions', 'actions/save', 17, 22, NULL, 1, 'actions/save', 1),
(22, 'Contabilidad', '#', NULL, 23, 'fas fa-cash-register', 2, '#', 1),
(23, 'Gestion Iva', 'tax/manager', 22, 24, NULL, 0, 'tax/manager', 1),
(24, 'ADMIN GRID-IVA', 'tax/admin', 22, 25, NULL, 1, 'tax/admin', 1),
(25, 'Creacion registro Formulario Tax', 'tax/save', 22, 26, NULL, 1, 'tax/save', 1),
(26, 'Creacion registro Formulario Tax', 'tax/save', 22, 27, NULL, 1, 'tax/save', 1),
(27, 'Contabilidad Cuentas', 'accountingAccount/manager', 22, 28, NULL, 0, 'accountingAccount/manager', 1),
(28, 'ADMIN GRID-CONTABILIDAD CUENTAS', 'accountingAccount/admin', 27, 29, NULL, 1, 'accountingAccount/admin', 1),
(29, 'Update registro Formulario Accounting', 'accountingAccount/save', 27, 30, NULL, 1, 'accountingAccount/save', 1),
(30, 'Creacion registro Formulario Accounting', 'accountingAccount/save', 27, 31, NULL, 1, 'accountingAccount/save', 1),
(31, 'Gestion Tipos de Ruc', 'rucType/manager', 22, 32, NULL, 0, 'rucType/manager', 1),
(32, 'ADMIN GRID-CONTABILIDAD CUENTAS', 'rucType/admin', 31, 33, NULL, 1, 'rucType/admin', 1),
(33, 'Update registro Formulario Accounting', 'rucType/save', 31, 34, NULL, 1, 'rucType/save', 1),
(34, 'Creacion registro Formulario Accounting', 'rucType/save', 31, 35, NULL, 1, 'rucType/save', 1),
(35, 'Gestion Modulos Tipos', 'accountingConfigModulesTypes/manager', 22, 36, NULL, 0, 'accountingConfigModulesTypes/manager', 1),
(36, 'ADMIN GRID-CONTABILIDAD MODULOS TIPOS', 'accountingConfigModulesTypes/admin', 35, 37, NULL, 1, 'accountingConfigModulesTypes/admin', 1),
(37, 'Update registro Formulario MODULOS TIPOS', 'accountingConfigModulesTypes/save', 35, 38, NULL, 1, 'accountingConfigModulesTypes/save', 1),
(38, 'Creacion registro Formulario MODULOS TIPOS', 'accountingConfigModulesTypes/save', 35, 39, NULL, 1, 'accountingConfigModulesTypes/save', 1),
(39, 'Gestion Niveles', 'accountingLevel/manager', 22, 40, NULL, 0, 'accountingLevel/manager', 1),
(40, 'ADMIN GRID-CONTABILIDAD NIVELES', 'accountingLevel/admin', 39, 41, NULL, 1, 'accountingLevel/admin', 1),
(41, 'Update registro Formulario NIVELES', 'accountingLevel/save', 39, 42, NULL, 1, 'accountingLevel/save', 1),
(42, 'Creacion registro Formulario NIVELES', 'accountingLevel/save', 39, 43, NULL, 1, 'accountingLevel/save', 1),
(43, 'Gestion Modulos Contables', 'accountingConfigModulesAccountByAccount/manager', 22, 44, NULL, 0, 'accountingConfigModulesAccountByAccount/manager', 1),
(44, 'ADMIN GRID-CONTABILIDAD MODULOS CONTABLES', 'accountingConfigModulesAccountByAccount/admin', 43, 45, NULL, 1, 'accountingConfigModulesAccountByAccount/admin', 1),
(45, 'Update registro Formulario MODULOS CONTABLES', 'accountingConfigModulesAccountByAccount/save', 43, 46, NULL, 1, 'accountingConfigModulesAccountByAccount/save', 1),
(46, 'Creacion registro Formulario MODULOS CONTABLES', 'accountingConfigModulesAccountByAccount/save', 43, 47, NULL, 1, 'accountingConfigModulesAccountByAccount/save', 1),
(47, 'Ubicacion', '#', NULL, 48, 'fas fa-map-marked-alt', 2, '#', 1),
(48, 'Gestion Paises', 'country', 47, 49, NULL, 0, 'country', 1),
(49, 'ADMIN GRID-country', 'country/list', 48, 50, NULL, 1, 'country/list', 1),
(50, 'Create Formulario country', 'country/form', 48, 51, NULL, 1, 'country/form', 1),
(51, 'Update Formulario country', 'country/form', 48, 52, NULL, 1, 'country/form', 1),
(52, 'Nombre de Usuario Validacion', 'country/unique-name', 48, 53, NULL, 1, 'country/unique-name', 1),
(53, 'Actualizar Registro country', 'country/save', 48, 54, NULL, 1, 'country/save', 1),
(54, 'Save Registro country', 'country/save', 48, 55, NULL, 1, 'country/save', 1),
(55, 'Gestion Provincias/Estados', 'province', 47, 56, NULL, 0, 'province', 1),
(56, 'ADMIN GRID-country', 'province/list', 55, 57, NULL, 1, 'province/list', 1),
(57, 'Create Formulario country', 'province/form', 55, 58, NULL, 1, 'province/form', 1),
(58, 'Update Formulario country', 'province/form', 55, 59, NULL, 1, 'province/form', 1),
(59, 'Obtencion Valores Paises', 'country/list/select', 55, 60, NULL, 1, 'country/list/select', 1),
(60, 'Nombre Validacion', 'province/unique-name', 55, 61, NULL, 1, 'province/unique-name', 1),
(61, 'Actualizar Registro country', 'province/save', 55, 62, NULL, 1, 'province/save', 1),
(62, 'Save Registro country', 'province/save', 55, 63, NULL, 1, 'province/save', 1),
(63, 'Gestion Ciudades', 'city', 47, 64, NULL, 0, 'city', 1),
(64, 'ADMIN MANAGER PAISES-CIUDADES', 'country/list/select', 63, 65, NULL, 1, 'country/list/select', 1),
(65, 'ADMIN MANAGER PROVINCIAS-CIUDADES', 'province/list/select', 63, 66, NULL, 1, 'province/list/select', 1),
(66, 'ADMIN GRID-CIUDADES', 'city/list', 63, 67, NULL, 1, 'city/list', 1),
(67, 'Create Formulario CIUDADES', 'city/form', 63, 68, NULL, 1, 'city/form', 1),
(68, 'Update Formulario CIUDADES', 'city/form', 63, 69, NULL, 1, 'city/form', 1),
(69, 'Actualizar Registro CIUDADES', 'city/save', 63, 70, NULL, 1, 'city/save', 1),
(70, 'Save Registro CIUDADES', 'city/save', 63, 71, NULL, 1, 'city/save', 1),
(71, 'Gestion Zonas', 'zone', 47, 72, NULL, 0, 'zone', 1),
(72, 'ADMIN MANAGER PAISES-ZONAS', 'country/list/select', 71, 73, NULL, 1, 'country/list/select', 1),
(73, 'ADMIN MANAGER PROVINCIAS-ZONAS', 'province/list/select', 71, 74, NULL, 1, 'province/list/select', 1),
(74, 'ADMIN MANAGER ciudades-ZONAS', 'city/list/select', 71, 75, NULL, 1, 'city/list/select', 1),
(75, 'ADMIN MANAGER mapa-ZONAS', 'zone/list/map', 71, 76, NULL, 1, 'zone/list/map', 1),
(76, 'ADMIN GRID-ZONAS', 'zone/list', 71, 77, NULL, 1, 'zone/list', 1),
(77, 'Create Formulario ZONAS', 'zone/form', 71, 78, NULL, 1, 'zone/form', 1),
(78, 'Unique Formulario ZONAS', 'zone/unique-name', 71, 79, NULL, 1, 'zone/unique-name', 1),
(79, 'Update Formulario ZONAS', 'zone/form', 71, 80, NULL, 1, 'zone/form', 1),
(80, 'Actualizar Registro ZONAS', 'zone/save', 71, 81, NULL, 1, 'zone/save', 1),
(81, 'Save Registro ZONAS', 'zone/save', 71, 82, NULL, 1, 'zone/save', 1),
(82, 'Config Envios', '#', NULL, 83, 'fas fa-truck', 2, '#', 1),
(83, 'Formas de Envio', 'shippingRateKindsOfWay/manager', 82, 84, NULL, 0, 'shippingRateKindsOfWay/manager', 1),
(84, 'ADMIN GRID-FORMAS DE ENVIO', 'shippingRateKindsOfWay/admin', 83, 85, NULL, 1, 'shippingRateKindsOfWay/admin', 1),
(85, 'Creacion registro Formulario FORMAS DE ENVIO', 'shippingRateKindsOfWay/save', 83, 86, NULL, 1, 'shippingRateKindsOfWay/save', 1),
(86, 'Creacion registro Formulario FORMAS DE ENVIO', 'shippingRateKindsOfWay/save', 83, 87, NULL, 1, 'shippingRateKindsOfWay/save', 1),
(87, 'Empresas de Envio', 'shippingRateBusiness/manager', 82, 88, NULL, 0, 'shippingRateBusiness/manager', 1),
(88, 'ADMIN GRID-EMPRESAS DE ENVIO', 'shippingRateBusiness/admin', 87, 89, NULL, 1, 'shippingRateBusiness/admin', 1),
(89, 'Creacion registro Formulario EMPRESAS DE ENVIO', 'shippingRateBusiness/save', 87, 90, NULL, 1, 'shippingRateBusiness/save', 1),
(90, 'Creacion registro Formulario EMPRESAS DE ENVIO', 'shippingRateBusiness/save', 87, 91, NULL, 1, 'shippingRateBusiness/save', 1),
(91, 'Boton Administracion de Servicios Envios', 'shippingRateServices/admin', 87, 92, NULL, 1, 'shippingRateServices/admin', 1),
(92, 'ADMIN GRID-Servicios Envios', 'shippingRateServices/admin', 91, 93, NULL, 1, 'shippingRateServices/admin', 1),
(93, 'Creacion registro Formulario Servicios Envios', 'shippingRateServices/save', 91, 94, NULL, 1, 'shippingRateServices/save', 1),
(94, 'Creacion registro Formulario Servicios Envios', 'shippingRateServices/save', 91, 95, NULL, 1, 'shippingRateServices/save', 1),
(95, 'Boton Administracion de Factor de Conversion', 'shippingRateBusinessByConversionFactor/admin', 87, 96, NULL, 1, 'shippingRateBusinessByConversionFactor/admin', 1),
(96, 'ADMIN GRID-Factor de Conversion', 'shippingRateBusinessByConversionFactor/admin', 95, 97, NULL, 1, 'shippingRateBusinessByConversionFactor/admin', 1),
(97, 'Creacion registro Formulario Factor de Conversion', 'shippingRateBusinessByConversionFactor/save', 95, 98, NULL, 1, 'shippingRateBusinessByConversionFactor/save', 1),
(98, 'Creacion registro Formulario Factor de Conversion', 'shippingRateBusinessByConversionFactor/save', 95, 99, NULL, 1, 'shippingRateBusinessByConversionFactor/save', 1),
(99, 'form Get Servicios', 'shippingRateKindsOfWay/listSelect2', 95, 100, NULL, 1, 'shippingRateKindsOfWay/listSelect2', 1),
(100, 'form Get Formas de envio', 'shippingRateKindsOfWay/listSelect2', 95, 101, NULL, 1, 'shippingRateKindsOfWay/listSelect2', 1),
(101, 'form Get Medidas', 'productMeasureType/listSelect2', 95, 102, NULL, 1, 'productMeasureType/listSelect2', 1),
(102, 'Informacion Adicional', '#', NULL, 103, 'fas fa-address-card', 2, '#', 1),
(103, 'Tipo de Email', 'informationMailType/manager', 102, 104, NULL, 0, 'informationMailType/manager', 1),
(104, 'ADMIN GRID-Tipo de Email', 'informationMailType/admin', 103, 105, NULL, 1, 'informationMailType/admin', 1),
(105, 'Creacion registro Formulario Tipo de Email', 'informationMailType/save', 103, 106, NULL, 1, 'informationMailType/save', 1),
(106, 'Creacion registro Formulario Tipo de Email', 'informationMailType/save', 103, 107, NULL, 1, 'informationMailType/save', 1),
(107, 'Tipos de Redes Sociales', 'informationSocialNetworkType/manager', 102, 108, NULL, 0, 'informationSocialNetworkType/manager', 1),
(108, 'ADMIN GRID-Tipos de Redes Sociales', 'informationSocialNetworkType/admin', 107, 109, NULL, 1, 'informationSocialNetworkType/admin', 1),
(109, 'Creacion registro Formulario Tipos de Redes Sociales', 'informationSocialNetworkType/save', 107, 110, NULL, 1, 'informationSocialNetworkType/save', 1),
(110, 'Creacion registro Formulario Tipos de Redes Sociales', 'informationSocialNetworkType/save', 107, 111, NULL, 1, 'informationSocialNetworkType/save', 1),
(111, 'Tipos de Telefonos', 'informationPhoneType/manager', 102, 112, NULL, 0, 'informationPhoneType/manager', 1),
(112, 'ADMIN GRID-Tipos de Telefonos', 'informationPhoneType/admin', 111, 113, NULL, 1, 'informationPhoneType/admin', 1),
(113, 'Creacion registro Formulario Tipos de Telefonos', 'informationPhoneType/save', 111, 114, NULL, 1, 'informationPhoneType/save', 1),
(114, 'Creacion registro Formulario Tipos de Telefonos', 'informationPhoneType/save', 111, 115, NULL, 1, 'informationPhoneType/save', 1),
(115, 'Tipos de Direccion', 'informationAddressType/manager', 102, 116, NULL, 0, 'informationAddressType/manager', 1),
(116, 'ADMIN GRID-Tipos de Direccion', 'informationAddressType/admin', 115, 117, NULL, 1, 'informationAddressType/admin', 1),
(117, 'Creacion registro Formulario Tipos de Direccion', 'informationAddressType/save', 115, 118, NULL, 1, 'informationAddressType/save', 1),
(118, 'Creacion registro Formulario Tipos de Direccion', 'informationAddressType/save', 115, 119, NULL, 1, 'informationAddressType/save', 1),
(119, 'Config Productos', '#', NULL, 120, 'fab fa-product-hunt', 2, '#', 1),
(120, 'Categorias', 'productCategory/manager', 119, 121, NULL, 0, 'productCategory/manager', 1),
(121, 'ADMIN GRID-Categorias', 'productCategory/admin', 120, 122, NULL, 1, 'productCategory/admin', 1),
(122, 'Creacion registro Formulario Categorias', 'productCategory/save', 120, 123, NULL, 1, 'productCategory/save', 1),
(123, 'Creacion registro Formulario Categorias', 'productCategory/save', 120, 124, NULL, 1, 'productCategory/save', 1),
(124, 'Boton Administracion Traduccion', 'languageProductCategory/admin', 120, 125, NULL, 1, 'languageProductCategory/admin', 1),
(125, 'ADMIN GRID-Traduccion', 'languageProductCategory/admin', 124, 126, NULL, 1, 'languageProductCategory/admin', 1),
(126, 'Creacion registro Formulario Traduccion', 'languageProductCategory/save', 124, 127, NULL, 1, 'languageProductCategory/save', 1),
(127, 'Creacion registro Formulario Traduccion', 'languageProductCategory/save', 124, 128, NULL, 1, 'languageProductCategory/save', 1),
(128, 'Get Formulario Idiomas', 'language/listSelect2', 124, 129, NULL, 1, 'language/listSelect2', 1),
(129, 'Boton Eliminar Grid', 'languageProductCategory/delete', 120, 130, NULL, 1, 'languageProductCategory/delete', 1),
(130, 'SubCategorias', 'productSubcategory/manager', 119, 131, NULL, 0, 'productSubcategory/manager', 1),
(131, 'ADMIN GRID-SubCategorias', 'productSubcategory/admin', 130, 132, NULL, 1, 'productSubcategory/admin', 1),
(132, 'Creacion registro Formulario SubCategorias', 'productSubcategory/save', 130, 133, NULL, 1, 'productSubcategory/save', 1),
(133, 'Creacion registro Formulario SubCategorias', 'productCategory/save', 130, 134, NULL, 1, 'productCategory/save', 1),
(134, 'Obtencion de Datos Categorias', 'productCategory/listSelect2', 130, 135, NULL, 1, 'productCategory/listSelect2', 1),
(135, 'Boton Administracion Traduccion Subcategoria Producto', 'languageProductCategory/admin', 130, 136, NULL, 1, 'languageProductCategory/admin', 1),
(136, 'ADMIN GRID- Traduccion Subcategoria Producto', 'languageProductSubcategory/admin', 135, 137, NULL, 1, 'languageProductSubcategory/admin', 1),
(137, 'Creacion registro Formulario Traduccion Subcategoria Producto', 'languageProductSubcategory/save', 135, 138, NULL, 1, 'languageProductSubcategory/save', 1),
(138, 'Creacion registro Formulario Traduccion Subcategoria Producto', 'languageProductSubcategory/save', 135, 139, NULL, 1, 'languageProductSubcategory/save', 1),
(139, 'Get Formulario Idiomas Subcategoria Producto', 'language/listSelect2', 135, 140, NULL, 1, 'language/listSelect2', 1),
(140, 'Boton Eliminar Grid', 'languageProductSubcategory/delete', 130, 141, NULL, 1, 'languageProductSubcategory/delete', 1),
(141, 'Colores', 'productColor/manager', 119, 142, NULL, 0, 'productColor/manager', 1),
(142, 'ADMIN GRID-Colores', 'productColor/admin', 141, 143, NULL, 1, 'productColor/admin', 1),
(143, 'Creacion registro Formulario Colores', 'productColor/save', 141, 144, NULL, 1, 'productColor/save', 1),
(144, 'Creacion registro Formulario Colores', 'productColor/save', 141, 145, NULL, 1, 'productColor/save', 1),
(145, 'Boton Administracion Traduccion Colores', 'languageProductColor/admin', 141, 146, NULL, 1, 'languageProductColor/admin', 1),
(146, 'ADMIN GRID-Traduccion Colores', 'languageProductColor/admin', 145, 147, NULL, 1, 'languageProductColor/admin', 1),
(147, 'Creacion registro Formulario Traduccion Colores', 'languageProductColor/save', 145, 148, NULL, 1, 'languageProductColor/save', 1),
(148, 'Creacion registro Formulario Traduccion Colores', 'languageProductColor/save', 145, 149, NULL, 1, 'languageProductColor/save', 1),
(149, 'Get Formulario Idiomas Colores', 'language/listSelect2', 145, 150, NULL, 1, 'language/listSelect2', 1),
(150, 'Boton Eliminar Grid Colores', 'languageProductColor/delete', 141, 151, NULL, 1, 'languageProductColor/delete', 1),
(151, 'Tamaños', 'productSizes/manager', 119, 152, NULL, 0, 'productSizes/manager', 1),
(152, 'ADMIN GRID-Tamaños', 'productSizes/admin', 151, 153, NULL, 1, 'productSizes/admin', 1),
(153, 'Creacion registro Formulario Tamaños', 'productSizes/save', 151, 154, NULL, 1, 'productSizes/save', 1),
(154, 'Creacion registro Formulario Tamaños', 'productSizes/save', 151, 155, NULL, 1, 'productSizes/save', 1),
(155, 'Marcas', 'productTrademark/manager', 119, 156, NULL, 0, 'productTrademark/manager', 1),
(156, 'ADMIN GRID-Marcas', 'productTrademark/admin', 155, 157, NULL, 1, 'productTrademark/admin', 1),
(157, 'Creacion registro Formulario Marcas', 'productTrademark/save', 155, 158, NULL, 1, 'productTrademark/save', 1),
(158, 'Creacion registro Formulario Marcas', 'productTrademark/save', 155, 159, NULL, 1, 'productTrademark/save', 1),
(159, 'Boton Administracion Traduccion Marcas', 'languageProductTrademark/admin', 155, 160, NULL, 1, 'languageProductTrademark/admin', 1),
(160, 'ADMIN GRID-Traduccion Marcas', 'languageProductTrademark/admin', 159, 161, NULL, 1, 'languageProductTrademark/admin', 1),
(161, 'Creacion registro Formulario Traduccion Marcas', 'languageProductTrademark/save', 159, 162, NULL, 1, 'languageProductTrademark/save', 1),
(162, 'Creacion registro Formulario Traduccion Marcas', 'languageProductTrademark/save', 159, 163, NULL, 1, 'languageProductTrademark/save', 1),
(163, 'Get Formulario Idiomas Marcas', 'language/listSelect2', 159, 164, NULL, 1, 'language/listSelect2', 1),
(164, 'Boton Eliminar Grid Traduccion Marcas', 'languageProductTrademark/delete', 155, 165, NULL, 1, 'languageProductTrademark/delete', 1),
(165, 'Medidas', 'productMeasureType/manager', 119, 166, NULL, 0, 'productMeasureType/manager', 1),
(166, 'ADMIN GRID-Medidas', 'productMeasureType/admin', 165, 167, NULL, 1, 'productMeasureType/admin', 1),
(167, 'Creacion registro Formulario Medidas', 'productMeasureType/save', 165, 168, NULL, 1, 'productMeasureType/save', 1),
(168, 'Creacion registro Formulario Medidas', 'productMeasureType/save', 165, 169, NULL, 1, 'productMeasureType/save', 1),
(169, 'Boton Administracion Traduccion Medidas', 'languageProductMeasureType/admin', 165, 170, NULL, 1, 'languageProductMeasureType/admin', 1),
(170, 'ADMIN GRID-Traduccion Medidas', 'languageProductMeasureType/admin', 169, 171, NULL, 1, 'languageProductMeasureType/admin', 1),
(171, 'Creacion registro Formulario Traduccion Medidas', 'languageProductMeasureType/save', 169, 172, NULL, 1, 'languageProductMeasureType/save', 1),
(172, 'Creacion registro Formulario Traduccion Medidas', 'languageProductMeasureType/save', 169, 173, NULL, 1, 'languageProductMeasureType/save', 1),
(173, 'Get Formulario Idiomas Medidas', 'language/listSelect2', 169, 174, NULL, 1, 'language/listSelect2', 1),
(174, 'Boton Eliminar Grid Traduccion Medidas', 'languageProductMeasureType/delete', 165, 175, NULL, 1, 'languageProductMeasureType/delete', 1),
(175, 'Persona', '#', NULL, 176, 'fas fa-user-clock', 2, '#', 1),
(176, 'Nacionalidad', 'peopleNationality/manager', 175, 177, NULL, 0, 'peopleNationality/manager', 1),
(177, 'ADMIN GRID-Nacionalidad', 'peopleNationality/admin', 176, 178, NULL, 1, 'peopleNationality/admin', 1),
(178, 'Creacion registro Formulario Nacionalidad', 'peopleNationality/save', 176, 179, NULL, 1, 'peopleNationality/save', 1),
(179, 'Creacion registro Formulario Nacionalidad', 'peopleNationality/save', 176, 180, NULL, 1, 'peopleNationality/save', 1),
(180, 'Get Formulario Paises', 'country/list/select2', 176, 181, NULL, 1, 'country/list/select2', 1),
(181, 'Tipos de Identificacion', 'peopleTypeIdentification/manager', 175, 182, NULL, 0, 'peopleTypeIdentification/manager', 1),
(182, 'ADMIN GRID-Tipos de Identificacion', 'peopleTypeIdentification/admin', 181, 183, NULL, 1, 'peopleTypeIdentification/admin', 1),
(183, 'Creacion registro Formulario Tipos de Identificacion', 'peopleTypeIdentification/save', 181, 184, NULL, 1, 'peopleTypeIdentification/save', 1),
(184, 'Creacion registro Formulario Tipos de Identificacion', 'peopleTypeIdentification/save', 181, 185, NULL, 1, 'peopleTypeIdentification/save', 1),
(185, 'Profesion', 'peopleProfession/manager', 175, 186, NULL, 0, 'peopleProfession/manager', 1),
(186, 'ADMIN GRID-Profesion', 'peopleProfession/admin', 185, 187, NULL, 1, 'peopleProfession/admin', 1),
(187, 'Creacion registro Formulario Profesion', 'peopleProfession/save', 185, 188, NULL, 1, 'peopleProfession/save', 1),
(188, 'Creacion registro Formulario Profesion', 'peopleProfession/save', 185, 189, NULL, 1, 'peopleProfession/save', 1),
(189, 'Genero', 'peopleGender/manager', 175, 190, NULL, 0, 'peopleGender/manager', 1),
(190, 'ADMIN GRID-Genero', 'peopleGender/admin', 189, 191, NULL, 1, 'peopleGender/admin', 1),
(191, 'Creacion registro Formulario Genero', 'peopleGender/save', 189, 192, NULL, 1, 'peopleGender/save', 1),
(192, 'Creacion registro Formulario Genero', 'peopleGender/save', 189, 193, NULL, 1, 'peopleGender/save', 1),
(193, 'Odontograma', '#', NULL, 194, 'fas fa-user-cog', 2, '#', 1),
(194, 'Piezas Posiciones', 'referencePiecePosition', 193, 195, NULL, 0, 'referencePiecePosition', 1),
(195, 'ADMIN GRID-Piezas Posiciones', 'referencePiecePosition/list', 194, 196, NULL, 1, 'referencePiecePosition/list', 1),
(196, 'Create Formulario Piezas Posiciones', 'referencePiecePosition/form', 194, 197, NULL, 1, 'referencePiecePosition/form', 1),
(197, 'Update Formulario Piezas Posiciones', 'referencePiecePosition/form', 194, 198, NULL, 1, 'referencePiecePosition/form', 1),
(198, 'Actualizar Informacion Piezas Posiciones', 'referencePiecePosition/save', 194, 199, NULL, 1, 'referencePiecePosition/save', 1),
(199, 'Crear Informacion Piezas Posiciones', 'referencePiecePosition/save', 194, 200, NULL, 1, 'referencePiecePosition/save', 1),
(200, 'Piezas Dentales', 'dentalPiece', 193, 201, NULL, 0, 'dentalPiece', 1),
(201, 'ADMIN GRID-Piezas Dentales', 'dentalPiece/list', 200, 202, NULL, 1, 'dentalPiece/list', 1),
(202, 'Create Formulario Piezas Dentales', 'dentalPiece/form', 200, 203, NULL, 1, 'dentalPiece/form', 1),
(203, 'Update Formulario Piezas Dentales', 'dentalPiece/form', 200, 204, NULL, 1, 'dentalPiece/form', 1),
(204, 'Actualizar Informacion Piezas Dentales', 'dentalPiece/save', 200, 205, NULL, 1, 'dentalPiece/save', 1),
(205, 'Crear Informacion Piezas Dentales', 'dentalPiece/save', 200, 206, NULL, 1, 'dentalPiece/save', 1),
(206, 'Piezas Referencia', 'referencePiece', 193, 213, NULL, 0, 'referencePiece', 1),
(207, 'ADMIN GRID-Piezas Referencia', 'referencePiece/list', 206, 208, NULL, 1, 'referencePiece/list', 1),
(208, 'Create Formulario Piezas Referencia', 'referencePiece/form', 206, 209, NULL, 1, 'referencePiece/form', 1),
(209, 'Update Formulario Piezas Referencia', 'referencePiece/form', 206, 210, NULL, 1, 'referencePiece/form', 1),
(210, 'Actualizar Informacion Piezas Referencia', 'referencePiece/save', 206, 211, NULL, 1, 'referencePiece/save', 1),
(211, 'Crear Informacion Piezas Referencia', 'referencePiece/save', 206, 212, NULL, 1, 'referencePiece/save', 1),
(212, 'Referencias Tipos', 'referencePieceType', 193, 207, NULL, 0, 'referencePieceType', 1),
(213, 'ADMIN GRID-Referencias Tipos', 'referencePieceType/list', 212, 214, NULL, 1, 'referencePieceType/list', 1),
(214, 'Create Formulario Referencias Tipos', 'referencePieceType/form', 212, 215, NULL, 1, 'referencePieceType/form', 1),
(215, 'Update Formulario Piezas Referencia', 'referencePieceType/form', 212, 216, NULL, 1, 'referencePieceType/form', 1),
(216, 'Actualizar Informacion Referencias Tipos', 'referencePieceType/save', 212, 217, NULL, 1, 'referencePieceType/save', 1),
(217, 'Crear Informacion Referencias Tipos', 'referencePieceType/save', 212, 218, NULL, 1, 'referencePieceType/save', 1),
(218, 'Antecedentes', 'antecedent', 193, 219, NULL, 0, 'antecedent', 1),
(219, 'ADMIN GRID-Antecedentes', 'antecedent/list', 218, 220, NULL, 1, 'antecedent/list', 1),
(220, 'Create Formulario Antecedentes', 'antecedent/form', 218, 221, NULL, 1, 'antecedent/form', 1),
(221, 'Update Formulario Antecedentes', 'antecedent/form', 218, 222, NULL, 1, 'antecedent/form', 1),
(222, 'Actualizar Informacion Antecedentes', 'antecedent/save', 218, 223, NULL, 1, 'antecedent/save', 1),
(223, 'Crear Informacion Antecedentes', 'antecedent/save', 218, 224, NULL, 1, 'antecedent/save', 1),
(224, 'Examenes Clinicos', 'clinicalExam', 193, 225, NULL, 0, 'clinicalExam', 1),
(225, 'ADMIN GRID-Examenes Clinicos', 'clinicalExam/list', 224, 226, NULL, 1, 'clinicalExam/list', 1),
(226, 'Create Formulario Examenes Clinicos', 'clinicalExam/form', 224, 227, NULL, 1, 'clinicalExam/form', 1),
(227, 'Update Formulario Examenes Clinicos', 'clinicalExam/form', 224, 228, NULL, 1, 'clinicalExam/form', 1),
(228, 'Actualizar Informacion Examenes Clinicos', 'clinicalExam/save', 224, 229, NULL, 1, 'clinicalExam/save', 1),
(229, 'Crear Informacion Examenes Clinicos', 'clinicalExam/save', 224, 230, NULL, 1, 'clinicalExam/save', 1),
(230, 'Config Eventos', '#', NULL, 231, 'fas fa-table-tennis', 2, '#', 1),
(231, 'Tipos de Eventos', 'eventsTrailsTypes/manager', 230, 232, NULL, 0, 'eventsTrailsTypes/manager', 1),
(232, 'ADMIN GRID-Nacionalidad', 'eventsTrailsTypes/admin', 231, 233, NULL, 1, 'eventsTrailsTypes/admin', 1),
(233, 'Creacion registro Formulario Nacionalidad', 'eventsTrailsTypes/save', 231, 234, NULL, 1, 'eventsTrailsTypes/save', 1),
(234, 'Creacion registro Formulario Nacionalidad', 'eventsTrailsTypes/save', 231, 235, NULL, 1, 'eventsTrailsTypes/save', 1),
(235, 'Dashboard', 'dashboardManager', NULL, 1, 'remixicon-dashboard-line', 0, 'home', 0),
(236, 'Dashboard Business', 'managerBusiness', NULL, 236, 'remixicon-dashboard-line', 1, 'managerBusiness', 0),
(237, 'Empresa', '#', NULL, 237, 'fas fa-business-time', 1, '#', 1),
(238, 'Idiomas', 'businessByLanguage/admin', 237, 238, NULL, 1, 'businessByLanguage/admin', 1),
(239, 'ADMIN GRID-Idiomas', 'businessByLanguage/admin', 238, 239, NULL, 1, 'businessByLanguage/admin', 1),
(240, 'Update registro Formulario Idiomas', 'businessByLanguage/save', 238, 240, NULL, 1, 'businessByLanguage/save', 1),
(241, 'Creacion registro Formulario Idiomas', 'businessByLanguage/save', 238, 241, NULL, 1, 'businessByLanguage/save', 1),
(242, 'Obtencion Valores Formulario Idiomas', 'language/listSelect2', 238, 242, NULL, 1, 'language/listSelect2', 1),
(243, 'Iva', 'taxByBusiness/admin', 237, 243, NULL, 1, 'taxByBusiness/admin', 1),
(244, 'ADMIN GRID-Iva', 'taxByBusiness/admin', 243, 244, NULL, 1, 'taxByBusiness/admin', 1),
(245, 'Update registro Formulario Iva', 'taxByBusiness/save', 243, 245, NULL, 1, 'taxByBusiness/save', 1),
(246, 'Creacion registro Formulario Iva', 'taxByBusiness/save', 243, 246, NULL, 1, 'taxByBusiness/save', 1),
(247, 'Obtencion Valores Formulario Iva', 'tax/listSelect2', 243, 247, NULL, 1, 'tax/listSelect2', 1),
(248, 'Galeria Empresa', 'business/gallery/adminBusiness', 237, 248, NULL, 1, 'business/gallery/adminBusiness', 1),
(249, 'ADMIN GRID- Galeria Empresa', 'business/gallery/adminBusiness', 248, 249, NULL, 1, 'business/gallery/adminBusiness', 1),
(250, 'Update registro Formulario Galeria Empresa', 'business/gallery/saveBusiness', 248, 250, NULL, 1, 'business/gallery/saveBusiness', 1),
(251, 'Creacion registro Formulario Galeria Empresa', 'business/gallery/saveBusiness', 248, 251, NULL, 1, 'business/gallery/saveBusiness', 1),
(252, 'Horarios', 'business/schedules', 237, 252, NULL, 1, 'business/schedules', 1),
(253, 'ADMIN GRID- Horarios', 'business/schedules', 252, 253, NULL, 1, 'business/schedules', 1),
(254, 'Update registro Formulario Horarios', 'business/businessBySchedules/saveSchedules', 252, 254, NULL, 1, 'business/businessBySchedules/saveSchedules', 1),
(255, 'Creacion registro Formulario Horarios', 'business/businessBySchedules/saveSchedules', 252, 255, NULL, 1, 'business/businessBySchedules/saveSchedules', 1),
(256, 'Historia', 'businessByHistory/admin', 237, 256, NULL, 1, 'businessByHistory/admin', 1),
(257, 'ADMIN GRID- Historia', 'businessByHistory/admin', 256, 257, NULL, 1, 'businessByHistory/admin', 1),
(258, 'Update registro Formulario Historia', 'businessByHistory/save', 256, 258, NULL, 1, 'businessByHistory/save', 1),
(259, 'Creacion registro Formulario Historia', 'businessByHistory/save', 256, 259, NULL, 1, 'businessByHistory/save', 1),
(260, 'Button Manager- Multmedia Historia', 'businessByHistoryByData/admin', 256, 260, NULL, 1, 'businessByHistoryByData/admin', 1),
(261, 'ADMIN GRID- Multmedia Historia', 'businessByHistoryByData/admin', 260, 261, NULL, 1, 'businessByHistoryByData/admin', 1),
(262, 'Update registro Formulario Multmedia Historia', 'businessByHistoryByData/save', 260, 262, NULL, 1, 'businessByHistoryByData/save', 1),
(263, 'Creacion registro Formulario Multmedia Historia', 'businessByHistoryByData/save', 260, 263, NULL, 1, 'businessByHistoryByData/save', 1),
(264, 'Mision/Vision', 'businessByInformationCustom/admin', 237, 264, NULL, 1, 'businessByInformationCustom/admin', 1),
(265, 'ADMIN GRID- Mision/Vision', 'businessByInformationCustom/admin', 264, 265, NULL, 1, 'businessByInformationCustom/admin', 1),
(266, 'Update registro Formulario Mision/Vision', 'businessByInformationCustom/save', 264, 266, NULL, 1, 'businessByInformationCustom/save', 1),
(267, 'Creacion registro Formulario Mision/Vision', 'businessByInformationCustom/save', 264, 267, NULL, 1, 'businessByInformationCustom/save', 1),
(268, 'Counters', 'businessCounterCustom/admin', 237, 268, NULL, 1, 'businessCounterCustom/admin', 1),
(269, 'ADMIN GRID- Counters', 'businessCounterCustomByData/admin', 268, 269, NULL, 1, 'businessCounterCustomByData/admin', 1),
(270, 'Update registro Formulario Counters', 'businessCounterCustom/save', 268, 270, NULL, 1, 'businessCounterCustom/save', 1),
(271, 'Creacion registro Formulario Counters', 'businessCounterCustom/save', 268, 271, NULL, 1, 'businessCounterCustom/save', 1),
(272, 'Button Manager- Multmedia Counters', 'businessCounterCustomByData/admin', 268, 272, NULL, 1, 'businessCounterCustomByData/admin', 1),
(273, 'ADMIN GRID- Datos Counters', 'businessCounterCustomByData/admin', 272, 273, NULL, 1, 'businessCounterCustomByData/admin', 1),
(274, 'Update registro Formulario Datos Counters', 'businessCounterCustomByData/save', 272, 274, NULL, 1, 'businessCounterCustomByData/save', 1),
(275, 'Creacion registro Formulario Datos Counters', 'businessCounterCustomByData/save', 272, 275, NULL, 1, 'businessCounterCustomByData/save', 1),
(276, 'Empresas Aliadas', 'businessByPartnerCompanies/admin', 237, 276, NULL, 1, 'businessByPartnerCompanies/admin', 1),
(277, 'ADMIN GRID- Empresas Aliadas', 'businessByPartnerCompanies/admin', 276, 277, NULL, 1, 'businessByPartnerCompanies/admin', 1),
(278, 'Update registro Formulario Empresas Aliadas', 'businessByPartnerCompanies/save', 276, 278, NULL, 1, 'businessByPartnerCompanies/save', 1),
(279, 'Creacion registro Formulario Empresas Aliadas', 'businessByPartnerCompanies/save', 276, 279, NULL, 1, 'businessByPartnerCompanies/save', 1),
(280, 'RRHH', '#', NULL, 280, 'fa fa-sitemap', 1, '#', 1),
(281, 'Departamentos', 'business/humanResourcesDepartment/admin', 280, 281, NULL, 1, 'business/humanResourcesDepartment/admin', 1),
(282, 'ADMIN GRID - Departamentos', 'business/humanResourcesDepartment/admin', NULL, 282, NULL, 1, 'business/humanResourcesDepartment/admin', 1),
(283, 'Update registro Formulario Departamentos', 'business/humanResourcesDepartment/save', NULL, 283, NULL, 1, 'business/humanResourcesDepartment/save', 1),
(284, 'Creacion registro Formulario Departamentos', 'business/humanResourcesDepartment/save', NULL, 284, NULL, 1, 'business/humanResourcesDepartment/save', 1),
(285, 'Personal', 'business/humanResourcesEmployeeProfile/admin', 280, 285, NULL, 1, 'business/humanResourcesEmployeeProfile/admin', 1),
(286, 'ADMIN GRID - Personal', 'business/humanResourcesEmployeeProfile/admin', 285, 286, NULL, 1, 'business/humanResourcesEmployeeProfile/admin', 1),
(287, 'Update registro Formulario Personal', 'business/humanResourcesEmployeeProfile/save', 285, 287, NULL, 1, 'business/humanResourcesEmployeeProfile/save', 1),
(288, 'Creacion registro Formulario Personal', 'business/humanResourcesEmployeeProfile/save', 285, 288, NULL, 1, 'business/humanResourcesEmployeeProfile/save', 1),
(289, 'Obtencion de datos o Formulario Departamentos Personal', 'business/humanResourcesDepartment/listAll', 285, 289, NULL, 1, 'business/humanResourcesDepartment/listAll', 1),
(290, 'Button Manager- Direcciones Personal', 'business/informationAddress/admin', 285, 290, NULL, 1, 'business/informationAddress/admin', 1),
(291, 'ADMIN GRID - Direcciones Personal', 'business/informationAddress/admin', 290, 291, NULL, 1, 'business/informationAddress/admin', 1),
(292, 'Update registro Formulario Direcciones Personal', 'business/informationAddress/save', 290, 292, NULL, 1, 'business/informationAddress/save', 1),
(293, 'Creacion registro Formulario Direcciones Personal', 'business/informationAddress/save', 290, 293, NULL, 1, 'business/informationAddress/save', 1),
(294, 'Obtencion datos Tipos de Direccion Formulario Direcciones Personal', 'business/informationAddress/save', 290, 294, NULL, 1, 'business/informationAddress/save', 1),
(295, 'Button Manager- Telefonos Personal', 'business/informationAddress/admin', 285, 295, NULL, 1, 'business/informationAddress/admin', 1),
(296, 'ADMIN GRID - Telefonos Personal', 'business/informationAddress/admin', 295, 296, NULL, 1, 'business/informationAddress/admin', 1),
(297, 'Update registro Formulario Telefonos Personal', 'business/informationAddress/save', 295, 297, NULL, 1, 'business/informationAddress/save', 1),
(298, 'Creacion registro Formulario Telefonos Personal', 'business/informationAddress/save', 295, 298, NULL, 1, 'business/informationAddress/save', 1),
(299, 'Obtencion datos Tipos de Telefonos Formulario Direcciones Personal', 'informationPhoneType/listSelect2', 295, 299, NULL, 1, 'informationPhoneType/listSelect2', 1),
(300, 'Obtencion datos Tipos de Operadoras Formulario Direcciones Personal', 'informationPhoneOperator/listSelect2', 295, 300, NULL, 1, 'informationPhoneOperator/listSelect2', 1),
(301, 'Button Manager- Emails Personal', 'business/informationMail/admin', 285, 301, NULL, 1, 'business/informationMail/admin', 1),
(302, 'ADMIN GRID - Emails Personal', 'business/informationMail/admin', 301, 302, NULL, 1, 'business/informationMail/admin', 1),
(303, 'Update registro Formulario Emails Personal', 'business/informationMail/save', 301, 303, NULL, 1, 'business/informationMail/save', 1),
(304, 'Creacion registro Formulario Emails Personal', 'business/informationMail/save', 301, 304, NULL, 1, 'business/informationMail/save', 1),
(305, 'Obtencion datos Tipos de Emails Formulario Personal', 'informationMailType/listSelect2', 301, 305, NULL, 1, 'informationMailType/listSelect2', 1),
(306, 'Button Manager- Emails Personal', 'business/informationMail/admin', 285, 306, NULL, 1, 'business/informationMail/admin', 1),
(307, 'ADMIN GRID - Emails Personal', 'business/informationMail/admin', 306, 307, NULL, 1, 'business/informationMail/admin', 1),
(308, 'Update registro Formulario Emails Personal', 'business/informationMail/save', 306, 308, NULL, 1, 'business/informationMail/save', 1),
(309, 'Creacion registro Formulario Emails Personal', 'business/informationMail/save', 306, 309, NULL, 1, 'business/informationMail/save', 1),
(310, 'Obtencion datos Tipos de Emails Formulario Personal', 'informationMailType/listSelect2', 306, 310, NULL, 1, 'informationMailType/listSelect2', 1),
(311, 'Button Manager- Redes Sociales Personal', 'business/informationSocialNetwork/admin', 285, 311, NULL, 1, 'business/informationSocialNetwork/admin', 1),
(312, 'ADMIN GRID - Redes Sociales Personal', 'business/informationSocialNetwork/admin', 311, 312, NULL, 1, 'business/informationSocialNetwork/admin', 1),
(313, 'Update registro Formulario Redes Sociales Personal', 'business/informationSocialNetwork/save', 311, 313, NULL, 1, 'business/informationSocialNetwork/save', 1),
(314, 'Creacion registro Formulario Redes Sociales Personal', 'business/informationSocialNetwork/save', 311, 314, NULL, 1, 'business/informationSocialNetwork/save', 1),
(315, 'Obtencion datos Tipos de Redes Sociales Formulario Personal', 'informationSocialNetworkType/listSelect2', 311, 315, NULL, 1, 'informationSocialNetworkType/listSelect2', 1),
(316, 'Button Manager- Usuario Personal', 'business/informationSocialNetwork/admin', 285, 316, NULL, 1, 'business/informationSocialNetwork/admin', 1),
(317, 'ADMIN GRID - Usuario Personal', 'business/informationSocialNetwork/admin', 316, 317, NULL, 1, 'business/informationSocialNetwork/admin', 1),
(318, 'Update registro Formulario Usuario Personal', 'business/businessByEmployeeProfile/save', 316, 318, NULL, 1, 'business/businessByEmployeeProfile/save', 1),
(319, 'Creacion registro Formulario Usuario Personal', 'business/businessByEmployeeProfile/save', 316, 319, NULL, 1, 'business/businessByEmployeeProfile/save', 1),
(320, 'Obtencion datos Tipos de Roles Usuario Formulario Personal', 'business/roles/listAll', 316, 320, NULL, 1, 'business/roles/listAll', 1),
(321, 'Validacion user Usuario Formulario Personal', 'user/unique/username', 316, 321, NULL, 1, 'user/unique/username', 1),
(322, 'Validacion emailUsuario Formulario Personal', 'user/unique/email', 316, 322, NULL, 1, 'user/unique/email', 1),
(323, 'Validacion passwor change Usuario Formulario Personal', 'user/unique/email', 316, 323, NULL, 1, 'user/unique/email', 1),
(324, 'MARKETING', '#', NULL, 324, 'fa fa-sitemap', 1, '#', 1),
(325, 'Plantillas', 'mailingTemplate/admin', 324, 325, NULL, 1, 'mailingTemplate/admin', 1),
(326, 'ADMIN GRID - Plantillas', 'mailingTemplate/admin', 325, 326, NULL, 1, 'mailingTemplate/admin', 1),
(327, 'Update registro Formulario Plantillas', 'mailingTemplate/save', 325, 327, NULL, 1, 'mailingTemplate/save', 1),
(328, 'Creacion registro Formulario Plantillas', 'mailingTemplate/save', 325, 328, NULL, 1, 'mailingTemplate/save', 1),
(329, 'CRM', '#', NULL, 329, 'fas fa-users', 1, '#', 1),
(330, 'Clientes', 'business/customer/admin', 329, 330, NULL, 1, 'business/customer/admin', 1),
(331, 'ADMIN GRID - Clientes', 'business/customer/admin', 330, 331, NULL, 1, 'business/customer/admin', 1),
(332, 'Update registro Formulario Clientes', 'business/customer/save', 330, 332, NULL, 1, 'business/customer/save', 1),
(333, 'Creacion registro Formulario Clientes', 'business/customer/save', 330, 333, NULL, 1, 'business/customer/save', 1),
(334, 'Button Manager- Direcciones Clientes', 'business/informationAddress/admin', 330, 334, NULL, 1, 'business/informationAddress/admin', 1),
(335, 'ADMIN GRID - Direcciones Clientes', 'business/informationAddress/admin', 334, 335, NULL, 1, 'business/informationAddress/admin', 1),
(336, 'Update registro Formulario Direcciones Clientes', 'business/informationAddress/save', 334, 336, NULL, 1, 'business/informationAddress/save', 1),
(337, 'Creacion registro Formulario Direcciones Clientes', 'business/informationAddress/save', 334, 337, NULL, 1, 'business/informationAddress/save', 1),
(338, 'Obtencion datos Tipos de Direccion Formulario Direcciones Clientes', 'business/informationAddress/save', 334, 338, NULL, 1, 'business/informationAddress/save', 1),
(339, 'Button Manager- Telefonos Clientes', 'business/informationAddress/admin', 330, 339, NULL, 1, 'business/informationAddress/admin', 1),
(340, 'ADMIN GRID - Telefonos Clientes', 'business/informationAddress/admin', 339, 340, NULL, 1, 'business/informationAddress/admin', 1),
(341, 'Update registro Formulario Telefonos Clientes', 'business/informationAddress/save', 339, 341, NULL, 1, 'business/informationAddress/save', 1),
(342, 'Creacion registro Formulario Telefonos Clientes', 'business/informationAddress/save', 339, 342, NULL, 1, 'business/informationAddress/save', 1),
(343, 'Obtencion datos Tipos de Telefonos Formulario Direcciones Clientes', 'informationPhoneType/listSelect2', 339, 343, NULL, 1, 'informationPhoneType/listSelect2', 1),
(344, 'Obtencion datos Tipos de Operadoras Formulario Direcciones Clientes', 'informationPhoneOperator/listSelect2', 339, 344, NULL, 1, 'informationPhoneOperator/listSelect2', 1),
(345, 'Button Manager- Emails Clientes', 'business/informationMail/admin', 330, 345, NULL, 1, 'business/informationMail/admin', 1),
(346, 'ADMIN GRID - Emails Clientes', 'business/informationMail/admin', 345, 346, NULL, 1, 'business/informationMail/admin', 1),
(347, 'Update registro Formulario Emails Clientes', 'business/informationMail/save', 345, 347, NULL, 1, 'business/informationMail/save', 1),
(348, 'Creacion registro Formulario Emails Clientes', 'business/informationMail/save', 345, 348, NULL, 1, 'business/informationMail/save', 1),
(349, 'Obtencion datos Tipos de Emails Formulario Clientes', 'informationMailType/listSelect2', 345, 349, NULL, 1, 'informationMailType/listSelect2', 1),
(350, 'Button Manager- Emails Clientes', 'business/informationMail/admin', 330, 350, NULL, 1, 'business/informationMail/admin', 1),
(351, 'ADMIN GRID - Emails Clientes', 'business/informationMail/admin', 350, 351, NULL, 1, 'business/informationMail/admin', 1),
(352, 'Update registro Formulario Emails Clientes', 'business/informationMail/save', 350, 352, NULL, 1, 'business/informationMail/save', 1),
(353, 'Creacion registro Formulario Emails Clientes', 'business/informationMail/save', 350, 353, NULL, 1, 'business/informationMail/save', 1),
(354, 'Obtencion datos Tipos de Emails Formulario Clientes', 'informationMailType/listSelect2', 350, 354, NULL, 1, 'informationMailType/listSelect2', 1),
(355, 'Button Manager- Redes Sociales Clientes', 'business/informationSocialNetwork/admin', 330, 355, NULL, 1, 'business/informationSocialNetwork/admin', 1),
(356, 'ADMIN GRID - Redes Sociales Clientes', 'business/informationSocialNetwork/admin', 355, 356, NULL, 1, 'business/informationSocialNetwork/admin', 1),
(357, 'Update registro Formulario Redes Sociales Clientes', 'business/informationSocialNetwork/save', 355, 357, NULL, 1, 'business/informationSocialNetwork/save', 1),
(358, 'Creacion registro Formulario Redes Sociales Clientes', 'business/informationSocialNetwork/save', 355, 358, NULL, 1, 'business/informationSocialNetwork/save', 1),
(359, 'Obtencion datos Tipos de Redes Sociales Formulario Clientes', 'informationSocialNetworkType/listSelect2', 355, 359, NULL, 1, 'informationSocialNetworkType/listSelect2', 1),
(360, 'Button Manager- Enviar Correos Clientes', 'business/customer/adminEmails', 330, 360, NULL, 1, 'business/customer/adminEmails', 1),
(361, 'ADMIN GRID - Emails Clientes', 'business/customer/adminEmails', 360, 361, NULL, 1, 'business/customer/adminEmails', 1),
(362, 'Send registro Formulario Email Clientes', 'mailingByDataSend/saveDataSend', 360, 362, NULL, 1, 'mailingByDataSend/saveDataSend', 1),
(363, 'Datos Plantillas registro Formulario Clientes', 'mailingTemplate/listSelect2', 360, 363, NULL, 1, 'mailingTemplate/listSelect2', 1),
(364, 'Button Manager- Ubicacion Clientes', 'business/customer/listAllInformationAddress', 330, 364, NULL, 1, 'business/customer/listAllInformationAddress', 1),
(365, 'Datos Personas Clientes registro Formulario Ubicacion Clientes', 'business/customer/listS2InformationAddress', 364, 365, NULL, 1, 'business/customer/listS2InformationAddress', 1),
(366, 'Rutas-Mapas', '#', NULL, 366, 'fa fa-map-signs', 1, '#', 1),
(367, 'Chakiñanes', 'business/routes/adminBusiness', 366, 367, NULL, 1, 'business/routes/adminBusiness', 1),
(368, 'ADMIN GRID - Chakiñanes', 'business/routes/adminBusiness', 367, 368, NULL, 1, 'business/routes/adminBusiness', 1),
(369, 'Update registro Formulario Chakiñanes', 'business/routes/saveBusiness', 367, 369, NULL, 1, 'business/routes/saveBusiness', 1),
(370, 'Creacion registro Formulario Chakiñanes', 'business/routes/saveBusiness', 367, 370, NULL, 1, 'business/routes/saveBusiness', 1),
(371, 'Galeria Markers', 'business/panorama/adminBusiness', 366, 371, NULL, 1, 'business/panorama/adminBusiness', 1),
(372, 'ADMIN GRID - Galeria Markers', 'business/panorama/adminBusiness', 371, 372, NULL, 1, 'business/panorama/adminBusiness', 1),
(373, 'Update registro Formulario Galeria Markers', 'business/panorama/saveToBusiness', 371, 373, NULL, 1, 'business/panorama/saveToBusiness', 1),
(374, 'Creacion registro Formulario Galeria Markers', 'business/panorama/saveToBusiness', 371, 374, NULL, 1, 'business/panorama/saveToBusiness', 1),
(375, 'Datos Markers Chakinianes registro Formulario Galeria Markers', 'business/routes/markers/select', 371, 375, NULL, 1, 'business/routes/markers/select', 1),
(376, 'Tienda', '#', NULL, 376, 'fas fa-clipboard', 1, '#', 1),
(377, 'Productos', 'product/admin', 376, 377, NULL, 1, 'product/admin', 1),
(378, 'ADMIN GRID - Productos', 'product/admin', 377, 378, NULL, 1, 'product/admin', 1),
(379, 'Update registro Formulario Productos', 'product/save', 377, 379, NULL, 1, 'product/save', 1),
(380, 'Creacion registro Formulario Productos', 'product/save', 377, 380, NULL, 1, 'product/save', 1),
(381, 'Datos Marcas registro Formulario Productos', 'productTrademark/listSelect2', 377, 381, NULL, 1, 'productTrademark/listSelect2', 1),
(382, 'Datos Categorias registro Formulario Productos', 'productCategory/listSelect2', 377, 382, NULL, 1, 'productCategory/listSelect2', 1),
(383, 'Datos Subcategorias registro Formulario Productos', 'productSubcategory/listSelect2', 377, 383, NULL, 1, 'productSubcategory/listSelect2', 1),
(384, 'Datos Medida registro Formulario Productos', 'productMeasureType/listSelect2', 377, 384, NULL, 1, 'productMeasureType/listSelect2', 1),
(385, 'Datos Tamanio registro Formulario Productos', 'productSizes/listSelect2', 377, 385, NULL, 1, 'productSizes/listSelect2', 1),
(386, 'Datos Colores registro Formulario Productos', 'productColor/listSelect2', 377, 386, NULL, 1, 'productColor/listSelect2', 1),
(387, 'Button Manager- Inventario Administracion', 'product/saveDataInputOutput', 377, 387, NULL, 1, 'product/saveDataInputOutput', 1),
(388, 'Button Manager- Galeria Productos', 'productByMultimedia/admin', 377, 388, NULL, 1, 'productByMultimedia/admin', 1),
(389, 'ADMIN GRID - Galeria Productos', 'productByMultimedia/admin', 388, 389, NULL, 1, 'productByMultimedia/admin', 1),
(390, 'Update registro Formulario Galeria Productos', 'productByMultimedia/save', 388, 390, NULL, 1, 'productByMultimedia/save', 1),
(391, 'Creacion registro Formulario Galeria Productos', 'productByMultimedia/save', 388, 391, NULL, 1, 'productByMultimedia/save', 1),
(392, 'Button Manager- Croquis Producto', 'productByRouteMap/getRouteProduct', 377, 392, NULL, 1, 'productByRouteMap/getRouteProduct', 1),
(393, 'Update registro Formulario Croquis Producto', 'productByRouteMap/save', 392, 393, NULL, 1, 'productByRouteMap/save', 1),
(394, 'Creacion registro Formulario Croquis Producto', 'productByRouteMap/save', 392, 394, NULL, 1, 'productByRouteMap/save', 1),
(395, 'Datos CHASQUIS registro Formulario Productos', 'routesMap/listSelect2', 392, 395, NULL, 1, 'routesMap/listSelect2', 1),
(396, 'eLIMINAR CHASQUIS registro Formulario Productos', 'productByRouteMap/deleteRouteProduct', 392, 396, NULL, 1, 'productByRouteMap/deleteRouteProduct', 1),
(397, 'Button Manager- Traduccion Producto', 'languageProduct/admin', 377, 397, NULL, 1, 'languageProduct/admin', 1),
(398, 'Update registro Formulario Traduccion Producto', 'languageProduct/save', 397, 398, NULL, 1, 'languageProduct/save', 1),
(399, 'Creacion registro Formulario Traduccion Producto', 'languageProduct/save', 397, 399, NULL, 1, 'languageProduct/save', 1),
(400, 'Datos Idiomas registro Formulario Traduccion Producto', 'language/listSelect2', 397, 400, NULL, 1, 'language/listSelect2', 1),
(401, 'Eliminar Idiomas registro Formulario Traduccion Producto', 'languageProduct/delete', 377, 401, NULL, 1, 'languageProduct/delete', 1),
(402, 'Desc. Productos', 'businessByDiscount/admin', 376, 402, NULL, 1, 'businessByDiscount/admin', 1),
(403, 'ADMIN GRID - Desc. Productos', 'businessByDiscount/admin', 402, 403, NULL, 1, 'businessByDiscount/admin', 1),
(404, 'Update registro Formulario Desc. Productos', 'businessByDiscount/save', 402, 404, NULL, 1, 'businessByDiscount/save', 1),
(405, 'Creacion registro Formulario Desc. Productos', 'businessByDiscount/save', 402, 405, NULL, 1, 'businessByDiscount/save', 1),
(406, 'Datos Get Data Update registro Formulario Desc. Productos', 'discountByProducts/detailsProducts', 402, 406, NULL, 1, 'discountByProducts/detailsProducts', 1),
(407, 'Datos Admin registro Formulario Productos', 'discountByProducts/adminProducts', 402, 407, NULL, 1, 'discountByProducts/adminProducts', 1),
(414, 'Servicios', 'productService/admin', 376, 408, NULL, 1, 'productService/admin', 1),
(415, 'ADMIN GRID - Servicios', 'productService/admin', 414, 409, NULL, 1, 'productService/admin', 1),
(416, 'Update registro Formulario Servicios', 'productService/save', 414, 410, NULL, 1, 'productService/save', 1),
(417, 'Creacion registro Formulario Servicios', 'productService/save', 414, 411, NULL, 1, 'productService/save', 1),
(418, 'Datos Marcas registro Formulario Servicios', 'productTrademark/listSelect2', 414, 412, NULL, 1, 'productTrademark/listSelect2', 1),
(419, 'Datos Categorias registro Formulario Servicios', 'productCategory/listSelect2', 414, 413, NULL, 1, 'productCategory/listSelect2', 1),
(420, 'Datos Subcategorias registro Formulario Servicios', 'productSubcategory/listSelect2', 414, 414, NULL, 1, 'productSubcategory/listSelect2', 1),
(421, 'Datos Medida registro Formulario Servicios', 'productMeasureType/listSelect2', 414, 415, NULL, 1, 'productMeasureType/listSelect2', 1),
(422, 'Eccomerce', 'orderPaymentsManager/admin', 376, 416, NULL, 1, 'orderPaymentsManager/admin', 1),
(423, 'ADMIN GRID - Eccomerce', 'productService/admin', 422, 417, NULL, 1, 'productService/admin', 1),
(424, 'Buttons Manager- Configuracion de Tienda Diseño y Estructura', 'businessByInventoryManagement/admin', 422, 418, NULL, 1, 'businessByInventoryManagement/admin', 1),
(425, 'Update registro Formulario Configuracion de Tienda Diseño y Estructura', 'businessByInventoryManagement/saveData', 424, 419, NULL, 1, 'businessByInventoryManagement/saveData', 1);
INSERT INTO `actions` (`id`, `name`, `link`, `parent_id`, `weight`, `icon`, `type`, `description`, `type_item`) VALUES
(426, 'Creacion registro Formulario Configuracion de Tienda Diseño y Estructura', 'businessByInventoryManagement/saveData', 424, 420, NULL, 1, 'businessByInventoryManagement/saveData', 1),
(427, 'Buttons Manager- Configuracion Subcategorias Publicidad', 'businessByInventoryManagementSubcategory/getAdmin', 422, 421, NULL, 1, 'businessByInventoryManagementSubcategory/getAdmin', 1),
(428, 'ADMIN GRID - Configuracion Subcategorias Publicidad', 'businessByInventoryManagementSubcategory/getAdmin', 427, 422, NULL, 1, 'businessByInventoryManagementSubcategory/getAdmin', 1),
(429, 'Update registro Formulario Configuracion Subcategorias Publicidad', 'businessByInventoryManagementSubcategory/saveData', 427, 423, NULL, 1, 'businessByInventoryManagementSubcategory/saveData', 1),
(430, 'Creacion registro Formulario Configuracion Subcategorias Publicidad', 'businessByInventoryManagementSubcategory/saveData', 427, 424, NULL, 1, 'businessByInventoryManagementSubcategory/saveData', 1),
(431, 'Datos Subcategorias Productos registro Formulario Configuracion Subcategorias Publicidad', 'productSubcategory/listSelect2Config', 427, 425, NULL, 1, 'productSubcategory/listSelect2Config', 1),
(432, 'Buttons Manager Grid- Ver Pedido', 'businessByInventoryManagementSubcategory/getAdmin', 427, 426, NULL, 1, 'businessByInventoryManagementSubcategory/getAdmin', 1),
(433, 'Buttons Manager Grid- Manager Pedido', 'orderPaymentsManager/changeStateBankOrder', 422, 427, NULL, 1, 'orderPaymentsManager/changeStateBankOrder', 1),
(434, 'REalizar Entrega registro Formulario Manager Pedido', 'orderPaymentsManager/deliverOrder', 433, 428, NULL, 1, 'orderPaymentsManager/deliverOrder', 1),
(435, 'Creacion De verificacion de deposito registro Formulario Manager Pedido', 'orderPaymentsManager/changeStateBankOrder', 433, 429, NULL, 1, 'orderPaymentsManager/changeStateBankOrder', 1),
(436, 'Gamificacion', '#', NULL, 430, 'fas fa-gamepad', 1, '#', 1),
(437, 'Tipos de Actividad', 'gamificationTypeActivity/admin', 436, 431, NULL, 1, 'gamificationTypeActivity/admin', 1),
(438, 'ADMIN GRID - Tipos de Actividad', 'gamificationTypeActivity/admin', 437, 432, NULL, 1, 'gamificationTypeActivity/admin', 1),
(439, 'Update registro Formulario Tipos de Actividad', 'gamificationTypeActivity/save', 437, 433, NULL, 1, 'gamificationTypeActivity/save', 1),
(440, 'Creacion registro Formulario Tipos de Actividad', 'gamificationTypeActivity/save', 437, 434, NULL, 1, 'gamificationTypeActivity/save', 1),
(441, 'Administracion', 'businessByGamification/admin', 436, 435, NULL, 1, 'businessByGamification/admin', 1),
(442, 'ADMIN GRID - Administracion', 'businessByGamification/admin', 441, 436, NULL, 1, 'businessByGamification/admin', 1),
(443, 'Update registro Formulario Administracion', 'businessByGamification/save', 441, 437, NULL, 1, 'businessByGamification/save', 1),
(444, 'Creacion registro Formulario Administracion', 'businessByGamification/save', 441, 438, NULL, 1, 'businessByGamification/save', 1),
(445, 'Buttons Manager- Administracion Puntos', 'gamificationByProcess/admin', 441, 439, NULL, 1, 'gamificationByProcess/admin', 1),
(446, 'ADMIN GRID - Administracion Puntos', 'gamificationByProcess/admin', 445, 440, NULL, 1, 'gamificationByProcess/admin', 1),
(447, 'Update registro Formulario Administracion Puntos', 'gamificationByProcess/save', 445, 441, NULL, 1, 'gamificationByProcess/save', 1),
(448, 'Creacion registro Formulario Administracion Puntos', 'gamificationByProcess/save', 445, 442, NULL, 1, 'gamificationByProcess/save', 1),
(449, 'Datos tIPOS DE actividad registro Formulario Administracion Puntos', 'gamificationTypeActivity/listSelect2', 445, 443, NULL, 1, 'gamificationTypeActivity/listSelect2', 1),
(450, 'Buttons Manager- Administracion Premios', 'gamificationByRewards/admin', 441, 444, NULL, 1, 'gamificationByRewards/admin', 1),
(451, 'ADMIN GRID - Administracion Premios', 'gamificationByRewards/admin', 450, 445, NULL, 1, 'gamificationByRewards/admin', 1),
(452, 'Update registro Formulario Administracion Premios', 'gamificationByRewards/save', 450, 446, NULL, 1, 'gamificationByRewards/save', 1),
(453, 'Creacion registro Formulario Administracion Premios', 'gamificationByRewards/save', 450, 447, NULL, 1, 'gamificationByRewards/save', 1),
(454, 'Datos Productos registro Formulario Administracion Premios', 'business/products/listSelect2', 450, 448, NULL, 1, 'business/products/listSelect2', 1),
(455, 'Datos Servicios registro Formulario Administracion Premios', 'business/products/listSelect2', NULL, 449, NULL, 1, 'business/products/listSelect2', 1),
(456, 'Pagina Web', 'templateInformation/admin', NULL, 450, 'fab fa-html5', 1, 'templateInformation/admin', 0),
(457, 'ADMIN GRID - Pagina Web', 'templateInformation/admin', 456, 451, NULL, 1, 'templateInformation/admin', 1),
(458, 'Update registro Formulario Pagina Web', 'templateInformation/save', 456, 452, NULL, 1, 'templateInformation/save', 1),
(459, 'Creacion registro Formulario Pagina Web', 'templateInformation/save', 456, 453, NULL, 1, 'templateInformation/save', 1),
(460, 'Buttons Manager- Administracion Web', 'frontend/manager', 456, 454, NULL, 1, 'frontend/manager', 1),
(461, 'Gestion de Reparacion', '#', NULL, 455, 'fas fa-toolbox', 1, '#', 1),
(462, 'Partes/Otros', 'repairProductByBusiness/admin', 461, 456, NULL, 1, 'repairProductByBusiness/admin', 1),
(463, 'ADMIN GRID - Partes/Otros', 'product/admin', 462, 457, NULL, 1, 'product/admin', 1),
(464, 'Update registro Formulario Partes/Otros', 'repairProductByBusiness/save', 462, 458, NULL, 1, 'repairProductByBusiness/save', 1),
(465, 'Creacion registro Formulario Partes/Otros', 'repairProductByBusiness/save', 462, 459, NULL, 1, 'repairProductByBusiness/save', 1),
(466, 'Reparaciones', 'repairProductByBusiness/admin', 461, 460, NULL, 1, 'repairProductByBusiness/admin', 1),
(467, 'ADMIN GRID - Reparaciones', 'product/admin', 466, 461, NULL, 1, 'product/admin', 1),
(468, 'Update registro Formulario Reparaciones', 'repairProductByBusiness/save', 466, 462, NULL, 1, 'repairProductByBusiness/save', 1),
(469, 'Creacion registro Formulario Reparaciones', 'repairProductByBusiness/save', 466, 463, NULL, 1, 'repairProductByBusiness/save', 1),
(470, 'Datos Clientes registro Formulario Reparaciones', 'business/customer/listRepair', 466, 464, NULL, 1, 'business/customer/listRepair', 1),
(471, 'Datos Partes registro Formulario Reparaciones', 'repairProductByBusiness/listSelect2', 466, 465, NULL, 1, 'repairProductByBusiness/listSelect2', 1),
(472, 'Datos Marcas registro Formulario Reparaciones', 'productTrademark/listSelect2', 466, 466, NULL, 1, 'productTrademark/listSelect2', 1),
(473, 'Datos Colores registro Formulario Reparaciones', 'productColor/listSelect2', 466, 467, NULL, 1, 'productColor/listSelect2', 1),
(474, 'Datos Log Formulario Reparaciones', 'repair/getResults', 466, 468, NULL, 1, 'repair/getResults', 1),
(475, 'Clinica', '#', NULL, 469, 'far fa-hospital', 1, '#', 1),
(476, 'Alergias', 'allergies/admin', 475, 470, NULL, 1, 'allergies/admin', 1),
(477, 'ADMIN GRID - Alergias', 'allergies/admin', 476, 471, NULL, 1, 'allergies/admin', 1),
(478, 'Update registro Formulario Alergias', 'allergies/save', 476, 472, NULL, 1, 'allergies/save', 1),
(479, 'Creacion registro Formulario Alergias', 'allergies/save', 476, 473, NULL, 1, 'allergies/save', 1),
(480, 'Habitos', 'habits/admin', 475, 474, NULL, 1, 'habits/admin', 1),
(481, 'ADMIN GRID - Habitos', 'habits/admin', 480, 475, NULL, 1, 'habits/admin', 1),
(482, 'Update registro Formulario Habitos', 'habits/save', 480, 476, NULL, 1, 'habits/save', 1),
(483, 'Creacion registro Formulario Habitos', 'habits/save', 480, 477, NULL, 1, 'habits/save', 1),
(484, 'Pacientes', 'patient/admin', 475, 478, NULL, 1, 'patient/admin', 1),
(485, 'ADMIN GRID - Pacientes', 'patient/admin', 484, 479, NULL, 1, 'patient/admin', 1),
(486, 'Update registro Formulario Pacientes', 'historyClinic/saveDataProfilePatient', 484, 480, NULL, 1, 'historyClinic/saveDataProfilePatient', 1),
(487, 'Creacion registro Formulario Pacientes', 'historyClinic/saveDataProfilePatient', 484, 481, NULL, 1, 'historyClinic/saveDataProfilePatient', 1),
(488, 'Buttons Manager- Historial Clinico', 'gamificationByRewards/admin', 484, 482, NULL, 1, 'gamificationByRewards/admin', 1),
(489, 'Historia Clinica-Paciente', 'historyClinic/getDataHistoryClinicLog', 484, 483, NULL, 1, 'historyClinic/getDataHistoryClinicLog', 1),
(490, 'Historia Clinica-Paciente- Obtencion Datos Historial de Paciente', 'historyClinic/getDataHistoryClinicLog', 489, 484, NULL, 1, 'historyClinic/getDataHistoryClinicLog', 1),
(491, 'Historia Clinica-Antecedentes', 'antecedentByHistoryClinic/admin', 484, 485, NULL, 1, 'antecedentByHistoryClinic/admin', 1),
(492, 'Historia Clinica-Antecedentes Admin', 'antecedentByHistoryClinic/admin', 491, 486, NULL, 1, 'antecedentByHistoryClinic/admin', 1),
(493, 'Historia Clinica-Antecedentes Registrar', 'antecedentByHistoryClinic/save', 491, 487, NULL, 1, 'antecedentByHistoryClinic/save', 1),
(494, 'Historia Clinica-Antecedentes Actualizar', 'antecedentByHistoryClinic/save', 491, 488, NULL, 1, 'antecedentByHistoryClinic/save', 1),
(495, 'Historia Clinica-Consulta', 'medicalConsultationByPatient/admin', 484, 489, NULL, 1, 'medicalConsultationByPatient/admin', 1),
(496, 'Historia Clinica-Consulta Admin', 'medicalConsultationByPatient/admin', 495, 490, NULL, 1, 'medicalConsultationByPatient/admin', 1),
(497, 'Historia Clinica-ConsultaRegistrar', 'medicalConsultationByPatient/save', 495, 491, NULL, 1, 'medicalConsultationByPatient/save', 1),
(498, 'Historia Clinica-ConsultaActualizar', 'medicalConsultationByPatient/save', 495, 492, NULL, 1, 'medicalConsultationByPatient/save', 1),
(499, 'Historia Clinica-Tratamientos', 'treatmentByPatient/admin', 484, 493, NULL, 1, 'treatmentByPatient/admin', 1),
(500, 'Historia Clinica - TratamientosAdmin', 'treatmentByPatient/admin', 499, 494, NULL, 1, 'treatmentByPatient/admin', 1),
(501, 'Historia Clinica- Tratamientos Registrar', 'treatmentByPatient/save', 499, 495, NULL, 1, 'treatmentByPatient/save', 1),
(502, 'Historia Clinica - Tratamientos Actualizar', 'treatmentByPatient/save', 499, 496, NULL, 1, 'treatmentByPatient/save', 1),
(503, 'Historia Clinica - Tratamientos Datos Obtencion Servicios', 'product/getProductService', 499, 497, NULL, 1, 'product/getProductService', 1),
(504, 'Historia Clinica-Odontograma', 'odontogramByPatient/admin', 484, 498, NULL, 1, 'odontogramByPatient/admin', 1),
(505, 'Historia Clinica - Odontograma Admin', 'odontogramByPatient/admin', 504, 499, NULL, 1, 'odontogramByPatient/admin', 1),
(506, 'Historia Clinica- OdontogramaRegistrar', 'odontogramByPatient/save', 504, 500, NULL, 1, 'odontogramByPatient/save', 1),
(507, 'Historia Clinica - Obtencion Datos Registro', 'dentalPieceByOdontogram/list/byOdontogramodontogramId', 504, 501, NULL, 1, 'dentalPieceByOdontogram/list/byOdontogramodontogramId', 1),
(508, 'Historia Clinica - Odontograma Actualizar', 'odontogramByPatient/save', 504, 502, NULL, 1, 'odontogramByPatient/save', 1),
(509, 'Historia Clinica - Odontograma Datos Referencia Pieza', 'referencePiece/list/select', 504, 503, NULL, 1, 'referencePiece/list/select', 1),
(510, 'Hoteleria', '#', NULL, 504, 'fa fa-building', 1, '#', 1),
(511, 'Tipos de Habitacion', 'business/lodgingTypeOfRoom/admin', 510, 505, NULL, 1, 'business/lodgingTypeOfRoom/admin', 1),
(512, 'ADMIN GRID - Tipos de Habitacion', 'business/lodgingTypeOfRoom/admin', NULL, 506, NULL, 1, 'business/lodgingTypeOfRoom/admin', 1),
(513, 'Update registro Formulario Tipos de Habitacion', 'business/lodgingTypeOfRoom/save', NULL, 507, NULL, 1, 'business/lodgingTypeOfRoom/save', 1),
(514, 'Creacion registro Formulario Tipos de Habitacion', 'business/lodgingTypeOfRoom/save', NULL, 508, NULL, 1, 'business/lodgingTypeOfRoom/save', 1),
(515, 'Nivel de Habitacion', 'business/lodgingRoomLevels/admin', 510, 509, NULL, 1, 'business/lodgingRoomLevels/admin', 1),
(516, 'ADMIN GRID - Nivel de Habitacion', 'business/lodgingRoomLevels/admin', NULL, 510, NULL, 1, 'business/lodgingRoomLevels/admin', 1),
(517, 'Update registro Formulario Nivel de Habitacion', 'business/lodgingRoomLevels/save', NULL, 511, NULL, 1, 'business/lodgingRoomLevels/save', 1),
(518, 'Creacion registro Formulario Nivel de Habitacion', 'business/lodgingRoomLevels/save', NULL, 512, NULL, 1, 'business/lodgingRoomLevels/save', 1),
(519, 'Caracteristicas Habitaciones', 'business/lodgingRoomFeatures/admin', 510, 513, NULL, 1, 'business/lodgingRoomFeatures/admin', 1),
(520, 'ADMIN GRID - Caracteristicas Habitaciones', 'business/lodgingRoomFeatures/admin', NULL, 514, NULL, 1, 'business/lodgingRoomFeatures/admin', 1),
(521, 'Update registro Formulario Caracteristicas Habitaciones', 'business/lodgingRoomFeatures/save', NULL, 515, NULL, 1, 'business/lodgingRoomFeatures/save', 1),
(522, 'Creacion registro Formulario Caracteristicas Habitaciones', 'business/lodgingRoomFeatures/save', NULL, 516, NULL, 1, 'business/lodgingRoomFeatures/save', 1),
(523, 'Habitaciones', 'business/lodgingTypeOfRoomByPrice/admin', 510, 517, NULL, 1, 'business/lodgingTypeOfRoomByPrice/admin', 1),
(524, 'ADMIN GRID - Habitaciones', 'business/lodgingTypeOfRoomByPrice/admin', 523, 518, NULL, 1, 'business/lodgingTypeOfRoomByPrice/admin', 1),
(525, 'Update registro Formulario Habitaciones', 'business/lodgingTypeOfRoomByPrice/save', 523, 519, NULL, 1, 'business/lodgingTypeOfRoomByPrice/save', 1),
(526, 'Creacion registro Formulario Habitaciones', 'business/lodgingTypeOfRoomByPrice/save', 523, 520, NULL, 1, 'business/lodgingTypeOfRoomByPrice/save', 1),
(527, 'Habitaciones Datos Obtencion de Tipos de Habitacion', 'business/lodgingTypeOfRoom/listSelect2', 523, 521, NULL, 1, 'business/lodgingTypeOfRoom/listSelect2', 1),
(528, 'Habitaciones Datos Obtencion de Niveles de Habitacion', 'business/lodgingRoomLevels/listSelect2', 523, 522, NULL, 1, 'business/lodgingRoomLevels/listSelect2', 1),
(529, 'Habitaciones Datos Obtencion de Caracteristicas de Habitacion', 'business/lodgingRoomFeatures/listSelect2', 523, 523, NULL, 1, 'business/lodgingRoomFeatures/listSelect2', 1),
(530, 'Recepcion', 'business/lodging/adminBusiness', 523, 524, NULL, 1, 'business/lodging/adminBusiness', 1),
(531, 'ADMIN GRID - Recepcion', 'business/lodging/adminBusiness', 523, 525, NULL, 1, 'business/lodging/adminBusiness', 1),
(532, 'Update registro Formulario Recepcion', 'business/lodging/saveBusiness', 523, 526, NULL, 1, 'business/lodging/saveBusiness', 1),
(533, 'Creacion registro Formulario Recepcion', 'business/lodging/saveBusiness', 523, 527, NULL, 1, 'business/lodging/saveBusiness', 1),
(534, 'Recepcion Datos Obtencion de Clientes Registrados', 'business/customer/listSelect2NotLodging', 523, 528, NULL, 1, 'business/customer/listSelect2NotLodging', 1),
(535, 'Buttons Manager- Gestion de Pagos', 'business/lodgingByPayment/savePayment', 530, 529, NULL, 1, 'business/lodgingByPayment/savePayment', 1),
(536, 'Creacion registro Formulario Gestion de Pagos', 'business/lodgingByPayment/savePayment', 535, 530, NULL, 1, 'business/lodgingByPayment/savePayment', 1),
(537, 'Buttons Manager- Recopilacion Informativa', 'business/lodgingByArrived/saveArrived', 530, 531, NULL, 1, 'business/lodgingByArrived/saveArrived', 1),
(538, 'Creacion registro Formulario Recopilacion Informativa', 'business/lodgingByArrived/saveArrived', 537, 532, NULL, 1, 'business/lodgingByArrived/saveArrived', 1),
(539, 'Buttons Manager- Asignacion de Habitaciones', 'business/lodgingByTypeOfRoom/saveBusiness', 530, 533, NULL, 1, 'business/lodgingByTypeOfRoom/saveBusiness', 1),
(540, 'Creacion registro Formulario Asignacion de Habitaciones', 'business/lodgingByTypeOfRoom/saveBusiness', 539, 534, NULL, 1, 'business/lodgingByTypeOfRoom/saveBusiness', 1),
(541, 'Buttons Manager- Entrega de Habitaciones', 'business/lodging/delivery', 530, 535, NULL, 1, 'business/lodging/delivery', 1),
(542, 'Creacion registro Formulario Entrega de Habitaciones', 'business/lodging/delivery', 541, 536, NULL, 1, 'business/lodging/delivery', 1),
(543, 'Manager- Habitaciones Recepcion', 'business/lodgingTypeOfRoomByPrice/adminReception', 530, 537, NULL, 1, 'business/lodgingTypeOfRoomByPrice/adminReception', 1),
(544, 'ADMIN Habitaciones Recepcion', 'business/lodgingTypeOfRoomByPrice/adminReception', 543, 538, NULL, 1, 'business/lodgingTypeOfRoomByPrice/adminReception', 1),
(545, 'Creacion registro Formulario Manager- Habitaciones Entrega', 'business/lodgingTypeOfRoomByPrice/saveReception', 543, 539, NULL, 1, 'business/lodgingTypeOfRoomByPrice/saveReception', 1),
(546, 'Reportes Estadisticos', 'business/lodging/results', 510, 540, NULL, 1, 'business/lodging/results', 1),
(547, 'Obtencion de Datos - Reportes Estadisticos', 'business/lodging/results', 546, 541, NULL, 1, 'business/lodging/results', 1),
(548, 'Gestion Formularios\n', '#', NULL, 542, 'fa fa-list', 1, '#', 1),
(549, 'Tipos', 'business/educationalInstitutionAskwerType/admin', 548, 543, NULL, 1, 'business/educationalInstitutionAskwerType/admin', 1),
(550, 'ADMIN GRID - Tipos', 'business/educationalInstitutionAskwerType/admin', 549, 544, NULL, 1, 'business/educationalInstitutionAskwerType/admin', 1),
(551, 'Update registro Formulario Tipos', 'business/educationalInstitutionAskwerType/save', 549, 545, NULL, 1, 'business/educationalInstitutionAskwerType/save', 1),
(552, 'Creacion registro Formulario Tipos', 'business/educationalInstitutionAskwerType/save', 549, 546, NULL, 1, 'business/educationalInstitutionAskwerType/save', 1),
(553, 'Formularios', 'business/educationalInstitutionByBusiness/admin', 548, 547, NULL, 1, 'business/educationalInstitutionByBusiness/admin', 1),
(554, 'ADMIN GRID - Formularios', 'business/educationalInstitutionByBusiness/admin', 553, 548, NULL, 1, 'business/educationalInstitutionByBusiness/admin', 1),
(555, 'Update registro Formulario Formularios', 'business/educationalInstitutionByBusiness/dataAskwer', 553, 549, NULL, 1, 'business/educationalInstitutionByBusiness/dataAskwer', 1),
(556, 'Creacion registro Formulario Formularios', 'business/educationalInstitutionByBusiness/save', 553, 550, NULL, 1, 'business/educationalInstitutionByBusiness/save', 1),
(557, 'Datos Obtencion de Tipos de Formulario Formularios', 'business/educationalInstitutionAskwerType/listSelect2', 553, 551, NULL, 1, 'business/educationalInstitutionAskwerType/listSelect2', 1),
(558, 'Buttons Manager- Ver Formularios', 'business/educationalInstitutionByBusiness/dataAskwerForm', 553, 552, NULL, 1, 'business/educationalInstitutionByBusiness/dataAskwerForm', 1),
(559, 'Buttons Manager- Guardar Formularios', 'business/askwerForm/saveAskwer', 553, 553, NULL, 1, 'business/askwerForm/saveAskwer', 1),
(560, 'Buttons Manager- Resultados Formularios', 'business/askwerForm/getDataSolutionsAskwer', 553, 554, NULL, 1, 'business/askwerForm/getDataSolutionsAskwer', 1),
(561, 'Eventos Deportes\n', '#', NULL, 555, 'fa fa-calendar', 1, '#', 1),
(562, 'Eventos Deportes\n', 'eventsTrailsProject/admin', 561, 556, NULL, 1, 'eventsTrailsProject/admin', 1),
(563, 'ADMIN GRID - Eventos Deportes', 'eventsTrailsProject/admin', 562, 557, NULL, 1, 'eventsTrailsProject/admin', 1),
(564, 'Update registro Formulario Eventos Deportes', 'business/educationalInstitutionByBusiness/dataAskwer', 562, 558, NULL, 1, 'business/educationalInstitutionByBusiness/dataAskwer', 1),
(565, 'Creacion registro Formulario Eventos Deportes', 'business/educationalInstitutionByBusiness/save', 562, 559, NULL, 1, 'business/educationalInstitutionByBusiness/save', 1),
(566, 'Datos Obtencion de Tipos de Formulario Formularios', 'business/educationalInstitutionAskwerType/listSelect2', 562, 560, NULL, 1, 'business/educationalInstitutionAskwerType/listSelect2', 1),
(567, 'Buttons Manager- Administracion Eventos', 'eventsTrailsProject/manager', 561, 561, NULL, 1, 'eventsTrailsProject/manager', 1),
(568, 'Dashboard', 'frontend/manager', NULL, 562, 'remixicon-dashboard-line', 1, 'frontend/manager', 0),
(569, 'Sliders', '#', NULL, 563, 'fas fa-business-time', 1, '#', 1),
(570, 'Principal', 'templateSlider/admin', 569, 564, NULL, 1, 'templateSlider/admin', 1),
(571, 'ADMIN GRID-Principal', 'templateSlider/admin', 570, 565, NULL, 1, 'templateSlider/admin', 1),
(572, 'Update registro Formulario Principal', 'templateSlider/save', 570, 566, NULL, 1, 'templateSlider/save', 1),
(573, 'Creacion registro Formulario Principal', 'templateSlider/save', 570, 567, NULL, 1, 'templateSlider/save', 1),
(574, 'Button Manager- Agregar Fotografias Principal', 'templateSliderByImages/admin', 570, 568, NULL, 1, 'templateSliderByImages/admin', 1),
(575, 'ADMIN GRID-Agregar Fotografias Principal', 'templateSliderByImages/admin', 574, 569, NULL, 1, 'templateSliderByImages/admin', 1),
(576, 'Update registro Formulario Agregar Fotografias Principal', 'templateSliderByImages/save', 574, 570, NULL, 1, 'templateSliderByImages/save', 1),
(577, 'Creacion registro Formulario Agregar Fotografias Principal', 'templateSliderByImages/save', 574, 571, NULL, 1, 'templateSliderByImages/save', 1),
(578, 'Button Manager- Traduccion Administracion Fotografias Principal', 'languageTemplateSliderByImages/admin', 570, 572, NULL, 1, 'languageTemplateSliderByImages/admin', 1),
(579, 'ADMIN GRID- Traduccion Administracion Fotografias Principal', 'languageTemplateSliderByImages/admin', 578, 573, NULL, 1, 'languageTemplateSliderByImages/admin', 1),
(580, 'Update registro Formulario Traduccion Administracion Fotografias Principal', 'languageTemplateSliderByImages/save', 578, 574, NULL, 1, 'languageTemplateSliderByImages/save', 1),
(581, 'Creacion registro Formulario Traduccion Administracion Fotografias Principal', 'languageTemplateSliderByImages/save', 578, 575, NULL, 1, 'languageTemplateSliderByImages/save', 1),
(582, 'Obtencion de datos o Formulario Traduccion Administracion Fotografias Principal', 'language/listSelect2', 578, 576, NULL, 1, 'language/listSelect2', 1),
(583, 'Delete registro Formulario Traduccion Administracion Fotografias Principal', 'languageTemplateSliderByImages/delete', 578, 577, NULL, 1, 'languageTemplateSliderByImages/delete', 1),
(584, 'Actividades Gamificacion', 'templateSlider/adminActivitiesGamification', 569, 578, NULL, 1, 'templateSlider/adminActivitiesGamification', 1),
(585, 'ADMIN GRID-Actividades Gamificacion', 'templateSlider/adminActivitiesGamification', 584, 579, NULL, 1, 'templateSlider/adminActivitiesGamification', 1),
(586, 'Update registro Formulario Actividades Gamificacion', 'templateSlider/saveActivitiesGamification', 584, 580, NULL, 1, 'templateSlider/saveActivitiesGamification', 1),
(587, 'Creacion registro Formulario Actividades Gamificacion', 'templateSlider/saveActivitiesGamification', 584, 581, NULL, 1, 'templateSlider/saveActivitiesGamification', 1),
(588, 'Button Manager- Agregar Fotografias Actividades Gamificacion', 'templateSliderByImages/adminActivitiesGamification', 584, 582, NULL, 1, 'templateSliderByImages/adminActivitiesGamification', 1),
(589, 'ADMIN GRID- Agregar Fotografias Actividades Gamificacion', 'templateSliderByImages/adminActivitiesGamification', 588, 583, NULL, 1, 'templateSliderByImages/adminActivitiesGamification', 1),
(590, 'Update registro Formulario Agregar Fotografias Actividades Gamificacion', 'templateSliderByImages/saveActivitiesGamification', 588, 584, NULL, 1, 'templateSliderByImages/saveActivitiesGamification', 1),
(591, 'Creacion registro Formulario Agregar Fotografias Actividades Gamificacion', 'templateSliderByImages/saveActivitiesGamification', 588, 585, NULL, 1, 'templateSliderByImages/saveActivitiesGamification', 1),
(592, 'Button Manager- Traduccion Administracion Fotografias Actividades Gamificacion', 'languageTemplateSliderByImages/adminActivitiesGamification', 588, 586, NULL, 1, 'languageTemplateSliderByImages/adminActivitiesGamification', 1),
(593, 'ADMIN GRID- Traduccion Administracion Fotografias Actividades Gamificacion', 'languageTemplateSliderByImages/adminActivitiesGamification', 592, 587, NULL, 1, 'languageTemplateSliderByImages/adminActivitiesGamification', 1),
(594, 'Update registro Formulario Traduccion Administracion Fotografias Actividades Gamificacion', 'languageTemplateSliderByImages/saveActivitiesGamification', 592, 588, NULL, 1, 'languageTemplateSliderByImages/saveActivitiesGamification', 1),
(595, 'Creacion registro Formulario Traduccion Administracion Fotografias Actividades Gamificacion', 'languageTemplateSliderByImages/saveActivitiesGamification', 592, 589, NULL, 1, 'languageTemplateSliderByImages/saveActivitiesGamification', 1),
(596, 'Obtencion de datos o Formulario Traduccion Administracion Fotografias Actividades Gamificacion', 'language/listSelect2', 592, 590, NULL, 1, 'language/listSelect2', 1),
(597, 'Delete registro Formulario Traduccion Administracion Fotografias Actividades Gamificacion', 'languageTemplateSliderByImages/delete', 592, 591, NULL, 1, 'languageTemplateSliderByImages/delete', 1),
(598, 'Premios Gamificacion', 'templateSlider/adminRewardsGamification', 569, 592, NULL, 1, 'templateSlider/adminRewardsGamification', 1),
(599, 'ADMIN GRID-Premios Gamificacion', 'templateSlider/adminRewardsGamification', 598, 593, NULL, 1, 'templateSlider/adminRewardsGamification', 1),
(600, 'Update registro Formulario Premios Gamificacion', 'templateSlider/saveRewardsGamification', 598, 594, NULL, 1, 'templateSlider/saveRewardsGamification', 1),
(601, 'Creacion registro Formulario Premios Gamificacion', 'templateSlider/saveRewardsGamification', 598, 595, NULL, 1, 'templateSlider/saveRewardsGamification', 1),
(602, 'Button Manager- Agregar Fotografias Premios Gamificacion', 'templateSliderByImages/adminActivitiesGamification', 598, 596, NULL, 1, 'templateSliderByImages/adminActivitiesGamification', 1),
(603, 'ADMIN GRID- Agregar Fotografias Premios Gamificacion', 'templateSliderByImages/adminRewardsGamification', 602, 597, NULL, 1, 'templateSliderByImages/adminRewardsGamification', 1),
(604, 'Update registro Formulario Agregar Fotografias Premios Gamificacion', 'templateSliderByImages/saveRewardsGamification', 602, 598, NULL, 1, 'templateSliderByImages/saveRewardsGamification', 1),
(605, 'Creacion registro Formulario Agregar Fotografias Premios Gamificacion', 'templateSliderByImages/saveRewardsGamification', 602, 599, NULL, 1, 'templateSliderByImages/saveRewardsGamification', 1),
(606, 'Button Manager- Traduccion Administracion Fotografias Premios Gamificacion', 'languageTemplateSliderByImages/adminRewardsGamification', 602, 600, NULL, 1, 'languageTemplateSliderByImages/adminRewardsGamification', 1),
(607, 'ADMIN GRID- Traduccion Administracion Fotografias Actividades Gamificacion', 'languageTemplateSliderByImages/adminRewardsGamification', 606, 601, NULL, 1, 'languageTemplateSliderByImages/adminRewardsGamification', 1),
(608, 'Update registro Formulario Traduccion Administracion Fotografias Premios Gamificacion', 'languageTemplateSliderByImages/saveRewardsGamification', 606, 602, NULL, 1, 'languageTemplateSliderByImages/saveRewardsGamification', 1),
(609, 'Creacion registro Formulario Traduccion Administracion Fotografias Premios Gamificacion', 'languageTemplateSliderByImages/saveRewardsGamification', 606, 603, NULL, 1, 'languageTemplateSliderByImages/saveRewardsGamification', 1),
(610, 'Obtencion de datos o Formulario Traduccion Administracion Fotografias Premios Gamificacion', 'language/listSelect2', 606, 604, NULL, 1, 'language/listSelect2', 1),
(611, 'Delete registro Formulario Traduccion Administracion Fotografias Premios Gamificacion', 'languageTemplateSliderByImages/delete', 606, 605, NULL, 1, 'languageTemplateSliderByImages/delete', 1),
(612, 'Secciones Pagina', '#', NULL, 606, 'fas fa-sitemap', 1, '#', 1),
(613, 'Quienes Somos', 'templateAboutUs/admin', 612, 607, NULL, 1, 'templateAboutUs/admin', 1),
(614, 'ADMIN GRID-Quienes Somos', 'templateAboutUs/admin', 613, 608, NULL, 1, 'templateAboutUs/admin', 1),
(615, 'Update registro Formulario Quienes Somos', 'templateAboutUs/save', 613, 609, NULL, 1, 'templateAboutUs/save', 1),
(616, 'Creacion registro Formulario Quienes Somos', 'templateAboutUs/save', 613, 610, NULL, 1, 'templateAboutUs/save', 1),
(617, 'Button Manager- Agregar Fotografias Quienes Somos', 'templateAboutUsByData/admin', 613, 611, NULL, 1, 'templateAboutUsByData/admin', 1),
(618, 'ADMIN GRID-Agregar Fotografias Quienes Somos', 'templateAboutUsByData/admin', 617, 612, NULL, 1, 'templateAboutUsByData/admin', 1),
(619, 'Update registro Formulario Agregar Fotografias Quienes Somos', 'templateAboutUsByData/save', 617, 613, NULL, 1, 'templateAboutUsByData/save', 1),
(620, 'Creacion registro Formulario Agregar Fotografias Quienes Somos', 'templateAboutUsByData/save', 617, 614, NULL, 1, 'templateAboutUsByData/save', 1),
(621, 'Button Manager- Traduccion Administracion Fotografias Quienes Somos', 'languageTemplateAboutUsByData/admin', 617, 615, NULL, 1, 'languageTemplateAboutUsByData/admin', 1),
(622, 'ADMIN GRID- Traduccion Administracion Fotografias Quienes Somos', 'languageTemplateAboutUsByData/admin', 621, 616, NULL, 1, 'languageTemplateAboutUsByData/admin', 1),
(623, 'Update registro Formulario Traduccion Administracion Fotografias Quienes Somos', 'languageTemplateAboutUsByData/save', 621, 617, NULL, 1, 'languageTemplateAboutUsByData/save', 1),
(624, 'Creacion registro Formulario Traduccion Administracion Fotografias Quienes Somos', 'languageTemplateAboutUsByData/save', 621, 618, NULL, 1, 'languageTemplateAboutUsByData/save', 1),
(625, 'Obtencion de datos o Formulario Traduccion Administracion Fotografias Quienes Somos', 'language/listSelect2', 621, 619, NULL, 1, 'language/listSelect2', 1),
(626, 'Delete registro Formulario Traduccion Administracion Fotografias Quienes Somos', 'languageTemplateAboutUsByData/delete', 621, 620, NULL, 1, 'languageTemplateAboutUsByData/delete', 1),
(627, 'Button Manager- Traduccion Quienes Somos', 'languageTemplateAboutUs/admin', 617, 621, NULL, 1, 'languageTemplateAboutUs/admin', 1),
(628, 'ADMIN GRID- Traduccion Administracion Quienes Somos', 'languageTemplateAboutUs/admin', 627, 622, NULL, 1, 'languageTemplateAboutUs/admin', 1),
(629, 'Update registro Formulario Traduccion Administracion Quienes Somos', 'languageTemplateAboutUs/save', 627, 623, NULL, 1, 'languageTemplateAboutUs/save', 1),
(630, 'Creacion registro Formulario Traduccion Administracion Quienes Somos', 'languageTemplateAboutUs/save', 627, 624, NULL, 1, 'languageTemplateAboutUs/save', 1),
(631, 'Obtencion de datos o Formulario Traduccion Administracion Quienes Somos', 'language/listSelect2', 627, 625, NULL, 1, 'language/listSelect2', 1),
(632, 'Delete registro Formulario Traduccion Administracion Quienes Somos', 'languageTemplateAboutUs/delete', 627, 626, NULL, 1, 'languageTemplateAboutUs/delete', 1),
(633, 'Politicas/Terminos', 'templatePolicies/admin', 612, 627, NULL, 1, 'templatePolicies/admin', 1),
(634, 'ADMIN GRID-Politicas/Terminos', 'templatePolicies/admin', 633, 628, NULL, 1, 'templatePolicies/admin', 1),
(635, 'Update registro Formulario Politicas/Terminos', 'templatePolicies/save', 633, 629, NULL, 1, 'templatePolicies/save', 1),
(636, 'Creacion registro Formulario Politicas/Terminos', 'templatePolicies/save', 633, 630, NULL, 1, 'templatePolicies/save', 1),
(637, 'Button Manager- Traduccion Politicas/Terminos', 'languageTemplatePolicies/admin', 633, 631, NULL, 1, 'languageTemplatePolicies/admin', 1),
(638, 'ADMIN GRID- Traduccion Administracion Politicas/Terminos', 'languageTemplatePolicies/admin', 637, 632, NULL, 1, 'languageTemplatePolicies/admin', 1),
(639, 'Update registro Formulario Traduccion Administracion Politicas/Terminos', 'languageTemplatePolicies/save', 637, 633, NULL, 1, 'languageTemplatePolicies/save', 1),
(640, 'Creacion registro Formulario Traduccion Administracion Politicas/Terminos', 'languageTemplatePolicies/save', 637, 634, NULL, 1, 'languageTemplatePolicies/save', 1),
(641, 'Obtencion de datos o Formulario Traduccion Administracion Politicas/Terminos', 'language/listSelect2', 637, 635, NULL, 1, 'language/listSelect2', 1),
(642, 'Delete registro Formulario Traduccion Administracion Politicas/Terminos', 'languageTemplatePolicies/delete', 637, 636, NULL, 1, 'languageTemplatePolicies/delete', 1),
(643, 'Servicios', 'templateServices/admin', 612, 637, NULL, 1, 'templateServices/admin', 1),
(644, 'ADMIN GRID-Servicios', 'templateServices/admin', 643, 638, NULL, 1, 'templateServices/admin', 1),
(645, 'Update registro Formulario Servicios', 'templateServices/save\n', 643, 639, NULL, 1, 'templateServices/save\n', 1),
(646, 'Creacion registro Formulario Servicios', 'templateServices/save\n', 643, 640, NULL, 1, 'templateServices/save\n', 1),
(647, 'Button Manager- Agregar Fotografias Servicios', 'templateServicesByData/admin', 643, 641, NULL, 1, 'templateServicesByData/admin', 1),
(648, 'ADMIN GRID-Agregar Fotografias Servicios', 'templateServicesByData/admin', 647, 642, NULL, 1, 'templateServicesByData/admin', 1),
(649, 'Update registro Formulario Agregar Fotografias Servicios', 'templateServicesByData/save', 647, 643, NULL, 1, 'templateServicesByData/save', 1),
(650, 'Creacion registro Formulario Agregar Fotografias Servicios', 'templateServicesByData/save', 647, 644, NULL, 1, 'templateServicesByData/save', 1),
(651, 'Button Manager- Traduccion Administracion Fotografias Servicios', 'languageTemplateServicesByData/admin', 647, 645, NULL, 1, 'languageTemplateServicesByData/admin', 1),
(652, 'ADMIN GRID- Traduccion Administracion Fotografias Servicios', 'languageTemplateServicesByData/admin', 651, 646, NULL, 1, 'languageTemplateServicesByData/admin', 1),
(653, 'Update registro Formulario Traduccion Administracion Fotografias Servicios', 'languageTemplateServicesByData/save', 651, 647, NULL, 1, 'languageTemplateServicesByData/save', 1),
(654, 'Creacion registro Formulario Traduccion Administracion Fotografias Servicios', 'languageTemplateServicesByData/save', 651, 648, NULL, 1, 'languageTemplateServicesByData/save', 1),
(655, 'Obtencion de datos o Formulario Traduccion Administracion Fotografias Servicios', 'language/listSelect2', 651, 649, NULL, 1, 'language/listSelect2', 1),
(656, 'Delete registro Formulario Traduccion Administracion Fotografias Servicios', 'languageTemplateAboutUsByData/delete', 651, 650, NULL, 1, 'languageTemplateAboutUsByData/delete', 1),
(657, 'Button Manager- Traduccion Servicios', 'languageTemplateServicesByData/admin', 643, 651, NULL, 1, 'languageTemplateServicesByData/admin', 1),
(658, 'ADMIN GRID- Traduccion Administracion Servicios', 'languageTemplateServicesByData/admin', 657, 652, NULL, 1, 'languageTemplateServicesByData/admin', 1),
(659, 'Update registro Formulario Traduccion Administracion Servicios', 'languageTemplateServicesByData/save', 657, 653, NULL, 1, 'languageTemplateServicesByData/save', 1),
(660, 'Creacion registro Formulario Traduccion Administracion Servicios', 'languageTemplateServicesByData/save', 657, 654, NULL, 1, 'languageTemplateServicesByData/save', 1),
(661, 'Obtencion de datos o Formulario Traduccion Administracion Servicios', 'language/listSelect2', 657, 655, NULL, 1, 'language/listSelect2', 1),
(662, 'Delete registro Formulario Traduccion Administracion Servicios', 'languageTemplateServicesByData/delete', 657, 656, NULL, 1, 'languageTemplateServicesByData/delete', 1),
(663, 'Noticias', 'templateNews/admin', 612, 657, NULL, 1, 'templateNews/admin', 1),
(664, 'ADMIN GRID-Noticias', 'templateNews/admin', 663, 658, NULL, 1, 'templateNews/admin', 1),
(665, 'Update registro Formulario Noticias', 'templateNews/save\n', 663, 659, NULL, 1, 'templateNews/save\n', 1),
(666, 'Creacion registro Formulario Noticias', 'templateNews/save\n', 663, 660, NULL, 1, 'templateNews/save\n', 1),
(667, 'Button Manager- Agregar Fotografias Noticias', 'templateNewsByData/admin', 663, 661, NULL, 1, 'templateNewsByData/admin', 1),
(668, 'ADMIN GRID-Agregar Fotografias Noticias', 'templateNewsByData/admin', 667, 662, NULL, 1, 'templateNewsByData/admin', 1),
(669, 'Update registro Formulario Agregar Fotografias Noticias', 'templateNewsByData/save', 667, 663, NULL, 1, 'templateNewsByData/save', 1),
(670, 'Creacion registro Formulario Agregar Fotografias Noticias', 'templateNewsByData/save', 667, 664, NULL, 1, 'templateNewsByData/save', 1),
(671, 'Contactanos-Informacion', 'templateContactUs/getContactUsData', 612, 665, NULL, 1, 'templateContactUs/getContactUsData', 1),
(672, 'ADMIN GRID-Contactanos-Informacion', 'templateContactUs/getContactUsData', 671, 666, NULL, 1, 'templateContactUs/getContactUsData', 1),
(673, 'Update registro Formulario Contactanos-Informacion', 'templateContactUs/uploadImage\n', 671, 667, NULL, 1, 'templateContactUs/uploadImage\n', 1),
(674, 'Creacion registro Formulario Contactanos-Informacion', 'templateContactUs/uploadImage\n', 671, 668, NULL, 1, 'templateContactUs/uploadImage\n', 1),
(675, 'Contactanos-Informacion Direccion', 'templateContactUs/getContactUsData', 671, 669, NULL, 1, 'templateContactUs/getContactUsData', 1),
(676, 'ADMIN GRID- Contactanos-Informacion Direccion', 'templateContactUs/getContactUsData', 675, 670, NULL, 1, 'templateContactUs/getContactUsData', 1),
(677, 'Update registro Formulario Contactanos-Informacion Direccion', 'business/saveDataFrontend\n', 675, 671, NULL, 1, 'business/saveDataFrontend\n', 1),
(678, 'Creacion registro Formulario Contactanos-Informacion Direccion', 'business/saveDataFrontend\n', 675, 672, NULL, 1, 'business/saveDataFrontend\n', 1),
(679, 'Contactanos-Redes Sociales', 'templateContactUs/getContactUsData', 671, 673, NULL, 1, 'templateContactUs/getContactUsData', 1),
(680, 'ADMIN GRID- Contactanos- Redes Sociales', 'templateContactUs/getContactUsData', 679, 674, NULL, 1, 'templateContactUs/getContactUsData', 1),
(681, 'Update registro Formulario Contactanos - Redes Sociales', 'informationSocialNetwork/saveFrontend\n', 679, 675, NULL, 1, 'informationSocialNetwork/saveFrontend\n', 1),
(682, 'Creacion registro Formulario Contactanos - Redes Sociales', 'informationSocialNetwork/saveFrontend\n', 679, 676, NULL, 1, 'informationSocialNetwork/saveFrontend\n', 1),
(683, 'Contactanos- Correos Contáctanos', 'templateConfigMailingByEmails/admin', 671, 677, NULL, 1, 'templateConfigMailingByEmails/admin', 1),
(684, 'ADMIN GRID- Contactanos- Correos Contáctanos', 'templateConfigMailingByEmails/admin', 683, 678, NULL, 1, 'templateConfigMailingByEmails/admin', 1),
(685, 'Update registro Formulario Contactanos - Correos Contáctanos', 'templateConfigMailingByEmails/save\n', 683, 679, NULL, 1, 'templateConfigMailingByEmails/save\n', 1),
(686, 'Creacion registro Formulario Contactanos -Correos Contáctanos', 'templateConfigMailingByEmails/save\n', 683, 680, NULL, 1, 'templateConfigMailingByEmails/save\n', 1),
(687, 'Delete registro Formulario Contactanos - Correos Contáctanos', 'templateConfigMailingByEmails/deleteFrontend\n', 683, 681, NULL, 1, 'templateConfigMailingByEmails/deleteFrontend\n', 1),
(688, 'Contactanos- Chat Facebook Configuración', 'templateChatApi/save', 671, 682, NULL, 1, 'templateChatApi/save', 1),
(689, 'ADMIN GRID- Contactanos- Chat Facebook Configuración', 'templateConfigMailingByEmails/admin', 688, 683, NULL, 1, 'templateConfigMailingByEmails/admin', 1),
(690, 'Update registro Formulario Contactanos - Chat Facebook Configuración', 'templateChatApi/save\n', 688, 684, NULL, 1, 'templateChatApi/save\n', 1),
(691, 'Creacion registro Formulario Contactanos - Chat Facebook Configuración', 'templateChatApi/save\n', 688, 685, NULL, 1, 'templateChatApi/save\n', 1),
(692, 'Configuraciones', '#', NULL, 686, 'fa fa-cog', 1, '#', 1),
(693, 'Imagenes-Logo Header Principal', 'templateBySource/getSourcesTypesData', 692, 687, NULL, 1, 'templateBySource/getSourcesTypesData', 1),
(694, 'ADMIN GRID-Logo Header Principal', 'templateBySource/getSourcesTypesData', 693, 688, NULL, 1, 'templateBySource/getSourcesTypesData', 1),
(695, 'Update registro Formulario Logo Header Principal', 'templateBySource/save', 693, 689, NULL, 1, 'templateBySource/save', 1),
(696, 'Creacion registro Formulario Logo Header Principal', 'templateBySource/save', 693, 690, NULL, 1, 'templateBySource/save', 1),
(697, 'Imagenes-Favicon', 'templateBySource/getSourcesTypesData', 692, 691, NULL, 1, 'templateBySource/getSourcesTypesData', 1),
(698, 'ADMIN GRID-Favicon', 'templateBySource/getSourcesTypesData', 697, 692, NULL, 1, 'templateBySource/getSourcesTypesData', 1),
(699, 'Update registro Formulario Favicon', 'templateBySource/save', 697, 693, NULL, 1, 'templateBySource/save', 1),
(700, 'Creacion registro Formulario Favicon', 'templateBySource/save', 697, 694, NULL, 1, 'templateBySource/save', 1),
(701, 'Formas de Pago', 'templatePayments/admin', 692, 695, NULL, 1, 'templatePayments/admin', 1),
(702, 'ADMIN GRID- Formas de Pago', 'templatePayments/admin', 701, 696, NULL, 1, 'templatePayments/admin', 1),
(703, 'Update registro Formulario Formas de Pago', 'templatePayments/save', 701, 697, NULL, 1, 'templatePayments/save', 1),
(704, 'Creacion registro Formulario Formas de Pago', 'templatePayments/save', 701, 698, NULL, 1, 'templatePayments/save', 1),
(705, 'Dashboard', 'managerDashboard', NULL, 699, 'remixicon-dashboard-line', 1, 'managerDashboard', 0),
(706, 'Configuracion', '#', NULL, 700, 'fa fa-cog', 1, '#', 1),
(707, 'Equipos', 'eventsTrailsTypeTeams/admin', 706, 701, NULL, 1, 'eventsTrailsTypeTeams/admin', 1),
(708, 'ADMIN GRID-Equipos', 'eventsTrailsTypeTeams/admin', 707, 702, NULL, 1, 'eventsTrailsTypeTeams/admin', 1),
(709, 'Update registro Formulario Equipos', 'eventsTrailsTypeTeams/save', 707, 703, NULL, 1, 'eventsTrailsTypeTeams/save', 1),
(710, 'Creacion registro Formulario Equipos', 'eventsTrailsTypeTeams/save', 707, 704, NULL, 1, 'eventsTrailsTypeTeams/save', 1),
(711, 'Categorias', 'eventsTrailsTypeOfCategories/admin', 706, 705, NULL, 1, 'eventsTrailsTypeOfCategories/admin', 1),
(712, 'ADMIN GRID-Categorias', 'eventsTrailsTypeOfCategories/admin', 711, 706, NULL, 1, 'eventsTrailsTypeOfCategories/admin', 1),
(713, 'Update registro Formulario Categorias', 'eventsTrailsTypeOfCategories/save', 711, 707, NULL, 1, 'eventsTrailsTypeOfCategories/save', 1),
(714, 'Creacion registro Formulario Categorias', 'eventsTrailsTypeOfCategories/save', 711, 708, NULL, 1, 'eventsTrailsTypeOfCategories/save', 1),
(715, 'Distancias', 'eventsTrailsDistances/admin', 706, 709, NULL, 1, 'eventsTrailsDistances/admin', 1),
(716, 'ADMIN GRID-Distancias', 'eventsTrailsDistances/admin', 715, 710, NULL, 1, 'eventsTrailsDistances/admin', 1),
(717, 'Update registro Formulario Distancias', 'eventsTrailsDistances/save', 715, 711, NULL, 1, 'eventsTrailsDistances/save', 1),
(718, 'Creacion registro Formulario Distancias', 'eventsTrailsDistances/save', 715, 712, NULL, 1, 'eventsTrailsDistances/save', 1),
(719, 'Obtencion Valores Formulario Equipos', 'eventsTrailsTypeTeams/listSelect2', 715, 713, NULL, 1, 'eventsTrailsTypeTeams/listSelect2', 1),
(720, 'Kits', 'eventsTrailsByKit/admin', 706, 714, NULL, 1, 'eventsTrailsByKit/admin', 1),
(721, 'ADMIN GRID-Kits', 'eventsTrailsByKit/admin', 720, 715, NULL, 1, 'eventsTrailsByKit/admin', 1),
(722, 'Update registro Formulario Kits', 'eventsTrailsByKit/save', 720, 716, NULL, 1, 'eventsTrailsByKit/save', 1),
(723, 'Creacion registro Formulario Kits', 'eventsTrailsByKit/save', 720, 717, NULL, 1, 'eventsTrailsByKit/save', 1),
(724, 'Obtencion Valores Prendas Piezas Formulario Kits', 'product/events/getProductService', 720, 718, NULL, 1, 'product/events/getProductService', 1),
(725, 'Puntos de Venta', 'eventsTrailsRegistrationPoints/admin', 706, 719, NULL, 1, 'eventsTrailsRegistrationPoints/admin', 1),
(726, 'ADMIN GRID- Puntos de Venta', 'eventsTrailsRegistrationPoints/admin', 725, 720, NULL, 1, 'eventsTrailsRegistrationPoints/admin', 1),
(727, 'Update registro Formulario Puntos de Venta', 'eventsTrailsRegistrationPoints/save', 725, 721, NULL, 1, 'eventsTrailsRegistrationPoints/save', 1),
(728, 'Creacion registro Formulario Puntos de Venta', 'eventsTrailsRegistrationPoints/save', 725, 722, NULL, 1, 'eventsTrailsRegistrationPoints/save', 1),
(729, 'Obtencion Valores Empresas Puntos de Venta', 'business/managementBusinessEvents', 725, 723, NULL, 1, 'business/managementBusinessEvents', 1),
(730, 'Button Manager-Eliminar', 'eventsTrailsRegistrationPoints/deletePointSale', 725, 724, NULL, 1, 'eventsTrailsRegistrationPoints/deletePointSale', 1),
(731, 'Button Manager-Administracion pagos', 'getDataPaymentsManagementEvent', 725, 725, NULL, 1, 'getDataPaymentsManagementEvent', 1),
(732, 'Menu Frontend', 'businessByMenuManagementFrontend/admin', 237, 726, NULL, 1, 'businessByMenuManagementFrontend/admin', 1),
(733, 'ADMIN GRID - Menu Frontend', 'businessByMenuManagementFrontend/admin', 732, 727, NULL, 1, 'businessByMenuManagementFrontend/admin', 1),
(734, 'Update registro Formulario Menu Frontend', 'businessByMenuManagementFrontend/save', 732, 728, NULL, 1, 'businessByMenuManagementFrontend/save', 1),
(735, 'Creacion registro Formulario Menu Frontend', 'businessByMenuManagementFrontend/save', 732, 729, NULL, 1, 'businessByMenuManagementFrontend/save', 1),
(736, 'Obtencion Valores Formulario Menu Frontend', 'businessByMenuManagementFrontend/listActionsParent', 732, 730, NULL, 1, 'businessByMenuManagementFrontend/listActionsParent', 1),
(737, 'Ofertas Academicas Slider\n', 'businessByAcademicOfferings/admin', 237, 731, NULL, 1, 'businessByAcademicOfferings/admin', 1),
(738, 'ADMIN GRID - Ofertas Academicas Slider\n', 'businessByAcademicOfferings/admin', 737, 732, NULL, 1, 'businessByAcademicOfferings/admin', 1),
(739, 'Update registro Formulario Ofertas Academicas Slider\n', 'businessByAcademicOfferings/save', 737, 733, NULL, 1, 'businessByAcademicOfferings/save', 1),
(740, 'Creacion registro Formulario Ofertas Academicas Slider\n', 'businessByAcademicOfferings/save', 737, 734, NULL, 1, 'businessByAcademicOfferings/save', 1),
(741, 'Obtencion Valores Formulario Ofertas Academicas Slider\n', 'businessByMenuManagementFrontend/listActionsParent', 737, 735, NULL, 1, 'businessByMenuManagementFrontend/listActionsParent', 1),
(742, 'Buttons Manager- Administracion Ofertas Datos', 'businessAcademicOfferingsByData/admin', 237, 736, NULL, 1, 'businessAcademicOfferingsByData/admin', 1),
(743, 'ADMIN GRID - Administracion Ofertas Datos\n', 'businessAcademicOfferingsByData/admin', 742, 737, NULL, 1, 'businessAcademicOfferingsByData/admin', 1),
(744, 'Update registro Formulario Administracion Ofertas Datos', 'businessAcademicOfferingsByData/save', 742, 738, NULL, 1, 'businessAcademicOfferingsByData/save', 1),
(745, 'Creacion registro Formulario Administracion Ofertas Datos\n', 'businessAcademicOfferingsByData/save', 742, 739, NULL, 1, 'businessAcademicOfferingsByData/save', 1),
(746, 'Ofertas Academicas \n', 'businessByAcademicOfferingsInstitution/admin\n', 237, 740, NULL, 1, 'businessByAcademicOfferings/admin', 1),
(747, 'ADMIN GRID - Ofertas Academicas', 'businessByAcademicOfferingsInstitution/admin', 746, 741, NULL, 1, 'businessByAcademicOfferings/admin', 1),
(748, 'Update registro Formulario Ofertas Academicas', 'businessByAcademicOfferingsInstitution/save', 746, 742, NULL, 1, 'businessByAcademicOfferings/save', 1),
(749, 'Creacion registro Formulario Ofertas Academicas \n', 'businessByAcademicOfferingsInstitution/save', 746, 743, NULL, 1, 'businessByAcademicOfferings/save', 1),
(750, 'Preguntas Frecuentes\n', 'businessByFrequentQuestion/admin\n', 237, 744, NULL, 1, 'businessByFrequentQuestion/admin\n', 1),
(751, 'ADMIN GRID - Preguntas Frecuentes\n', 'businessByFrequentQuestion/admin', 750, 745, NULL, 1, 'businessByFrequentQuestion/admin', 1),
(752, 'Update registro Formulario Preguntas Frecuentes\n', 'businessByFrequentQuestion/save', 750, 746, NULL, 1, 'businessByFrequentQuestion/save', 1),
(753, 'Creacion registro Formulario Preguntas Frecuentes\n', 'businessByFrequentQuestion/save', 750, 747, NULL, 1, 'businessByFrequentQuestion/save', 1),
(754, 'Requerimientos\n', 'businessByRequirements/admin\n', 237, 748, NULL, 1, 'businessByRequirements/admin\n', 1),
(755, 'ADMIN GRID - Requerimientos\n', 'businessByRequirements/admin', 754, 749, NULL, 1, 'businessByRequirements/admin', 1),
(756, 'Update registro Formulario Requerimientos\n', 'businessByRequirements/save', 754, 750, NULL, 1, 'businessByRequirements/save', 1),
(757, 'Creacion registro Formulario Requerimientos\n', 'businessByRequirements/save', 754, 751, NULL, 1, 'businessByRequirements/save', 1),
(758, 'Cuenta', '#', NULL, 726, 'fas fa-business-time', 1, '#', 1),
(759, 'Tablero', 'account', 732, 727, 'NULL', 1, 'account', 1),
(760, 'ADMIN Information Perfil', 'myProfile', 732, 728, 'NULL', 1, 'myProfile', 1),
(761, 'Creacion/Actualizacion registro Perfil', 'customerProfile/save', 732, 729, 'NULL', 1, 'customerProfile/save', 1),
(762, 'ADMIN Pasword', 'password', 732, 730, 'NULL', 1, 'password', 1),
(763, 'Creacion/Actualizacion registro Contrasenia', 'user/save/changePassword', 732, 731, 'NULL', 1, 'user/save/changePassword', 1),
(764, 'ADMIN Pasword', 'suggestionsMailBox', 732, 732, 'NULL', 1, 'suggestionsMailBox', 1),
(765, 'Administracion Meetclic', '#', NULL, 733, 'fas fa-business-time', 1, '#', 1),
(766, 'Mis Negocios Manager', 'business', 739, 734, 'NULL', 1, 'business', 1),
(767, 'ADMIN GRID- Mis Negocios', 'business/admin', 739, 735, 'NULL', 1, 'business/admin', 1),
(768, 'Update registro Formulario Mis Negocios', 'business/save', 739, 736, 'NULL', 1, 'business/save', 1),
(769, 'Creacion registro Formulario Mis Negocios', 'business/save', 739, 737, 'NULL', 1, 'business/save', 1),
(770, 'Button Manager- Manager Business', 'managerBusiness', 740, 738, 'NULL', 1, 'managerBusiness', 1),
(771, 'ADMIN GRID- Empresas Amigas', 'listingsQueen', 739, 739, 'NULL', 1, 'listingsQueen', 1),
(772, 'ADMIN GRID- Amigos', 'bee', 739, 740, 'NULL', 1, 'bee', 1),
(773, 'ADMIN GRID- Mis Sugerencias', 'reviewsTo', 739, 741, 'NULL', 1, 'reviewsTo', 1),
(774, 'Puntos de Venta Manager', 'pointsSales', 739, 742, 'NULL', 1, 'pointsSales', 1),
(775, 'ADMIN GRID- Puntos de Venta', 'pointsSales/admin', 739, 743, 'NULL', 1, 'pointsSales/admin', 1),
(776, 'Update registro Formulario Puntos de Venta', 'pointsSales/save', 739, 744, 'NULL', 1, 'pointsSales/save', 1),
(777, 'Creacion registro Formulario Puntos de Venta', 'pointsSales/save', 739, 745, 'NULL', 1, 'pointsSales/save', 1),
(778, 'Historiales', '#', NULL, 746, 'fas fa-business-time', 1, '#', 1),
(779, 'Ordenes Manager', 'orders', 752, 747, 'NULL', 1, 'orders', 1),
(780, 'ADMIN GRID- Ordenes', 'orderPaymentsManager/adminCustomers', 752, 748, 'NULL', 1, 'orderPaymentsManager/adminCustomers', 1);
INSERT INTO `actions` (`id`, `name`, `link`, `parent_id`, `weight`, `icon`, `type`, `description`, `type_item`) VALUES
(781, 'Update registro Formulario  Ordenes', 'orderPaymentsManager/save', 752, 749, 'NULL', 1, 'orderPaymentsManager/save', 1),
(782, 'Creacion registro Formulario Ordenes', 'orderPaymentsManager/save', 752, 750, 'NULL', 1, 'orderPaymentsManager/save', 1);

--
-- Dumping data for table `actions_by_role`
--

INSERT INTO `actions_by_role` (`id`, `action_id`, `role_id`) VALUES
(1, 235, 4),
(2, 1, 4),
(3, 2, 4),
(4, 3, 4),
(5, 4, 4),
(6, 5, 4),
(7, 6, 4),
(8, 7, 4),
(9, 8, 4),
(10, 9, 4),
(11, 10, 4),
(12, 11, 4),
(13, 12, 4),
(14, 13, 4),
(15, 14, 4),
(16, 15, 4),
(17, 16, 4),
(18, 17, 4),
(19, 18, 4),
(20, 19, 4),
(21, 20, 4),
(22, 21, 4),
(23, 22, 4),
(24, 23, 4),
(25, 24, 4),
(26, 25, 4),
(27, 26, 4),
(28, 27, 4),
(29, 28, 4),
(30, 29, 4),
(31, 30, 4),
(32, 31, 4),
(33, 32, 4),
(34, 33, 4),
(35, 34, 4),
(36, 35, 4),
(37, 36, 4),
(38, 37, 4),
(39, 38, 4),
(40, 39, 4),
(41, 40, 4),
(42, 41, 4),
(43, 42, 4),
(44, 43, 4),
(45, 44, 4),
(46, 45, 4),
(47, 46, 4),
(48, 102, 4),
(49, 103, 4),
(50, 104, 4),
(51, 105, 4),
(52, 106, 4),
(53, 107, 4),
(54, 108, 4),
(55, 109, 4),
(56, 110, 4),
(57, 111, 4),
(58, 112, 4),
(59, 113, 4),
(60, 114, 4),
(61, 115, 4),
(62, 116, 4),
(63, 117, 4),
(64, 118, 4),
(65, 119, 4),
(66, 120, 4),
(67, 121, 4),
(68, 122, 4),
(69, 123, 4),
(70, 124, 4),
(71, 125, 4),
(72, 126, 4),
(73, 127, 4),
(74, 128, 4),
(75, 129, 4),
(76, 130, 4),
(77, 131, 4),
(78, 132, 4),
(79, 133, 4),
(80, 134, 4),
(81, 135, 4),
(82, 136, 4),
(83, 137, 4),
(84, 138, 4),
(85, 139, 4),
(86, 140, 4),
(87, 141, 4),
(88, 142, 4),
(89, 143, 4),
(90, 144, 4),
(91, 145, 4),
(92, 146, 4),
(93, 147, 4),
(94, 148, 4),
(95, 149, 4),
(96, 150, 4),
(97, 151, 4),
(98, 152, 4),
(99, 153, 4),
(100, 154, 4),
(101, 155, 4),
(102, 156, 4),
(103, 157, 4),
(104, 158, 4),
(105, 159, 4),
(106, 160, 4),
(107, 161, 4),
(108, 162, 4),
(109, 163, 4),
(110, 164, 4),
(111, 165, 4),
(112, 166, 4),
(113, 167, 4),
(114, 168, 4),
(115, 169, 4),
(116, 170, 4),
(117, 171, 4),
(118, 172, 4),
(119, 173, 4),
(120, 174, 4),
(121, 236, 4),
(122, 237, 4),
(123, 238, 4),
(124, 239, 4),
(125, 240, 4),
(126, 241, 4),
(127, 242, 4),
(128, 243, 4),
(129, 244, 4),
(130, 245, 4),
(131, 246, 4),
(132, 247, 4),
(133, 732, 4),
(134, 733, 4),
(135, 759, 4),
(136, 734, 4),
(137, 760, 4),
(138, 735, 4),
(139, 761, 4),
(140, 736, 4),
(141, 762, 4),
(142, 763, 4),
(143, 764, 4),
(144, 280, 4),
(145, 281, 4),
(146, 285, 4),
(147, 286, 4),
(148, 287, 4),
(149, 288, 4),
(150, 289, 4),
(151, 290, 4),
(152, 291, 4),
(153, 292, 4),
(154, 293, 4),
(155, 294, 4),
(156, 295, 4),
(157, 296, 4),
(158, 297, 4),
(159, 298, 4),
(160, 299, 4),
(161, 300, 4),
(162, 301, 4),
(163, 302, 4),
(164, 303, 4),
(165, 304, 4),
(166, 305, 4),
(167, 306, 4),
(168, 307, 4),
(169, 308, 4),
(170, 309, 4),
(171, 310, 4),
(172, 311, 4),
(173, 312, 4),
(174, 313, 4),
(175, 314, 4),
(176, 315, 4),
(177, 316, 4),
(178, 317, 4),
(179, 318, 4),
(180, 319, 4),
(181, 320, 4),
(182, 321, 4),
(183, 322, 4),
(184, 323, 4),
(185, 376, 4),
(186, 377, 4),
(187, 378, 4),
(188, 379, 4),
(189, 380, 4),
(190, 381, 4),
(191, 382, 4),
(192, 383, 4),
(193, 384, 4),
(194, 385, 4),
(195, 386, 4),
(196, 387, 4),
(197, 388, 4),
(198, 389, 4),
(199, 390, 4),
(200, 391, 4),
(201, 392, 4),
(202, 393, 4),
(203, 394, 4),
(204, 395, 4),
(205, 396, 4),
(206, 397, 4),
(207, 398, 4),
(208, 399, 4),
(209, 400, 4),
(210, 401, 4),
(211, 402, 4),
(212, 403, 4),
(213, 404, 4),
(214, 405, 4),
(215, 406, 4),
(216, 407, 4),
(217, 414, 4),
(218, 415, 4),
(219, 416, 4),
(220, 417, 4),
(221, 418, 4),
(222, 419, 4),
(223, 420, 4),
(224, 421, 4),
(225, 422, 4),
(226, 423, 4),
(227, 424, 4),
(228, 425, 4),
(229, 426, 4),
(230, 427, 4),
(231, 428, 4),
(232, 429, 4),
(233, 430, 4),
(234, 431, 4),
(235, 432, 4),
(236, 433, 4),
(237, 434, 4),
(238, 435, 4),
(239, 706, 4),
(240, 725, 4),
(241, 726, 4),
(242, 727, 4),
(243, 728, 4),
(244, 729, 4),
(245, 730, 4),
(246, 731, 4),
(247, 758, 4),
(248, 765, 4),
(249, 778, 4),
(250, 235, 2),
(251, 1, 2),
(252, 2, 2),
(253, 3, 2),
(254, 4, 2),
(255, 5, 2),
(256, 6, 2),
(257, 7, 2),
(258, 8, 2),
(259, 9, 2),
(260, 10, 2),
(261, 11, 2),
(262, 12, 2),
(263, 13, 2),
(264, 14, 2),
(265, 15, 2),
(266, 16, 2),
(267, 17, 2),
(268, 18, 2),
(269, 19, 2),
(270, 20, 2),
(271, 21, 2),
(272, 22, 2),
(273, 23, 2),
(274, 24, 2),
(275, 25, 2),
(276, 26, 2),
(277, 27, 2),
(278, 28, 2),
(279, 29, 2),
(280, 30, 2),
(281, 31, 2),
(282, 32, 2),
(283, 33, 2),
(284, 34, 2),
(285, 35, 2),
(286, 36, 2),
(287, 37, 2),
(288, 38, 2),
(289, 39, 2),
(290, 40, 2),
(291, 41, 2),
(292, 42, 2),
(293, 43, 2),
(294, 44, 2),
(295, 45, 2),
(296, 46, 2),
(297, 47, 2),
(298, 48, 2),
(299, 49, 2),
(300, 50, 2),
(301, 51, 2),
(302, 52, 2),
(303, 53, 2),
(304, 54, 2),
(305, 55, 2),
(306, 56, 2),
(307, 57, 2),
(308, 58, 2),
(309, 59, 2),
(310, 60, 2),
(311, 61, 2),
(312, 62, 2),
(313, 63, 2),
(314, 64, 2),
(315, 65, 2),
(316, 66, 2),
(317, 67, 2),
(318, 68, 2),
(319, 69, 2),
(320, 70, 2),
(321, 71, 2),
(322, 72, 2),
(323, 73, 2),
(324, 74, 2),
(325, 75, 2),
(326, 76, 2),
(327, 77, 2),
(328, 78, 2),
(329, 79, 2),
(330, 80, 2),
(331, 81, 2),
(332, 119, 2),
(333, 120, 2),
(334, 121, 2),
(335, 122, 2),
(336, 123, 2),
(337, 124, 2),
(338, 125, 2),
(339, 126, 2),
(340, 127, 2),
(341, 128, 2),
(342, 129, 2),
(343, 130, 2),
(344, 131, 2),
(345, 132, 2),
(346, 133, 2),
(347, 134, 2),
(348, 135, 2),
(349, 136, 2),
(350, 137, 2),
(351, 138, 2),
(352, 139, 2),
(353, 140, 2),
(354, 141, 2),
(355, 142, 2),
(356, 143, 2),
(357, 144, 2),
(358, 145, 2),
(359, 146, 2),
(360, 147, 2),
(361, 148, 2),
(362, 149, 2),
(363, 150, 2),
(364, 151, 2),
(365, 152, 2),
(366, 153, 2),
(367, 154, 2),
(368, 155, 2),
(369, 156, 2),
(370, 157, 2),
(371, 158, 2),
(372, 159, 2),
(373, 160, 2),
(374, 161, 2),
(375, 162, 2),
(376, 163, 2),
(377, 164, 2),
(378, 165, 2),
(379, 166, 2),
(380, 167, 2),
(381, 168, 2),
(382, 169, 2),
(383, 170, 2),
(384, 171, 2),
(385, 172, 2),
(386, 173, 2),
(387, 174, 2),
(388, 175, 2),
(389, 176, 2),
(390, 177, 2),
(391, 178, 2),
(392, 179, 2),
(393, 180, 2),
(394, 181, 2),
(395, 182, 2),
(396, 183, 2),
(397, 184, 2),
(398, 185, 2),
(399, 186, 2),
(400, 187, 2),
(401, 188, 2),
(402, 189, 2),
(403, 190, 2),
(404, 191, 2),
(405, 192, 2),
(406, 280, 2),
(407, 281, 2),
(408, 285, 2),
(409, 286, 2),
(410, 287, 2),
(411, 288, 2),
(412, 289, 2),
(413, 290, 2),
(414, 291, 2),
(415, 292, 2),
(416, 293, 2),
(417, 294, 2),
(418, 295, 2),
(419, 296, 2),
(420, 297, 2),
(421, 298, 2),
(422, 299, 2),
(423, 300, 2),
(424, 301, 2),
(425, 302, 2),
(426, 303, 2),
(427, 304, 2),
(428, 305, 2),
(429, 306, 2),
(430, 307, 2),
(431, 308, 2),
(432, 309, 2),
(433, 310, 2),
(434, 311, 2),
(435, 312, 2),
(436, 313, 2),
(437, 314, 2),
(438, 315, 2),
(439, 316, 2),
(440, 317, 2),
(441, 318, 2),
(442, 319, 2),
(443, 320, 2),
(444, 321, 2),
(445, 322, 2),
(446, 323, 2),
(447, 282, 2),
(448, 283, 2),
(449, 284, 2),
(455, 329, 2),
(456, 330, 2),
(457, 331, 2),
(458, 332, 2),
(459, 333, 2),
(460, 334, 2),
(461, 335, 2),
(462, 336, 2),
(463, 337, 2),
(464, 338, 2),
(465, 339, 2),
(466, 340, 2),
(467, 341, 2),
(468, 342, 2),
(469, 343, 2),
(470, 344, 2),
(471, 345, 2),
(472, 346, 2),
(473, 347, 2),
(474, 348, 2),
(475, 349, 2),
(476, 350, 2),
(477, 351, 2),
(478, 352, 2),
(479, 353, 2),
(480, 354, 2),
(481, 355, 2),
(482, 356, 2),
(483, 357, 2),
(484, 358, 2),
(485, 359, 2),
(486, 360, 2),
(487, 361, 2),
(488, 362, 2),
(489, 363, 2),
(490, 364, 2),
(491, 365, 2),
(492, 376, 2),
(493, 377, 2),
(494, 378, 2),
(495, 379, 2),
(496, 380, 2),
(497, 381, 2),
(498, 382, 2),
(499, 383, 2),
(500, 384, 2),
(501, 385, 2),
(502, 386, 2),
(503, 387, 2),
(504, 388, 2),
(505, 389, 2),
(506, 390, 2),
(507, 391, 2),
(508, 392, 2),
(509, 393, 2),
(510, 394, 2),
(511, 395, 2),
(512, 396, 2),
(513, 397, 2),
(514, 398, 2),
(515, 399, 2),
(516, 400, 2),
(517, 401, 2),
(518, 402, 2),
(519, 403, 2),
(520, 404, 2),
(521, 405, 2),
(522, 406, 2),
(523, 407, 2),
(524, 414, 2),
(525, 415, 2),
(526, 416, 2),
(527, 417, 2),
(528, 418, 2),
(529, 419, 2),
(530, 420, 2),
(531, 421, 2),
(532, 422, 2),
(533, 423, 2),
(534, 424, 2),
(535, 425, 2),
(536, 426, 2),
(537, 427, 2),
(538, 428, 2),
(539, 429, 2),
(540, 430, 2),
(541, 431, 2),
(542, 432, 2),
(543, 433, 2),
(544, 434, 2),
(545, 435, 2),
(546, 705, 2),
(547, 758, 2),
(548, 765, 2),
(549, 778, 2),
(550, 237, 2),
(599, 238, 2),
(600, 239, 2),
(601, 240, 2),
(602, 241, 2),
(603, 242, 2),
(604, 243, 2),
(605, 244, 2),
(606, 245, 2),
(607, 246, 2),
(608, 247, 2),
(609, 236, 2);

--
-- Dumping data for table `allergies`
--

INSERT INTO `allergies` (`id`, `name`, `description`, `created_at`, `updated_at`, `deleted_at`, `status`) VALUES
(1, 'Polen', NULL, NULL, NULL, NULL, 'ACTIVE'),
(2, 'Ácaros del polvo', NULL, NULL, NULL, NULL, 'ACTIVE'),
(3, 'Esporas de moho', NULL, NULL, NULL, NULL, 'ACTIVE'),
(4, 'Caspa de animales', NULL, NULL, NULL, NULL, 'ACTIVE'),
(5, 'Picaduras de insectos', NULL, NULL, NULL, NULL, 'ACTIVE'),
(6, 'Fármacos Cetirizina (Zyrtec Allergy)', NULL, NULL, NULL, NULL, 'ACTIVE'),
(7, 'Alimento', NULL, NULL, NULL, NULL, 'ACTIVE'),
(8, 'Veneno de insectos', NULL, NULL, NULL, NULL, 'ACTIVE'),
(9, 'Farmacos Insulina', '(en particular, fuentes animales de insulina)', NULL, NULL, NULL, 'ACTIVE'),
(10, 'Farmaco Medios de contraste', 'Medios de contraste para rayos X con yodo (pueden causar reacciones similares a las alergias)', NULL, NULL, NULL, 'ACTIVE'),
(11, 'Farmaco Penicilina y antibióticos conexos', 'Penicilina y antibióticos conexos', NULL, NULL, NULL, 'ACTIVE'),
(12, 'Farmaco Sulfamidas', 'Sulfamidas', NULL, NULL, NULL, 'ACTIVE');

--
-- Dumping data for table `antecedent`
--

INSERT INTO `antecedent` (`id`, `name`, `description`, `status`, `created_at`, `updated_at`, `deleted_at`) VALUES
(1, 'Caries', 'Caries', 'ACTIVE', '2024-02-29 14:21:10', '2024-02-29 14:21:10', NULL),
(2, 'Endodoncias', 'Endodoncias', 'ACTIVE', '2024-02-29 14:21:37', '2024-02-29 14:21:37', NULL),
(3, 'Extracciones', '', 'ACTIVE', '2024-02-29 14:21:45', '2024-02-29 14:21:45', NULL);

--
-- Dumping data for table `bank`
--

INSERT INTO `bank` (`id`, `value`, `description`, `status`) VALUES
(1, 'Pichincha', 'pichincha', 'ACTIVE'),
(2, 'PACIFICO', 'PACIFICO', 'ACTIVE');

--
-- Dumping data for table `business`
--

INSERT INTO `business` (`id`, `description`, `title`, `email`, `page_url`, `phone_value`, `street_1`, `street_2`, `street_lat`, `street_lng`, `user_id`, `business_subcategories_id`, `created_at`, `updated_at`, `deleted_at`, `status`, `qualification`, `source`, `options_map`, `has_document`, `has_about`, `has_service_delivery`, `type_business`, `type_manager_payment`, `business_name`, `keep_accounting`, `type_ruc_id`, `allow_cash_and_banks`, `entity_plans_id`, `entity_position_fiscal_id`, `document`) VALUES
(1, 'Empresa dedicada al desarrollo de software.', 'MEETCLIC', 'alexalba@meetclic.com', 'www.meetclic.com', '985339457', 'Piedrahita', 'Buenos Aires', 0.226204, -78.2365, 1, 44, NULL, NULL, NULL, 'ACTIVE', 0, '/uploads/business/information/1598107770_Empresa.jpg', NULL, 0, 0, 0, 2, 0, 'XYWER', 0, 4, 0, 3, 1, '1002954889');

--
-- Dumping data for table `business_amenities`
--

INSERT INTO `business_amenities` (`id`, `value`, `description`, `state`, `source`, `type_source`, `business_subcategories_id`) VALUES
(1, 'Estacionamiento', NULL, 'ACTIVE', 'fa fa-rocket', 0, 1),
(2, 'Nivel de ruido', 'HOTEL', 'ACTIVE', 'fa fa-paw', 0, 1),
(3, 'Auto-servicio', 'HOTEL', 'ACTIVE', 'fa fa-shopping-cart', 0, 1),
(4, 'Wi.Fi', 'HOTEL', 'ACTIVE', 'fa fa-wifi', 0, 26),
(5, 'Sala de Espera', 'HOTEL', 'ACTIVE', 'fa fa-cloud', 0, 1),
(6, 'Servicio de Camarero', 'HOTEL', 'ACTIVE', 'fa fa-wheelchair', 0, 1),
(7, 'Area para niños', 'HOTEL', 'ACTIVE', 'fa fa-tree', 0, 26),
(8, 'Zona de fumadores', 'HOTEL', 'ACTIVE', 'fa fa-wheelchair', 0, 1),
(9, 'Servicio de Bar', 'HOTEL', 'ACTIVE', 'fa fa-wheelchair', 0, 26),
(10, 'Servicio de Entrega', 'HOTEL', 'ACTIVE', 'fa fa-motorcycle', 0, 1);

--
-- Dumping data for table `business_by_counter`
--

INSERT INTO `business_by_counter` (`id`, `count`, `business_id`, `action_name`) VALUES
(1, 451, 1, ''),
(2, 27, 1, 'activities'),
(3, 73, 1, 'search'),
(4, 1, 1, 'business'),
(5, 27, 1, 'howItWorks'),
(6, 12, 1, 'shopBee'),
(7, 37, 1, 'aboutUsBee'),
(8, 38, 1, 'businessDetails'),
(9, 47, 1, 'contactUsBee'),
(10, 195, 1, 'authorSingle'),
(11, 1, 1, 'listingsQueen'),
(12, 10, 1, 'rewards'),
(13, 2, 1, 'listingSingle'),
(14, 3, 1, 'myProfile'),
(15, 2, 1, 'account');

--
-- Dumping data for table `business_by_gamification`
--

INSERT INTO `business_by_gamification` (`id`, `gamification_id`, `business_id`, `allow_exchange`, `allow_exchange_business`, `state`) VALUES
(1, 1, 6, 0, 0, 'ACTIVE');

--
-- Dumping data for table `business_by_language`
--

INSERT INTO `business_by_language` (`id`, `language_id`, `business_id`, `state`, `main`) VALUES
(1, 1, 1, 'ACTIVE', 0),
(2, 2, 1, 'ACTIVE', 0),
(3, 3, 1, 'ACTIVE', 1);

--
-- Dumping data for table `business_by_panorama`
--

INSERT INTO `business_by_panorama` (`id`, `business_id`, `status`, `panorama_id`, `routes_map_by_routes_drawing_id`) VALUES
(1, 1, 'ACTIVE', 1, 8);

--
-- Dumping data for table `business_by_products`
--

INSERT INTO `business_by_products` (`id`, `business_id`, `products_id`) VALUES
(1, 1, 1);

--
-- Dumping data for table `business_by_routes_map`
--

INSERT INTO `business_by_routes_map` (`id`, `business_id`, `routes_map_id`, `status`, `created_at`, `updated_at`, `deleted_at`, `type_shortcut`) VALUES
(1, 1, 1, 'ACTIVE', '2024-02-29 21:32:58', '2024-02-29 21:32:58', NULL, 0),
(2, 1, 2, 'ACTIVE', '2024-03-01 12:03:35', '2024-03-01 12:03:35', NULL, 0);

--
-- Dumping data for table `business_by_schedule`
--

INSERT INTO `business_by_schedule` (`id`, `type`, `open`, `business_id`, `status`, `schedule_days_category_id`) VALUES
(1, 0, 1, 1, 'ACTIVE', 1),
(2, 0, 1, 1, 'ACTIVE', 2),
(3, 0, 1, 1, 'ACTIVE', 3),
(4, 0, 1, 1, 'ACTIVE', 4),
(5, 0, 1, 1, 'ACTIVE', 5),
(6, 0, 1, 1, 'ACTIVE', 6),
(7, 0, 1, 1, 'ACTIVE', 7);

--
-- Dumping data for table `business_categories`
--
INSERT INTO `business_categories` (`id`, `name`, `status`, `created_at`, `updated_at`, `deleted_at`, `src`, `has_icon`,
                                   `icon_class`, `description`)
VALUES
    (1, 'Comida y Bebida', 'ACTIVE', NULL, '2020-05-05 13:31:21', NULL, '/uploads/business/categories/6.png', 1,
     'fa fa-cutlery', 'Descubre sabores locales, apoya emprendimientos culinarios y disfruta cada bocado con sentido.'),
    (2, 'Ocio', 'ACTIVE', NULL, NULL, NULL, '/uploads/business/categories/5.png', 1, 'fa fa-futbol-o',
     'Comparte momentos de alegría, relájate y vive experiencias únicas en tu ciudad.'),
    (3, 'Comercios / Establecimientos', 'ACTIVE', NULL, NULL, NULL, '/uploads/business/categories/3.png', 1,
     'fa fa-shopping-bag', 'Compra con propósito, conecta con negocios que transforman tu comunidad.'),
    (4, 'Oficios / Servicios', 'ACTIVE', NULL, NULL, NULL, '/uploads/business/categories/4.png', 1, 'fa fa-users',
     'Valora el trabajo local. Encuentra y recomienda servicios confiables de tu zona.'),
    (5, 'Salud', 'ACTIVE', NULL, NULL, NULL, '/uploads/business/categories/10.jpg', 1, 'fa fa-users',
     'Tu bienestar empieza por aquí. Accede a servicios que cuidan cuerpo, mente y alma.'),
    (6, 'Construccion', 'ACTIVE', NULL, NULL, NULL, '/uploads/business/categories/11.jpg', 1, 'fa fa-users',
     'Impulsa proyectos con talento local en construcción, remodelación y mejoras.'),
    (7, 'Textil', 'ACTIVE', NULL, NULL, NULL, '/uploads/business/categories/12.jpg', 1, 'fa fa-users',
     'Apoya el arte de vestir con identidad. Diseños, bordados y confección con historia.'),
    (8, 'Transporte', 'ACTIVE', NULL, NULL, NULL, '/uploads/business/categories/13.jpg', 1, 'fa fa-users',
     'Conecta caminos. Encuentra servicios de transporte confiables, rápidos y solidarios.');

INSERT INTO `business_disbursement` (`id`, `business_id`, `bank_id`, `account_number`, `type_account`) VALUES
(1, 1, 2, '2201497611', 0);

--
-- Dumping data for table `business_location`
--

INSERT INTO `business_location` (`id`, `zones_id`, `business_id`) VALUES
(1, 2, 1);

--
-- Dumping data for table `business_subcategories`
--

INSERT INTO `business_subcategories` (`id`, `name`, `status`, `created_at`, `updated_at`, `deleted_at`, `business_categories_id`, `src`, `has_icon`, `icon_class`, `description`) VALUES
(1, 'Restaurantes', 'ACTIVE', NULL, NULL, NULL, 1, 'no-manager', 0, 'anyone', ''),
(2, 'Cafeterias', 'ACTIVE', NULL, NULL, NULL, 1, 'no-manager', 0, 'anyone', ''),
(3, 'Heladerias', 'ACTIVE', NULL, NULL, NULL, 1, 'no-manager', 0, 'anyone', ''),
(4, 'Reposteria ', 'ACTIVE', NULL, NULL, NULL, 1, 'no-manager', 0, 'anyone', ''),
(5, 'Bar', 'ACTIVE', NULL, NULL, NULL, 1, 'no-manager', 0, 'anyone', ''),
(6, 'Vegetariana', 'ACTIVE', NULL, NULL, NULL, 1, 'no-manager', 0, 'anyone', ''),
(7, 'Carnes al Carbon', 'ACTIVE', NULL, NULL, NULL, 1, 'no-manager', 0, 'anyone', ''),
(8, 'Mariscos', 'ACTIVE', NULL, NULL, NULL, 1, 'no-manager', 0, 'anyone', ''),
(9, 'Italiana', 'ACTIVE', NULL, NULL, NULL, 1, 'no-manager', 0, 'anyone', ''),
(10, 'Peruana', 'ACTIVE', NULL, NULL, NULL, 1, 'no-manager', 0, 'anyone', ''),
(11, 'Francesas', 'ACTIVE', NULL, NULL, NULL, 1, 'no-manager', 0, 'anyone', ''),
(12, 'Mexicanas', 'ACTIVE', NULL, NULL, NULL, 1, 'no-manager', 0, 'anyone', ''),
(13, 'Chifas', 'ACTIVE', NULL, NULL, NULL, 1, 'no-manager', 0, 'anyone', ''),
(14, 'Fast Food', 'ACTIVE', NULL, NULL, NULL, 1, 'no-manager', 0, 'anyone', ''),
(15, 'Arabe', 'ACTIVE', NULL, NULL, NULL, 1, 'no-manager', 0, 'anyone', ''),
(16, 'Otros', 'ACTIVE', NULL, NULL, NULL, 1, 'no-manager', 0, 'anyone', ''),
(17, 'Parques', 'ACTIVE', NULL, NULL, NULL, 2, 'no-manager', 0, 'anyone', ''),
(18, 'Gimnasio', 'ACTIVE', NULL, NULL, NULL, 2, 'no-manager', 0, 'anyone', ''),
(19, 'Galeria de Arte', 'ACTIVE', NULL, NULL, NULL, 2, 'no-manager', 0, 'anyone', ''),
(20, 'Atracciones', 'ACTIVE', NULL, NULL, NULL, 2, 'no-manager', 0, 'anyone', ''),
(21, 'Musica en Vivo', 'ACTIVE', NULL, NULL, NULL, 2, 'no-manager', 0, 'anyone', ''),
(22, 'Cine', 'ACTIVE', NULL, NULL, NULL, 2, 'no-manager', 0, 'anyone', ''),
(23, 'Museo', 'ACTIVE', NULL, NULL, NULL, 2, 'no-manager', 0, 'anyone', ''),
(24, 'Naturaleza', 'ACTIVE', NULL, NULL, NULL, 2, 'no-manager', 0, 'anyone', ''),
(25, 'Bibliotecas', 'ACTIVE', NULL, NULL, NULL, 2, 'no-manager', 0, 'anyone', ''),
(26, 'Otros', 'ACTIVE', NULL, NULL, NULL, 2, 'no-manager', 0, 'anyone', ''),
(27, 'Limpieza e higiene', 'ACTIVE', NULL, NULL, NULL, 3, 'no-manager', 0, 'anyone', ''),
(28, 'Estetica y belleza', 'ACTIVE', NULL, NULL, NULL, 3, 'no-manager', 0, 'anyone', ''),
(29, 'Tiendas y bazares', 'ACTIVE', NULL, NULL, NULL, 3, 'no-manager', 0, 'anyone', ''),
(30, 'Papelerias', 'ACTIVE', NULL, NULL, NULL, 3, 'no-manager', 0, 'anyone', ''),
(31, 'Supermercados', 'ACTIVE', NULL, NULL, NULL, 3, 'no-manager', 0, 'anyone', ''),
(32, 'Electrodomesticos', 'ACTIVE', NULL, NULL, NULL, 3, 'no-manager', 0, 'anyone', ''),
(33, 'Mobiliario', 'ACTIVE', NULL, NULL, NULL, 3, 'no-manager', 0, 'anyone', ''),
(34, 'Abarrotes ', 'ACTIVE', NULL, NULL, NULL, 3, 'no-manager', 0, 'anyone', ''),
(35, 'Motos/Bicicletas', 'ACTIVE', NULL, NULL, NULL, 3, 'no-manager', 0, 'anyone', ''),
(36, 'Automotriz', 'ACTIVE', NULL, NULL, NULL, 3, 'no-manager', 0, 'anyone', ''),
(37, 'Calzado', 'ACTIVE', NULL, NULL, NULL, 3, 'no-manager', 0, 'anyone', ''),
(38, 'Agricultura', 'ACTIVE', NULL, NULL, NULL, 3, 'no-manager', 0, 'anyone', ''),
(39, 'Otros', 'ACTIVE', NULL, NULL, NULL, 3, 'no-manager', 0, 'anyone', ''),
(40, 'Oficios', 'ACTIVE', NULL, NULL, NULL, 1, 'no-manager', 0, 'anyone', ''),
(41, 'Hospedaje', 'ACTIVE', NULL, NULL, NULL, 4, 'no-manager', 0, 'anyone', ''),
(42, 'Servicios financieros ', 'ACTIVE', NULL, NULL, NULL, 4, 'no-manager', 0, 'anyone', ''),
(43, 'Servicios profesionales', 'ACTIVE', NULL, NULL, NULL, 4, 'no-manager', 0, 'anyone', ''),
(44, 'Servicios empresariales', 'ACTIVE', NULL, NULL, NULL, 4, 'no-manager', 0, 'anyone', ''),
(45, 'Logistica', 'ACTIVE', NULL, NULL, NULL, 4, 'no-manager', 0, 'anyone', ''),
(46, 'Educacion', 'ACTIVE', NULL, NULL, NULL, 4, 'no-manager', 0, 'anyone', ''),
(47, 'Otros', 'ACTIVE', NULL, NULL, NULL, 4, 'no-manager', 0, 'anyone', ''),
(48, 'Hospitales', 'ACTIVE', NULL, NULL, NULL, 5, 'no-manager', 0, 'anyone', ''),
(49, 'Industria Farmaceutica', 'ACTIVE', NULL, NULL, NULL, 5, 'no-manager', 0, 'anyone', ''),
(50, 'Consultorio medico ', 'ACTIVE', NULL, NULL, NULL, 5, 'no-manager', 0, 'anyone', ''),
(51, 'Clinicas ', 'ACTIVE', NULL, NULL, NULL, 5, 'no-manager', 0, 'anyone', ''),
(52, 'Veterinaria', 'ACTIVE', NULL, NULL, NULL, 5, 'no-manager', 0, 'anyone', ''),
(53, 'Otros', 'ACTIVE', NULL, NULL, NULL, 5, 'no-manager', 0, 'anyone', ''),
(54, 'Ferreterias', 'ACTIVE', NULL, NULL, NULL, 6, 'no-manager', 0, 'anyone', ''),
(55, 'Materiales de construccion', 'ACTIVE', NULL, NULL, NULL, 6, 'no-manager', 0, 'anyone', ''),
(56, 'Maquinaria pesada', 'ACTIVE', NULL, NULL, NULL, 6, 'no-manager', 0, 'anyone', ''),
(57, 'Constructoras', 'ACTIVE', NULL, NULL, NULL, 6, 'no-manager', 0, 'anyone', ''),
(58, 'Otros', 'ACTIVE', NULL, NULL, NULL, 6, 'no-manager', 0, 'anyone', ''),
(59, 'Empresa textil', 'ACTIVE', NULL, NULL, NULL, 7, 'no-manager', 0, 'anyone', ''),
(60, 'Venta de ropa', 'ACTIVE', NULL, NULL, NULL, 7, 'no-manager', 0, 'anyone', ''),
(61, 'Venta de telas', 'ACTIVE', NULL, NULL, NULL, 7, 'no-manager', 0, 'anyone', ''),
(62, 'Boutique', 'ACTIVE', NULL, NULL, NULL, 7, 'no-manager', 0, 'anyone', ''),
(63, 'Produccion textil', 'ACTIVE', NULL, NULL, NULL, 7, 'no-manager', 0, 'anyone', ''),
(64, 'Ropa y complementos', 'ACTIVE', NULL, NULL, NULL, 7, 'no-manager', 0, 'anyone', ''),
(65, 'Otros', 'ACTIVE', NULL, NULL, NULL, 7, 'no-manager', 0, 'anyone', ''),
(66, 'Terrestre', 'ACTIVE', NULL, NULL, NULL, 8, 'no-manager', 0, 'anyone', ''),
(67, 'Aereo', 'ACTIVE', NULL, NULL, NULL, 8, 'no-manager', 0, 'anyone', ''),
(68, 'Acuatico', 'ACTIVE', NULL, NULL, NULL, 8, 'no-manager', 0, 'anyone', ''),
(69, 'Otros', 'ACTIVE', NULL, NULL, NULL, 8, 'no-manager', 0, 'anyone', ''),
(70, 'Escuelas', 'ACTIVE', NULL, NULL, NULL, 3, 'no-manager', 0, 'anyone', ''),
(71, 'Colegios', 'ACTIVE', NULL, NULL, NULL, 3, 'no-manager', 0, 'anyone', ''),
(72, 'Educacion Inicial ', 'ACTIVE', NULL, NULL, NULL, 3, 'no-manager', 0, 'anyone', ''),
(73, 'Educacion Inicial 2 ', 'ACTIVE', NULL, NULL, NULL, 3, 'no-manager', 0, 'anyone', ''),
(74, 'Universidades', 'ACTIVE', NULL, NULL, NULL, 3, 'no-manager', 0, 'anyone', ''),
(75, 'Universidad de 4 Nivel', 'ACTIVE', NULL, NULL, NULL, 3, 'no-manager', 0, 'anyone', '');

--
-- Dumping data for table `caja_catalogo_billete`
--

INSERT INTO `caja_catalogo_billete` (`id`, `caja_tipo_billete_id`, `value`, `caja_catalogo_tipo_fraccion_id`, `valor`) VALUES
(1, 1, '10 Dolares', 2, 10);

--
-- Dumping data for table `caja_catalogo_tipo_fraccion`
--

INSERT INTO `caja_catalogo_tipo_fraccion` (`id`, `value`, `descripcion`) VALUES
(1, 'Moneda', NULL),
(2, 'Billete', NULL);

--
-- Dumping data for table `cities`
--

INSERT INTO `cities` (`id`, `name`, `location`, `province_id`, `status`, `created_at`, `updated_at`, `deleted_at`, `place_id`) VALUES
(1, 'Otavalo', 0x000000000101000000254774aeac9053c004eae6459ab6cd3f, 15, 'ACTIVE', '2020-05-20 21:41:43', '2020-05-20 21:41:43', NULL, 'none-id'),
(2, 'Ibarra', 0x00000000010100000010c935aa788853c01b199aa1a737d63f, 15, 'ACTIVE', '2020-05-20 21:50:44', '2020-05-20 21:50:44', NULL, 'none-id'),
(3, 'Atuntaqui', 0x000000000101000000da1d10f0fd8a53c0d60769f8dc2ad53f, 15, 'ACTIVE', '2020-05-20 21:50:57', '2024-02-29 12:51:14', NULL, 'none-id'),
(4, 'Cotacachi', 0x0000000001010000003d4ff2d9f09053c0451559c6e1a7d33f, 15, 'ACTIVE', '2020-05-20 21:51:09', '2020-05-20 21:51:09', NULL, 'none-id'),
(5, 'Huaca', 0x000000000101000000173f32c2806e53c0372dc25e722de43f, 12, 'ACTIVE', '2020-07-14 05:34:28', '2020-07-16 09:54:27', NULL, 'none-id'),
(6, 'Tulcán', 0x000000000101000000c503caa6dc6d53c095c84ff40a15ea3f, 12, 'ACTIVE', '2020-07-16 09:48:28', '2020-07-16 09:48:28', NULL, 'none-id'),
(7, 'Bolívar', 0x00000000010100000040f61f3ed57953c0be8eeed6e80be03f, 12, 'ACTIVE', '2020-07-16 09:54:12', '2020-07-16 09:54:12', NULL, 'none-id'),
(8, 'Espejo', 0x000000000101000000a1919df1dc7a53c039260f343418e03f, 12, 'ACTIVE', '2020-07-16 09:56:36', '2020-07-16 09:56:55', NULL, 'none-id'),
(9, 'Mira', 0x000000000101000000f04284c99e8253c090279364679be13f, 12, 'ACTIVE', '2020-07-16 09:57:14', '2020-07-16 09:57:14', NULL, 'none-id'),
(10, 'Montufar', 0x000000000101000000cc7c073f717153c023d74d29af15e23f, 12, 'ACTIVE', '2020-07-16 09:57:36', '2020-07-16 09:57:36', NULL, 'none-id'),
(11, 'Cuenca', 0x0000000001010000004caab69b60c053c08e942d92763307c0, 9, 'ACTIVE', '2020-07-16 09:58:36', '2020-07-16 09:58:36', NULL, 'none-id'),
(12, 'Camilo Ponce Enríquez', 0x000000000101000000600c9bb7a0ef53c0af42ca4faa7d08c0, 9, 'ACTIVE', '2020-07-16 09:58:52', '2020-07-16 09:58:52', NULL, 'none-id'),
(13, 'Chordeleg', 0x00000000010100000038ff65add7b153c029835957bb6c07c0, 9, 'ACTIVE', '2020-07-16 09:59:11', '2020-07-16 10:00:50', NULL, 'none-id'),
(14, 'El Pan', 0x000000000101000000cbc1c7bb7eaa53c06ab3fb9f0d4a06c0, 9, 'ACTIVE', '2020-07-16 09:59:32', '2020-07-16 09:59:32', NULL, 'none-id'),
(15, 'Girón', 0x0000000001010000003ba4bd665ec953c0abfead090e4409c0, 9, 'ACTIVE', '2020-07-16 09:59:48', '2020-07-16 09:59:48', NULL, 'none-id'),
(16, 'Guachapala', 0x000000000101000000cc33e5f9c2ad53c0bbb0daa1062806c0, 9, 'ACTIVE', '2020-07-16 10:00:06', '2020-07-16 10:00:06', NULL, 'none-id'),
(17, 'Gualaceo', 0x000000000101000000d968ef42a9b153c0d751d504511707c0, 9, 'ACTIVE', '2020-07-16 10:00:25', '2020-07-16 10:00:25', NULL, 'none-id'),
(18, 'Nabon', 0x00000000010100000066a60fb809c453c00de94bca38b10ac0, 9, 'ACTIVE', '2020-07-16 10:01:20', '2020-07-16 10:01:20', NULL, 'none-id'),
(19, 'Oña', 0x000000000101000000e2b43bffd1c953c0e26def6481c00bc0, 9, 'ACTIVE', '2020-07-16 10:01:40', '2020-07-16 10:01:40', NULL, 'none-id'),
(20, 'Paute', 0x00000000010100000032079c001eb153c0dc0da2b5a25d06c0, 9, 'ACTIVE', '2020-07-16 10:02:00', '2020-07-16 10:02:00', NULL, 'none-id'),
(21, 'Pucará', 0x0000000001010000009d41e84512de53c03058bb37d0bd09c0, 9, 'ACTIVE', '2020-07-16 10:02:17', '2020-07-16 10:02:17', NULL, 'none-id'),
(22, 'San Fernando', 0x000000000101000000d5bb2eb253d053c023d74d29af2509c0, 9, 'ACTIVE', '2020-07-16 10:05:56', '2020-07-16 10:05:56', NULL, 'none-id'),
(23, 'Santa Isabel', 0x0000000001010000004a46cec21ed453c081bd78f5e0340ac0, 9, 'ACTIVE', '2020-07-16 10:06:12', '2020-07-16 10:06:12', NULL, 'none-id'),
(24, 'Sevilla de Oro', 0x0000000001010000003c743051f3a953c0ed6877a3ea6206c0, 9, 'ACTIVE', '2020-07-16 10:06:29', '2020-07-16 10:06:29', NULL, 'none-id'),
(25, 'Sigsig', 0x0000000001010000002da8b926eeb253c0bfa9fef7966808c0, 9, 'ACTIVE', '2020-07-16 10:06:44', '2020-07-16 10:06:44', NULL, 'none-id'),
(26, 'Guaranda', 0x000000000101000000bbfda83cf0bf53c0f77deeba6d75f9bf, 10, 'ACTIVE', '2020-07-16 10:08:53', '2020-07-16 10:08:53', NULL, 'none-id'),
(27, 'Caluma', 0x00000000010100000012f8c3cf7fd053c0a222f36d6619fabf, 10, 'ACTIVE', '2020-07-16 10:09:34', '2020-07-16 10:09:34', NULL, 'none-id'),
(28, 'Chillanes', 0x000000000101000000252eb6ff37c453c0b31fce685019ffbf, 10, 'ACTIVE', '2020-07-16 10:09:56', '2020-07-16 10:09:56', NULL, 'none-id'),
(29, 'Chimbo', 0x0000000001010000006c596375d0c153c041834d9d47e5fabf, 10, 'ACTIVE', '2020-07-16 10:10:15', '2020-07-16 10:10:15', NULL, 'none-id'),
(30, 'Echeandía', 0x000000000101000000a06cca15ded153c0ed815660c8eaf6bf, 10, 'ACTIVE', '2020-07-16 10:10:32', '2020-07-16 10:10:32', NULL, 'none-id'),
(31, 'Las Naves', 0x00000000010100000039ed293927d453c0c7455acfb594f4bf, 10, 'ACTIVE', '2020-07-16 10:10:51', '2020-07-16 10:10:51', NULL, 'none-id'),
(32, 'San Miguel', 0x0000000001010000008395f9fd51c253c0c319b2704879fbbf, 10, 'ACTIVE', '2020-07-16 10:12:03', '2020-07-16 10:12:03', NULL, 'none-id'),
(33, 'Azogues', 0x0000000001010000008e26721c53b653c0418754ac75ed05c0, 11, 'ACTIVE', '2020-07-16 10:17:12', '2020-07-16 10:17:12', NULL, 'none-id'),
(34, 'Biblián', 0x00000000010100000000f1a952e9b853c03345ca60d6b505c0, 11, 'ACTIVE', '2020-07-16 10:17:28', '2020-07-16 10:17:28', NULL, 'none-id'),
(35, 'Cañar', 0x00000000010100000019ee128bcebb53c0e0675c38107204c0, 11, 'ACTIVE', '2020-07-16 10:17:51', '2020-07-16 10:17:51', NULL, 'none-id'),
(36, 'Déleg', 0x000000000101000000902fa18243bb53c0a327c00bb64c06c0, 11, 'ACTIVE', '2020-07-16 10:18:07', '2020-07-16 10:18:07', NULL, 'none-id'),
(37, 'El Tambo', 0x000000000101000000902fa18243bb53c08c92a174331d04c0, 11, 'ACTIVE', '2020-07-16 10:18:27', '2020-07-16 10:18:27', NULL, 'none-id'),
(38, 'La Troncal', 0x00000000010100000030568ad3ffd553c0c23d85121c5d03c0, 11, 'ACTIVE', '2020-07-16 10:18:46', '2020-07-16 10:18:46', NULL, 'none-id'),
(39, 'Suscal', 0x00000000010100000018891a9650c353c00bf956da987d03c0, 11, 'ACTIVE', '2020-07-16 10:19:02', '2020-07-16 10:19:02', NULL, 'none-id'),
(40, 'Riobamba', 0x00000000010100000031c225112baa53c0d98fb9d7eea3fabf, 14, 'ACTIVE', '2020-07-16 10:19:44', '2020-07-16 10:19:44', NULL, 'none-id'),
(41, 'Alausí', 0x0000000001010000004c080c4831b653c0aa0d4e44bf9601c0, 14, 'ACTIVE', '2020-07-16 10:19:57', '2020-07-16 10:19:57', NULL, 'none-id'),
(42, 'Chambo', 0x0000000001010000003bd972d30ba653c01989754fc3bcfbbf, 14, 'ACTIVE', '2020-07-16 10:20:15', '2020-07-16 10:20:15', NULL, 'none-id'),
(43, 'Chunchi', 0x0000000001010000000781f0fcfdba53c09fa97c748f5102c0, 14, 'ACTIVE', '2020-07-16 10:20:28', '2020-07-16 10:20:28', NULL, 'none-id'),
(44, 'Colta', 0x000000000101000000a9f17794efb053c0a96a82a8fbc0fbbf, 14, 'ACTIVE', '2020-07-16 10:22:06', '2020-07-16 10:22:06', NULL, 'none-id'),
(45, 'Cumanda', 0x000000000101000000f3db210f8ec853c0c689af7614a701c0, 14, 'ACTIVE', '2020-07-16 10:22:23', '2020-07-16 10:22:23', NULL, 'none-id'),
(46, 'Guamote', 0x00000000010100000019d8744e7dad53c0ea8fd552e500ffbf, 14, 'ACTIVE', '2020-07-16 10:22:41', '2020-07-16 10:22:41', NULL, 'none-id'),
(47, 'Guano', 0x00000000010100000024fbd63d68a853c09b30abc145b8f9bf, 14, 'ACTIVE', '2020-07-16 10:22:55', '2020-07-16 10:22:55', NULL, 'none-id'),
(48, 'Pallatanga', 0x000000000101000000caa31b6151be53c0b5d320167b2900c0, 14, 'ACTIVE', '2020-07-16 10:23:10', '2020-07-16 10:23:10', NULL, 'none-id'),
(49, 'Penipe', 0x0000000001010000009a9fd10c98a253c0412553aae9dff8bf, 14, 'ACTIVE', '2020-07-16 10:23:23', '2020-07-16 10:23:23', NULL, 'none-id'),
(50, 'Latacunga', 0x0000000001010000000612143fc6a653c0fc8f4c874ecfedbf, 13, 'ACTIVE', '2020-07-16 10:23:56', '2020-07-16 10:23:56', NULL, 'none-id'),
(51, 'La Maná', 0x00000000010100000071276c9ad2ce53c0062f55c4441eeebf, 13, 'ACTIVE', '2020-07-16 10:24:12', '2020-07-16 10:24:12', NULL, 'none-id'),
(52, 'Pujilí', 0x0000000001010000000d1f6c0c95ac53c0c51c041dadaaeebf, 13, 'ACTIVE', '2020-07-16 10:24:54', '2020-07-16 10:24:54', NULL, 'none-id'),
(53, 'Salcedo', 0x00000000010100000001c34da1cea553c0aedbfbafceacf0bf, 13, 'ACTIVE', '2020-07-16 10:25:10', '2020-07-16 10:25:10', NULL, 'none-id'),
(54, 'Saquisilí', 0x0000000001010000004e999b6fc4aa53c0a4e771738552eabf, 13, 'ACTIVE', '2020-07-16 10:25:29', '2020-07-16 10:25:29', NULL, 'none-id'),
(55, 'Sigchos', 0x000000000101000000cc892c88b7b853c08cf1063d405ce6bf, 13, 'ACTIVE', '2020-07-16 10:25:41', '2020-07-16 10:25:41', NULL, 'none-id'),
(56, 'Pangua', 0x00000000010100000014090154cc9e53c07af643098635c5bf, 13, 'ACTIVE', '2020-07-16 10:26:08', '2020-07-16 10:26:32', NULL, 'none-id'),
(57, 'Machala', 0x00000000010100000034362a2625fd53c0bcd9d59a9c100ac0, 8, 'ACTIVE', '2020-07-16 10:27:30', '2020-07-16 10:27:30', NULL, 'none-id'),
(58, 'Arenillas', 0x000000000101000000a4479dca330454c0647b88a130730cc0, 8, 'ACTIVE', '2020-07-16 10:27:42', '2020-07-16 10:27:42', NULL, 'none-id'),
(59, 'Atahualpa', 0x000000000101000000c507d1b58a3154c022fc8ba0318302c0, 8, 'ACTIVE', '2020-07-16 10:28:01', '2020-07-16 10:28:01', NULL, 'none-id'),
(60, 'Balsas', 0x00000000010100000075b05989d4f453c082154ca198110ec0, 8, 'ACTIVE', '2020-07-16 10:28:17', '2020-07-16 10:28:17', NULL, 'none-id'),
(61, 'Chilla', 0x00000000010100000067ce9fdbf0e453c0a3eb1dc940a90bc0, 8, 'ACTIVE', '2020-07-16 10:28:37', '2020-07-16 10:28:37', NULL, 'none-id'),
(62, 'El Guabo', 0x000000000101000000ceb348c961f453c03912c3691ce509c0, 8, 'ACTIVE', '2020-07-16 10:28:50', '2020-07-16 10:28:50', NULL, 'none-id'),
(63, 'Huaquillas', 0x00000000010100000045798b2c3e0e54c06625f785a1cf0bc0, 8, 'ACTIVE', '2020-07-16 10:29:10', '2020-07-16 10:29:10', NULL, 'none-id'),
(64, 'Marcabelí', 0x000000000101000000d9ffa5b162fa53c022235635f7460ec0, 8, 'ACTIVE', '2020-07-16 10:29:46', '2020-07-16 10:29:46', NULL, 'none-id'),
(65, 'Las Lajas', 0x00000000010100000014090154cc9e53c07af643098635c5bf, 8, 'ACTIVE', '2020-07-16 10:30:05', '2020-07-16 10:30:05', NULL, 'none-id'),
(66, 'Pasaje', 0x000000000101000000bcbf8b0890f353c0e3fa1cc4739b0ac0, 8, 'ACTIVE', '2020-07-16 10:30:21', '2020-07-16 10:30:21', NULL, 'none-id'),
(67, 'Piñas', 0x00000000010100000014090154cc9e53c07af643098635c5bf, 8, 'ACTIVE', '2020-07-16 10:30:44', '2020-07-16 10:30:44', NULL, 'none-id'),
(68, 'Portovelo', 0x000000000101000000d59ddd1019e753c0f34b0ee901bd0dc0, 8, 'ACTIVE', '2020-07-16 10:31:06', '2020-07-16 10:31:06', NULL, 'none-id'),
(69, 'Santa Rosa', 0x000000000101000000feb04a8ee0fd53c082300109d4ac0bc0, 8, 'ACTIVE', '2020-07-16 10:31:21', '2020-07-16 10:31:21', NULL, 'none-id'),
(70, 'Zaruma', 0x000000000101000000d59ddd1019e753c088765fdf987f0dc0, 8, 'ACTIVE', '2020-07-16 10:31:36', '2020-07-16 10:31:36', NULL, 'none-id'),
(71, 'Esmeraldas', 0x0000000001010000002049a4c8b5e953c011ac055152fbee3f, 2, 'ACTIVE', '2020-07-16 10:32:20', '2020-07-16 10:32:20', NULL, 'none-id'),
(72, 'Atacames', 0x0000000001010000001fad20bc2cf653c0024466d3b6c6eb3f, 2, 'ACTIVE', '2020-07-16 10:32:35', '2020-07-16 10:32:35', NULL, 'none-id'),
(73, 'Eloy Alfaro', 0x0000000001010000008d11e4fbbdf553c093fe5e0a0f5a01c0, 2, 'ACTIVE', '2020-07-16 10:32:44', '2020-07-16 10:32:44', NULL, 'none-id'),
(74, 'Muisne', 0x000000000101000000ee5f5969520154c04523e9e45692e33f, 2, 'ACTIVE', '2020-07-16 10:33:38', '2020-07-16 10:33:38', NULL, 'none-id'),
(75, 'Quinindé', 0x000000000101000000637891aebedd53c091f8cbdd9debd43f, 2, 'ACTIVE', '2020-07-16 10:33:59', '2020-07-16 10:35:16', NULL, 'none-id'),
(76, 'Río Verde', 0x0000000001010000004e4354e1cfd953c0f279c5538ff4f03f, 2, 'ACTIVE', '2020-07-16 10:34:36', '2020-07-16 10:34:36', NULL, 'none-id'),
(77, 'San Lorenzo', 0x000000000101000000f38d8de502b653c07c708802c74ff43f, 2, 'ACTIVE', '2020-07-16 10:35:00', '2020-07-16 10:35:00', NULL, 'none-id'),
(78, 'San Cristóbal, Galápagos', 0x000000000101000000778ab03ca36356c07c04a337810eedbf, 1, 'ACTIVE', '2020-07-16 10:36:35', '2020-07-16 10:36:35', NULL, 'none-id'),
(79, 'Isabella', 0x000000000101000000ce6a05768a1754c00c86c6555d3efb3f, 1, 'ACTIVE', '2020-07-16 10:38:03', '2020-07-16 10:39:50', NULL, 'none-id'),
(80, 'Santa Cruz', 0x00000000010100000066666666669656c0d42f6c281011e1bf, 1, 'ACTIVE', '2020-07-16 10:39:08', '2020-07-16 10:39:08', NULL, 'none-id'),
(81, 'Guayaquil', 0x000000000101000000a83eeb75e6f853c0e18cabdbea8301c0, 6, 'ACTIVE', '2020-07-16 23:12:05', '2020-07-16 23:12:05', NULL, 'none-id'),
(82, 'Alfredo Baquerizo Moreno', 0x00000000010100000032cdcf6886e353c04dafdef2a240febf, 6, 'ACTIVE', '2020-07-16 23:12:29', '2020-07-16 23:12:29', NULL, 'none-id'),
(83, 'Balao', 0x000000000101000000eb3b1ae233f453c0c0ab8a15da4e07c0, 6, 'ACTIVE', '2020-07-16 23:15:26', '2020-07-16 23:15:26', NULL, 'none-id'),
(84, 'Balzar', 0x000000000101000000ae19cf5694f953c0d9a0e52fe3dcf5bf, 6, 'ACTIVE', '2020-07-16 23:15:40', '2020-07-16 23:15:40', NULL, 'none-id'),
(85, 'Colimes', 0x000000000101000000995423aaa60054c091e2d2e759bff8bf, 6, 'ACTIVE', '2020-07-16 23:16:03', '2020-07-16 23:16:16', NULL, 'none-id'),
(86, 'Daule', 0x0000000001010000000954ff2092fe53c0963e74417dcbfdbf, 6, 'ACTIVE', '2020-07-16 23:16:29', '2020-07-16 23:16:29', NULL, 'none-id'),
(87, 'Durán', 0x0000000001010000008d11e4fbbdf553c093fe5e0a0f5a01c0, 6, 'ACTIVE', '2020-07-16 23:16:42', '2020-07-16 23:16:42', NULL, 'none-id'),
(88, 'El Empalme', 0x0000000001010000008ed36b0eebe653c0b89d6cb9e9c5f0bf, 6, 'ACTIVE', '2020-07-16 23:16:53', '2020-07-16 23:16:53', NULL, 'none-id'),
(89, 'El Triunfo', 0x000000000101000000642c89a2f6d953c01dc6490625a102c0, 6, 'ACTIVE', '2020-07-17 03:11:56', '2020-07-17 03:11:56', NULL, 'none-id'),
(90, 'General Antonio Elizalde', 0x000000000101000000b4194c68b7cb53c01f6228cc208301c0, 6, 'ACTIVE', '2020-07-17 03:14:04', '2020-07-17 03:14:04', NULL, 'none-id'),
(91, 'Isidro Ayora', 0x0000000001010000003b2bb352520954c02dba50549125febf, 6, 'ACTIVE', '2020-07-17 03:14:29', '2020-07-17 03:14:29', NULL, 'none-id'),
(92, 'Lomas de Sargentillo', 0x000000000101000000285426eba60554c0925ed4ee5701febf, 6, 'ACTIVE', '2020-07-17 03:14:48', '2020-07-17 03:14:48', NULL, 'none-id'),
(93, 'Coronel Marcelino Maridueña', 0x0000000001010000004ccfaa85c8d953c0853d923765f301c0, 6, 'ACTIVE', '2020-07-17 03:15:07', '2020-07-17 03:15:07', NULL, 'none-id'),
(94, 'Milagro', 0x000000000101000000edfe678302e653c05f950b957f1d01c0, 6, 'ACTIVE', '2020-07-17 03:15:22', '2020-07-17 03:15:22', NULL, 'none-id'),
(95, 'Naranjal', 0x000000000101000000d768de16d1e753c0c7c33181115a05c0, 6, 'ACTIVE', '2020-07-17 03:15:34', '2020-07-17 03:15:34', NULL, 'none-id'),
(96, 'Naranjito', 0x000000000101000000ef9705c9f1db53c050fbad9d286901c0, 6, 'ACTIVE', '2020-07-17 03:17:40', '2020-07-17 03:17:40', NULL, 'none-id'),
(97, 'Nobol', 0x00000000010100000076995077d40054c0f156a71485a7febf, 6, 'ACTIVE', '2020-07-17 03:17:56', '2020-07-17 03:17:56', NULL, 'none-id'),
(98, 'Palestina', 0x000000000101000000b24813ef80fe53c0a1061dbe9601fabf, 6, 'ACTIVE', '2020-07-17 03:18:32', '2020-07-17 03:18:32', NULL, 'none-id'),
(99, 'Pedro Carbo', 0x00000000010100000043c0c69a360f54c0d1b01875ad1dfdbf, 6, 'ACTIVE', '2020-07-17 03:18:53', '2020-07-17 03:18:53', NULL, 'none-id'),
(100, 'Playas', 0x0000000001010000003ef90505ef1854c0ed9458631a0705c0, 6, 'ACTIVE', '2020-07-17 03:19:09', '2020-07-17 03:19:09', NULL, 'none-id'),
(101, 'Salitre', 0x000000000101000000eb3b1ae233f453c0fe96a542e158fdbf, 6, 'ACTIVE', '2020-07-17 03:20:07', '2020-07-17 03:20:07', NULL, 'none-id'),
(102, 'Samborondón', 0x00000000010100000060556243dcf753c08ffe976bd1b200c0, 6, 'ACTIVE', '2020-07-17 03:20:22', '2020-07-17 03:20:22', NULL, 'none-id'),
(103, 'Santa Lucía', 0x000000000101000000015130630aff53c0b16d5166836cfbbf, 6, 'ACTIVE', '2020-07-17 03:21:10', '2020-07-17 03:21:10', NULL, 'none-id'),
(104, 'Simón Bolívar', 0x000000000101000000e18cabdb6a5c53c04ceabaa6f6d89cbf, 6, 'ACTIVE', '2020-07-17 03:21:25', '2020-07-17 03:21:25', NULL, 'none-id'),
(105, 'Yaguachi', 0x0000000001010000007e575fb84eec53c079f475cf70c900c0, 6, 'ACTIVE', '2020-07-17 03:21:52', '2020-07-17 03:21:52', NULL, 'none-id'),
(106, 'Pimampiro', 0x000000000101000000c54d57c1397c53c04e588748f201d93f, 15, 'ACTIVE', '2020-07-17 03:23:07', '2020-07-17 03:23:07', NULL, 'none-id'),
(107, 'Urcuqui', 0x0000000001010000004cb093556c8c53c0a2f14410e7e1da3f, 15, 'ACTIVE', '2020-07-17 03:23:22', '2020-07-17 03:23:22', NULL, 'none-id'),
(108, 'Loja', 0x0000000001010000009ef98b8f85cd53c078be558d140810c0, 16, 'ACTIVE', '2020-07-17 03:25:45', '2020-07-17 03:25:45', NULL, 'none-id'),
(109, 'Calvas', 0x00000000010100000073486aa164e353c0d90a9a96584911c0, 16, 'ACTIVE', '2020-07-17 03:26:01', '2020-07-17 03:26:01', NULL, 'none-id'),
(110, 'Celica', 0x00000000010100000009ac771357fd53c0288293c8996910c0, 16, 'ACTIVE', '2020-07-17 03:27:19', '2020-07-17 03:27:19', NULL, 'none-id'),
(111, 'Catamayo', 0x0000000001010000005c621ba7d7d653c074e151746ee40fc0, 16, 'ACTIVE', '2020-07-17 03:27:42', '2020-07-17 03:27:42', NULL, 'none-id'),
(112, 'Chaguarpamba', 0x00000000010100000085aa3d914ce953c037c2a2224e070fc0, 16, 'ACTIVE', '2020-07-17 03:31:25', '2020-07-17 03:31:34', NULL, 'none-id'),
(113, 'Gonzanamá', 0x000000000101000000729879bcdadb53c006f52d73baec10c0, 16, 'ACTIVE', '2020-07-17 03:32:04', '2020-07-17 03:32:04', NULL, 'none-id'),
(114, 'Macará', 0x0000000001010000008599113958fc53c01c0d3be7028a11c0, 16, 'ACTIVE', '2020-07-17 03:35:34', '2020-07-17 03:35:34', NULL, 'none-id'),
(115, 'Olmedo', 0x000000000101000000d154f42c2d8553c02fe065868db2c13f, 16, 'ACTIVE', '2020-07-17 03:35:51', '2020-07-17 03:35:51', NULL, 'none-id'),
(116, 'Paltas', 0x000000000101000000c4d155babbcb53c0befa78e8bbbb09c0, 16, 'ACTIVE', '2020-07-17 03:36:08', '2020-07-17 03:36:08', NULL, 'none-id'),
(117, 'Quilanga', 0x0000000001010000008731e9efa5d953c021883dfe1c3011c0, 16, 'ACTIVE', '2020-07-17 03:42:21', '2020-07-17 03:42:21', NULL, 'none-id'),
(118, 'Saraguro', 0x000000000101000000b191da7a3ccf53c07ada86f656f90cc0, 16, 'ACTIVE', '2020-07-17 03:42:36', '2020-07-17 03:42:36', NULL, 'none-id'),
(119, 'Zapotillo', 0x00000000010100000074a37ecda80f54c0c563f5fd8a8b11c0, 16, 'ACTIVE', '2020-07-17 03:43:14', '2020-07-17 03:43:14', NULL, 'none-id'),
(120, 'Sozoranga', 0x000000000101000000b9f2a32ba2f253c073f15c84ce5011c0, 16, 'ACTIVE', '2020-07-17 03:43:31', '2020-07-17 03:43:31', NULL, 'none-id'),
(121, 'Pindal', 0x00000000010100000000506ad4e80654c07c2aa73d257710c0, 16, 'ACTIVE', '2020-07-17 03:45:54', '2020-07-17 03:45:54', NULL, 'none-id'),
(122, 'Babahoyo', 0x00000000010100000031dc6fa337e253c058fe7c5bb0d4fcbf, 4, 'ACTIVE', '2020-07-17 03:48:38', '2020-07-17 03:48:38', NULL, 'none-id'),
(123, 'Baba', 0x000000000101000000481adcd696eb53c08e9da685817dfcbf, 4, 'ACTIVE', '2020-07-17 03:48:55', '2020-07-17 03:48:55', NULL, 'none-id'),
(124, 'Buena Fe', 0x0000000001010000008e45894c2fdf53c01bb226bb3e58ecbf, 4, 'ACTIVE', '2020-07-17 03:49:09', '2020-07-17 03:49:09', NULL, 'none-id'),
(125, 'Mocache', 0x000000000101000000b5519d0e64e053c08ac8b08a37f2f2bf, 4, 'ACTIVE', '2020-07-17 03:49:26', '2020-07-17 03:49:26', NULL, 'none-id'),
(126, 'Montalvo', 0x0000000001010000008ba141af64d253c0480845a9739bfcbf, 4, 'ACTIVE', '2020-07-17 03:49:41', '2020-07-17 03:49:41', NULL, 'none-id'),
(127, 'Palenque', 0x000000000101000000207d93a641f053c0186426ace8eaf6bf, 4, 'ACTIVE', '2020-07-17 03:49:57', '2020-07-17 03:49:57', NULL, 'none-id'),
(128, 'Puebloviejo', 0x0000000001010000002a38bc2022e253c0cdccccccccccf8bf, 4, 'ACTIVE', '2020-07-17 03:50:15', '2020-07-17 03:50:15', NULL, 'none-id'),
(129, 'Quevedo', 0x000000000101000000b1dd3d4077dd53c050125cf6355cf0bf, 4, 'ACTIVE', '2020-07-17 03:50:27', '2020-07-17 03:50:27', NULL, 'none-id'),
(130, 'Quinsaloma', 0x0000000001010000007965cd7e13d453c093a7aca6eb49f3bf, 4, 'ACTIVE', '2020-07-17 03:50:43', '2020-07-17 03:50:43', NULL, 'none-id'),
(131, 'Urdaneta', 0x000000000101000000de3994a12acd53c0bb287ae063d00cc0, 4, 'ACTIVE', '2020-07-17 03:50:57', '2020-07-17 03:50:57', NULL, 'none-id'),
(132, 'Valencia', 0x0000000001010000004da9013997d653c0a6d7c11c9877eebf, 4, 'ACTIVE', '2020-07-17 03:51:11', '2020-07-17 03:51:11', NULL, 'none-id'),
(133, 'Ventanas', 0x000000000101000000ced9a78878dd53c0434e0416651bf7bf, 4, 'ACTIVE', '2020-07-17 03:51:19', '2020-07-17 03:51:19', NULL, 'none-id'),
(134, 'Vínces', 0x0000000001010000000fd99b73cbf053c0d33252efa9dcf8bf, 4, 'ACTIVE', '2020-07-17 03:51:39', '2020-07-17 03:51:51', NULL, 'none-id'),
(135, 'Portoviejo', 0x0000000001010000007610e099f51c54c0946c753925e0f0bf, 3, 'ACTIVE', '2020-07-17 03:52:23', '2020-07-17 03:52:23', NULL, 'none-id'),
(136, '24 de Mayo', 0x000000000101000000731e04d39fe053c02a5ec026c66df0bf, 3, 'ACTIVE', '2020-07-17 03:52:41', '2020-07-17 03:52:53', NULL, 'none-id'),
(137, 'Chone', 0x000000000101000000ada580b4ff0654c0a5b448241bd9e6bf, 3, 'ACTIVE', '2020-07-17 03:53:22', '2020-07-17 03:53:22', NULL, 'none-id'),
(138, 'El Carmen', 0x000000000101000000637891aebedd53c03ed57cf0355fd1bf, 3, 'ACTIVE', '2020-07-17 03:53:56', '2020-07-17 03:53:56', NULL, 'none-id'),
(139, 'Flavio Alfaro', 0x000000000101000000ff918e17f7f953c0ba241818c3e6d9bf, 3, 'ACTIVE', '2020-07-17 03:55:08', '2020-07-17 03:55:19', NULL, 'none-id'),
(140, 'Jama', 0x0000000001010000000c0f50d0dc1054c01e4e603aaddbc9bf, 3, 'ACTIVE', '2020-07-17 03:55:33', '2020-07-17 03:55:33', NULL, 'none-id'),
(141, 'Jaramijó', 0x00000000010100000077ab9d17dd2854c0d2f654f3c197eebf, 3, 'ACTIVE', '2020-07-17 03:55:53', '2020-07-17 03:56:03', NULL, 'none-id'),
(142, 'Jipijapa', 0x000000000101000000569f06674b2554c01f20a9cf1fa4f5bf, 3, 'ACTIVE', '2020-07-17 03:56:20', '2020-07-17 03:56:20', NULL, 'none-id'),
(143, 'Junín', 0x000000000101000000c14c8006400d54c01a8e42ed12b0edbf, 3, 'ACTIVE', '2020-07-17 03:56:34', '2020-07-17 03:56:43', NULL, 'none-id'),
(144, 'Manta', 0x00000000010100000076d377c85e2d54c02ebaab0d04f7eebf, 3, 'ACTIVE', '2020-07-17 03:56:56', '2020-07-17 03:56:56', NULL, 'none-id'),
(145, 'Montecristi', 0x000000000101000000affdae192a2a54c0bc1fb75f3eb9f0bf, 3, 'ACTIVE', '2020-07-17 03:58:50', '2020-07-17 03:59:01', NULL, 'none-id'),
(146, 'Paján', 0x000000000101000000daff006b551b54c061a417b5fbd5f8bf, 3, 'ACTIVE', '2020-07-17 03:59:46', '2020-07-17 04:00:14', NULL, 'none-id'),
(147, 'Pedernales', 0x000000000101000000fecf06054a0354c06be33e28deb7b23f, 3, 'ACTIVE', '2020-07-17 04:01:01', '2020-07-17 04:01:01', NULL, 'none-id'),
(148, 'Pichincha', 0x000000000101000000b7dc4f7cebf453c0012f336c94b5f0bf, 3, 'ACTIVE', '2020-07-17 06:07:21', '2020-07-17 06:07:45', NULL, 'none-id'),
(149, 'Puerto López', 0x00000000010100000090f1cddb7d3354c0a738b302e8dcf8bf, 3, 'ACTIVE', '2020-07-17 06:08:31', '2020-07-17 06:08:44', NULL, 'none-id'),
(150, 'Rocafuerte', 0x000000000101000000605b9ab6da1c54c0f9b605f0bb8eedbf, 3, 'ACTIVE', '2020-07-17 06:09:13', '2020-07-17 06:09:13', NULL, 'none-id'),
(151, 'San Vicente', 0x00000000010100000005db8827bb1954c046ae4099eb59e3bf, 3, 'ACTIVE', '2020-07-17 06:09:50', '2020-07-17 06:09:50', NULL, 'none-id'),
(152, 'Santa Ana', 0x0000000001010000006bed22f1971754c0acadd85f764ff3bf, 3, 'ACTIVE', '2020-07-17 06:10:21', '2020-07-17 06:10:21', NULL, 'none-id'),
(153, 'Sucre', 0x00000000010100000012691b7fa29f53c0d34d62105839f4bf, 3, 'ACTIVE', '2020-07-17 06:10:38', '2020-07-17 06:10:38', NULL, 'none-id'),
(154, 'Tosagua', 0x000000000101000000c55d1844ff0e54c081f91a385618e9bf, 3, 'ACTIVE', '2020-07-17 06:10:51', '2020-07-17 06:10:51', NULL, 'none-id'),
(155, 'Morona', 0x0000000001010000000a9e42ae54c053c022437d810f34fbbf, 19, 'ACTIVE', '2020-07-17 06:11:25', '2020-07-17 06:12:29', NULL, 'none-id'),
(156, 'Gualaquiza', 0x000000000101000000d0e341c497a453c0ce0b660234400bc0, 19, 'ACTIVE', '2020-07-17 07:24:31', '2020-07-17 07:24:31', NULL, 'none-id'),
(157, 'Huamboya', 0x000000000101000000cf6bec12557f53c0687748314022ffbf, 19, 'ACTIVE', '2020-07-17 07:24:49', '2020-07-17 07:24:49', NULL, 'none-id'),
(158, 'Indanza', 0x00000000010100000041a264cd239f53c0d50792770e8508c0, 19, 'ACTIVE', '2020-07-17 07:25:59', '2020-07-17 07:25:59', NULL, 'none-id'),
(159, 'Logroño', 0x0000000001010000003f8b4a8f4b8d53c0e0ee512404f004c0, 19, 'ACTIVE', '2020-07-17 07:26:16', '2020-07-17 07:26:16', NULL, 'none-id'),
(160, 'Pablo Sexto', 0x000000000101000000c740e8ead88f53c0d457a192844efdbf, 19, 'ACTIVE', '2020-07-17 07:26:37', '2020-07-17 07:26:37', NULL, 'none-id'),
(161, 'Palora', 0x000000000101000000a05edf3df67d53c00b1fb699af37fbbf, 19, 'ACTIVE', '2020-07-17 07:26:55', '2020-07-17 07:26:55', NULL, 'none-id'),
(162, 'San Juan Bosco', 0x000000000101000000aef204c24ea153c02db0c7444ad308c0, 19, 'ACTIVE', '2020-07-17 07:27:30', '2020-07-17 07:27:30', NULL, 'none-id'),
(163, 'Santiago de Mendez', 0x00000000010100000027f6d03e569453c01764cbf275b905c0, 19, 'ACTIVE', '2020-07-17 07:27:57', '2020-07-17 07:27:57', NULL, 'none-id'),
(164, 'Sucúa', 0x000000000101000000515557f4bd8a53c04e5fcfd72ca703c0, 19, 'ACTIVE', '2020-07-17 07:28:41', '2020-07-17 07:28:41', NULL, 'none-id'),
(165, 'Taisha', 0x0000000001010000008599b67f655d53c018946934b9b802c0, 19, 'ACTIVE', '2020-07-17 07:29:01', '2020-07-17 07:29:01', NULL, 'none-id'),
(166, 'tiwintza', 0x00000000010100000014090154cc9e53c07af643098635c5bf, 19, 'ACTIVE', '2020-07-17 07:29:26', '2020-07-17 07:29:26', NULL, 'none-id'),
(167, 'Tena', 0x000000000101000000501a6a14127453c0791563aaaae1efbf, 20, 'ACTIVE', '2020-07-17 07:32:31', '2020-07-17 07:32:31', NULL, 'none-id'),
(168, 'Archidona', 0x00000000010100000078cd5081b87353c037024c74f112edbf, 20, 'ACTIVE', '2020-07-17 07:32:56', '2020-07-17 07:32:56', NULL, 'none-id'),
(169, 'Carlos Julio Arosemena Tola', 0x000000000101000000935e8a61bd7653c0ea002d0208a4f2bf, 20, 'ACTIVE', '2020-07-17 07:33:18', '2020-07-17 07:33:18', NULL, 'none-id'),
(170, 'El Chaco', 0x000000000101000000d1dc54eecf7353c04eb0a481c49bd5bf, 20, 'ACTIVE', '2020-07-17 07:33:39', '2020-07-17 07:33:39', NULL, 'none-id'),
(171, 'Francisco de Orellana', 0x000000000101000000991a57128f3f53c0d6f95c120c8cddbf, 21, 'ACTIVE', '2020-07-17 07:34:44', '2020-07-17 07:34:44', NULL, 'none-id'),
(172, 'Aguarico', 0x0000000001010000007061dd7877f752c0132a38bc2022d2bf, 21, 'ACTIVE', '2020-07-17 07:35:00', '2020-07-17 07:35:00', NULL, 'none-id'),
(173, 'La Joya de los Sachas', 0x00000000010100000084ec61d4da3653c0af33cf5b8649d3bf, 21, 'ACTIVE', '2020-07-17 07:35:23', '2020-07-17 07:35:23', NULL, 'none-id'),
(174, 'Loreto', 0x000000000101000000891e42a6c65353c07d9b59a6ba1be6bf, 21, 'ACTIVE', '2020-07-17 07:35:41', '2020-07-17 07:35:41', NULL, 'none-id'),
(175, 'Arajuno', 0x000000000101000000348639419b6b53c0726bd26d89dcf3bf, 22, 'ACTIVE', '2020-07-17 07:36:40', '2020-07-17 07:36:40', NULL, 'none-id'),
(176, 'Mera', 0x0000000001010000008e42ed12308753c0fd2a65be2866f7bf, 22, 'ACTIVE', '2020-07-17 07:37:01', '2020-07-17 07:37:01', NULL, 'none-id'),
(177, 'Santa Clara', 0x000000000101000000f7764b72c07853c068d608b3bf42f4bf, 22, 'ACTIVE', '2020-07-17 07:37:21', '2020-07-17 07:37:21', NULL, 'none-id'),
(178, 'Quito', 0x0000000001010000007334a20ff19d53c0be78f5e0a41fc7bf, 17, 'ACTIVE', '2020-07-17 07:38:29', '2020-07-17 07:38:29', NULL, 'none-id'),
(179, 'Cayambe', 0x00000000010100000027c8be1a568953c0d93add1e29c7a53f, 17, 'ACTIVE', '2020-07-17 07:40:12', '2020-07-17 07:40:12', NULL, 'none-id'),
(180, 'Mejia', 0x0000000001010000009b2ca4b2171e54c08768194e3ea2efbf, 17, 'ACTIVE', '2020-07-17 07:40:29', '2020-07-17 07:40:29', NULL, 'none-id'),
(181, 'Pedro Vicente Maldonado', 0x0000000001010000003082c64c22c353c0f59f353ffed2b43f, 17, 'ACTIVE', '2020-07-17 07:40:53', '2020-07-17 07:40:53', NULL, 'none-id'),
(182, 'Puerto Quito', 0x00000000010100000009fb761211d153c01bbe8575e3ddbd3f, 17, 'ACTIVE', '2020-07-17 07:41:18', '2020-07-17 07:41:18', NULL, 'none-id'),
(183, 'San Miguel de Los Bancos', 0x0000000001010000001e25654117b953c00facf424fac6993f, 17, 'ACTIVE', '2020-07-17 07:42:07', '2020-07-17 07:42:07', NULL, 'none-id'),
(184, 'Santa Elena', 0x0000000001010000001e8cd827003754c0134abac1abd001c0, 5, 'ACTIVE', '2020-07-17 07:43:30', '2020-07-17 07:43:30', NULL, 'none-id'),
(185, 'La Libertad', 0x000000000101000000aab3ffa69c3954c0de0951195ad801c0, 5, 'ACTIVE', '2020-07-17 07:43:53', '2020-07-17 07:43:53', NULL, 'none-id'),
(186, 'Salinas', 0x0000000001010000005c1d0071573d54c05a03a5b272c901c0, 5, 'ACTIVE', '2020-07-17 07:44:13', '2020-07-17 07:44:13', NULL, 'none-id'),
(187, 'La Concordia', 0x000000000101000000cefc6a0e10d953c0682f91c140c6823f, 7, 'ACTIVE', '2020-07-17 07:44:47', '2020-07-17 07:44:47', NULL, 'none-id'),
(188, 'Santo Domingo', 0x000000000101000000f8718f0049cb53c014bcd7ffef3ed0bf, 7, 'ACTIVE', '2020-07-17 07:45:08', '2020-07-17 07:45:08', NULL, 'none-id'),
(189, 'Cuyabeno', 0x0000000001010000006b44d554bbe752c03a2e9919ec3cd7bf, 23, 'ACTIVE', '2020-07-17 07:48:24', '2020-07-17 07:48:24', NULL, 'none-id'),
(190, 'Gonzalo Pizarro', 0x000000000101000000b0e42a16bf5653c01eb0613c39f9abbf, 23, 'ACTIVE', '2020-07-17 07:48:46', '2020-07-17 07:48:46', NULL, 'none-id'),
(191, 'Putumayo', 0x00000000010100000014090154cc9e53c07af643098635c5bf, 23, 'ACTIVE', '2020-07-17 07:49:19', '2020-07-17 07:49:19', NULL, 'none-id'),
(192, 'Shushufindi', 0x000000000101000000c97cf612192953c037b75384e519c8bf, 23, 'ACTIVE', '2020-07-17 07:49:39', '2020-07-17 07:49:39', NULL, 'none-id'),
(193, 'Sucumbios', 0x00000000010100000014090154cc9e53c07af643098635c5bf, 23, 'ACTIVE', '2020-07-17 07:50:07', '2020-07-17 07:50:07', NULL, 'none-id'),
(194, 'Cascales', 0x00000000010100000014090154cc9e53c07af643098635c5bf, 23, 'ACTIVE', '2020-07-17 07:50:24', '2020-07-17 07:50:24', NULL, 'none-id'),
(195, 'Lago Agrio', 0x00000000010100000014090154cc9e53c07af643098635c5bf, 23, 'ACTIVE', '2020-07-17 07:50:45', '2020-07-17 07:50:45', NULL, 'none-id'),
(196, 'Rumiñahui', 0x00000000010100000014090154cc9e53c07af643098635c5bf, 17, 'ACTIVE', '2020-07-17 07:51:17', '2020-07-27 06:54:24', NULL, 'none-id'),
(197, 'Ambato', 0x0000000001010000003c93ecc7dca753c09a9da0a8c711f4bf, 18, 'ACTIVE', '2020-07-17 07:52:01', '2020-07-17 07:52:01', NULL, 'none-id'),
(198, 'Baños', 0x0000000001010000000c1de0ee519b53c088e64bb90c49f6bf, 18, 'ACTIVE', '2020-07-17 07:52:20', '2020-07-17 07:52:20', NULL, 'none-id'),
(199, 'Cevallos', 0x0000000001010000002a73f38d68a753c06379fc83edacf5bf, 18, 'ACTIVE', '2020-07-17 07:52:36', '2020-07-17 07:52:36', NULL, 'none-id'),
(200, 'Mocha', 0x000000000101000000482355ca21aa53c047cf882d98b3f6bf, 18, 'ACTIVE', '2020-07-17 07:52:51', '2020-07-17 07:52:51', NULL, 'none-id'),
(201, 'Patate', 0x00000000010100000071a9efa169a053c0fe65f7e46101f5bf, 18, 'ACTIVE', '2020-07-17 07:53:07', '2020-07-17 07:53:07', NULL, 'none-id'),
(202, 'Quero', 0x000000000101000000fa2d9512dda653c0d091a68b5e17f6bf, 18, 'ACTIVE', '2020-07-17 07:53:23', '2020-07-17 07:53:23', NULL, 'none-id'),
(203, 'Pelileo', 0x000000000101000000d4e29d8da6a253c0017f42870a3ff5bf, 18, 'ACTIVE', '2020-07-17 07:53:48', '2020-07-17 07:53:48', NULL, 'none-id'),
(204, 'Píllaro', 0x000000000101000000f2666897caa253c00a4b3ca06ccaf2bf, 18, 'ACTIVE', '2020-07-17 07:54:08', '2020-07-17 07:54:08', NULL, 'none-id'),
(205, 'Tisaleo', 0x00000000010100000024e18cabdbaa53c0ee2c301ae890f5bf, 18, 'ACTIVE', '2020-07-17 07:54:25', '2020-07-17 07:54:25', NULL, 'none-id'),
(206, 'Zamora', 0x000000000101000000f04e3e3db6bc53c025198398953f10c0, 24, 'ACTIVE', '2020-07-17 07:55:37', '2020-07-17 07:55:37', NULL, 'none-id'),
(207, 'Centinela', 0x000000000101000000f70489edeefe52c00492b06f2711913f, 24, 'ACTIVE', '2020-07-17 07:56:19', '2020-07-17 07:56:19', NULL, 'none-id'),
(208, 'Nangaritza', 0x00000000010100000006781c5080a553c0fffe3971de040dc0, 24, 'ACTIVE', '2020-07-17 07:57:12', '2020-07-17 07:57:12', NULL, 'none-id'),
(209, 'Chinchipe', 0x00000000010100000014090154cc9e53c07af643098635c5bf, 24, 'ACTIVE', '2020-07-17 07:57:30', '2020-07-17 07:57:30', NULL, 'none-id'),
(210, 'Palanda', 0x0000000001010000006a50340f60c853c02accd655dc9b12c0, 24, 'ACTIVE', '2020-07-17 07:57:52', '2020-07-17 07:57:52', NULL, 'none-id'),
(211, 'Paquisha', 0x0000000001010000001fe10f9a38ab53c0399105f126740fc0, 24, 'ACTIVE', '2020-07-17 07:58:17', '2020-07-17 07:58:17', NULL, 'none-id'),
(212, 'Yacuambi', 0x00000000010100000014090154cc9e53c07af643098635c5bf, 24, 'ACTIVE', '2020-07-17 07:58:43', '2020-07-17 07:58:43', NULL, 'none-id'),
(213, 'Yantzaza', 0x000000000101000000567ce827c1b053c0206dd223fca10ec0, 24, 'ACTIVE', '2020-07-17 07:59:02', '2020-07-17 07:59:02', NULL, 'none-id'),
(214, 'Pangui', 0x00000000010100000014090154cc9e53c07af643098635c5bf, 24, 'ACTIVE', '2020-07-17 07:59:49', '2020-07-17 07:59:49', NULL, 'none-id'),
(215, 'Sin registro', 0x00000000010100000014090154cc9e53c07af643098635c5bf, 25, 'ACTIVE', '2020-07-27 06:32:30', '2020-07-27 06:32:30', NULL, 'none-id'),
(216, 'SR', 0x00000000010100000014090154cc9e53c07af643098635c5bf, 26, 'INACTIVE', '2020-07-27 06:33:26', '2020-07-27 06:33:40', NULL, 'none-id'),
(217, 'SR1', 0x00000000010100000014090154cc9e53c07af643098635c5bf, 27, 'INACTIVE', '2020-07-27 06:34:04', '2020-07-27 06:34:24', NULL, 'none-id'),
(218, 'San Antonio', 0x000000000101000000573de456168b53c0bec21fd14626d53f, 15, 'ACTIVE', '2024-02-29 12:44:09', '2024-02-29 12:55:12', NULL, 'none-id');

--
-- Dumping data for table `clinical_exam`
--

INSERT INTO `clinical_exam` (`id`, `name`, `description`, `status`, `created_at`, `updated_at`, `deleted_at`) VALUES
(1, 'Examen Visual y Evaluación de la Cavidad Oral', '', 'ACTIVE', '2024-02-29 14:18:58', '2024-02-29 14:18:58', NULL),
(2, 'Radiografías Dentales', '', 'ACTIVE', '2024-02-29 14:19:06', '2024-02-29 14:19:06', NULL),
(3, 'Exploración de la Articulación Temporomandibular (ATM)', '', 'ACTIVE', '2024-02-29 14:19:15', '2024-02-29 14:19:15', NULL),
(4, 'Pruebas de Vitalidad Dental', '', 'ACTIVE', '2024-02-29 14:19:23', '2024-02-29 14:19:23', NULL),
(5, 'Exploración Periodontal', '', 'ACTIVE', '2024-02-29 14:19:29', '2024-02-29 14:19:29', NULL),
(6, 'Examen Oclusal', '', 'ACTIVE', '2024-02-29 14:19:35', '2024-02-29 14:19:35', NULL),
(7, 'Examen de la Mucosa Oral', '', 'ACTIVE', '2024-02-29 14:19:41', '2024-02-29 14:19:41', NULL),
(8, 'Análisis de la Saliva', '', 'ACTIVE', '2024-02-29 14:19:49', '2024-02-29 14:19:49', NULL);

--
-- Dumping data for table `counter_by_entity`
--

INSERT INTO `counter_by_entity` (`id`, `business_by_counter_id`, `created_at`, `updated_at`, `deleted_at`, `is_guess`, `user_id`, `token`, `manager_click_type`, `manager_click_id`, `action_name`) VALUES
(1, 1, '2024-02-29 13:51:36', '2024-02-29 13:51:36', NULL, 1, 0, 'GT3qgNiqEBYJCqGonToY3mMUxHpzzLYIZ1LrpaBq', 'NONE', 'NONE', ''),
(2, 1, '2024-02-29 13:51:59', '2024-02-29 13:51:59', NULL, 1, 0, 'wwQNgd111w9Sv0V9X9RlIeKXOC5qa6w05iyeqFfU', 'NONE', 'NONE', ''),
(3, 2, '2024-02-29 13:59:28', '2024-02-29 13:59:28', NULL, 1, 0, 'GT3qgNiqEBYJCqGonToY3mMUxHpzzLYIZ1LrpaBq', 'NONE', 'NONE', 'activities'),
(4, 3, '2024-02-29 13:59:38', '2024-02-29 13:59:38', NULL, 1, 0, 'GT3qgNiqEBYJCqGonToY3mMUxHpzzLYIZ1LrpaBq', 'NONE', 'NONE', 'search'),
(5, 4, '2024-02-29 14:00:16', '2024-02-29 14:00:16', NULL, 0, 1, '3Xo7V8MF0IZK1BP3h6AQrGnDO1HmWO5bOADdG9F7', 'NONE', 'NONE', 'business'),
(6, 1, '2024-02-29 14:02:18', '2024-02-29 14:02:18', NULL, 1, 0, 'vNFxxGKdoKPGYDG9YjFXAQUNR0oczxqnYBiXsj2x', 'NONE', 'NONE', ''),
(7, 1, '2024-02-29 14:24:13', '2024-02-29 14:24:13', NULL, 0, 1, '3Xo7V8MF0IZK1BP3h6AQrGnDO1HmWO5bOADdG9F7', 'NONE', 'NONE', ''),
(8, 1, '2024-02-29 16:14:39', '2024-02-29 16:14:39', NULL, 1, 0, 'nFXXlzXqN4os1yCKF4E7yZ7xXWT94urItRyi0kIG', 'NONE', 'NONE', ''),
(9, 5, '2024-02-29 16:42:07', '2024-02-29 16:42:07', NULL, 1, 0, 'qbpYROdWFyBes8ONfxsmam8JZ5zpURLC0IzHYpml', 'NONE', 'NONE', 'howItWorks'),
(10, 1, '2024-02-29 19:00:48', '2024-02-29 19:00:48', NULL, 1, 0, 'cAbxXE5Xm0K2sBmsZKupn2buGrDvThfKPdMLojOU', 'NONE', 'NONE', ''),
(11, 1, '2024-02-29 19:51:44', '2024-02-29 19:51:44', NULL, 1, 0, 'e7NyKHiwvlU1lcmhjinOyYB79tAwt96hdkXROe9m', 'NONE', 'NONE', ''),
(12, 6, '2024-02-29 20:06:24', '2024-02-29 20:06:24', NULL, 1, 0, 'qVZq2Fu6E06QPlgrc7Y0EotaXMVQgiHu8VXhWu0V', 'NONE', 'NONE', 'shopBee'),
(13, 1, '2024-02-29 20:20:07', '2024-02-29 20:20:07', NULL, 1, 0, 'zdyoAc95GEQa1vQ0yn4aScRwJLVsBWwAbeLQdxbq', 'NONE', 'NONE', ''),
(14, 7, '2024-02-29 20:21:43', '2024-02-29 20:21:43', NULL, 1, 0, 'zdyoAc95GEQa1vQ0yn4aScRwJLVsBWwAbeLQdxbq', 'NONE', 'NONE', 'aboutUsBee'),
(15, 5, '2024-02-29 20:21:52', '2024-02-29 20:21:52', NULL, 1, 0, 'zdyoAc95GEQa1vQ0yn4aScRwJLVsBWwAbeLQdxbq', 'NONE', 'NONE', 'howItWorks'),
(16, 5, '2024-02-29 20:27:46', '2024-02-29 20:27:46', NULL, 1, 0, 'tOsAecv7UXrZAvVDtXuYhVClEbhw30F1gXhOJl8e', 'NONE', 'NONE', 'howItWorks'),
(17, 1, '2024-02-29 20:27:56', '2024-02-29 20:27:56', NULL, 1, 0, 'tOsAecv7UXrZAvVDtXuYhVClEbhw30F1gXhOJl8e', 'NONE', 'NONE', ''),
(18, 1, '2024-02-29 20:31:30', '2024-02-29 20:31:30', NULL, 1, 0, 'B4OHeUIkuC8Q5dAkKF0UVtxLSgJdTOqGgu69KavM', 'NONE', 'NONE', ''),
(19, 7, '2024-02-29 20:31:45', '2024-02-29 20:31:45', NULL, 1, 0, 'B4OHeUIkuC8Q5dAkKF0UVtxLSgJdTOqGgu69KavM', 'NONE', 'NONE', 'aboutUsBee'),
(20, 1, '2024-02-29 21:09:17', '2024-02-29 21:09:17', NULL, 1, 0, 'TXDhQghmbhpkd6rUjTsRT0Uz59inHWn8WMHZy2UE', 'NONE', 'NONE', ''),
(21, 7, '2024-02-29 21:09:29', '2024-02-29 21:09:29', NULL, 1, 0, 'TXDhQghmbhpkd6rUjTsRT0Uz59inHWn8WMHZy2UE', 'NONE', 'NONE', 'aboutUsBee'),
(22, 3, '2024-02-29 21:09:32', '2024-02-29 21:09:32', NULL, 1, 0, 'TXDhQghmbhpkd6rUjTsRT0Uz59inHWn8WMHZy2UE', 'NONE', 'NONE', 'search'),
(23, 3, '2024-02-29 21:29:08', '2024-02-29 21:29:08', NULL, 0, 1, 'HU1Ik8rBzrM5mdC3Lc1Gfee8HhMfhDfPxK5sQ7R8', 'NONE', 'NONE', 'search'),
(24, 8, '2024-02-29 21:29:55', '2024-02-29 21:29:55', NULL, 0, 1, 'HU1Ik8rBzrM5mdC3Lc1Gfee8HhMfhDfPxK5sQ7R8', 'NONE', 'NONE', 'businessDetails'),
(25, 9, '2024-02-29 21:32:02', '2024-02-29 21:32:02', NULL, 1, 0, 'Kfv5UsOIcpOdaA82sy6kVSQf33QLipDQAnMEPJSD', 'NONE', 'NONE', 'contactUsBee'),
(26, 8, '2024-02-29 21:32:41', '2024-02-29 21:32:41', NULL, 1, 0, 'BH3NVjcd98CFYh6LGlNsxS8XyDlSNoTUqO6ZwtbA', 'NONE', 'NONE', 'businessDetails'),
(27, 9, '2024-02-29 21:36:32', '2024-02-29 21:36:32', NULL, 0, 1, 'HU1Ik8rBzrM5mdC3Lc1Gfee8HhMfhDfPxK5sQ7R8', 'NONE', 'NONE', 'contactUsBee'),
(28, 1, '2024-02-29 21:46:26', '2024-02-29 21:46:26', NULL, 1, 0, '9jtZf28kyiSuKuWwYV0XDtC2IZoW5HakVO303RjS', 'NONE', 'NONE', ''),
(29, 5, '2024-02-29 21:51:13', '2024-02-29 21:51:13', NULL, 1, 0, 'B4OHeUIkuC8Q5dAkKF0UVtxLSgJdTOqGgu69KavM', 'NONE', 'NONE', 'howItWorks'),
(30, 9, '2024-02-29 21:51:19', '2024-02-29 21:51:19', NULL, 1, 0, 'B4OHeUIkuC8Q5dAkKF0UVtxLSgJdTOqGgu69KavM', 'NONE', 'NONE', 'contactUsBee'),
(31, 3, '2024-02-29 21:51:45', '2024-02-29 21:51:45', NULL, 1, 0, 'B4OHeUIkuC8Q5dAkKF0UVtxLSgJdTOqGgu69KavM', 'NONE', 'NONE', 'search'),
(32, 1, '2024-02-29 21:58:16', '2024-02-29 21:58:16', NULL, 1, 0, 'NKuZ0JANL4a38vkmdOlxnm8lWYsZ4yzzpxHWWV9X', 'NONE', 'NONE', ''),
(33, 10, '2024-02-29 22:06:28', '2024-02-29 22:06:28', NULL, 1, 0, 'ueAgCcvD8uL5IheJXCQzBofzR08shs2CP44Uaz0L', 'NONE', 'NONE', 'authorSingle'),
(34, 9, '2024-02-29 23:22:38', '2024-02-29 23:22:38', NULL, 1, 0, 'v0gCn0spNkO8e4izsryPb8Sn7JvYvftKE1unr0G6', 'NONE', 'NONE', 'contactUsBee'),
(35, 1, '2024-02-29 23:46:26', '2024-02-29 23:46:26', NULL, 1, 0, 'GgLuUYGuoO0lkdLiNw89xSeCZCB3kGCQqBt5KbCW', 'NONE', 'NONE', ''),
(36, 1, '2024-02-29 23:52:35', '2024-02-29 23:52:35', NULL, 1, 0, '4cpjRwBuAc8Ik1mkiRiTMU4xwJtUtHI0lnhaf1Hy', 'NONE', 'NONE', ''),
(37, 1, '2024-03-01 01:16:32', '2024-03-01 01:16:32', NULL, 1, 0, 'PLsZigPEUSjfVyrIMMfjIUu2J91Wg3ewdSdISrcg', 'NONE', 'NONE', ''),
(38, 1, '2024-03-01 01:23:19', '2024-03-01 01:23:19', NULL, 1, 0, 'BUnyfjGpJODsde92hf4MOpD3QLsmHgH7dbyg5H1z', 'NONE', 'NONE', ''),
(39, 9, '2024-03-01 02:49:39', '2024-03-01 02:49:39', NULL, 1, 0, 'MWXZ21i25iIkxi9dgNhDZS5KKD3bYkIw1TCnsU5M', 'NONE', 'NONE', 'contactUsBee'),
(40, 5, '2024-03-01 03:22:23', '2024-03-01 03:22:23', NULL, 1, 0, 'dCYpr2kW9VpryUMwueyK82YPNeSyBkVnl8Y8TsYo', 'NONE', 'NONE', 'howItWorks'),
(41, 7, '2024-03-01 03:56:18', '2024-03-01 03:56:18', NULL, 1, 0, '8Fs7W2sSxv2ohG7rW7JFS1Qifnymk9AV57M6nej4', 'NONE', 'NONE', 'aboutUsBee'),
(42, 9, '2024-03-01 03:59:46', '2024-03-01 03:59:46', NULL, 1, 0, 'NniK7mm69TL15Ewifr7YYTRwwE8NLl2Yem0wxRj2', 'NONE', 'NONE', 'contactUsBee'),
(43, 6, '2024-03-01 04:24:15', '2024-03-01 04:24:15', NULL, 1, 0, 'iHKzlW2zLVLaX7ADVXtY9j08PViHZtjEFRsUVOfA', 'NONE', 'NONE', 'shopBee'),
(44, 1, '2024-03-01 05:29:43', '2024-03-01 05:29:43', NULL, 1, 0, 'V0rAff8Z8T4R4gCjKi8MLacHkdhoS6coLp3UCHR4', 'NONE', 'NONE', ''),
(45, 9, '2024-03-01 06:19:35', '2024-03-01 06:19:35', NULL, 1, 0, 'zNSA40n6seDXQiNP5DMZRNYCyvGJM1V8Up9YSQms', 'NONE', 'NONE', 'contactUsBee'),
(46, 1, '2024-03-01 06:43:15', '2024-03-01 06:43:15', NULL, 1, 0, 'z5g58lgIOiDk5JqOxSERWUhIyKG1saf55AjCwYiN', 'NONE', 'NONE', ''),
(47, 1, '2024-03-01 06:43:16', '2024-03-01 06:43:16', NULL, 1, 0, 'smiEa5HqK1JQKC8ngJFipHBCquQhi2YvmxwthEqd', 'NONE', 'NONE', ''),
(48, 1, '2024-03-01 07:32:08', '2024-03-01 07:32:08', NULL, 1, 0, 'Tdtceu12aRabSUEd2mU8VobPN62h5dtDtG8rp3Ed', 'NONE', 'NONE', ''),
(49, 1, '2024-03-01 07:39:21', '2024-03-01 07:39:21', NULL, 1, 0, 'PPt1jbRtlpb68T8aY3pQW58kSvcyuAGzSHbj8QH9', 'NONE', 'NONE', ''),
(50, 1, '2024-03-01 07:40:01', '2024-03-01 07:40:01', NULL, 1, 0, 'IdVgTUNVpo3cH9wAdSjYpI2GuAXN7tlHgMaNKscg', 'NONE', 'NONE', ''),
(51, 1, '2024-03-01 09:10:31', '2024-03-01 09:10:31', NULL, 1, 0, '7ZkIw3BOoFUYTQxzG0TR6VLSjzwZ0f9r4WQVJUXM', 'NONE', 'NONE', ''),
(52, 1, '2024-03-01 10:11:51', '2024-03-01 10:11:51', NULL, 1, 0, 'UQh6CH9HDFrHJM4YkozEFu0naFGFw9ACDt5o9ong', 'NONE', 'NONE', ''),
(53, 7, '2024-03-01 11:13:04', '2024-03-01 11:13:04', NULL, 1, 0, '9xj2Ds85YyEwCGIuduHjuWuD13hyLi2R4hKi2Roi', 'NONE', 'NONE', 'aboutUsBee'),
(54, 1, '2024-03-01 11:27:46', '2024-03-01 11:27:46', NULL, 1, 0, 'GpOmLtErzVtkvThCkrCMHj0A4gZvu91cN1LRoTBc', 'NONE', 'NONE', ''),
(55, 1, '2024-03-01 12:22:02', '2024-03-01 12:22:02', NULL, 1, 0, 'Q5uOToeHhSKymogNFV2zFKpB2tuAZiSlSygq99Ld', 'NONE', 'NONE', ''),
(56, 11, '2024-03-01 12:47:12', '2024-03-01 12:47:12', NULL, 0, 1, 'lhZ2JZl2UHTQrUCMQAbDSLxkE4sC8zSa4rch8sHv', 'NONE', 'NONE', 'listingsQueen'),
(57, 2, '2024-03-01 12:48:18', '2024-03-01 12:48:18', NULL, 0, 1, 'lhZ2JZl2UHTQrUCMQAbDSLxkE4sC8zSa4rch8sHv', 'NONE', 'NONE', 'activities'),
(58, 10, '2024-03-01 12:49:08', '2024-03-01 12:49:08', NULL, 0, 1, 'lhZ2JZl2UHTQrUCMQAbDSLxkE4sC8zSa4rch8sHv', 'NONE', 'NONE', 'authorSingle'),
(59, 1, '2024-03-01 13:05:25', '2024-03-01 13:05:25', NULL, 1, 0, 'QBol7I0YUe1J4Dp13lxqVGiMmuLFS3VDNt5OyDnU', 'NONE', 'NONE', ''),
(60, 8, '2024-03-01 13:06:24', '2024-03-01 13:06:24', NULL, 1, 0, 'FRxjtMMIRWCnGeFuAlgOevIgulIrLy8KJL9yITqi', 'NONE', 'NONE', 'businessDetails'),
(61, 8, '2024-03-01 13:06:24', '2024-03-01 13:06:24', NULL, 1, 0, 'MDkXOkKcbL8UBw79QEWrJI1D7fZZtpbsTGMHewDw', 'NONE', 'NONE', 'businessDetails'),
(62, 8, '2024-03-01 13:06:26', '2024-03-01 13:06:26', NULL, 1, 0, 'Cdd8Y3Surxty5CtVFAkTG0xav1SAs21xtbqtks5i', 'NONE', 'NONE', 'businessDetails'),
(63, 8, '2024-03-01 13:06:26', '2024-03-01 13:06:26', NULL, 1, 0, '5RJsV2VvO2vEsOrH8IEStMCVofSjgvSUFffSp1l7', 'NONE', 'NONE', 'businessDetails'),
(64, 3, '2024-03-01 13:33:21', '2024-03-01 13:33:21', NULL, 1, 0, 'Z4UCAdfI1Mf8xUhqvHpkmXgKk1PkWyjtzfOnhtun', 'NONE', 'NONE', 'search'),
(65, 3, '2024-03-01 14:11:46', '2024-03-01 14:11:46', NULL, 1, 0, 'EhWjXwfHSjtTv4Gqfz5wCUhDiIzJmTmoGyhv2Yjf', 'NONE', 'NONE', 'search'),
(66, 10, '2024-03-01 14:18:41', '2024-03-01 14:18:41', NULL, 1, 0, 'IW1VJkSe1TrilSdecuHdKqymPUbfWEPgMUykqubM', 'NONE', 'NONE', 'authorSingle'),
(67, 1, '2024-03-01 14:54:52', '2024-03-01 14:54:52', NULL, 1, 0, '8dIHDM1LP6AEPYtDiqftaLg5QiP0v2Kdb0PcGFyN', 'NONE', 'NONE', ''),
(68, 1, '2024-03-01 15:13:34', '2024-03-01 15:13:34', NULL, 1, 0, '9zYoyeVsw3nSFfw5f3WtkXZcRgT9pNu0owvIkSRA', 'NONE', 'NONE', ''),
(69, 1, '2024-03-01 16:07:23', '2024-03-01 16:07:23', NULL, 1, 0, 'DxbM35Fpoezj9ial04Fqii0f00L5ADJxEY0KUvMo', 'NONE', 'NONE', ''),
(70, 1, '2024-03-01 16:07:58', '2024-03-01 16:07:58', NULL, 1, 0, '9aM1loEB0jzCdrIT1o1fZsdNBCzDQBEoNSP1jVKv', 'NONE', 'NONE', ''),
(71, 1, '2024-03-01 16:39:00', '2024-03-01 16:39:00', NULL, 1, 0, 'HE8qVoZHAjkw7NngMF6xtCubCoxwDGbZo2pDUSWS', 'NONE', 'NONE', ''),
(72, 1, '2024-03-01 17:16:25', '2024-03-01 17:16:25', NULL, 1, 0, 'OCKPyj7dFGCzGG2v0geAYzpjvqcZFUaURpm8QJlM', 'NONE', 'NONE', ''),
(73, 1, '2024-03-01 17:23:00', '2024-03-01 17:23:00', NULL, 1, 0, 'jfKBrt47V5UuYXqjc1y1ChdSVYTIZF9voV1PeiuX', 'NONE', 'NONE', ''),
(74, 3, '2024-03-01 17:51:53', '2024-03-01 17:51:53', NULL, 1, 0, '8qOZITlBdOXqvfZWkQIC4yQBfPzbLbYOCkjkRpJs', 'NONE', 'NONE', 'search'),
(75, 3, '2024-03-01 18:18:51', '2024-03-01 18:18:51', NULL, 1, 0, '65RoYn9EHuLdkOuO2KyAceO0MXhqZGiFgIziQBAa', 'NONE', 'NONE', 'search'),
(76, 1, '2024-03-01 19:04:39', '2024-03-01 19:04:39', NULL, 1, 0, 'Enmo8XNrd8HHB1wCIKL1kXOJ5xzKBg14G4SYx5UD', 'NONE', 'NONE', ''),
(77, 1, '2024-03-01 19:31:29', '2024-03-01 19:31:29', NULL, 1, 0, 'ZwoKTJQMLKTaSjIIt1TqPqCkTw9OhMdEi9vfuEs7', 'NONE', 'NONE', ''),
(78, 1, '2024-03-01 19:43:58', '2024-03-01 19:43:58', NULL, 1, 0, 'mv4h8JSsFWsuurPexdU7V12kn1xwlcfntKur6WwC', 'NONE', 'NONE', ''),
(79, 1, '2024-03-01 19:47:40', '2024-03-01 19:47:40', NULL, 1, 0, 'qCGDqMDDYBt0umSr725f91nAYFPK8OUAjwgSegCw', 'NONE', 'NONE', ''),
(80, 1, '2024-03-01 19:51:44', '2024-03-01 19:51:44', NULL, 1, 0, 'y0Y2Ma6oo6bkMoVHMLTASO7vR1R00Xk3EybBYbHB', 'NONE', 'NONE', ''),
(81, 6, '2024-03-01 20:06:39', '2024-03-01 20:06:39', NULL, 1, 0, 'ycrSrRgPxNT7nathyqPFZcRA251MVCTi0NPQxKM2', 'NONE', 'NONE', 'shopBee'),
(82, 7, '2024-03-01 20:46:43', '2024-03-01 20:46:43', NULL, 1, 0, 'vsgCloJXVQG5SeCgaLG3XfPlXhOrilmXQqC8mlEz', 'NONE', 'NONE', 'aboutUsBee'),
(83, 1, '2024-03-01 22:04:12', '2024-03-01 22:04:12', NULL, 1, 0, 'NwNHHaCpHkqUhBsBh9RiFJJVtVFU0qwcoTRI85vm', 'NONE', 'NONE', ''),
(84, 2, '2024-03-01 22:38:03', '2024-03-01 22:38:03', NULL, 1, 0, 'N7sp6zXO9xpfgroHPHr0GkKqF96v57Lxh7QKdipS', 'NONE', 'NONE', 'activities'),
(85, 1, '2024-03-01 23:00:27', '2024-03-01 23:00:27', NULL, 1, 0, '7cfaxoQ7nVdyxu9hyx09LEe6nd6kazS1iUwKJity', 'NONE', 'NONE', ''),
(86, 1, '2024-03-02 00:07:52', '2024-03-02 00:07:52', NULL, 1, 0, 'M82IHfvUMCNkUGpUsjnTO3ZwMSwjxLsgCY6nDRmt', 'NONE', 'NONE', ''),
(87, 3, '2024-03-02 00:08:09', '2024-03-02 00:08:09', NULL, 1, 0, '7str6aVfgEVcjMHxfyNMQ8OG0QqBHLHXqyP9Nafe', 'NONE', 'NONE', 'search'),
(88, 1, '2024-03-02 00:36:59', '2024-03-02 00:36:59', NULL, 1, 0, 'DNMXZx3bkKP3rDnWTfoloUc9vvRs65a7x6lXxoPj', 'NONE', 'NONE', ''),
(89, 12, '2024-03-02 02:25:39', '2024-03-02 02:25:39', NULL, 1, 0, '5rwPpn1eEVJhtcqZb2ImNbcfx2709xdJbHvyXkW5', 'NONE', 'NONE', 'rewards'),
(90, 1, '2024-03-02 03:45:03', '2024-03-02 03:45:03', NULL, 1, 0, '5sNwsOjy1nPiq3kV8DiM0JJXWuYeZiYa3cA1IEEM', 'NONE', 'NONE', ''),
(91, 7, '2024-03-02 03:48:34', '2024-03-02 03:48:34', NULL, 1, 0, 'viA48IV46UiOzQiabKOPWrpuEW1dHCnJc7JrVrVx', 'NONE', 'NONE', 'aboutUsBee'),
(92, 12, '2024-03-02 05:11:26', '2024-03-02 05:11:26', NULL, 1, 0, 'LeJ5iFnA5UUeYEoU83kOoNTBWsP6DOtMwWT8OfE1', 'NONE', 'NONE', 'rewards'),
(93, 2, '2024-03-02 06:49:39', '2024-03-02 06:49:39', NULL, 1, 0, '5WvyeMIIG2g73t68J3291bYRiIx9DxKS99nK0osT', 'NONE', 'NONE', 'activities'),
(94, 1, '2024-03-02 06:58:12', '2024-03-02 06:58:12', NULL, 1, 0, 'Zp9GBDbic3Mypp8nIDmdzclCuZBLIsJUOhd5ycj7', 'NONE', 'NONE', ''),
(95, 1, '2024-03-02 07:17:26', '2024-03-02 07:17:26', NULL, 1, 0, 'GKw75LL8iLHMJbOersWxStEtrSIGtRh68KwaCvQW', 'NONE', 'NONE', ''),
(96, 1, '2024-03-02 07:25:17', '2024-03-02 07:25:17', NULL, 1, 0, 'FcCp2ZUI0e0CTDs6sLGtc9VD0QYYr2icywyRb2Jb', 'NONE', 'NONE', ''),
(97, 1, '2024-03-02 08:42:12', '2024-03-02 08:42:12', NULL, 1, 0, 'MEVsoaHGAbxrN95A7Xt8axhIzQinxVBS9vxTcl24', 'NONE', 'NONE', ''),
(98, 1, '2024-03-02 08:42:36', '2024-03-02 08:42:36', NULL, 1, 0, 'biFpYFzqYaQuEucuh29PqbE0uCFnrHidMqufZZL4', 'NONE', 'NONE', ''),
(99, 1, '2024-03-02 08:44:42', '2024-03-02 08:44:42', NULL, 1, 0, 'vbexwsVEO3jKtlecnADEMpUV0RAwvnStgHyYUjWj', 'NONE', 'NONE', ''),
(100, 1, '2024-03-02 08:51:24', '2024-03-02 08:51:24', NULL, 1, 0, 'aeV8SVkT89EsxVTFwdt3hjQ4aiL422b0nAST4OPh', 'NONE', 'NONE', ''),
(101, 3, '2024-03-02 08:52:49', '2024-03-02 08:52:49', NULL, 1, 0, 'aeV8SVkT89EsxVTFwdt3hjQ4aiL422b0nAST4OPh', 'NONE', 'NONE', 'search'),
(102, 2, '2024-03-02 08:53:25', '2024-03-02 08:53:25', NULL, 1, 0, 'aeV8SVkT89EsxVTFwdt3hjQ4aiL422b0nAST4OPh', 'NONE', 'NONE', 'activities'),
(103, 1, '2024-03-02 11:01:26', '2024-03-02 11:01:26', NULL, 1, 0, 'bMPV5wZGs9vA5bSc8FFAugoEBsFzn6m0l50ZnTrv', 'NONE', 'NONE', ''),
(104, 1, '2024-03-02 12:00:17', '2024-03-02 12:00:17', NULL, 1, 0, 'ebFLfgjYJZa0nXBa46QYM2b2Nh74YpkqKmOqYY1I', 'NONE', 'NONE', ''),
(105, 1, '2024-03-02 12:07:48', '2024-03-02 12:07:48', NULL, 1, 0, 'KeRwBrCDsEgOMXpk5cd24sa3TmV9s2htlI9jmcbT', 'NONE', 'NONE', ''),
(106, 1, '2024-03-02 12:21:31', '2024-03-02 12:21:31', NULL, 1, 0, 'KZxSSiYkaYM6TbpA3cm87Jp2GMeAvupo3pdqI0nB', 'NONE', 'NONE', ''),
(107, 9, '2024-03-02 12:21:33', '2024-03-02 12:21:33', NULL, 1, 0, 'KZxSSiYkaYM6TbpA3cm87Jp2GMeAvupo3pdqI0nB', 'NONE', 'NONE', 'contactUsBee'),
(108, 3, '2024-03-02 12:34:40', '2024-03-02 12:34:40', NULL, 1, 0, '020a5GPxFkSZ5pvBTzVifT8uzrKnupgttoQPUuQf', 'NONE', 'NONE', 'search'),
(109, 1, '2024-03-02 12:38:57', '2024-03-02 12:38:57', NULL, 1, 0, 'SGdHI8pNb97son97Y3bBY6AdyiDZQeKZ31hQcQqY', 'NONE', 'NONE', ''),
(110, 9, '2024-03-02 12:38:58', '2024-03-02 12:38:58', NULL, 1, 0, 'SGdHI8pNb97son97Y3bBY6AdyiDZQeKZ31hQcQqY', 'NONE', 'NONE', 'contactUsBee'),
(111, 1, '2024-03-02 13:14:08', '2024-03-02 13:14:08', NULL, 1, 0, 'k3WDuWpK6GOrOnkBgTpxGRyXJjKYFpA9CPyV5ftz', 'NONE', 'NONE', ''),
(112, 1, '2024-03-02 14:26:15', '2024-03-02 14:26:15', NULL, 1, 0, 'N3tXhGd2PayOCsLst3pV0KbY7KuNjUbX5fhhlzro', 'NONE', 'NONE', ''),
(113, 1, '2024-03-02 14:53:22', '2024-03-02 14:53:22', NULL, 1, 0, 'arycz4L8XSFh3LcAOaSOujLstGVgJAB3NWYbm4Yu', 'NONE', 'NONE', ''),
(114, 1, '2024-03-02 15:35:47', '2024-03-02 15:35:47', NULL, 1, 0, 'UedGPso8hyIG66qX7JZrxiwa3r4XyfoRVZi9IVN1', 'NONE', 'NONE', ''),
(115, 7, '2024-03-02 16:09:14', '2024-03-02 16:09:14', NULL, 1, 0, 'GWJvaxNXU1t5RwUmPzIm6MCpuxSvz3fqxRn8GpdR', 'NONE', 'NONE', 'aboutUsBee'),
(116, 3, '2024-03-02 17:04:23', '2024-03-02 17:04:23', NULL, 1, 0, 'VLJIhVIjWP2zJLhvF0WXN8pBPb5QWN2NYUB1no7D', 'NONE', 'NONE', 'search'),
(117, 1, '2024-03-02 17:29:54', '2024-03-02 17:29:54', NULL, 1, 0, 'V5V1O5MnQoyQxii10xxmg6dWIhnXt5OcMols73qO', 'NONE', 'NONE', ''),
(118, 3, '2024-03-02 17:30:22', '2024-03-02 17:30:22', NULL, 1, 0, 'V5V1O5MnQoyQxii10xxmg6dWIhnXt5OcMols73qO', 'NONE', 'NONE', 'search'),
(119, 8, '2024-03-02 17:30:35', '2024-03-02 17:30:35', NULL, 1, 0, 'V5V1O5MnQoyQxii10xxmg6dWIhnXt5OcMols73qO', 'NONE', 'NONE', 'businessDetails'),
(120, 10, '2024-03-02 17:35:04', '2024-03-02 17:35:04', NULL, 1, 0, 'wDAA7q446IKduHTErJIrmgqmpNuBevFn7xQQu4no', 'NONE', 'NONE', 'authorSingle'),
(121, 1, '2024-03-02 17:46:28', '2024-03-02 17:46:28', NULL, 1, 0, 'E6RtO9LZA2vYL1KgODHzcKzRrNLZVvCnPpK60DTZ', 'NONE', 'NONE', ''),
(122, 1, '2024-03-02 17:52:53', '2024-03-02 17:52:53', NULL, 1, 0, 'wj0Y0tspYlVLFwOL3K8WjBMFnQhU79OoYlK5ck6F', 'NONE', 'NONE', ''),
(123, 1, '2024-03-02 18:01:40', '2024-03-02 18:01:40', NULL, 1, 0, 'jXOkKas6eeiyi1mNzoDZviQ2nzei8Fx41evWQ7uG', 'NONE', 'NONE', ''),
(124, 1, '2024-03-02 18:14:23', '2024-03-02 18:14:23', NULL, 1, 0, 'FkMfq11WXmo01JnMLhuBE0a4CQLiK3e8eFVhdcfA', 'NONE', 'NONE', ''),
(125, 1, '2024-03-02 19:24:34', '2024-03-02 19:24:34', NULL, 1, 0, '8IcAywVtHKohWgPOOtQqEyN3kN13UYXcSQPzxXaY', 'NONE', 'NONE', ''),
(126, 1, '2024-03-02 20:01:24', '2024-03-02 20:01:24', NULL, 1, 0, '2ap1c784CpYIW0f3U0R52cQyCX9bCcFrzGGS8HVw', 'NONE', 'NONE', ''),
(127, 1, '2024-03-02 20:12:37', '2024-03-02 20:12:37', NULL, 1, 0, '326vSLRtyOkNYr2ThWXnT6WGHQs0IH5PFV7VGFJ6', 'NONE', 'NONE', ''),
(128, 1, '2024-03-02 20:13:01', '2024-03-02 20:13:01', NULL, 1, 0, 'FaFuXWQbudqFr3RFVY4cn48HuApuAn1j26OfS7b6', 'NONE', 'NONE', ''),
(129, 1, '2024-03-02 20:19:31', '2024-03-02 20:19:31', NULL, 1, 0, 'YP2NPgDGiNSKsgi6fXXQilKGEfT2CJFXMLdOKVIM', 'NONE', 'NONE', ''),
(130, 1, '2024-03-02 22:36:57', '2024-03-02 22:36:57', NULL, 1, 0, 'q7Ps2xYyLsJpOiTtCAlLqrJrEvJ4EI7v3ZpzT3UA', 'NONE', 'NONE', ''),
(131, 1, '2024-03-02 22:39:54', '2024-03-02 22:39:54', NULL, 1, 0, 'Q3UK9ZWFEfekEtkNmK6qjKKo6Z6US4J6tXyYt4bx', 'NONE', 'NONE', ''),
(132, 1, '2024-03-03 00:03:58', '2024-03-03 00:03:58', NULL, 1, 0, 'kkfXzdAihgN0r2FLgcMCqsNXrWx4wahh5ibdxaWN', 'NONE', 'NONE', ''),
(133, 1, '2024-03-03 01:13:44', '2024-03-03 01:13:44', NULL, 1, 0, 'QyK8V19SlzdbmgCFW1uj86xFVqJRiYAffArco0dq', 'NONE', 'NONE', ''),
(134, 9, '2024-03-03 01:13:45', '2024-03-03 01:13:45', NULL, 1, 0, 'QyK8V19SlzdbmgCFW1uj86xFVqJRiYAffArco0dq', 'NONE', 'NONE', 'contactUsBee'),
(135, 1, '2024-03-03 01:28:27', '2024-03-03 01:28:27', NULL, 1, 0, '3YGiggE6Oz58DFGiEnqjUvbxZ4WxiiOQXSjrOSIk', 'NONE', 'NONE', ''),
(136, 1, '2024-03-03 02:31:24', '2024-03-03 02:31:24', NULL, 1, 0, 'QQ85xUCMML6zqsPNMFRCNIvjnDwMwykzyL9eGaey', 'NONE', 'NONE', ''),
(137, 1, '2024-03-03 02:37:15', '2024-03-03 02:37:15', NULL, 1, 0, 'voxD509zs1MXYNw1S5Zd8Bn8efQPqw9UA7TLbhHU', 'NONE', 'NONE', ''),
(138, 6, '2024-03-03 02:37:57', '2024-03-03 02:37:57', NULL, 1, 0, '13pZycOC0GQDSViJLLqRFo87g7pJAjdFQbHgsUWR', 'NONE', 'NONE', 'shopBee'),
(139, 1, '2024-03-03 03:29:22', '2024-03-03 03:29:22', NULL, 1, 0, 'Naa1yEs70oHEX4Jpx8R9upr1H2r2H7Bz5V9WZovE', 'NONE', 'NONE', ''),
(140, 3, '2024-03-03 04:58:57', '2024-03-03 04:58:57', NULL, 1, 0, 'SNMpmqWoZ6FaCwrEAObH6mLUJ3um58VBJIr59VWx', 'NONE', 'NONE', 'search'),
(141, 1, '2024-03-03 05:18:45', '2024-03-03 05:18:45', NULL, 1, 0, 'qODVDyilFw2seXdSDrZ0854S11iRe2Xq35CQ73RO', 'NONE', 'NONE', ''),
(142, 3, '2024-03-03 05:23:07', '2024-03-03 05:23:07', NULL, 1, 0, 'uv2RFpChGuaw26sa2L4QyLctU2s59U8Sdsi3D44r', 'NONE', 'NONE', 'search'),
(143, 1, '2024-03-03 05:37:06', '2024-03-03 05:37:06', NULL, 1, 0, 'KayK4BE8tr48mvgGQGuDYtSosf7IriMeNeMCTxYW', 'NONE', 'NONE', ''),
(144, 9, '2024-03-03 05:55:17', '2024-03-03 05:55:17', NULL, 1, 0, 'HHrPjNdyGKo39CAEmeXvj7xz9PNY1Fpi1vDNs89q', 'NONE', 'NONE', 'contactUsBee'),
(145, 1, '2024-03-03 07:47:53', '2024-03-03 07:47:53', NULL, 1, 0, 'kPSwdn0eUXCXbxtBAQbeL2rMpPhlJsFqAoNtRJZK', 'NONE', 'NONE', ''),
(146, 1, '2024-03-03 07:58:04', '2024-03-03 07:58:04', NULL, 1, 0, 'S3fidKwOHU9oBc8bAXqazOD58mqB12m7hOfD4bWh', 'NONE', 'NONE', ''),
(147, 1, '2024-03-03 08:46:24', '2024-03-03 08:46:24', NULL, 1, 0, 'TUF6VouT7i39hmxctO2TbOI42NbDF0ErWZGS9G6X', 'NONE', 'NONE', ''),
(148, 1, '2024-03-03 08:58:31', '2024-03-03 08:58:31', NULL, 1, 0, 'y5S6lVjAb6XZX0miPigatedvao8smeQ703HGTRir', 'NONE', 'NONE', ''),
(149, 1, '2024-03-03 09:14:04', '2024-03-03 09:14:04', NULL, 1, 0, 'BeAJVqBHXDS0nf7RCojf4TemzdzwdFE6QNl9k8mp', 'NONE', 'NONE', ''),
(150, 3, '2024-03-03 10:55:33', '2024-03-03 10:55:33', NULL, 1, 0, 'QjQAlBiyDPS68LrGlrzgj6Rr70ZsxxQ5lTl5N8T7', 'NONE', 'NONE', 'search'),
(151, 3, '2024-03-03 12:27:51', '2024-03-03 12:27:51', NULL, 1, 0, 'BDwGmAcbuLltCD9KgRmNrQa4txdkaLJQSGpzx3k8', 'NONE', 'NONE', 'search'),
(152, 1, '2024-03-03 13:56:36', '2024-03-03 13:56:36', NULL, 1, 0, 'wDxvGsptCIEZuMR7MtsnkWMYfYiBCg8PWM4uCHsj', 'NONE', 'NONE', ''),
(153, 7, '2024-03-03 14:12:27', '2024-03-03 14:12:27', NULL, 1, 0, 'xLGpeL2Sn5VPixg0WO8REanuPu3oSoQZgqtR6hwe', 'NONE', 'NONE', 'aboutUsBee'),
(154, 1, '2024-03-03 15:32:14', '2024-03-03 15:32:14', NULL, 1, 0, 'oc7Ym9EkVrPGcZTaOadRkyujeHz8iwnD2d0YXVUZ', 'NONE', 'NONE', ''),
(155, 1, '2024-03-03 15:33:28', '2024-03-03 15:33:28', NULL, 1, 0, 'bN6Nn7a84b1O4h5IjerayxeBxjy7WxLAySzNZmfJ', 'NONE', 'NONE', ''),
(156, 1, '2024-03-03 15:59:25', '2024-03-03 15:59:25', NULL, 1, 0, 'IQruAJXVvKJMTMb7qk7It64TJWddonG7Xu1ZQOj2', 'NONE', 'NONE', ''),
(157, 3, '2024-03-03 16:18:46', '2024-03-03 16:18:46', NULL, 1, 0, 'fSJxsgDZpDtjjFTenMVATggdlDX5XnDRwNwDlijF', 'NONE', 'NONE', 'search'),
(158, 1, '2024-03-03 16:38:42', '2024-03-03 16:38:42', NULL, 1, 0, 'jaouuIGnjVaPCnu0CKjes3hvoDOHpDtrr5J5RvKF', 'NONE', 'NONE', ''),
(159, 2, '2024-03-03 16:45:59', '2024-03-03 16:45:59', NULL, 1, 0, 'dFZh9yjQOI41Sqa4lanT2wFfErR7DH07moPFnvbn', 'NONE', 'NONE', 'activities'),
(160, 7, '2024-03-03 18:15:31', '2024-03-03 18:15:31', NULL, 1, 0, 'WwDjHO1hF0Tp20dMDv2J4mW966CIyO2Djf8rx6O8', 'NONE', 'NONE', 'aboutUsBee'),
(161, 1, '2024-03-03 19:04:18', '2024-03-03 19:04:18', NULL, 1, 0, 's0XH346wqVaT3n4YCIM8OKGfBZPNCg8HCrbPWXoP', 'NONE', 'NONE', ''),
(162, 2, '2024-03-03 19:04:19', '2024-03-03 19:04:19', NULL, 1, 0, 'LhTVRcnYTZoqobITIxslqc5OohfqLkXy41gsK8rK', 'NONE', 'NONE', 'activities'),
(163, 9, '2024-03-03 19:07:31', '2024-03-03 19:07:31', NULL, 1, 0, 'mqaCpcddvl9i6B3z070HALUZmcjXinFImHamEfor', 'NONE', 'NONE', 'contactUsBee'),
(164, 1, '2024-03-03 19:24:28', '2024-03-03 19:24:28', NULL, 1, 0, '1sBohrxWT25NTEgOkUgyTJJUOtZYpvkRPf4sMyhL', 'NONE', 'NONE', ''),
(165, 1, '2024-03-03 19:29:28', '2024-03-03 19:29:28', NULL, 1, 0, 'Mpu0pvFKsSPI4tvElBKn4Z9ss2nerqYxDrff80NW', 'NONE', 'NONE', ''),
(166, 1, '2024-03-03 19:29:31', '2024-03-03 19:29:31', NULL, 1, 0, 'edygqdWaLL1AlgOyC1xs3afP0fP0ze7uCStPY3CI', 'NONE', 'NONE', ''),
(167, 1, '2024-03-03 19:29:32', '2024-03-03 19:29:32', NULL, 1, 0, '0k39GO4Aqb4XCyxOZat5fBb2mYjXagvlEPQSCJdj', 'NONE', 'NONE', ''),
(168, 1, '2024-03-03 20:19:31', '2024-03-03 20:19:31', NULL, 1, 0, 'rilShIcaBSyK5VOf3Bi90foy5dryz7vPTNguEWV7', 'NONE', 'NONE', ''),
(169, 1, '2024-03-03 20:39:46', '2024-03-03 20:39:46', NULL, 1, 0, 'r9htIcoDlEfIPvNcPKftZq9EGm5g6Ko5m27WnNpA', 'NONE', 'NONE', ''),
(170, 9, '2024-03-03 20:39:47', '2024-03-03 20:39:47', NULL, 1, 0, 'r9htIcoDlEfIPvNcPKftZq9EGm5g6Ko5m27WnNpA', 'NONE', 'NONE', 'contactUsBee'),
(171, 1, '2024-03-03 20:44:16', '2024-03-03 20:44:16', NULL, 1, 0, 'mKOY6Pcv4FGQKD6PulZQyTPIhnJqIJbYcsfRriTE', 'NONE', 'NONE', ''),
(172, 2, '2024-03-03 21:06:36', '2024-03-03 21:06:36', NULL, 1, 0, 'Q2UQABmtToVhgRMQo8hEqCiNozirI1nIJTocMcGt', 'NONE', 'NONE', 'activities'),
(173, 9, '2024-03-03 21:19:19', '2024-03-03 21:19:19', NULL, 1, 0, 'XKJx7ZEIaleYKZdiTevHaNm9FNrby1l8mA8vLcZb', 'NONE', 'NONE', 'contactUsBee'),
(174, 10, '2024-03-03 21:20:21', '2024-03-03 21:20:21', NULL, 1, 0, 'aG81BQlCAZKpkuq8M1siAtlD1TaFfWSsL9HL4uEC', 'NONE', 'NONE', 'authorSingle'),
(175, 1, '2024-03-03 22:07:43', '2024-03-03 22:07:43', NULL, 1, 0, 'QqKzP9M8cmD4FF2CYO5zhXG8Pui6Fc8XPQtK8bbw', 'NONE', 'NONE', ''),
(176, 1, '2024-03-03 22:46:32', '2024-03-03 22:46:32', NULL, 1, 0, 'a8ZENVn4vb05lXv2Dpf2OMiwOpO5BwjeCbabuXNA', 'NONE', 'NONE', ''),
(177, 1, '2024-03-03 22:52:36', '2024-03-03 22:52:36', NULL, 1, 0, 'wiCTTSP7LTGFlH0fBq1SnIzFJMjJSdJ8R12LkY0z', 'NONE', 'NONE', ''),
(178, 1, '2024-03-03 22:57:51', '2024-03-03 22:57:51', NULL, 1, 0, 'TIZLxNhEZoPEXzvHUHZlxmB04OhL764n3LwWQrDL', 'NONE', 'NONE', ''),
(179, 1, '2024-03-03 23:01:50', '2024-03-03 23:01:50', NULL, 1, 0, '6aBKhMJVqS2ZapupZbCUeM8CyxN1SmjWFxi4lpV2', 'NONE', 'NONE', ''),
(180, 1, '2024-03-03 23:14:28', '2024-03-03 23:14:28', NULL, 1, 0, 'YT5d951PmPh6CUQVaZq5qrK4hxEqL9xzai4a7oz2', 'NONE', 'NONE', ''),
(181, 1, '2024-03-03 23:26:39', '2024-03-03 23:26:39', NULL, 1, 0, 'cBKXGv2h5i9sKpLYQDrDuTvIE8YMWNDhw2XbKqYw', 'NONE', 'NONE', ''),
(182, 1, '2024-03-04 01:32:36', '2024-03-04 01:32:36', NULL, 1, 0, 'dg651XEWLh2r0aWmq798ucNN2VZJmpBw4TxYf1wm', 'NONE', 'NONE', ''),
(183, 5, '2024-03-04 01:46:14', '2024-03-04 01:46:14', NULL, 1, 0, 'plvMGFkZKakrBJR1c0Wxp002wjJMjbwj1pG0q2Gh', 'NONE', 'NONE', 'howItWorks'),
(184, 1, '2024-03-04 01:48:12', '2024-03-04 01:48:12', NULL, 1, 0, '2PgkNucLD7l7wXV2N3WpJJHnVMrGrC7ibhZdA7YC', 'NONE', 'NONE', ''),
(185, 9, '2024-03-04 02:32:09', '2024-03-04 02:32:09', NULL, 1, 0, '30g6v9E2IrBHWfBauoZC6MJeWcWBD70IuavFEtBL', 'NONE', 'NONE', 'contactUsBee'),
(186, 1, '2024-03-04 03:21:30', '2024-03-04 03:21:30', NULL, 1, 0, 'vHA8ASsxp9aJEDFDYAU4oyweykdcWV0lCmKoFEAz', 'NONE', 'NONE', ''),
(187, 1, '2024-03-04 04:39:31', '2024-03-04 04:39:31', NULL, 1, 0, 'rm4grx5QUmpmfWFQKvY8b54n7P9LDJhNsKFpn2eD', 'NONE', 'NONE', ''),
(188, 3, '2024-03-04 04:59:56', '2024-03-04 04:59:56', NULL, 1, 0, 'V8LdtZjAkl86wTo04BmssIvKABjV2R8NzoaoFcDl', 'NONE', 'NONE', 'search'),
(189, 1, '2024-03-04 05:35:55', '2024-03-04 05:35:55', NULL, 1, 0, 'McPTCnbkvcKxjVCjrwfAqNoTbyqkVlu5bnfiGxL2', 'NONE', 'NONE', ''),
(190, 2, '2024-03-04 06:50:48', '2024-03-04 06:50:48', NULL, 1, 0, '5PWVrqZr7jfnkvUGrpwXJ0cthllU4NVZJ4ZbhMTf', 'NONE', 'NONE', 'activities'),
(191, 1, '2024-03-04 09:08:26', '2024-03-04 09:08:26', NULL, 1, 0, 'Bn1HSQkrTHc592HxLmcfC3xKRTeAbNQ4Mn6Y2zq6', 'NONE', 'NONE', ''),
(192, 1, '2024-03-04 09:18:34', '2024-03-04 09:18:34', NULL, 1, 0, 'L2vU801rkx2UoA1mTaehiFcYMruRK9NvEDPvxyDX', 'NONE', 'NONE', ''),
(193, 1, '2024-03-04 09:37:25', '2024-03-04 09:37:25', NULL, 1, 0, 'intzraw4dc7KTjUziSYaKtwJXnmb1Gsdtl3jrWFa', 'NONE', 'NONE', ''),
(194, 5, '2024-03-04 10:25:24', '2024-03-04 10:25:24', NULL, 1, 0, '4Tea4iyv5RR3qsXXyBPvjWk4ZZ9UQngyuOv5dMe9', 'NONE', 'NONE', 'howItWorks'),
(195, 1, '2024-03-04 12:00:20', '2024-03-04 12:00:20', NULL, 1, 0, 'u1NmEIW0u84o78tTqUIB00Cerlk3PpeHkVXFRumE', 'NONE', 'NONE', ''),
(196, 3, '2024-03-04 13:54:05', '2024-03-04 13:54:05', NULL, 1, 0, 'AEz87oycZhr3TYJTkAqzZjTsfZjVar4t1OIkyblS', 'NONE', 'NONE', 'search'),
(197, 3, '2024-03-04 14:41:04', '2024-03-04 14:41:04', NULL, 1, 0, 'Ylao1yuXdApr4i9snPHqJL6l5GXKGEnO0TnIMpeu', 'NONE', 'NONE', 'search'),
(198, 1, '2024-03-04 15:21:22', '2024-03-04 15:21:22', NULL, 1, 0, 'kYOlX2DCy1ya4Y17LRXaq6j4EyFGg75f0eDfBDN0', 'NONE', 'NONE', ''),
(199, 1, '2024-03-04 15:50:14', '2024-03-04 15:50:14', NULL, 1, 0, '1HXkmwcSX0t45zIPbDOnvitiswO5eO60M7lyWrhY', 'NONE', 'NONE', ''),
(200, 3, '2024-03-04 15:50:50', '2024-03-04 15:50:50', NULL, 1, 0, '1HXkmwcSX0t45zIPbDOnvitiswO5eO60M7lyWrhY', 'NONE', 'NONE', 'search'),
(201, 8, '2024-03-04 15:57:04', '2024-03-04 15:57:04', NULL, 1, 0, '1HXkmwcSX0t45zIPbDOnvitiswO5eO60M7lyWrhY', 'NONE', 'NONE', 'businessDetails'),
(202, 7, '2024-03-04 16:00:29', '2024-03-04 16:00:29', NULL, 1, 0, 'b2edkwF1GVFfl6FmTEC5O349HFTFWBJToXb8ybJ8', 'NONE', 'NONE', 'aboutUsBee'),
(203, 9, '2024-03-04 16:16:30', '2024-03-04 16:16:30', NULL, 1, 0, 'lfkHY6d68a3Y0jxxEeYVuPVQ75Vhtx54RbMNaN7e', 'NONE', 'NONE', 'contactUsBee'),
(204, 1, '2024-03-04 16:16:50', '2024-03-04 16:16:50', NULL, 1, 0, 'jQREumzUfJHEZdK6v8FQJEyo57AaOAV8ubvhW40w', 'NONE', 'NONE', ''),
(205, 2, '2024-03-04 16:33:43', '2024-03-04 16:33:43', NULL, 1, 0, 'ICpkRxKxeLLoFkxo5X3HBD4aKRkApWcDPPr6tIZv', 'NONE', 'NONE', 'activities'),
(206, 2, '2024-03-04 16:33:45', '2024-03-04 16:33:45', NULL, 1, 0, 'cF5qvACMT0kStZJA54hwtfFiPY6PxEF0LcA3WMVx', 'NONE', 'NONE', 'activities'),
(207, 1, '2024-03-04 17:09:06', '2024-03-04 17:09:06', NULL, 1, 0, 'UtAalrOb6nZ0ramjOI60diNEENOiQAtYuSlc1TA9', 'NONE', 'NONE', ''),
(208, 5, '2024-03-04 17:54:20', '2024-03-04 17:54:20', NULL, 1, 0, 'G0SlwU3WWpF0mgl3QieMHhesX97vi0PLlCWhx65w', 'NONE', 'NONE', 'howItWorks'),
(209, 5, '2024-03-04 18:01:28', '2024-03-04 18:01:28', NULL, 1, 0, 'HodCUaIzIFxGrAfvgz9NyKcLTyZJqP0snhYqRyPC', 'NONE', 'NONE', 'howItWorks'),
(210, 12, '2024-03-04 18:40:34', '2024-03-04 18:40:34', NULL, 1, 0, '8MyhdRdtevGsDWnTbJlJmycFls3Y2A9reb0Aa516', 'NONE', 'NONE', 'rewards'),
(211, 1, '2024-03-04 19:31:02', '2024-03-04 19:31:02', NULL, 1, 0, 'yPu6rVT8T72o1CqRX1MstPP1ljgE7bsBwWmqZ2RM', 'NONE', 'NONE', ''),
(212, 6, '2024-03-04 19:34:22', '2024-03-04 19:34:22', NULL, 1, 0, '3U6ODHy7mEzmSspt2E0yGOq5ihWHGkGIGDgpMQiP', 'NONE', 'NONE', 'shopBee'),
(213, 10, '2024-03-04 20:13:39', '2024-03-04 20:13:39', NULL, 1, 0, 'uhFidLYZpBB3mazSshgmciBTJv0Gikoiolr95zcA', 'NONE', 'NONE', 'authorSingle'),
(214, 1, '2024-03-04 20:19:31', '2024-03-04 20:19:31', NULL, 1, 0, 'WTVZJQC228msJRJCbGL1tvgafpzg02shRfkGmPo2', 'NONE', 'NONE', ''),
(215, 9, '2024-03-04 20:50:39', '2024-03-04 20:50:39', NULL, 1, 0, 'x5W0nN79650fCDmw7xDkiwSnKKkl6uRKnQit5Hb3', 'NONE', 'NONE', 'contactUsBee'),
(216, 5, '2024-03-04 22:14:15', '2024-03-04 22:14:15', NULL, 1, 0, '3p98JCS7gORwDZywm69on7WghTGM4wR6x5rDqGu8', 'NONE', 'NONE', 'howItWorks'),
(217, 1, '2024-03-05 00:11:58', '2024-03-05 00:11:58', NULL, 1, 0, 'eFmufZKbBVlsL6ypD5bSrTI89p201j5dUVmnVG7v', 'NONE', 'NONE', ''),
(218, 1, '2024-03-05 00:11:58', '2024-03-05 00:11:58', NULL, 1, 0, 'k6Rfav9HpiqOudv0CfN1kpN6LMVXzPqJjIZsn76L', 'NONE', 'NONE', ''),
(219, 3, '2024-03-05 00:37:21', '2024-03-05 00:37:21', NULL, 1, 0, 'zCEhD70CzvjWKdbwC3uodXXVsRrjcoNwUnQiPWCB', 'NONE', 'NONE', 'search'),
(220, 1, '2024-03-05 00:48:30', '2024-03-05 00:48:30', NULL, 1, 0, 'ZDAx4oW6SSKPUCpeHvwEGe9QXV5rFmU1fZiuPdyr', 'NONE', 'NONE', ''),
(221, 1, '2024-03-05 00:54:49', '2024-03-05 00:54:49', NULL, 1, 0, 'sE7aK6W7yvRGQTa5PrAroHYyx7fosvEVvQ7x0yet', 'NONE', 'NONE', ''),
(222, 1, '2024-03-05 02:43:44', '2024-03-05 02:43:44', NULL, 1, 0, '0Wnc94hhFnM9UjcbIYjITJlnr4HSvDUW4uhG2Ung', 'NONE', 'NONE', ''),
(223, 1, '2024-03-05 02:59:19', '2024-03-05 02:59:19', NULL, 1, 0, 'Jc1HBeSnNYA3YObF4ENklGe0em7Jek3JEgzswjzg', 'NONE', 'NONE', ''),
(224, 12, '2024-03-05 04:09:49', '2024-03-05 04:09:49', NULL, 1, 0, 'kGKkDoCP1c7Iv7PfAfUOxpB92jbzIHrPEASMTcgD', 'NONE', 'NONE', 'rewards'),
(225, 1, '2024-03-05 04:56:55', '2024-03-05 04:56:55', NULL, 1, 0, 'xBYvdoLAqjvztkaTv0rua03Mv1eTbFjrqMdrQ4GS', 'NONE', 'NONE', ''),
(226, 1, '2024-03-05 05:03:44', '2024-03-05 05:03:44', NULL, 1, 0, 'Y10OIuPMZo4NsY47KA2zIx1oQWxsspxF2Y9v2Qae', 'NONE', 'NONE', ''),
(227, 2, '2024-03-05 05:15:44', '2024-03-05 05:15:44', NULL, 1, 0, '7aTkPMPrS3WvhZPhFm2T8mfcEPRvuzyEJAwTcPAS', 'NONE', 'NONE', 'activities'),
(228, 8, '2024-03-05 05:30:45', '2024-03-05 05:30:45', NULL, 1, 0, '5iuP6rxxYhDya2eO7aLHZmlN5L55hfWTSTVZ153T', 'NONE', 'NONE', 'businessDetails'),
(229, 1, '2024-03-05 05:44:26', '2024-03-05 05:44:26', NULL, 1, 0, 'dxtdPRX7pQSDNVqEklq2BPSfTUzqaHEoTzioptW0', 'NONE', 'NONE', ''),
(230, 1, '2024-03-05 06:58:52', '2024-03-05 06:58:52', NULL, 1, 0, 'sYVLYFBriDi8iwv6bXwxjvtv5vB21z0iRyjviryo', 'NONE', 'NONE', ''),
(231, 1, '2024-03-05 06:59:32', '2024-03-05 06:59:32', NULL, 1, 0, 'QINePnpMXpQLngcf7hUwGNXlkYRtvzsJKcEE3xb0', 'NONE', 'NONE', ''),
(232, 1, '2024-03-05 06:59:39', '2024-03-05 06:59:39', NULL, 1, 0, 'XH4rPqc9CCxuUH7iygrgcrbpoMG8ELUxIQP8fgb4', 'NONE', 'NONE', ''),
(233, 5, '2024-03-05 08:03:33', '2024-03-05 08:03:33', NULL, 1, 0, 'BiU8XsbYy2UEqukFh9al82AfAEF4Sgy8ULWIa2lZ', 'NONE', 'NONE', 'howItWorks'),
(234, 1, '2024-03-05 08:52:31', '2024-03-05 08:52:31', NULL, 1, 0, 'ASAn8FjO0YObwpBEPnJ9T5gLpykNBFw3vCaW4h1R', 'NONE', 'NONE', ''),
(235, 1, '2024-03-05 09:47:37', '2024-03-05 09:47:37', NULL, 1, 0, 'IoD5G1aV3i18wRVYYIQqIAvm6Tnlnsml2SGdtyfk', 'NONE', 'NONE', ''),
(236, 9, '2024-03-05 09:47:38', '2024-03-05 09:47:38', NULL, 1, 0, 'IoD5G1aV3i18wRVYYIQqIAvm6Tnlnsml2SGdtyfk', 'NONE', 'NONE', 'contactUsBee'),
(237, 1, '2024-03-05 11:46:26', '2024-03-05 11:46:26', NULL, 1, 0, 'sfaZcBIoVT8HrkEEL9gm37aPwFbFPIRg5NIGpezz', 'NONE', 'NONE', ''),
(238, 1, '2024-03-05 11:49:56', '2024-03-05 11:49:56', NULL, 1, 0, 'wLBuby0T7XTSSJfPBjzsbAUOI0Rc7ZDhT9IdaUdt', 'NONE', 'NONE', ''),
(239, 9, '2024-03-05 11:50:06', '2024-03-05 11:50:06', NULL, 1, 0, 'wLBuby0T7XTSSJfPBjzsbAUOI0Rc7ZDhT9IdaUdt', 'NONE', 'NONE', 'contactUsBee'),
(240, 3, '2024-03-05 11:50:13', '2024-03-05 11:50:13', NULL, 1, 0, 'wLBuby0T7XTSSJfPBjzsbAUOI0Rc7ZDhT9IdaUdt', 'NONE', 'NONE', 'search'),
(241, 8, '2024-03-05 11:50:17', '2024-03-05 11:50:17', NULL, 1, 0, 'wLBuby0T7XTSSJfPBjzsbAUOI0Rc7ZDhT9IdaUdt', 'NONE', 'NONE', 'businessDetails'),
(242, 1, '2024-03-05 11:50:42', '2024-03-05 11:50:42', NULL, 1, 0, 'BaEaEXoSwPsjIwXKQNRYDu2ClXvmnMqIJSAXqjKP', 'NONE', 'NONE', ''),
(243, 1, '2024-03-05 11:53:15', '2024-03-05 11:53:15', NULL, 1, 0, 'LQhb9MocdrGdK0XnUN1AJ9z0NeJVHjBb0IyfUEze', 'NONE', 'NONE', ''),
(244, 1, '2024-03-05 12:15:08', '2024-03-05 12:15:08', NULL, 1, 0, 'qAlD6fCdOibkfhWlqP76Ddzlo0RLRYuM8eCWDI74', 'NONE', 'NONE', ''),
(245, 1, '2024-03-05 12:38:57', '2024-03-05 12:38:57', NULL, 1, 0, 'xB1sETeo0pbPYrLjWebEXZdtof5UH7EB0VQezXGT', 'NONE', 'NONE', ''),
(246, 1, '2024-03-05 13:35:15', '2024-03-05 13:35:15', NULL, 1, 0, 'HxTr99uDrUaKBPuotCg1HWD17rmyAxyirJspYGzX', 'NONE', 'NONE', ''),
(247, 1, '2024-03-05 13:46:26', '2024-03-05 13:46:26', NULL, 1, 0, 'oAhH9qg3O0iTz8LCR2KkPWf9HHVIi6gG6bVvk6iP', 'NONE', 'NONE', ''),
(248, 1, '2024-03-05 13:52:29', '2024-03-05 13:52:29', NULL, 1, 0, 'baWP5VEXEgEck0x99vNcgBrqv6zW5hrvL9UHr02K', 'NONE', 'NONE', ''),
(249, 1, '2024-03-05 17:01:30', '2024-03-05 17:01:30', NULL, 1, 0, 'nB8qC5h4GgP3eQjVGJXi9FPpxf0gZddspBMdDZx0', 'NONE', 'NONE', ''),
(250, 1, '2024-03-05 17:13:33', '2024-03-05 17:13:33', NULL, 1, 0, 'fUKlJwrY7vdIdunzS5yTKtRd0su4jKgcbPBoRJT3', 'NONE', 'NONE', ''),
(251, 1, '2024-03-05 17:16:29', '2024-03-05 17:16:29', NULL, 1, 0, 'mhndFGzYSFrr1nbRwezDzKERQKHLzOAH2J5c4mUx', 'NONE', 'NONE', ''),
(252, 1, '2024-03-05 17:28:16', '2024-03-05 17:28:16', NULL, 1, 0, 'qBVNIa4Y59moW7vuxImQAdebJC8iOhslormAMVZL', 'NONE', 'NONE', ''),
(253, 1, '2024-03-05 17:37:13', '2024-03-05 17:37:13', NULL, 1, 0, 'nQSUMwrCT8SoUPioP5TPxl5i8ib9dhd4BEsuPdy4', 'NONE', 'NONE', ''),
(254, 1, '2024-03-05 17:38:21', '2024-03-05 17:38:21', NULL, 1, 0, 'JYx9wSylspYyeo8GnbN7RO09yjU3dCev0v9P2Ac7', 'NONE', 'NONE', ''),
(255, 7, '2024-03-05 17:43:36', '2024-03-05 17:43:36', NULL, 1, 0, 'DWstEgbVlMUGOGTtVaAIowfOMd3RWEZ6xa8jEjHO', 'NONE', 'NONE', 'aboutUsBee'),
(256, 9, '2024-03-05 17:43:37', '2024-03-05 17:43:37', NULL, 1, 0, '8PqpujJRm5E8vnNX5TCyyXqY026XroKWSdrccbeq', 'NONE', 'NONE', 'contactUsBee'),
(257, 2, '2024-03-05 17:43:40', '2024-03-05 17:43:40', NULL, 1, 0, 'EgEQaZqEu8xfnvdBfSPA81QcCUZ6NUa5CitetYUS', 'NONE', 'NONE', 'activities'),
(258, 1, '2024-03-05 17:43:46', '2024-03-05 17:43:46', NULL, 1, 0, 'HAY0AgzZVGzmBBL7tKBFndObhw68owSjaL5Lqp68', 'NONE', 'NONE', ''),
(259, 1, '2024-03-05 18:12:07', '2024-03-05 18:12:07', NULL, 1, 0, 'urcIuTMSHXaTmtoGkLd4O7wCOaQIMLMvpDRxvmbN', 'NONE', 'NONE', ''),
(260, 3, '2024-03-05 18:12:19', '2024-03-05 18:12:19', NULL, 1, 0, 'faRFGS7Be8UHj0Hd07GkByiVSdru1awo8PPtoMkr', 'NONE', 'NONE', 'search'),
(261, 1, '2024-03-05 18:16:33', '2024-03-05 18:16:33', NULL, 1, 0, '5I9El63XHzbnZWkyXlNhC73v3AndkXdiW5E5GqFj', 'NONE', 'NONE', ''),
(262, 3, '2024-03-05 18:21:32', '2024-03-05 18:21:32', NULL, 1, 0, '7a2BEnOZma3xJfddyA7wtQQAEvSpm50Qno19fvU5', 'NONE', 'NONE', 'search'),
(263, 1, '2024-03-05 18:30:06', '2024-03-05 18:30:06', NULL, 1, 0, 'suUeLErmwvZemAmFxBrgjRn8wyQSJEEmra5LjvyR', 'NONE', 'NONE', ''),
(264, 2, '2024-03-05 18:50:36', '2024-03-05 18:50:36', NULL, 1, 0, 'oQGFPEMGYkRDg8rEmTU8xsLn7VPiLSzyJif2nxQb', 'NONE', 'NONE', 'activities'),
(265, 1, '2024-03-05 18:57:43', '2024-03-05 18:57:43', NULL, 1, 0, 'uqyvaEMEqyPXaoi4rA1x4nh37T5Mfm3Ger7D3sSk', 'NONE', 'NONE', ''),
(266, 1, '2024-03-05 19:02:19', '2024-03-05 19:02:19', NULL, 1, 0, 'b9hgL7i62AH9mPYSGSLE3kE7SQ1rq2kKYKfxsA4k', 'NONE', 'NONE', ''),
(267, 3, '2024-03-05 19:05:23', '2024-03-05 19:05:23', NULL, 1, 0, '9Sr8a9DywzFXNNlLeZPz8t3NqkdCuBa1rjYRyyLx', 'NONE', 'NONE', 'search'),
(268, 3, '2024-03-05 19:09:29', '2024-03-05 19:09:29', NULL, 1, 0, 'Xe002wqTbT6QKqvt2fMzp6TxHnHgColYz9fiwp9D', 'NONE', 'NONE', 'search'),
(269, 7, '2024-03-05 19:17:36', '2024-03-05 19:17:36', NULL, 1, 0, 'NRwW7VMcaR2rTBqAhBJT1Gva5eWFmY8SJ8s1kuYp', 'NONE', 'NONE', 'aboutUsBee'),
(270, 9, '2024-03-05 19:39:11', '2024-03-05 19:39:11', NULL, 1, 0, 'L7gkAFewDcK89812Q1LzrIFlUWQPJrbA9uGR8qah', 'NONE', 'NONE', 'contactUsBee'),
(271, 1, '2024-03-05 20:19:31', '2024-03-05 20:19:31', NULL, 1, 0, 'bxJNDp4gFfg9VmrcWrDloWtOUnp4etimMM9oPA84', 'NONE', 'NONE', ''),
(272, 10, '2024-03-05 20:44:57', '2024-03-05 20:44:57', NULL, 1, 0, '474x51gpke22Ogzq6PrIeoT0OJOwklrK3yT5Wmrm', 'NONE', 'NONE', 'authorSingle'),
(273, 1, '2024-03-05 21:24:13', '2024-03-05 21:24:13', NULL, 1, 0, 'qgIqFlqXRWpw0kr60Chbkge9W46ssmZuXAgEs17o', 'NONE', 'NONE', ''),
(274, 5, '2024-03-05 21:44:11', '2024-03-05 21:44:11', NULL, 1, 0, 'n5RKh5hZtiMrHKCfLYTFtWxvwFgVpsvNRWyfsSYz', 'NONE', 'NONE', 'howItWorks'),
(275, 7, '2024-03-05 21:57:52', '2024-03-05 21:57:52', NULL, 1, 0, 'iWcfed3y9rVHsoYintvkmZt4bV8AK1ERxnJHFMvr', 'NONE', 'NONE', 'aboutUsBee'),
(276, 9, '2024-03-05 22:07:32', '2024-03-05 22:07:32', NULL, 1, 0, 'zuIB1N8pg8ViOZZFGoWsZn1Vrd5kBz5qRUJGfTho', 'NONE', 'NONE', 'contactUsBee'),
(277, 3, '2024-03-05 22:18:01', '2024-03-05 22:18:01', NULL, 1, 0, 'lsbOLTt7MTHWuvtI8mUTSzrBUkR34HgVrGF6Grmm', 'NONE', 'NONE', 'search'),
(278, 1, '2024-03-05 22:23:03', '2024-03-05 22:23:03', NULL, 1, 0, 'fc2qSSS7JpfsX1W5N7W0j0KMC1vlvpoOba8dztVS', 'NONE', 'NONE', ''),
(279, 1, '2024-03-05 22:24:06', '2024-03-05 22:24:06', NULL, 1, 0, '9vNAcrsbouAD6RIhUPiZQZBcOU314MkaIxkks49c', 'NONE', 'NONE', ''),
(280, 3, '2024-03-05 22:47:31', '2024-03-05 22:47:31', NULL, 1, 0, 'FMDCGwPcjNufkaTK8jnbQP9faZAVkuQ0ru3gi6v2', 'NONE', 'NONE', 'search'),
(281, 1, '2024-03-05 23:02:50', '2024-03-05 23:02:50', NULL, 1, 0, 'pGg7puZh1ZAZxwlwNfxXST9V7LSUDRdyQxoO4BFB', 'NONE', 'NONE', ''),
(282, 9, '2024-03-06 03:06:57', '2024-03-06 03:06:57', NULL, 1, 0, '85h2jk8mzPOB1QPYF7gi2YvRqnVwsfeNylM0ElBh', 'NONE', 'NONE', 'contactUsBee'),
(283, 1, '2024-03-06 05:04:06', '2024-03-06 05:04:06', NULL, 1, 0, 'GSZFExAPHcx3ql9Injp8IlrgobvTAOsU0c3NRH4W', 'NONE', 'NONE', ''),
(284, 2, '2024-03-06 05:47:53', '2024-03-06 05:47:53', NULL, 1, 0, 'ErhVQQQR4xPloo9cFE7tYyHXw9VIU2dsUbHTFmyF', 'NONE', 'NONE', 'activities'),
(285, 5, '2024-03-06 06:01:56', '2024-03-06 06:01:56', NULL, 1, 0, 'dR2MmT2VBeSI93WpX4Il2IbDfVGfFCF1DAkkm50r', 'NONE', 'NONE', 'howItWorks'),
(286, 1, '2024-03-06 06:35:09', '2024-03-06 06:35:09', NULL, 1, 0, '4d8k0Jn6WANPCg8Qep7r5YmDSP3jHMn6kNLgCr0F', 'NONE', 'NONE', ''),
(287, 7, '2024-03-06 06:35:10', '2024-03-06 06:35:10', NULL, 1, 0, '4d8k0Jn6WANPCg8Qep7r5YmDSP3jHMn6kNLgCr0F', 'NONE', 'NONE', 'aboutUsBee'),
(288, 9, '2024-03-06 06:35:11', '2024-03-06 06:35:11', NULL, 1, 0, '4d8k0Jn6WANPCg8Qep7r5YmDSP3jHMn6kNLgCr0F', 'NONE', 'NONE', 'contactUsBee'),
(289, 1, '2024-03-06 07:05:57', '2024-03-06 07:05:57', NULL, 1, 0, 'aG1ZnFTZXS8ZQ6kfyMpZGDbdj6SmHxkgWmVQnFHD', 'NONE', 'NONE', ''),
(290, 3, '2024-03-06 07:13:54', '2024-03-06 07:13:54', NULL, 1, 0, 'DDDPXEEKrQt4YYW7rlv7uXlKcWXlIQRpuXcd0auT', 'NONE', 'NONE', 'search'),
(291, 1, '2024-03-06 07:22:48', '2024-03-06 07:22:48', NULL, 1, 0, 'IOgP8woSJKyhXfTx2gpAQ1V5eDq215CNROBCSqKa', 'NONE', 'NONE', ''),
(292, 1, '2024-03-06 07:52:51', '2024-03-06 07:52:51', NULL, 1, 0, 'uym9FFUgBbcjXWYFhyTO9cnMhVEHTYfX9Yi5mYBy', 'NONE', 'NONE', ''),
(293, 7, '2024-03-06 08:05:59', '2024-03-06 08:05:59', NULL, 1, 0, 'B4hA1WXVc64BdOD5vGmWSOcPzJha2YSSJLGz0LgY', 'NONE', 'NONE', 'aboutUsBee'),
(294, 1, '2024-03-06 08:25:49', '2024-03-06 08:25:49', NULL, 1, 0, 'nwZr1iktgYe9uE7ZMrp1jDCWofLSlDyOCylFiSpL', 'NONE', 'NONE', ''),
(295, 13, '2024-03-06 08:48:32', '2024-03-06 08:48:32', NULL, 1, 0, 'GekTnE5WANy6eNiSdR230wbve0SuKbMXmI0wSThB', 'NONE', 'NONE', 'listingSingle'),
(296, 10, '2024-03-06 08:58:59', '2024-03-06 08:58:59', NULL, 1, 0, '4q8AyPP0PRFDDO0jb94wzs0jSowTd3Sl2ZzPT2VL', 'NONE', 'NONE', 'authorSingle'),
(297, 12, '2024-03-06 09:01:49', '2024-03-06 09:01:49', NULL, 1, 0, 'h7PrBGXu0OkO62zBdagArkxYtqNz2ilUBEtKO0a6', 'NONE', 'NONE', 'rewards'),
(298, 3, '2024-03-06 09:40:23', '2024-03-06 09:40:23', NULL, 1, 0, 'DtMEtNKJ73Dzfz6v9YvxcZD8WUv1t3p40Oo0e1rM', 'NONE', 'NONE', 'search'),
(299, 8, '2024-03-06 10:33:53', '2024-03-06 10:33:53', NULL, 1, 0, '9Q2bma7lLqx8yFzrYC8YZYUj7ZyKxIB1apFvnHNv', 'NONE', 'NONE', 'businessDetails'),
(300, 1, '2024-03-06 12:01:20', '2024-03-06 12:01:20', NULL, 1, 0, 'zBF3XPFnVrFNQ032OvE9zba8oT7tfNlfGKQxqAqL', 'NONE', 'NONE', ''),
(301, 1, '2024-03-06 13:27:53', '2024-03-06 13:27:53', NULL, 1, 0, 'CVnIEYonkOp01nI57tUJaawZymYhre0MR2cLL2Qg', 'NONE', 'NONE', ''),
(302, 1, '2024-03-06 13:35:56', '2024-03-06 13:35:56', NULL, 1, 0, '5Ine9YR33hv20accraoRnogf2MZ4lllIQjD3r6J4', 'NONE', 'NONE', ''),
(303, 6, '2024-03-06 13:35:57', '2024-03-06 13:35:57', NULL, 1, 0, 'e2G5fpbJJKvKAXr8QsmV2h5QxPl9555JwyaxWTos', 'NONE', 'NONE', 'shopBee'),
(304, 3, '2024-03-06 13:35:58', '2024-03-06 13:35:58', NULL, 1, 0, 'TH19aJXBT3HlKOMG3JWKAcDxG9Ez9qjQD9n4PWnf', 'NONE', 'NONE', 'search'),
(305, 3, '2024-03-06 13:36:01', '2024-03-06 13:36:01', NULL, 1, 0, 'UtNi491Z7kQR5wkc3Ox57znnT6RmUxCjv3b4x8SK', 'NONE', 'NONE', 'search'),
(306, 3, '2024-03-06 13:36:04', '2024-03-06 13:36:04', NULL, 1, 0, 'qHOcBuf1AKsb73dU14Q1PrTaDbztnk8nOkKM5pXF', 'NONE', 'NONE', 'search'),
(307, 3, '2024-03-06 13:36:07', '2024-03-06 13:36:07', NULL, 1, 0, 'kQ8qYWgvLYUteKDfEq68ZhMp58vc2BY4yAyFhfdD', 'NONE', 'NONE', 'search'),
(308, 5, '2024-03-06 13:36:10', '2024-03-06 13:36:10', NULL, 1, 0, 'ZjmZxXUWEz2WrYGRJeEngPa9alcbborzeWGvz4jA', 'NONE', 'NONE', 'howItWorks'),
(309, 9, '2024-03-06 13:36:14', '2024-03-06 13:36:14', NULL, 1, 0, '8ZShtxg4sbuU3qun4FSoBKvFIG9yvQYZJAVZpgYw', 'NONE', 'NONE', 'contactUsBee'),
(310, 2, '2024-03-06 13:36:30', '2024-03-06 13:36:30', NULL, 1, 0, 'QeftrccxdyM7N9UN1nI2twdCcVY0rIylJA3z0L4G', 'NONE', 'NONE', 'activities'),
(311, 7, '2024-03-06 13:36:33', '2024-03-06 13:36:33', NULL, 1, 0, 'RChVSNOPxaAp0zqGt57NyEOdoxigR5jWz7PTCjGs', 'NONE', 'NONE', 'aboutUsBee'),
(312, 1, '2024-03-06 13:36:36', '2024-03-06 13:36:36', NULL, 1, 0, 'aKibczBSncgLbfxaJSYdI1SW5JNauLclbxWrEvhB', 'NONE', 'NONE', ''),
(313, 1, '2024-03-06 14:06:49', '2024-03-06 14:06:49', NULL, 1, 0, 'C10aX3NPtDVVUlxJuI4riqiWDrjFLSiBlquayKCn', 'NONE', 'NONE', ''),
(314, 9, '2024-03-06 14:06:53', '2024-03-06 14:06:53', NULL, 1, 0, 'C10aX3NPtDVVUlxJuI4riqiWDrjFLSiBlquayKCn', 'NONE', 'NONE', 'contactUsBee'),
(315, 9, '2024-03-06 14:06:54', '2024-03-06 14:06:54', NULL, 1, 0, 'zUmESZ1YJvhREBMPrxpLLQIxMs47Zt7fuXWCJQmr', 'NONE', 'NONE', 'contactUsBee'),
(316, 7, '2024-03-06 14:07:00', '2024-03-06 14:07:00', NULL, 1, 0, 'C10aX3NPtDVVUlxJuI4riqiWDrjFLSiBlquayKCn', 'NONE', 'NONE', 'aboutUsBee'),
(317, 1, '2024-03-06 14:12:18', '2024-03-06 14:12:18', NULL, 1, 0, 'lAZZHxcOsohGl9oXJbMPbtN3481RkG9hMLZNEhIV', 'NONE', 'NONE', ''),
(318, 1, '2024-03-06 14:12:25', '2024-03-06 14:12:25', NULL, 1, 0, 'VCzUHPGWWbKAVoiKgipLjaLBvfKfZziKruAkEGax', 'NONE', 'NONE', ''),
(319, 1, '2024-03-06 14:12:37', '2024-03-06 14:12:37', NULL, 1, 0, 'hibBueZ3SplGTYwiruW1c3J2Ukj0QjGgyo48trM0', 'NONE', 'NONE', ''),
(320, 1, '2024-03-06 14:34:42', '2024-03-06 14:34:42', NULL, 1, 0, 'ySmtWEQuQ5pxhYANRAI5ycZIRDd5yGnP9S9Jj3XM', 'NONE', 'NONE', ''),
(321, 7, '2024-03-06 14:43:44', '2024-03-06 14:43:44', NULL, 1, 0, 'OnejB9nIIST5lMxliNWzDyX3GcAi5fVf6WFNg7Tb', 'NONE', 'NONE', 'aboutUsBee'),
(322, 2, '2024-03-06 14:43:48', '2024-03-06 14:43:48', NULL, 1, 0, 'XZv7KkxW2qkl4ugVEav4F1dAaac3voMtTS9eyomO', 'NONE', 'NONE', 'activities'),
(323, 9, '2024-03-06 14:43:56', '2024-03-06 14:43:56', NULL, 1, 0, 'oOG1EPGv9K6WVuoyRHDdT1FdZzlwrT1yeyiYRTqH', 'NONE', 'NONE', 'contactUsBee'),
(324, 5, '2024-03-06 14:43:58', '2024-03-06 14:43:58', NULL, 1, 0, 'zeLo9RbnbD1mUMkhoTKfymiH05EZQaCbpe9rfV4B', 'NONE', 'NONE', 'howItWorks'),
(325, 3, '2024-03-06 14:44:16', '2024-03-06 14:44:16', NULL, 1, 0, 'XJ2CGIfuDGaAQzvQuFt1cZTlrzZex4A0tXEeh9yY', 'NONE', 'NONE', 'search'),
(326, 3, '2024-03-06 14:44:22', '2024-03-06 14:44:22', NULL, 1, 0, 'DjW8FqIV0ulDdr8qyERLxYAnMb0sYGuyf1wAUesY', 'NONE', 'NONE', 'search'),
(327, 7, '2024-03-06 14:44:33', '2024-03-06 14:44:33', NULL, 1, 0, 'GsXfbXYgGdLABfEnFJVXwKRP7GQHi8UUYXCorD7t', 'NONE', 'NONE', 'aboutUsBee'),
(328, 2, '2024-03-06 14:44:39', '2024-03-06 14:44:39', NULL, 1, 0, '4qdxTMSJMFSRe5FN5ziOL4oHtq68ktksknahGNPG', 'NONE', 'NONE', 'activities'),
(329, 9, '2024-03-06 14:44:56', '2024-03-06 14:44:56', NULL, 1, 0, 'Wy4aPTEglJIUdxr031W6h0uSVzdnECMv5IqFfkC9', 'NONE', 'NONE', 'contactUsBee'),
(330, 5, '2024-03-06 14:45:03', '2024-03-06 14:45:03', NULL, 1, 0, 'Us2YbF5GRrtd1qNidWMJKntH9Lqp55zouCJ5D9EG', 'NONE', 'NONE', 'howItWorks'),
(331, 3, '2024-03-06 14:45:21', '2024-03-06 14:45:21', NULL, 1, 0, 'Sn9YE4JqOWOUdHeh1lXPbIp5tl2FsqAbBhq6w7ZD', 'NONE', 'NONE', 'search'),
(332, 3, '2024-03-06 14:45:25', '2024-03-06 14:45:25', NULL, 1, 0, 'tGhM03loAIerovU1S7OPxCIWji9gQMn0vkEMMjOm', 'NONE', 'NONE', 'search'),
(333, 1, '2024-03-06 14:53:08', '2024-03-06 14:53:08', NULL, 1, 0, 'X5CT1oOunhxpRgSa7BRZU6Boz74iAj5Xij2mIiyk', 'NONE', 'NONE', ''),
(334, 7, '2024-03-06 14:53:09', '2024-03-06 14:53:09', NULL, 1, 0, 'X5CT1oOunhxpRgSa7BRZU6Boz74iAj5Xij2mIiyk', 'NONE', 'NONE', 'aboutUsBee'),
(335, 9, '2024-03-06 14:53:10', '2024-03-06 14:53:10', NULL, 1, 0, 'X5CT1oOunhxpRgSa7BRZU6Boz74iAj5Xij2mIiyk', 'NONE', 'NONE', 'contactUsBee'),
(336, 14, '2024-03-06 15:26:39', '2024-03-06 15:26:39', NULL, 0, 1, 'cJZO9LDn4nxYjrpuIc2IUoB75NnhcpImp6MTZ6mm', 'NONE', 'NONE', 'myProfile'),
(337, 1, '2024-03-06 15:27:12', '2024-03-06 15:27:12', NULL, 1, 0, 'E3dEJB3Cexv7jd3BvDsTBeZlfddeuQMZUL9gJHIg', 'NONE', 'NONE', ''),
(338, 1, '2024-03-06 15:30:12', '2024-03-06 15:30:12', NULL, 1, 0, 'UyYxNzfLp0jjzPVkINYkgetfDPeE76W4tTxmL5x3', 'NONE', 'NONE', ''),
(339, 1, '2024-03-06 15:43:47', '2024-03-06 15:43:47', NULL, 1, 0, 'Zvouc8H1Nxnw4qVuTNVSq5hLaSWBXF6kmv0AoaaJ', 'NONE', 'NONE', ''),
(340, 8, '2024-03-06 15:45:33', '2024-03-06 15:45:33', NULL, 1, 0, 'qxe2SAzrQzfbgUkkQpI9DP7IorV0SljpVIEiXx8v', 'NONE', 'NONE', 'businessDetails'),
(341, 1, '2024-03-06 15:46:04', '2024-03-06 15:46:04', NULL, 1, 0, 'qxe2SAzrQzfbgUkkQpI9DP7IorV0SljpVIEiXx8v', 'NONE', 'NONE', ''),
(342, 1, '2024-03-06 15:48:54', '2024-03-06 15:48:54', NULL, 1, 0, 'saHaQ5EBytnTNpd9qQCUVP8ZLB1rUAcqXNXSgOFv', 'NONE', 'NONE', ''),
(343, 1, '2024-03-06 15:54:43', '2024-03-06 15:54:43', NULL, 1, 0, 'o2eQYrtmOm51Jsm1sL7gywfYWWp0Jsm7s2iStfTR', 'NONE', 'NONE', ''),
(344, 1, '2024-03-06 15:55:22', '2024-03-06 15:55:22', NULL, 1, 0, 'L94glfUHjwUBxw025JJWtAHQ4KdaPThXwrCa0qYY', 'NONE', 'NONE', ''),
(345, 1, '2024-03-06 16:11:07', '2024-03-06 16:11:07', NULL, 1, 0, 'sYohio87idEtrebUaSrpZO4I3ywggy0jLJoAp6Vf', 'NONE', 'NONE', ''),
(346, 1, '2024-03-06 16:16:15', '2024-03-06 16:16:15', NULL, 1, 0, 'SDKsoT2vupKrCcgi50aT0K7f8nRZJhf6bbgM9ruX', 'NONE', 'NONE', ''),
(347, 1, '2024-03-06 16:16:49', '2024-03-06 16:16:49', NULL, 1, 0, 'ZPywTbhbAai2Bu2k4FYNxOvttDycPR9UlqHA0L4I', 'NONE', 'NONE', ''),
(348, 1, '2024-03-06 16:18:41', '2024-03-06 16:18:41', NULL, 1, 0, 'bLju9GbzQHkfUZSWZGUHtCwRN3XUcITFF6spMyND', 'NONE', 'NONE', ''),
(349, 1, '2024-03-06 16:20:45', '2024-03-06 16:20:45', NULL, 1, 0, 'cAxdArAUwmu9TxrA4TS0bm3GlruqZ3QuPV1eUSW7', 'NONE', 'NONE', ''),
(350, 1, '2024-03-06 16:22:11', '2024-03-06 16:22:11', NULL, 1, 0, 'FAkhwVvlLQI3CR4acAJYWkwG0vqsLTYn1jzn4wRA', 'NONE', 'NONE', ''),
(351, 1, '2024-03-06 16:26:54', '2024-03-06 16:26:54', NULL, 1, 0, 'qtGXWINOvtmpxzDW0kWMdPBS0IkgHn2431mYeX2Z', 'NONE', 'NONE', ''),
(352, 1, '2024-03-06 16:27:16', '2024-03-06 16:27:16', NULL, 1, 0, 'RjmhB6HWfYLrIX7qWruB0nN1YCNdAsabmKmDYT5W', 'NONE', 'NONE', ''),
(353, 1, '2024-03-06 16:28:10', '2024-03-06 16:28:10', NULL, 1, 0, 'awWpeZYiFUcM0nKTxdvcxjAay1HRN87D4XFccoJD', 'NONE', 'NONE', ''),
(354, 3, '2024-03-06 16:29:10', '2024-03-06 16:29:10', NULL, 1, 0, 'cEUfkp3VufTlYJG6VIdFKgfN7YfmO1QLAcdhPbfA', 'NONE', 'NONE', 'search'),
(355, 1, '2024-03-06 16:29:14', '2024-03-06 16:29:14', NULL, 1, 0, 'UqBjXKDaVk1ElUsEAXqE7wXlZJlY1u9JdLgF7vRj', 'NONE', 'NONE', ''),
(356, 3, '2024-03-06 16:31:44', '2024-03-06 16:31:44', NULL, 1, 0, 'UqBjXKDaVk1ElUsEAXqE7wXlZJlY1u9JdLgF7vRj', 'NONE', 'NONE', 'search'),
(357, 1, '2024-03-06 16:32:05', '2024-03-06 16:32:05', NULL, 1, 0, 'N5XaPQ5iUQXNOlXrw4bQBMITCqjPU2dH7Bf8RMxH', 'NONE', 'NONE', ''),
(358, 5, '2024-03-06 16:49:59', '2024-03-06 16:49:59', NULL, 0, 1, 'PmlTSs49Pk7YVL0VI73PMnDhj9A0wq73U8aoNzZJ', 'NONE', 'NONE', 'howItWorks'),
(359, 5, '2024-03-06 17:07:34', '2024-03-06 17:07:34', NULL, 1, 0, '1JQxOJg5N557O3gpvATVVuwS250Igx5FUXtZK9yS', 'NONE', 'NONE', 'howItWorks'),
(360, 5, '2024-03-06 17:08:33', '2024-03-06 17:08:33', NULL, 1, 0, 'ZU8t3JPhPLS8lQdlt4fYNJgFO5vXCzzABxOXPby8', 'NONE', 'NONE', 'howItWorks'),
(361, 3, '2024-03-06 17:08:43', '2024-03-06 17:08:43', NULL, 1, 0, 'NYLfLeoE0ko0YwMZh60Rp6IEs6nPV4CaJJyXxqr9', 'NONE', 'NONE', 'search'),
(362, 1, '2024-03-06 17:09:37', '2024-03-06 17:09:37', NULL, 1, 0, '8o2V7IlEOCsYvhyL6eaqcTkNu6XL660tBbuqPHvs', 'NONE', 'NONE', ''),
(363, 1, '2024-03-06 17:10:12', '2024-03-06 17:10:12', NULL, 1, 0, 'DGHvdTV4iJdyyXrbLUvbYJoiVjJWQimmN4qtgDwU', 'NONE', 'NONE', ''),
(364, 1, '2024-03-06 17:10:35', '2024-03-06 17:10:35', NULL, 1, 0, 's60IeltdxSeItGEvsBpvARMilR4XiGdlvziOr3FH', 'NONE', 'NONE', ''),
(365, 1, '2024-03-06 17:10:57', '2024-03-06 17:10:57', NULL, 1, 0, 'NYLfLeoE0ko0YwMZh60Rp6IEs6nPV4CaJJyXxqr9', 'NONE', 'NONE', ''),
(366, 1, '2024-03-06 17:11:15', '2024-03-06 17:11:15', NULL, 1, 0, 'ZU8t3JPhPLS8lQdlt4fYNJgFO5vXCzzABxOXPby8', 'NONE', 'NONE', ''),
(367, 1, '2024-03-06 17:11:26', '2024-03-06 17:11:26', NULL, 1, 0, 'UI1Bv8gT09isabFpDNE6HzNU8QFH4xIURtsW4UIM', 'NONE', 'NONE', ''),
(368, 1, '2024-03-06 17:26:45', '2024-03-06 17:26:45', NULL, 1, 0, '0SwfxX3gmswSjLRYZqn4AqkaJ5JQK1iDTtMdAuQ6', 'NONE', 'NONE', ''),
(369, 3, '2024-03-06 17:27:07', '2024-03-06 17:27:07', NULL, 1, 0, '0SwfxX3gmswSjLRYZqn4AqkaJ5JQK1iDTtMdAuQ6', 'NONE', 'NONE', 'search'),
(370, 8, '2024-03-06 17:27:12', '2024-03-06 17:27:12', NULL, 1, 0, '0SwfxX3gmswSjLRYZqn4AqkaJ5JQK1iDTtMdAuQ6', 'NONE', 'NONE', 'businessDetails'),
(371, 1, '2024-03-06 17:27:22', '2024-03-06 17:27:22', NULL, 1, 0, '6BNMIV5tTqJcOHLdQ10k5DWQMzJAeYwNiqGSMrr6', 'NONE', 'NONE', '');
INSERT INTO `counter_by_entity` (`id`, `business_by_counter_id`, `created_at`, `updated_at`, `deleted_at`, `is_guess`, `user_id`, `token`, `manager_click_type`, `manager_click_id`, `action_name`) VALUES
(372, 2, '2024-03-06 17:36:29', '2024-03-06 17:36:29', NULL, 1, 0, 'RWefoTWbf4zJnBUe04Hh51FFMlSLiQgsDxoR0plj', 'NONE', 'NONE', 'activities'),
(373, 1, '2024-03-06 18:32:24', '2024-03-06 18:32:24', NULL, 1, 0, 'I8rTUDjoA9iTWe1WZZN0hSUHtNQ23lkSOmhfGDaU', 'NONE', 'NONE', ''),
(374, 1, '2024-03-06 20:02:26', '2024-03-06 20:02:26', NULL, 1, 0, 'pOr19M4z2hyDpnI0Q44txwyBtMMK72cCkRsHd4fc', 'NONE', 'NONE', ''),
(375, 1, '2024-03-06 20:10:25', '2024-03-06 20:10:25', NULL, 1, 0, 'dnVP2HQPHiOJvtKXw3lVxbwTUTDNZxZuQoNQf77u', 'NONE', 'NONE', ''),
(376, 1, '2024-03-06 20:19:31', '2024-03-06 20:19:31', NULL, 1, 0, 'pDKlxBuWPDWyNkRgQQv5w3bJeH52rwbQmsdRsYDu', 'NONE', 'NONE', ''),
(377, 1, '2024-03-06 20:45:51', '2024-03-06 20:45:51', NULL, 1, 0, '1MtwsEcYVhYsh6Dc2lDE6kJqV6GOscOL6UewZyHC', 'NONE', 'NONE', ''),
(378, 3, '2024-03-06 21:02:23', '2024-03-06 21:02:23', NULL, 1, 0, '1MtwsEcYVhYsh6Dc2lDE6kJqV6GOscOL6UewZyHC', 'NONE', 'NONE', 'search'),
(379, 1, '2024-03-06 22:28:08', '2024-03-06 22:28:08', NULL, 1, 0, 'k49qy7NmaRyHL4sqUJGHBrt0CFnpE1UyeYuDHe6f', 'NONE', 'NONE', ''),
(380, 6, '2024-03-06 22:40:38', '2024-03-06 22:40:38', NULL, 1, 0, 'wIgLGzNBCtxbKpARwNJ9cjfuFsGFTRwgtjTXwWrc', 'NONE', 'NONE', 'shopBee'),
(381, 1, '2024-03-06 23:55:09', '2024-03-06 23:55:09', NULL, 1, 0, 'tG5V8U7MmlKk5y9aLlbvA7VtpWtSkNmnboYxj44Q', 'NONE', 'NONE', ''),
(382, 1, '2024-03-07 01:56:49', '2024-03-07 01:56:49', NULL, 1, 0, 'EderIJQ3h7MlUXG161hE1pbNPHKKDTXVI25fwnN6', 'NONE', 'NONE', ''),
(383, 1, '2024-03-07 01:56:49', '2024-03-07 01:56:49', NULL, 1, 0, 'DmdSVzVrIa0MyKtsUfgSBSjBJ2Mm8SOYwWSsWJyc', 'NONE', 'NONE', ''),
(384, 1, '2024-03-07 03:46:32', '2024-03-07 03:46:32', NULL, 1, 0, 'DT1mTSqtkbCOlvf2KQxcKKsgWPEP5VbTGQAhU3Jm', 'NONE', 'NONE', ''),
(385, 1, '2024-03-07 03:53:32', '2024-03-07 03:53:32', NULL, 1, 0, 'CWEhvl7LNElGwtDPurbh8SOFlIS7ldL3UzpN4Z3j', 'NONE', 'NONE', ''),
(386, 1, '2024-03-07 05:28:52', '2024-03-07 05:28:52', NULL, 1, 0, 'Scnck6vL4zTMhQjZcUgDfAgfQ44DhEpHf8ibxCqX', 'NONE', 'NONE', ''),
(387, 1, '2024-03-07 05:31:22', '2024-03-07 05:31:22', NULL, 1, 0, 'Yyg5q1dlu2r7Bbe9ouSsFUWWc2YSSU33ZwNJiH0k', 'NONE', 'NONE', ''),
(388, 1, '2024-03-07 05:44:30', '2024-03-07 05:44:30', NULL, 1, 0, 'y754JStozFFiOpRaBiJMwPZckSCOlHF9Z4bhsbBd', 'NONE', 'NONE', ''),
(389, 1, '2024-03-07 06:16:35', '2024-03-07 06:16:35', NULL, 1, 0, 'MZvsvQJS53ruJzjq7L5tSax4KxQrSM6kiZvwkU3T', 'NONE', 'NONE', ''),
(390, 1, '2024-03-07 06:23:00', '2024-03-07 06:23:00', NULL, 1, 0, 'NRTBVxee0yJCKPEWGhSBIR89v97g8pgtP4qHgsSY', 'NONE', 'NONE', ''),
(391, 1, '2024-03-07 07:57:42', '2024-03-07 07:57:42', NULL, 1, 0, 'OGCGkRyVCaL6hyqv5Y159Bbl5KoHOKGswTcN5mGs', 'NONE', 'NONE', ''),
(392, 1, '2024-03-07 08:09:47', '2024-03-07 08:09:47', NULL, 1, 0, 'EEi0o8OpKoQG4ze19msCCuLMFywXXEaoV5R6viyf', 'NONE', 'NONE', ''),
(393, 1, '2024-03-07 08:11:29', '2024-03-07 08:11:29', NULL, 1, 0, 'T0686DhtnHcYfa4nLiacoyi5snuD6ls4av4OFPvS', 'NONE', 'NONE', ''),
(394, 1, '2024-03-07 08:12:13', '2024-03-07 08:12:13', NULL, 1, 0, 'aXcg5Gc1KyBaCx5CYaOwHqMeqS7gTPtzvnDcKuaP', 'NONE', 'NONE', ''),
(395, 1, '2024-03-07 08:57:11', '2024-03-07 08:57:11', NULL, 1, 0, 'GJiNIjAF56qcQ1D6cSwUDMmHq2HpMpr91jAHf0ob', 'NONE', 'NONE', ''),
(396, 1, '2024-03-07 11:18:27', '2024-03-07 11:18:27', NULL, 1, 0, '44swlsrwzrJoys6y6EmxZxsYSjFPVRwsJpGPclFv', 'NONE', 'NONE', ''),
(397, 1, '2024-03-07 11:32:06', '2024-03-07 11:32:06', NULL, 1, 0, 'r4x56rwzRHsH9BCnhnHTtoDiXhE87FuZrIel2npU', 'NONE', 'NONE', ''),
(398, 1, '2024-03-07 14:34:54', '2024-03-07 14:34:54', NULL, 1, 0, 'Uw7Gw5jwNiraBnD2LRpz8euXD9wz0t9BQHpbztAO', 'NONE', 'NONE', ''),
(399, 1, '2024-03-07 16:01:38', '2024-03-07 16:01:38', NULL, 1, 0, 'nuHLVBQCGzzofSGOPx1wFg5yJUvQn0bx2X4QHIho', 'NONE', 'NONE', ''),
(400, 1, '2024-03-07 16:08:07', '2024-03-07 16:08:07', NULL, 1, 0, 'lMh5bPf6wbeeMk5qywdGH0OvhEr7kRmpToxSlGmK', 'NONE', 'NONE', ''),
(401, 7, '2024-03-07 16:19:37', '2024-03-07 16:19:37', NULL, 1, 0, 'bZYx3iEz7QWRDncch5wc8xuWf4yfz3QHwuIvNM2n', 'NONE', 'NONE', 'aboutUsBee'),
(402, 1, '2024-03-07 17:00:57', '2024-03-07 17:00:57', NULL, 1, 0, 'N9im7oIKGG5uqc0obQNRZ4udQcEdZtmyXbUkLltO', 'NONE', 'NONE', ''),
(403, 10, '2024-03-07 17:07:05', '2024-03-07 17:07:05', NULL, 1, 0, 'PzG00EByfgJuRQhb3K0G5lOQbvL47DBQs2JT3t7j', 'NONE', 'NONE', 'authorSingle'),
(404, 1, '2024-03-07 17:31:12', '2024-03-07 17:31:12', NULL, 1, 0, 'kwJqr2fTsEY10wVXfPUzralW1ZORc9NFBejkCySd', 'NONE', 'NONE', ''),
(405, 3, '2024-03-07 18:39:09', '2024-03-07 18:39:09', NULL, 1, 0, 'dLLX1W2Ujsn24fDTNbfPUHPf371H7ARffmkXhy36', 'NONE', 'NONE', 'search'),
(406, 1, '2024-03-07 19:33:35', '2024-03-07 19:33:35', NULL, 1, 0, 'kuy0jVs7E7b9JrJVBWJABMmlaKsn0JWUn09ET9JH', 'NONE', 'NONE', ''),
(407, 3, '2024-03-07 19:42:53', '2024-03-07 19:42:53', NULL, 1, 0, 'pFxMjJJ2UpEJAr3MXIL3qj4AiKY1sHncgXAeEnGA', 'NONE', 'NONE', 'search'),
(408, 7, '2024-03-07 19:52:25', '2024-03-07 19:52:25', NULL, 1, 0, 'emIRo5xFKFENIY6h32sMVLuo7wzTfLBnGe2FfYyo', 'NONE', 'NONE', 'aboutUsBee'),
(409, 1, '2024-03-07 20:19:31', '2024-03-07 20:19:31', NULL, 1, 0, 'Q0dmmpEo5Ht8ZgBclJTFCMWlJSIh6Rc4famFxpUF', 'NONE', 'NONE', ''),
(410, 1, '2024-03-07 20:42:05', '2024-03-07 20:42:05', NULL, 1, 0, 'qh8acLG9JzjIP4JMIgNihFY4kPwTeCQlu0gTPAha', 'NONE', 'NONE', ''),
(411, 1, '2024-03-07 21:01:58', '2024-03-07 21:01:58', NULL, 1, 0, 'lRlfvVoAh4Z04T5uRiVhdSH4FLxfMpzhNZJqzWWJ', 'NONE', 'NONE', ''),
(412, 1, '2024-03-07 21:19:20', '2024-03-07 21:19:20', NULL, 1, 0, 'upUgMRcCIEZVBvO8dSOe30JSiZJydvFEfSJJeKD8', 'NONE', 'NONE', ''),
(413, 1, '2024-03-07 22:38:27', '2024-03-07 22:38:27', NULL, 1, 0, 'B246YIDTgult2kO4TnUKKY2RNabm7tECoAKaNU7v', 'NONE', 'NONE', ''),
(414, 1, '2024-03-07 22:46:40', '2024-03-07 22:46:40', NULL, 1, 0, 'MshRVQYoye0lJs6j4CuoE1gq4dIirubHTxBhz7f1', 'NONE', 'NONE', ''),
(415, 1, '2024-03-08 01:19:03', '2024-03-08 01:19:03', NULL, 1, 0, 'wubIVeNqw4wunD9lxqYpO8sH4nypMvDoTtBtIdTT', 'NONE', 'NONE', ''),
(416, 1, '2024-03-08 01:25:07', '2024-03-08 01:25:07', NULL, 1, 0, 'fSGUQsI9IrrHf3ZgJj4Q4icq1u95MRGV4DGXwZEB', 'NONE', 'NONE', ''),
(417, 1, '2024-03-08 01:34:11', '2024-03-08 01:34:11', NULL, 1, 0, 'QY8DunZGNqRCA8ANVvHLaAan99udzt1VTgaeijTc', 'NONE', 'NONE', ''),
(418, 1, '2024-03-08 04:00:12', '2024-03-08 04:00:12', NULL, 1, 0, 'LorsAOOkHnoS54O4PYHmcZDGCM7Cw6673WyHRzHe', 'NONE', 'NONE', ''),
(419, 10, '2024-03-08 05:16:57', '2024-03-08 05:16:57', NULL, 1, 0, 'TycdO9Scst8Kkxnyc8TFajpG6L3oqwRw0b4fIKeZ', 'NONE', 'NONE', 'authorSingle'),
(420, 3, '2024-03-08 05:25:24', '2024-03-08 05:25:24', NULL, 1, 0, '6hqQbcXVzvLU2IxxnsAeRUQb7PaSWgTSdYdeyMTi', 'NONE', 'NONE', 'search'),
(421, 1, '2024-03-08 07:38:38', '2024-03-08 07:38:38', NULL, 1, 0, 'vNWb603BlxEMU0niPMYIqX9LGZZpQn607ziWHOja', 'NONE', 'NONE', ''),
(422, 1, '2024-03-08 07:52:21', '2024-03-08 07:52:21', NULL, 1, 0, 'azuBcUhq2A6Q8UTROcDpzMJZSRxlYhb5iBVPWqRl', 'NONE', 'NONE', ''),
(423, 13, '2024-03-08 09:03:58', '2024-03-08 09:03:58', NULL, 1, 0, 'g6Hy5jpE9YjMMiSDW0sZylhOOlFa8y7HGFx08Xny', 'NONE', 'NONE', 'listingSingle'),
(424, 1, '2024-03-08 09:08:42', '2024-03-08 09:08:42', NULL, 1, 0, 'CRVUQPxLnBkDz0EfDPWiwPyWNjoXrAAVN9Kr83gj', 'NONE', 'NONE', ''),
(425, 1, '2024-03-08 09:55:53', '2024-03-08 09:55:53', NULL, 1, 0, 'Ii8iaZcGsydLCKNUoCjRE6vofubF4o5uWbB1MCFv', 'NONE', 'NONE', ''),
(426, 1, '2024-03-08 12:00:11', '2024-03-08 12:00:11', NULL, 1, 0, 'S3tsbnNgYbNwTFKXcNPD9QkCBO5L9Z80H68LckZK', 'NONE', 'NONE', ''),
(427, 1, '2024-03-08 13:57:22', '2024-03-08 13:57:22', NULL, 1, 0, 'KEcQVX9lLzzC6uQqp4kuHbePrrXDM8FuSTBWLT47', 'NONE', 'NONE', ''),
(428, 1, '2024-03-08 14:01:30', '2024-03-08 14:01:30', NULL, 1, 0, 'o4PGSfmZX78IIAwKZ7yZeO1uwwoDlSgR3QNSRFIp', 'NONE', 'NONE', ''),
(429, 1, '2024-03-08 14:14:18', '2024-03-08 14:14:18', NULL, 1, 0, 'PHe04AuhtDcgBkwoqppAriJ8l75uulzhsWvLuOX6', 'NONE', 'NONE', ''),
(430, 9, '2024-03-08 15:48:42', '2024-03-08 15:48:42', NULL, 1, 0, 'wgiHO2bhIFNNLIYtRV5h3x68z2dGzNzVtPtqs33D', 'NONE', 'NONE', 'contactUsBee'),
(431, 1, '2024-03-08 15:48:44', '2024-03-08 15:48:44', NULL, 1, 0, 'EObosTBkt18pwjYHH5wC3XpV7N4Fiw6N5fHzLzOz', 'NONE', 'NONE', ''),
(432, 1, '2024-03-08 16:16:11', '2024-03-08 16:16:11', NULL, 1, 0, 'hVizFDjsaHW6HO8bULUJmKXa4Rl7VrHqQZBvBFFi', 'NONE', 'NONE', ''),
(433, 1, '2024-03-08 16:16:31', '2024-03-08 16:16:31', NULL, 1, 0, 'h17J7fnMlqsTRNX0dT4ycyXtkJ3YAXXKA9lDWgRW', 'NONE', 'NONE', ''),
(434, 1, '2024-03-08 16:29:13', '2024-03-08 16:29:13', NULL, 1, 0, 'aztJi2Mm4IhKWISFFgBwwaNMMq0MBmZ8sSTlkwBF', 'NONE', 'NONE', ''),
(435, 1, '2024-03-08 16:33:44', '2024-03-08 16:33:44', NULL, 1, 0, 'ByjTZmUETLsZR5xRu04UNoZjDB5pPjlTka80xWv8', 'NONE', 'NONE', ''),
(436, 1, '2024-03-08 16:51:26', '2024-03-08 16:51:26', NULL, 1, 0, 'lpvfyXpJD5EcXwJ0KErJ15vVMCA61wfhOvdsYmrK', 'NONE', 'NONE', ''),
(437, 1, '2024-03-08 17:11:09', '2024-03-08 17:11:09', NULL, 1, 0, 'fOmGYSlGr53aXelyFeOpOwK6254Jz3K8K46TC4i6', 'NONE', 'NONE', ''),
(438, 1, '2024-03-08 17:34:07', '2024-03-08 17:34:07', NULL, 1, 0, 'TsoVqGIDOMOZigxmxs0fVJ1qKSZtDFCdJcVjXxyW', 'NONE', 'NONE', ''),
(439, 1, '2024-03-08 17:48:24', '2024-03-08 17:48:24', NULL, 1, 0, 'mNqee45sz27COBAXuuTDZZL6BCGnj0kvVB0vIqZE', 'NONE', 'NONE', ''),
(440, 1, '2024-03-08 18:23:11', '2024-03-08 18:23:11', NULL, 1, 0, 'J2IZ5KBmY1oZ5MwDuADbOOmr76L7QHbNGQiLpjyg', 'NONE', 'NONE', ''),
(441, 3, '2024-03-08 18:23:48', '2024-03-08 18:23:48', NULL, 1, 0, 'J2IZ5KBmY1oZ5MwDuADbOOmr76L7QHbNGQiLpjyg', 'NONE', 'NONE', 'search'),
(442, 1, '2024-03-08 18:25:27', '2024-03-08 18:25:27', NULL, 1, 0, 'A1fvPQUEh5t7VP2iiesmwRi0slcSuj03ic38hJos', 'NONE', 'NONE', ''),
(443, 1, '2024-03-08 18:35:55', '2024-03-08 18:35:55', NULL, 1, 0, 'RDVtgRHFBVfSnVjOp3hJHPl8BOfZaa3cfLsnooad', 'NONE', 'NONE', ''),
(444, 1, '2024-03-08 19:24:11', '2024-03-08 19:24:11', NULL, 1, 0, 'y2I9U9tYVwcRUzF296Cp4xtHkxcvTg3On2DyJlgW', 'NONE', 'NONE', ''),
(445, 1, '2024-03-08 19:26:23', '2024-03-08 19:26:23', NULL, 1, 0, 'KxRSFIDpxClBrJuDzCvCtFzTJc544Ztd3wWTjMf0', 'NONE', 'NONE', ''),
(446, 9, '2024-03-08 19:37:17', '2024-03-08 19:37:17', NULL, 1, 0, 'T0U3UKpgwcItiqM4mofACTHzjz7vShoDWjiWpSFg', 'NONE', 'NONE', 'contactUsBee'),
(447, 1, '2024-03-08 20:19:31', '2024-03-08 20:19:31', NULL, 1, 0, 'tb1bsbpJne7ZQbeQ5ZgcjGMCKiSuy3yj380wMuwB', 'NONE', 'NONE', ''),
(448, 1, '2024-03-08 20:46:22', '2024-03-08 20:46:22', NULL, 1, 0, 'tzH5bfuaaeONLfO8sB3cg7IvWBX2zInW2SAmgIAq', 'NONE', 'NONE', ''),
(449, 1, '2024-03-08 20:46:46', '2024-03-08 20:46:46', NULL, 1, 0, '0ecvt7nDYX0qAjcV0KW8F7IURpIj5Kpnkvply8xr', 'NONE', 'NONE', ''),
(450, 1, '2024-03-08 21:03:07', '2024-03-08 21:03:07', NULL, 1, 0, 'I6dKA1WttIUaP1eyvriwxPfeXaR7WmqA1EvJjUn1', 'NONE', 'NONE', ''),
(451, 1, '2024-03-08 21:07:36', '2024-03-08 21:07:36', NULL, 1, 0, 'V1DTARcIfZYw06C5OaXVJPVxYyOVYAM0d4jZ6Y4G', 'NONE', 'NONE', ''),
(452, 1, '2024-03-08 23:02:22', '2024-03-08 23:02:22', NULL, 1, 0, 'DD6ZbdlAsmsnE6lSfcvLjs3qGp8UPzYJdUqUnNDp', 'NONE', 'NONE', ''),
(453, 1, '2024-03-08 23:11:32', '2024-03-08 23:11:32', NULL, 1, 0, 'IFnAb6ueTgArl1J1U5UaALGkvk0OPmBLDq373H8I', 'NONE', 'NONE', ''),
(454, 1, '2024-03-08 23:35:14', '2024-03-08 23:35:14', NULL, 1, 0, '8pwuJoi7F07OoUGvDa2Oo3vARKZ9wEUXhhh1RS0x', 'NONE', 'NONE', ''),
(455, 1, '2024-03-09 00:32:03', '2024-03-09 00:32:03', NULL, 1, 0, 'acAs4tQ9lhlKbA26aP6DlTdTtk1RcehuHmai5v0o', 'NONE', 'NONE', ''),
(456, 1, '2024-03-09 00:39:33', '2024-03-09 00:39:33', NULL, 1, 0, 'FkT06alzwjgwHaSZA5kuXQvvMQSmLE9aVn5lRvgr', 'NONE', 'NONE', ''),
(457, 2, '2024-03-09 01:45:56', '2024-03-09 01:45:56', NULL, 1, 0, 'J1iVMQFgbMGhYCdllg2JQO7nOapE4YlxNpRNYwpu', 'NONE', 'NONE', 'activities'),
(458, 1, '2024-03-09 02:32:24', '2024-03-09 02:32:24', NULL, 1, 0, 'LR2Jn5gv2WW96fKZqkU9lCpoLNcKTtknO1pRf5pb', 'NONE', 'NONE', ''),
(459, 1, '2024-03-09 02:51:18', '2024-03-09 02:51:18', NULL, 1, 0, 'Qaq1NAhK5hKqG6kwp0Mh1GsCi2dqm9xo7JT82Q17', 'NONE', 'NONE', ''),
(460, 1, '2024-03-09 02:58:00', '2024-03-09 02:58:00', NULL, 1, 0, 'uHxrKQ3fvh2sXKOeyrXg8uVmSwpyDaAb33qcj7hO', 'NONE', 'NONE', ''),
(461, 9, '2024-03-09 03:02:10', '2024-03-09 03:02:10', NULL, 1, 0, '3SK6iLAuoU755lTKtWkhX1WSwxlaeJDFr4x1Ijog', 'NONE', 'NONE', 'contactUsBee'),
(462, 9, '2024-03-09 04:37:29', '2024-03-09 04:37:29', NULL, 1, 0, 'PMjr00YsqMRh9ON8bGCvlrlZ3SduZk6vQ4qWatwl', 'NONE', 'NONE', 'contactUsBee'),
(463, 12, '2024-03-09 05:10:09', '2024-03-09 05:10:09', NULL, 1, 0, 'fdKFXd9tgbPZ9xr58zVo7ohYAEyHH3k69pWJicHe', 'NONE', 'NONE', 'rewards'),
(464, 5, '2024-03-09 05:27:57', '2024-03-09 05:27:57', NULL, 1, 0, 'tGYXqW8G5Yrm8a85tmBlueNxqlS3yaGCZ7ZgChOS', 'NONE', 'NONE', 'howItWorks'),
(465, 5, '2024-03-09 05:58:57', '2024-03-09 05:58:57', NULL, 1, 0, 'TbVT77fj1gZKsy0BkY3m0NqV166CaGkSoLoLL8ci', 'NONE', 'NONE', 'howItWorks'),
(466, 1, '2024-03-09 06:18:22', '2024-03-09 06:18:22', NULL, 1, 0, 'g4cC8GFjOORRrzw3hhGh0PaMdYfpgUHle9iAc8ks', 'NONE', 'NONE', ''),
(467, 1, '2024-03-09 06:53:55', '2024-03-09 06:53:55', NULL, 1, 0, 'MDgDXoxSYmf6pQUFQIwy7E2sh5lEAdOjp3cxwtte', 'NONE', 'NONE', ''),
(468, 1, '2024-03-09 06:53:58', '2024-03-09 06:53:58', NULL, 1, 0, 'XDLKOqncKnLcrQjYcPYzE3OzAgn1JHNyIZ6O0vg4', 'NONE', 'NONE', ''),
(469, 1, '2024-03-09 06:54:04', '2024-03-09 06:54:04', NULL, 1, 0, 'HpJQwynl6cIDek19234uPofSj2a42A5lntezjbkz', 'NONE', 'NONE', ''),
(470, 1, '2024-03-09 07:49:24', '2024-03-09 07:49:24', NULL, 1, 0, 'Nc4avc0rVXuBvBr4ZLUsFuEp9ExpC2YWdZqttywL', 'NONE', 'NONE', ''),
(471, 1, '2024-03-09 07:56:15', '2024-03-09 07:56:15', NULL, 1, 0, 'hMJzbMw64N3nDSXschHjwe8Tf9pb81s4snZsg3qd', 'NONE', 'NONE', ''),
(472, 1, '2024-03-09 07:58:21', '2024-03-09 07:58:21', NULL, 1, 0, 'ohINZfgGxU1yx4NxKh0a2EBE1xML6rke30dGqnBa', 'NONE', 'NONE', ''),
(473, 1, '2024-03-09 08:02:43', '2024-03-09 08:02:43', NULL, 1, 0, 'gpF1hPdVswqrX7bmDbyxD8lo8wG9eYfJenioBj0T', 'NONE', 'NONE', ''),
(474, 1, '2024-03-09 10:09:48', '2024-03-09 10:09:48', NULL, 1, 0, 'Zz9LGq7a7PsMM14WyHjEDXniPiQtmtmj1zdhFTTg', 'NONE', 'NONE', ''),
(475, 1, '2024-03-09 10:57:29', '2024-03-09 10:57:29', NULL, 1, 0, 'r8Syz6WDT3ZJcXQ5FCgzc92ErAfRQcx7RocwBaqj', 'NONE', 'NONE', ''),
(476, 1, '2024-03-09 11:01:34', '2024-03-09 11:01:34', NULL, 1, 0, 'UZ3HId2lbiOetaJ0XyeqLL64XCbpoyrzbZ83U4n4', 'NONE', 'NONE', ''),
(477, 3, '2024-03-09 11:24:13', '2024-03-09 11:24:13', NULL, 1, 0, '2xEdR1QlSqGGJtsawU80Wz7NCS1oth3dEUgBanMT', 'NONE', 'NONE', 'search'),
(478, 1, '2024-03-09 11:48:19', '2024-03-09 11:48:19', NULL, 1, 0, '3eFSOybsAT6BUi7Pyph6tpEiIxdP8XoPxjnyvEEn', 'NONE', 'NONE', ''),
(479, 1, '2024-03-09 12:00:33', '2024-03-09 12:00:33', NULL, 1, 0, 'yUMTcR1R3GtN9JJMB1gFm7OzijWXfGwWOVbGAAsV', 'NONE', 'NONE', ''),
(480, 1, '2024-03-09 13:02:16', '2024-03-09 13:02:16', NULL, 1, 0, 'y6R7sK4IqLfberSE2l5gnaQv8H17zDNU1BNNsoS5', 'NONE', 'NONE', ''),
(481, 1, '2024-03-09 13:10:44', '2024-03-09 13:10:44', NULL, 1, 0, 'rxu4VudmbBqZozNegibIJF90VwZ7Nd9t6ESGsGi0', 'NONE', 'NONE', ''),
(482, 3, '2024-03-09 14:19:42', '2024-03-09 14:19:42', NULL, 1, 0, '9QKIAcNc2boF5E3nCm1uFOI9gNxaVUymvd4bO1VI', 'NONE', 'NONE', 'search'),
(483, 1, '2024-03-09 14:24:03', '2024-03-09 14:24:03', NULL, 1, 0, 'KVlhcqKsFQ4IeXdmcFiQtTvKMPXw2smwZbebggSj', 'NONE', 'NONE', ''),
(484, 6, '2024-03-09 14:48:21', '2024-03-09 14:48:21', NULL, 1, 0, '8KyIq7LFlZxa5FIaLmfzHjhcz4GLOmu5PukR7g4l', 'NONE', 'NONE', 'shopBee'),
(485, 3, '2024-03-09 16:08:34', '2024-03-09 16:08:34', NULL, 1, 0, 'a994nWhkyIfXAqcRlkpTLG8hNwhBqLn1WICHyREJ', 'NONE', 'NONE', 'search'),
(486, 1, '2024-03-09 18:37:15', '2024-03-09 18:37:15', NULL, 1, 0, 'aQRWVX6U4LXncGDx7eCVsapsNqZwYY79EAvd82VD', 'NONE', 'NONE', ''),
(487, 1, '2024-03-09 18:47:17', '2024-03-09 18:47:17', NULL, 1, 0, 'uSdMSfOFtOsmvw5DRJvETmOZILoMZ0xR80gGnCmp', 'NONE', 'NONE', ''),
(488, 1, '2024-03-09 19:18:38', '2024-03-09 19:18:38', NULL, 1, 0, 'jQOGosSlAByjW9gyi5lwGAHvPmw10NNlS4O5XNCv', 'NONE', 'NONE', ''),
(489, 1, '2024-03-09 19:33:22', '2024-03-09 19:33:22', NULL, 1, 0, 'F6nag9VPzReLIciVfPDmFpmnaWPvmC4fyrE2twVz', 'NONE', 'NONE', ''),
(490, 1, '2024-03-09 19:35:13', '2024-03-09 19:35:13', NULL, 1, 0, '1IjcZC8uTrkK09sk7TM1eak7ReyGeM9jjAArCY7Y', 'NONE', 'NONE', ''),
(491, 1, '2024-03-09 19:39:57', '2024-03-09 19:39:57', NULL, 1, 0, 'bnbDPc3v1VAxcKUAznYm5ap64vBcwisQVZ1zUSXN', 'NONE', 'NONE', ''),
(492, 1, '2024-03-09 19:40:00', '2024-03-09 19:40:00', NULL, 1, 0, 'Hb25nZpHGXqhJKhi51ZtpD27do6U7FDEVX5OecgR', 'NONE', 'NONE', ''),
(493, 7, '2024-03-09 19:40:06', '2024-03-09 19:40:06', NULL, 1, 0, 'Hb25nZpHGXqhJKhi51ZtpD27do6U7FDEVX5OecgR', 'NONE', 'NONE', 'aboutUsBee'),
(494, 2, '2024-03-09 19:40:06', '2024-03-09 19:40:06', NULL, 1, 0, 'Hb25nZpHGXqhJKhi51ZtpD27do6U7FDEVX5OecgR', 'NONE', 'NONE', 'activities'),
(495, 3, '2024-03-09 19:40:08', '2024-03-09 19:40:08', NULL, 1, 0, 'Hb25nZpHGXqhJKhi51ZtpD27do6U7FDEVX5OecgR', 'NONE', 'NONE', 'search'),
(496, 9, '2024-03-09 19:40:08', '2024-03-09 19:40:08', NULL, 1, 0, 'Hb25nZpHGXqhJKhi51ZtpD27do6U7FDEVX5OecgR', 'NONE', 'NONE', 'contactUsBee'),
(497, 5, '2024-03-09 19:40:10', '2024-03-09 19:40:10', NULL, 1, 0, 'Hb25nZpHGXqhJKhi51ZtpD27do6U7FDEVX5OecgR', 'NONE', 'NONE', 'howItWorks'),
(498, 1, '2024-03-09 19:42:51', '2024-03-09 19:42:51', NULL, 1, 0, 'Iq10cKsO6eGwKYQnnAvhI1xoAjs98RsCx9DGcYJ6', 'NONE', 'NONE', ''),
(499, 1, '2024-03-09 20:38:09', '2024-03-09 20:38:09', NULL, 1, 0, 'Pdh87uFgckCaXBb41N7ldtdvN0vDjwlFfK27uKRo', 'NONE', 'NONE', ''),
(500, 1, '2024-03-09 21:19:58', '2024-03-09 21:19:58', NULL, 1, 0, 'YanjZUE3RTUkCbi81704KIwQTnLrx3vb54p27VvS', 'NONE', 'NONE', ''),
(501, 1, '2024-03-09 21:26:14', '2024-03-09 21:26:14', NULL, 1, 0, 'HEQ5USsylEsvb8US9Dskhu2XQgjoD41nl1jivoYp', 'NONE', 'NONE', ''),
(502, 7, '2024-03-09 21:26:56', '2024-03-09 21:26:56', NULL, 1, 0, 'FimIcedCKDD8poWLZnCRYQkHxszc8I4TGZWuem7e', 'NONE', 'NONE', 'aboutUsBee'),
(503, 1, '2024-03-09 21:29:28', '2024-03-09 21:29:28', NULL, 1, 0, 'yyInFdCBmYjGtUVl8NWiOrvX7YNsyj0ulbUBtkuA', 'NONE', 'NONE', ''),
(504, 3, '2024-03-09 21:39:43', '2024-03-09 21:39:43', NULL, 1, 0, 'gnL7QUsHAUiYwm3IFrRPuMyfldbsCJzi9ZnkCqxC', 'NONE', 'NONE', 'search'),
(505, 1, '2024-03-09 21:45:04', '2024-03-09 21:45:04', NULL, 1, 0, 'M2RUx1qf7aQox4S7dFxkVOAq0CmDSzisWimCSMlb', 'NONE', 'NONE', ''),
(506, 3, '2024-03-09 22:48:53', '2024-03-09 22:48:53', NULL, 1, 0, 'COVWc8X15ptBuO4GYknqASWr8OMRPSlRihp7mkKK', 'NONE', 'NONE', 'search'),
(507, 1, '2024-03-09 23:08:45', '2024-03-09 23:08:45', NULL, 1, 0, 'SDvDFVvC1V62DD5oIUBrmntyKxBbFCSWrZz96KOA', 'NONE', 'NONE', ''),
(508, 3, '2024-03-09 23:11:44', '2024-03-09 23:11:44', NULL, 1, 0, 'W2Vf4OZlMvaCj1HspHs6giIgmKWVg29ebvS0ihzX', 'NONE', 'NONE', 'search'),
(509, 1, '2024-03-10 00:16:28', '2024-03-10 00:16:28', NULL, 1, 0, 'TKLvBC2vi8WaRgsxOQchQe0exKVvWMnADmPkqZaj', 'NONE', 'NONE', ''),
(510, 1, '2024-03-10 00:22:53', '2024-03-10 00:22:53', NULL, 1, 0, 'rLuvebzqsSvw5X0Caqxmv4v2eSDti18Rs6tUIF2E', 'NONE', 'NONE', ''),
(511, 5, '2024-03-10 02:52:50', '2024-03-10 02:52:50', NULL, 1, 0, 'XSslitqbrOR0qkkelXsSknDO3hXO4kzKlo9GxHxB', 'NONE', 'NONE', 'howItWorks'),
(512, 3, '2024-03-10 03:48:15', '2024-03-10 03:48:15', NULL, 1, 0, 'vaQEZMjHd9cDVixhJqlj1zeGG2IA5VzvD1D5cQrA', 'NONE', 'NONE', 'search'),
(513, 1, '2024-03-10 04:23:16', '2024-03-10 04:23:16', NULL, 1, 0, 'QCjuYR563e0kwX5JkiFyEinpJolKPEcqDjGeh9HX', 'NONE', 'NONE', ''),
(514, 1, '2024-03-10 05:07:40', '2024-03-10 05:07:40', NULL, 1, 0, 'xvi5ZZp6UZRx9ichAViuWG3kDOYHr63wMRKyZO5K', 'NONE', 'NONE', ''),
(515, 9, '2024-03-10 05:46:32', '2024-03-10 05:46:32', NULL, 1, 0, 'OOrOotK4DbV8lbKxR6K4xplc42LmM2BeGODS1hlB', 'NONE', 'NONE', 'contactUsBee'),
(516, 1, '2024-03-10 05:49:44', '2024-03-10 05:49:44', NULL, 1, 0, 'YGwwlWACqWzeN6wR3RYEH6dx8WJhlNYcOKxG64QN', 'NONE', 'NONE', ''),
(517, 1, '2024-03-10 05:52:37', '2024-03-10 05:52:37', NULL, 1, 0, 'MRqaa8UEqLR0VgUFkoxFqg3VGfPsBPJkQ2Y9dnco', 'NONE', 'NONE', ''),
(518, 1, '2024-03-10 07:27:32', '2024-03-10 07:27:32', NULL, 1, 0, 'j4nkjdqYS9axzxoCJiW4yuvcxSaoZzXr8PgIW3j0', 'NONE', 'NONE', ''),
(519, 1, '2024-03-10 07:33:13', '2024-03-10 07:33:13', NULL, 1, 0, 'LtkvqotwZ5CPSkL1D9yPFbkQzShzRvboYEGJDORB', 'NONE', 'NONE', ''),
(520, 1, '2024-03-10 08:02:58', '2024-03-10 08:02:58', NULL, 1, 0, 'l16DVNK8fhKlYrhhcNqHoQKCfgTbM8KJ3bahdqad', 'NONE', 'NONE', ''),
(521, 1, '2024-03-10 08:02:59', '2024-03-10 08:02:59', NULL, 1, 0, 'UlbBtYXcWiqGJ6AwZsoYrIm4JHJwXZPFw4VTY5ep', 'NONE', 'NONE', ''),
(522, 1, '2024-03-10 08:03:00', '2024-03-10 08:03:00', NULL, 1, 0, '70U3TiFOVrMdnL6IACvoSSkvAUEDWW81AEJSAg2E', 'NONE', 'NONE', ''),
(523, 1, '2024-03-10 08:19:59', '2024-03-10 08:19:59', NULL, 1, 0, 'TPEKaMwjDOhH75bewnm3KiBEIor7VEwacO8wyCiV', 'NONE', 'NONE', ''),
(524, 1, '2024-03-10 08:31:33', '2024-03-10 08:31:33', NULL, 1, 0, 'uK9Q2DaDcvdrEum34558liubhGxKpPT4rBh7Pk19', 'NONE', 'NONE', ''),
(525, 1, '2024-03-10 08:38:04', '2024-03-10 08:38:04', NULL, 1, 0, 'ktpMgmY06OnwaheDgZfRp5TNwrIUFLlkMIDDOIJa', 'NONE', 'NONE', ''),
(526, 12, '2024-03-10 08:41:19', '2024-03-10 08:41:19', NULL, 1, 0, 'W2WPkRZDOf8cSBLb9ZkeEjHrriu7eAT2C4Lus6w1', 'NONE', 'NONE', 'rewards'),
(527, 1, '2024-03-10 08:44:03', '2024-03-10 08:44:03', NULL, 1, 0, 'HuwNlb0EFKxKKEO1zgi2WtAfN5DCu93g1m6Uytn6', 'NONE', 'NONE', ''),
(528, 1, '2024-03-10 10:10:17', '2024-03-10 10:10:17', NULL, 1, 0, 'kEsEcTGyYppMEv3XjLhTLFkZ12LNbmgt5C0rNYJM', 'NONE', 'NONE', ''),
(529, 6, '2024-03-10 11:04:47', '2024-03-10 11:04:47', NULL, 1, 0, 'ZAshgYuK9I0QuiqzMuH6Fl1I0B61YNwpXa0vm66A', 'NONE', 'NONE', 'shopBee'),
(530, 5, '2024-03-10 13:40:05', '2024-03-10 13:40:05', NULL, 1, 0, 'YnbW8lL7x5ZOEJv1BYNgQIDSEj95uNLTjidg5tEN', 'NONE', 'NONE', 'howItWorks'),
(531, 3, '2024-03-10 13:40:20', '2024-03-10 13:40:20', NULL, 1, 0, '1bcRww5qvYr4gOcPj8L2Q7YgrVmJiowp6ZegSx8h', 'NONE', 'NONE', 'search'),
(532, 1, '2024-03-10 13:55:38', '2024-03-10 13:55:38', NULL, 1, 0, '7yPSjvF4BYUPUQwziN4qpMyVvgy4Xwsxf2sZpgr0', 'NONE', 'NONE', ''),
(533, 1, '2024-03-10 14:56:42', '2024-03-10 14:56:42', NULL, 1, 0, 'ISII7eUTo5MIKxtbMxGaHMY69eP9YM7VB9RCgurm', 'NONE', 'NONE', ''),
(534, 1, '2024-03-10 15:46:41', '2024-03-10 15:46:41', NULL, 1, 0, 'zC5XZRI3kE52levVSbuYph0sUFSOI6HlV2s5UpEX', 'NONE', 'NONE', ''),
(535, 1, '2024-03-10 16:00:23', '2024-03-10 16:00:23', NULL, 1, 0, 'KSNnFlNrkp1hD94pRacvUgkpKbj3Dv9HxHDLBwWb', 'NONE', 'NONE', ''),
(536, 3, '2024-03-10 16:00:30', '2024-03-10 16:00:30', NULL, 1, 0, '094w7ejGSf7FONW6sKQVpzF3bV4YOuNXQdQMMq9V', 'NONE', 'NONE', 'search'),
(537, 1, '2024-03-10 16:01:25', '2024-03-10 16:01:25', NULL, 1, 0, 'Mh4tWPx1tPm9ihHyAMjaplNPjt9hZRUS3tlfdRgH', 'NONE', 'NONE', ''),
(538, 1, '2024-03-10 16:14:53', '2024-03-10 16:14:53', NULL, 1, 0, 'U1pbthro14DX5ZBk0o6Z4GNAAWF6YN6xZGRJUPFE', 'NONE', 'NONE', ''),
(539, 6, '2024-03-10 16:23:52', '2024-03-10 16:23:52', NULL, 1, 0, 'vkWNaJyVpL8H2lc6XCW7UgRl1xCGlQwxYDnWwupc', 'NONE', 'NONE', 'shopBee'),
(540, 1, '2024-03-10 16:43:05', '2024-03-10 16:43:05', NULL, 1, 0, 'anjFRnUgTHgT9W16lErtfcpT7ZzxT8incshSJMTX', 'NONE', 'NONE', ''),
(541, 3, '2024-03-10 16:58:18', '2024-03-10 16:58:18', NULL, 1, 0, 'DiyTActcs3EXGlLkHLLzRFWXGpOAVmqpN57Kvfyr', 'NONE', 'NONE', 'search'),
(542, 7, '2024-03-10 17:04:16', '2024-03-10 17:04:16', NULL, 1, 0, 'GUykYDMdf0mOgWObQyXHeKVH2AqCs9UbaGiwOGE7', 'NONE', 'NONE', 'aboutUsBee'),
(543, 1, '2024-03-10 17:16:33', '2024-03-10 17:16:33', NULL, 1, 0, 'HrZed4kQoJmwL8nqM7optnSyRRfwJiN2GibsGv4c', 'NONE', 'NONE', ''),
(544, 1, '2024-03-10 17:23:32', '2024-03-10 17:23:32', NULL, 1, 0, 'YIgVFFnLHF45gmjqNwFt1e6qPB0waUHry4UWyUWZ', 'NONE', 'NONE', ''),
(545, 1, '2024-03-10 18:13:29', '2024-03-10 18:13:29', NULL, 1, 0, 'L8Zf4oZzGlZNp3p1iHGwYUsAwFhoiiAdYAH4tRF3', 'NONE', 'NONE', ''),
(546, 1, '2024-03-10 19:18:53', '2024-03-10 19:18:53', NULL, 1, 0, 'tBvm50lYRp6WOtr8aIpYvaGCPRqNfJTsUflFBzIi', 'NONE', 'NONE', ''),
(547, 1, '2024-03-10 19:29:38', '2024-03-10 19:29:38', NULL, 1, 0, 'mJW9eQfpPbURYJZhqUPnedSFoTeVOEECdhpTKvuE', 'NONE', 'NONE', ''),
(548, 3, '2024-03-10 20:11:17', '2024-03-10 20:11:17', NULL, 1, 0, 'TFeyrOXzYE305fRfcECIQ6U4mO4xoF9Vn96S7nEA', 'NONE', 'NONE', 'search'),
(549, 1, '2024-03-10 20:43:33', '2024-03-10 20:43:33', NULL, 1, 0, 'fP6C9wuJJUJGVf4ER6lQrGP1g7IfHf6WI48UA3v4', 'NONE', 'NONE', ''),
(550, 1, '2024-03-10 21:26:15', '2024-03-10 21:26:15', NULL, 1, 0, '6CS9shO5fPwnVR694kIfIFldD84roJgHWXXGzCxj', 'NONE', 'NONE', ''),
(551, 1, '2024-03-10 21:37:30', '2024-03-10 21:37:30', NULL, 1, 0, 'YdoZ2O0U9oChr8xbIDrsdP73riSCecoNdYmv1Zzt', 'NONE', 'NONE', ''),
(552, 8, '2024-03-10 23:39:58', '2024-03-10 23:39:58', NULL, 1, 0, 'IA81KH1dKyoqgA0authBf1wcdjY3sxlJsKhQ07qJ', 'NONE', 'NONE', 'businessDetails'),
(553, 7, '2024-03-11 00:03:35', '2024-03-11 00:03:35', NULL, 1, 0, 'q63vI9BLo84eroZwsG8AxojKIyVEGni6BpYE4DOE', 'NONE', 'NONE', 'aboutUsBee'),
(554, 12, '2024-03-11 00:05:07', '2024-03-11 00:05:07', NULL, 1, 0, 'yaDYmj1HtaNLr8FWUw7fLD3JD3G2J29PMHliYvHO', 'NONE', 'NONE', 'rewards'),
(555, 1, '2024-03-11 00:25:58', '2024-03-11 00:25:58', NULL, 1, 0, 'QC86HsloQ4Yleals5jA5yWfGmnH3FYovrypkNyYm', 'NONE', 'NONE', ''),
(556, 1, '2024-03-11 00:48:02', '2024-03-11 00:48:02', NULL, 1, 0, 'e4ZJushvoMaOs6PjCsHfnanecC77WdXC1usIBhf6', 'NONE', 'NONE', ''),
(557, 1, '2024-03-11 00:59:29', '2024-03-11 00:59:29', NULL, 1, 0, 'U210cVdZoD0CLcEKxPa7gsoy2WMCWtbfs5a84sDS', 'NONE', 'NONE', ''),
(558, 1, '2024-03-11 01:13:45', '2024-03-11 01:13:45', NULL, 1, 0, 'AGaChz07UqUy0trJD3wUmEtEwuH88phGvrxhM9Ju', 'NONE', 'NONE', ''),
(559, 1, '2024-03-11 01:22:27', '2024-03-11 01:22:27', NULL, 1, 0, 'ukiAtEUgW2qrWMvTVhv19iowN87r0FBvGImzN6ON', 'NONE', 'NONE', ''),
(560, 1, '2024-03-11 01:24:30', '2024-03-11 01:24:30', NULL, 1, 0, 'gKEvLmi7mkQV1EWv5QZbDL2MTtphD7QELQHMHcO3', 'NONE', 'NONE', ''),
(561, 1, '2024-03-11 02:40:43', '2024-03-11 02:40:43', NULL, 1, 0, 'WystLJpv6yaJ1z11ECmPhZLrrroTueRxjICDYMSZ', 'NONE', 'NONE', ''),
(562, 2, '2024-03-11 03:42:04', '2024-03-11 03:42:04', NULL, 1, 0, 'MBT8AG7JcQK0gMh7YI0u1TxuUNLGg24EfJUx7gdQ', 'NONE', 'NONE', 'activities'),
(563, 10, '2024-03-11 05:18:40', '2024-03-11 05:18:40', NULL, 1, 0, 'hehBrizl5B9wxzgyWNonMVn5iQYAuEawTHrIkmxs', 'NONE', 'NONE', 'authorSingle'),
(564, 1, '2024-03-11 11:16:34', '2024-03-11 11:16:34', NULL, 1, 0, 'K1615UWHNwpA8xqFbiUetXt0ERUBdbIdXs0FNS5x', 'NONE', 'NONE', ''),
(565, 1, '2024-03-11 11:46:18', '2024-03-11 11:46:18', NULL, 1, 0, 'HX3ly0TAQLj9zRuD9AQOhckurBI8nfcJyCgxSW3g', 'NONE', 'NONE', ''),
(566, 1, '2024-03-11 11:53:09', '2024-03-11 11:53:09', NULL, 1, 0, 'GGoAZ72xxNaGgwyL4M7siHfUL6R2Klzn9mh84z08', 'NONE', 'NONE', ''),
(567, 1, '2024-03-11 11:53:13', '2024-03-11 11:53:13', NULL, 1, 0, '1C1i1juyjjx1AdX1RrLCaTd7Po0DGI2GWdgmCbDH', 'NONE', 'NONE', ''),
(568, 1, '2024-03-11 12:00:35', '2024-03-11 12:00:35', NULL, 1, 0, '4eC8aqjvNhOxPSh1nnOfZBNBvergtv0BeawTwqxt', 'NONE', 'NONE', ''),
(569, 1, '2024-03-11 15:14:22', '2024-03-11 15:14:22', NULL, 1, 0, 'OGShvXkakasU0RQuKfv0dpaRhGFVjm2SqIU4KUZI', 'NONE', 'NONE', ''),
(570, 3, '2024-03-11 15:37:03', '2024-03-11 15:37:03', NULL, 1, 0, 'Q1UzbZVJm7pKx7H41rPPp2VWOzdD5tSflg3svaAU', 'NONE', 'NONE', 'search'),
(571, 1, '2024-03-11 15:55:11', '2024-03-11 15:55:11', NULL, 1, 0, 'F9dAmyK4QiawhWVse5XzTEKVsge7y9P1sMt2u2HT', 'NONE', 'NONE', ''),
(572, 1, '2024-03-11 16:28:35', '2024-03-11 16:28:35', NULL, 1, 0, 'XeXGXxaeKhf71sQhpZpclXEu9BEERL88YKRxfD2b', 'NONE', 'NONE', ''),
(573, 1, '2024-03-11 18:19:05', '2024-03-11 18:19:05', NULL, 1, 0, 'jeGDMnnh8knOaOWbxKXUXTkE17owO5AUgbX8yQTc', 'NONE', 'NONE', ''),
(574, 10, '2024-03-11 18:24:19', '2024-03-11 18:24:19', NULL, 1, 0, 'DDX7BfC7NIOQ5EGH6c2mA2xzIxv9aCmxGVdr6GCI', 'NONE', 'NONE', 'authorSingle'),
(575, 7, '2024-03-11 19:28:13', '2024-03-11 19:28:13', NULL, 1, 0, 'CCT1HsCAxTwbpC8EAmb9J2opdvPbclaUgpoBWxvY', 'NONE', 'NONE', 'aboutUsBee'),
(576, 1, '2024-03-11 21:21:44', '2024-03-11 21:21:44', NULL, 1, 0, '7nJ4sPQlwgHlEMnC8mHHY9Qb9mMlX7GtLT3IOUCV', 'NONE', 'NONE', ''),
(577, 1, '2024-03-11 21:26:14', '2024-03-11 21:26:14', NULL, 1, 0, 'qJ9wMQoGyAfmpUrFT0Vd0TdAP2xb5nTZT22SqkI1', 'NONE', 'NONE', ''),
(578, 10, '2024-03-11 21:48:58', '2024-03-11 21:48:58', NULL, 1, 0, 'EqdyxhosDKIB4tLlQ3DYi4GwrN4LG3mnIRU8HNM4', 'NONE', 'NONE', 'authorSingle'),
(579, 10, '2024-03-11 21:48:59', '2024-03-11 21:48:59', NULL, 1, 0, '498yWC98GKwdavYg8nwfxDQDdWgVutuKwplyjP3r', 'NONE', 'NONE', 'authorSingle'),
(580, 2, '2024-03-11 22:56:37', '2024-03-11 22:56:37', NULL, 1, 0, 'ZQNWXq3Dgb0qJZwEpHW1wMJYWKxYidbPgXVNr4mA', 'NONE', 'NONE', 'activities'),
(581, 6, '2024-03-11 23:47:06', '2024-03-11 23:47:06', NULL, 1, 0, 'SWoeukiTBleGGtridHTKe2BNzPBqf4IZfNYHXFZ9', 'NONE', 'NONE', 'shopBee'),
(582, 10, '2024-03-12 00:08:22', '2024-03-12 00:08:22', NULL, 1, 0, 'cTysUgUMZCPem26C3HVtfdF1hWHa6ZNnLkPS4pjj', 'NONE', 'NONE', 'authorSingle'),
(583, 1, '2024-03-12 00:12:25', '2024-03-12 00:12:25', NULL, 1, 0, 'nzp8kDf1aFqfolQavp3x1ai617ljFWeDXEeUVA1M', 'NONE', 'NONE', ''),
(584, 2, '2024-03-12 00:19:43', '2024-03-12 00:19:43', NULL, 1, 0, 'svLYNcXkGSHy8gXGtWiVMqRhqaDgpNzhv8oVRukA', 'NONE', 'NONE', 'activities'),
(585, 1, '2024-03-12 00:54:54', '2024-03-12 00:54:54', NULL, 1, 0, 'mSEjhK2W99YwHYArdFbJHAWUrhSOabD32vYzFhrB', 'NONE', 'NONE', ''),
(586, 1, '2024-03-12 02:10:10', '2024-03-12 02:10:10', NULL, 1, 0, '8WYNW9vcg7dod3Ajov6deYBm7zHzdWcuYVGPPiZ7', 'NONE', 'NONE', ''),
(587, 1, '2024-03-12 03:46:19', '2024-03-12 03:46:19', NULL, 1, 0, 'O8tHRRNRWpGi0EoeBsQPt6MXzSXMpdN948C3yinK', 'NONE', 'NONE', ''),
(588, 1, '2024-03-12 03:52:36', '2024-03-12 03:52:36', NULL, 1, 0, 'Ns0ZZI6QMAlhHJ4yC39JgHyhygxmU9McEw8gWchb', 'NONE', 'NONE', ''),
(589, 9, '2024-03-12 03:56:46', '2024-03-12 03:56:46', NULL, 1, 0, '9j9uWtcLZmS8MBNEo3OhQj7Xn3YHyKAmk1LnoGLr', 'NONE', 'NONE', 'contactUsBee'),
(590, 10, '2024-03-12 04:37:12', '2024-03-12 04:37:12', NULL, 1, 0, 'vXvPnnhxT3GXZm80lDM6QjVoOb1kimKT1aU2U8Gd', 'NONE', 'NONE', 'authorSingle'),
(591, 9, '2024-03-12 06:25:57', '2024-03-12 06:25:57', NULL, 1, 0, 'H1hUjJbPcGXxzcxBVcehfJMQKIr8B65bJT84DwV7', 'NONE', 'NONE', 'contactUsBee'),
(592, 1, '2024-03-12 06:40:16', '2024-03-12 06:40:16', NULL, 1, 0, 'rjkvZilFDcGinAvFSsKdcDytrwE2V6LwKWKtgHnF', 'NONE', 'NONE', ''),
(593, 3, '2024-03-12 07:45:33', '2024-03-12 07:45:33', NULL, 1, 0, 'OfdJ3CkoDOPg4ITsQaSKhmQ7seencrgPlragNx1V', 'NONE', 'NONE', 'search'),
(594, 12, '2024-03-12 07:49:31', '2024-03-12 07:49:31', NULL, 1, 0, 'kPSXbyItYSiQLmaku5KlnBIHBhcxC7jl8AGmKarE', 'NONE', 'NONE', 'rewards'),
(595, 3, '2024-03-12 08:31:24', '2024-03-12 08:31:24', NULL, 1, 0, 'AUh643MVovKjJ0hlOA5FC0PMEc2LtoNbqzXjzxIX', 'NONE', 'NONE', 'search'),
(596, 7, '2024-03-12 08:55:33', '2024-03-12 08:55:33', NULL, 1, 0, 'fwcgIrsnq4j8PS3agqBnkwooTP7cOWdyjQ43F0bh', 'NONE', 'NONE', 'aboutUsBee'),
(597, 1, '2024-03-12 09:03:14', '2024-03-12 09:03:14', NULL, 1, 0, 'm6wAWrguhp35QBZiWvemATI3eou88fbf4NqApdo4', 'NONE', 'NONE', ''),
(598, 9, '2024-03-12 09:35:04', '2024-03-12 09:35:04', NULL, 1, 0, 'PA6PwIKyH5aeq1sfQkyTOkJTE5SX6XiyI4k0ibx6', 'NONE', 'NONE', 'contactUsBee'),
(599, 12, '2024-03-12 09:54:05', '2024-03-12 09:54:05', NULL, 1, 0, 'lUP2pe7IXV44bRHwaqSWbkbyNCNI4KmuAe2EMCRY', 'NONE', 'NONE', 'rewards'),
(600, 1, '2024-03-12 10:05:37', '2024-03-12 10:05:37', NULL, 1, 0, 't0Yd3mxmDW2INWxiVEkmytBeckCDmoP3LAf6Yz1L', 'NONE', 'NONE', ''),
(601, 1, '2024-03-12 11:26:25', '2024-03-12 11:26:25', NULL, 1, 0, 'rDI9HzyFX8tfJt1Sh0mlZHZZ4Jjsobal4sOhyaIv', 'NONE', 'NONE', ''),
(602, 1, '2024-03-12 12:32:37', '2024-03-12 12:32:37', NULL, 1, 0, 'Uj5RRtVIlq0tKAnxuBgSWkqgXK7ewVhepKPyYwLk', 'NONE', 'NONE', ''),
(603, 1, '2024-03-12 14:28:37', '2024-03-12 14:28:37', NULL, 1, 0, 'oWhpL4ujYrkKuJ25IllsEJQM9d2x8wp6mTOqBGEV', 'NONE', 'NONE', ''),
(604, 3, '2024-03-12 14:33:28', '2024-03-12 14:33:28', NULL, 1, 0, 'zFnmnF7U9Be3QRZP0Wawu49ZLbIztgKozAlu3jvk', 'NONE', 'NONE', 'search'),
(605, 3, '2024-03-12 14:38:18', '2024-03-12 14:38:18', NULL, 1, 0, 'oWhpL4ujYrkKuJ25IllsEJQM9d2x8wp6mTOqBGEV', 'NONE', 'NONE', 'search'),
(606, 8, '2024-03-12 14:38:21', '2024-03-12 14:38:21', NULL, 1, 0, 'oWhpL4ujYrkKuJ25IllsEJQM9d2x8wp6mTOqBGEV', 'NONE', 'NONE', 'businessDetails'),
(607, 1, '2024-03-12 14:47:10', '2024-03-12 14:47:10', NULL, 1, 0, 'wTn2eYxG2F4tTLFDqBgRpY8M6SAXCUrTtrIExjn3', 'NONE', 'NONE', ''),
(608, 10, '2024-03-12 15:16:14', '2024-03-12 15:16:14', NULL, 1, 0, 'oWhpL4ujYrkKuJ25IllsEJQM9d2x8wp6mTOqBGEV', 'NONE', 'NONE', 'authorSingle'),
(609, 15, '2024-03-12 15:19:00', '2024-03-12 15:19:00', NULL, 0, 4, 'oWhpL4ujYrkKuJ25IllsEJQM9d2x8wp6mTOqBGEV', 'NONE', 'NONE', 'account'),
(610, 1, '2024-03-12 15:48:59', '2024-03-12 15:48:59', NULL, 1, 0, 'f9j24jVZNXepdPZo9Q2cCVWNRgvw6V3GKqQvZJNo', 'NONE', 'NONE', ''),
(611, 14, '2024-03-12 16:46:08', '2024-03-12 16:46:08', NULL, 0, 4, 'oWhpL4ujYrkKuJ25IllsEJQM9d2x8wp6mTOqBGEV', 'NONE', 'NONE', 'myProfile'),
(612, 1, '2024-03-12 17:32:41', '2024-03-12 17:32:41', NULL, 1, 0, 'RZpjUaS9O1cV2ekNKW8ojCFoqQyjzx5qaYkfMkCi', 'NONE', 'NONE', ''),
(613, 1, '2024-03-12 17:34:18', '2024-03-12 17:34:18', NULL, 1, 0, '9KTo19wX1uPUN8kUFqYVaUgeaqh5ADURYwSRuoZN', 'NONE', 'NONE', ''),
(614, 1, '2024-03-12 17:43:44', '2024-03-12 17:43:44', NULL, 1, 0, '9alR7rkSgac0S5QTZ9zxvWaS3j7tiCCjvvSAhrPL', 'NONE', 'NONE', ''),
(615, 1, '2024-03-12 19:01:26', '2024-03-12 19:01:26', NULL, 1, 0, 'REnZBuMPjzAuiMQGhX7gmJ7gvZXfWYA7XDJY5iUl', 'NONE', 'NONE', ''),
(616, 1, '2024-03-12 19:13:49', '2024-03-12 19:13:49', NULL, 1, 0, 'BTLwcpBqfMghJDoA2mG1FEOYlORHdbeFJeE0WdZc', 'NONE', 'NONE', ''),
(617, 2, '2024-03-12 19:36:13', '2024-03-12 19:36:13', NULL, 1, 0, 'WlOgKzYl4HXYquA0ai3owxjRzQSkThSKyOylzri4', 'NONE', 'NONE', 'activities'),
(618, 1, '2024-03-12 20:47:38', '2024-03-12 20:47:38', NULL, 1, 0, 'kvZtFj7mC4rUxUMcHSl4DbAX7uswqAWPWOZGXx6s', 'NONE', 'NONE', ''),
(619, 1, '2024-03-12 21:26:15', '2024-03-12 21:26:15', NULL, 1, 0, 'aReTam8cD7SMx3W7kSOCIxo83VfFc6d65BbLVC0K', 'NONE', 'NONE', ''),
(620, 6, '2024-03-12 22:10:16', '2024-03-12 22:10:16', NULL, 1, 0, 'Zq51B7JOakLXsPqBaxyy0et3CnDsXzE0co87vybL', 'NONE', 'NONE', 'shopBee'),
(621, 1, '2024-03-12 23:22:37', '2024-03-12 23:22:37', NULL, 1, 0, '5jxu4pN6hjqcDNohQLu0y1eVlrwAnwqa7jLC0wCO', 'NONE', 'NONE', ''),
(622, 10, '2024-03-13 01:08:08', '2024-03-13 01:08:08', NULL, 1, 0, 'iidwIMVla4VqM1et03c3ntwn5O5gtGFCkbP3vysN', 'NONE', 'NONE', 'authorSingle'),
(623, 1, '2024-03-13 03:46:15', '2024-03-13 03:46:15', NULL, 1, 0, 'l1kcDuVleaxaa1iqU4Ibo326GbvHbXAP6Y2QQlBt', 'NONE', 'NONE', ''),
(624, 9, '2024-03-13 03:46:16', '2024-03-13 03:46:16', NULL, 1, 0, 'l1kcDuVleaxaa1iqU4Ibo326GbvHbXAP6Y2QQlBt', 'NONE', 'NONE', 'contactUsBee'),
(625, 7, '2024-03-13 03:46:17', '2024-03-13 03:46:17', NULL, 1, 0, 'l1kcDuVleaxaa1iqU4Ibo326GbvHbXAP6Y2QQlBt', 'NONE', 'NONE', 'aboutUsBee'),
(626, 1, '2024-03-13 04:13:31', '2024-03-13 04:13:31', NULL, 1, 0, 'cftjIH4MwcfW9VFtnFq1gyfwUxmd3g5LFEwHNhNv', 'NONE', 'NONE', ''),
(627, 1, '2024-03-13 04:57:10', '2024-03-13 04:57:10', NULL, 1, 0, 'Nl7zeM7SS6sLbvV9XEv7z3ynlayi6vRPUW8rwzVT', 'NONE', 'NONE', ''),
(628, 1, '2024-03-13 06:11:05', '2024-03-13 06:11:05', NULL, 1, 0, 'gQsFWLhLHQU0NjM1fjnoKZwQNl5NH1LVIC1lDVza', 'NONE', 'NONE', ''),
(629, 1, '2024-03-13 07:33:11', '2024-03-13 07:33:11', NULL, 1, 0, 'zKQbi7pYzozrejRUDaaWNZkjAEroebzGWTm3seIB', 'NONE', 'NONE', ''),
(630, 1, '2024-03-13 07:49:54', '2024-03-13 07:49:54', NULL, 1, 0, '6yIUZZBeAD2EmeCgIo4W74XtglDfiKQNwHTadGqp', 'NONE', 'NONE', ''),
(631, 3, '2024-03-13 08:33:07', '2024-03-13 08:33:07', NULL, 1, 0, 'KHs6a8Mp6ep8PAawdGiLZJqeGuHXqLxk8geHw2xn', 'NONE', 'NONE', 'search'),
(632, 1, '2024-03-13 09:29:11', '2024-03-13 09:29:11', NULL, 1, 0, 'z9hF1LBMtKALNfkivqYeRTPVAXYg8bb5tMX6OzKM', 'NONE', 'NONE', ''),
(633, 3, '2024-03-13 09:29:15', '2024-03-13 09:29:15', NULL, 1, 0, 'z9hF1LBMtKALNfkivqYeRTPVAXYg8bb5tMX6OzKM', 'NONE', 'NONE', 'search'),
(634, 10, '2024-03-13 09:29:18', '2024-03-13 09:29:18', NULL, 1, 0, 'z9hF1LBMtKALNfkivqYeRTPVAXYg8bb5tMX6OzKM', 'NONE', 'NONE', 'authorSingle'),
(635, 10, '2024-03-13 09:42:11', '2024-03-13 09:42:11', NULL, 1, 0, 'RvksD5HiFikUwXftF3FUTg0oe9XfXcsAPA7ZqHDV', 'NONE', 'NONE', 'authorSingle'),
(636, 10, '2024-03-13 09:43:00', '2024-03-13 09:43:00', NULL, 1, 0, '2yadXIRjpaIvC5y1B9lVg5jCGVx6fg86cQdb6Yxx', 'NONE', 'NONE', 'authorSingle'),
(637, 1, '2024-03-13 10:03:59', '2024-03-13 10:03:59', NULL, 1, 0, 'wr54LTi8OjE1a6CFZzSWF0L5KdKMOkvEo4ozhgNC', 'NONE', 'NONE', ''),
(638, 5, '2024-03-13 10:04:51', '2024-03-13 10:04:51', NULL, 1, 0, 'gdWfRVEOojTDReFEPdRsTLgdeGlSJRc1LlKIQobQ', 'NONE', 'NONE', 'howItWorks'),
(639, 2, '2024-03-13 10:07:57', '2024-03-13 10:07:57', NULL, 1, 0, 'IOnxn3yEYdK9NZyAQg8v17TunXgOXi5wWpoCkUyU', 'NONE', 'NONE', 'activities'),
(640, 1, '2024-03-13 10:09:15', '2024-03-13 10:09:15', NULL, 1, 0, 'XDmyrmn6B8Au0LqesqW9Ezo1PIIMEWnpQnmKnoBe', 'NONE', 'NONE', ''),
(641, 1, '2024-03-13 10:10:30', '2024-03-13 10:10:30', NULL, 1, 0, 'mvFZQV2FHaBjkBgKAhATAgrGs3sQ8V94UUDxqiNN', 'NONE', 'NONE', ''),
(642, 7, '2024-03-13 10:12:02', '2024-03-13 10:12:02', NULL, 1, 0, 'ajFZVkSaqIO6uA7FWa052H5PWYJRPup55KSF7SOT', 'NONE', 'NONE', 'aboutUsBee'),
(643, 1, '2024-03-13 10:15:48', '2024-03-13 10:15:48', NULL, 1, 0, 'ouiJx9yE7J9BfhsQ3DvzC8K8ZFS18yA6zrvXGRkg', 'NONE', 'NONE', ''),
(644, 3, '2024-03-13 10:18:13', '2024-03-13 10:18:13', NULL, 1, 0, 'SJklhTSGqjlRLJDZMnXGXFsnJyAhfPjOBefESvu5', 'NONE', 'NONE', 'search'),
(645, 1, '2024-03-13 10:26:14', '2024-03-13 10:26:14', NULL, 1, 0, 'bNOUcIvScVj68w9SwcJm4NsykzJC5js1jallytEU', 'FACEBOOK', 'PAAabeOYnNEWvBfBlPaUZ4zhjX6qyxsa3F1V06ln_8ImWMDxfWlAWSw1Ruuo4_aem_AfX9274ge1nRtUUAVapG6-4qhkYbU5nsMgmsLOIkBImhyJhG0CH2wwE9naMTPfYRYdk', ''),
(646, 1, '2024-03-13 10:52:46', '2024-03-13 10:52:46', NULL, 1, 0, 'uoFG82EpMWqALN8qWifwvJYfvUZhyZ1w0DWoaxqI', 'NONE', 'NONE', ''),
(647, 1, '2024-03-13 10:57:24', '2024-03-13 10:57:24', NULL, 1, 0, 'TqYobDWhIwvJVWj09QK97tQNkoCshAdOxcJeGFqf', 'NONE', 'NONE', ''),
(648, 3, '2024-03-13 10:57:27', '2024-03-13 10:57:27', NULL, 1, 0, 'TqYobDWhIwvJVWj09QK97tQNkoCshAdOxcJeGFqf', 'NONE', 'NONE', 'search'),
(649, 8, '2024-03-13 10:57:31', '2024-03-13 10:57:31', NULL, 1, 0, 'TqYobDWhIwvJVWj09QK97tQNkoCshAdOxcJeGFqf', 'NONE', 'NONE', 'businessDetails'),
(650, 9, '2024-03-13 11:10:37', '2024-03-13 11:10:37', NULL, 1, 0, 'GN9cLULeCXqity7K5rYt16ha0jqhxjHvb0BnLcAT', 'NONE', 'NONE', 'contactUsBee'),
(651, 1, '2024-03-13 12:00:15', '2024-03-13 12:00:15', NULL, 1, 0, 'fvzUZB3E2DzigucDQzuDZNiVEMAeuW4vFPKmztIl', 'NONE', 'NONE', ''),
(652, 1, '2024-03-13 12:16:47', '2024-03-13 12:16:47', NULL, 1, 0, 'Z65RPhrY3SZU9MWBRCjTO3rEorWdAUA4FkC84hjl', 'NONE', 'NONE', ''),
(653, 1, '2024-03-13 12:20:49', '2024-03-13 12:20:49', NULL, 1, 0, 'vOsj5KlFv8aVYzzQ1UEMtfJoA9bnmalNRlhphL0c', 'NONE', 'NONE', ''),
(654, 3, '2024-03-13 12:20:59', '2024-03-13 12:20:59', NULL, 1, 0, 'vOsj5KlFv8aVYzzQ1UEMtfJoA9bnmalNRlhphL0c', 'NONE', 'NONE', 'search'),
(655, 8, '2024-03-13 12:21:02', '2024-03-13 12:21:02', NULL, 1, 0, 'vOsj5KlFv8aVYzzQ1UEMtfJoA9bnmalNRlhphL0c', 'NONE', 'NONE', 'businessDetails'),
(656, 8, '2024-03-13 12:21:21', '2024-03-13 12:21:21', NULL, 1, 0, 'eT3KsmLGh1VsUbEKo7X3ld0pZmBWXLuad1ZXmWhf', 'NONE', 'NONE', 'businessDetails'),
(657, 8, '2024-03-13 12:21:21', '2024-03-13 12:21:21', NULL, 1, 0, 'wtvYxvsOjC9J6RrrYRdOSAy9wOyCh6IoZ48vV2CB', 'NONE', 'NONE', 'businessDetails'),
(658, 8, '2024-03-13 12:21:23', '2024-03-13 12:21:23', NULL, 1, 0, 'DPvWGSFNi87FPnGL6u9yLzx3mlLIPWpTGiQfZp5o', 'NONE', 'NONE', 'businessDetails'),
(659, 8, '2024-03-13 12:21:23', '2024-03-13 12:21:23', NULL, 1, 0, 'qAcx8dNF8esIh0RblhY6mOBWybUGlOIa8JwvlNA0', 'NONE', 'NONE', 'businessDetails'),
(660, 8, '2024-03-13 12:21:32', '2024-03-13 12:21:32', NULL, 1, 0, 'e3lMK3HshvTjZBRDi1eQvTtcJabkeymolGNnkVdU', 'NONE', 'NONE', 'businessDetails'),
(661, 8, '2024-03-13 12:21:33', '2024-03-13 12:21:33', NULL, 1, 0, 'rXRx9EQ2fkIwfEPzWsZvREz05kAiRGBRFLWnQUv5', 'NONE', 'NONE', 'businessDetails'),
(662, 8, '2024-03-13 12:21:33', '2024-03-13 12:21:33', NULL, 1, 0, 'zB0VsqP3itNQMkWlYnUL6JKg44so2mes5T5QRTMe', 'NONE', 'NONE', 'businessDetails'),
(663, 1, '2024-03-13 12:21:48', '2024-03-13 12:21:48', NULL, 1, 0, 'qzKzm6ZFBExYXYPmf4eADHeZOp3g5kZszCeWzQPn', 'NONE', 'NONE', ''),
(664, 8, '2024-03-13 12:21:49', '2024-03-13 12:21:49', NULL, 1, 0, 'SgksY2WVzkEn5jbwWyxYYX9Ge1Vw9kVwMVMPWIKB', 'NONE', 'NONE', 'businessDetails'),
(665, 7, '2024-03-13 12:21:50', '2024-03-13 12:21:50', NULL, 1, 0, 'El7Ozfq2nJu7iihvKrJ9Cd0bhS4GUIOqm2P5yT36', 'NONE', 'NONE', 'aboutUsBee'),
(666, 9, '2024-03-13 12:21:50', '2024-03-13 12:21:50', NULL, 1, 0, '8j1O1LUGC5famVnkwiSykBD26KYUOPB5VlaH9v47', 'NONE', 'NONE', 'contactUsBee'),
(667, 1, '2024-03-13 12:24:03', '2024-03-13 12:24:03', NULL, 1, 0, 'z4VzJr7VlTIp1iMB6QV2pzw0e4sh80iwp9g1uLIr', 'NONE', 'NONE', ''),
(668, 10, '2024-03-13 12:27:18', '2024-03-13 12:27:18', NULL, 1, 0, 'nuogemy0Fp1VXevfZyGGSDm6gB2qSe9DfI4i21hl', 'NONE', 'NONE', 'authorSingle'),
(669, 10, '2024-03-13 12:27:19', '2024-03-13 12:27:19', NULL, 1, 0, 'YK2jBtAqPkTX27wUEriOL90s7JvmW2biqURvvM7q', 'NONE', 'NONE', 'authorSingle'),
(670, 10, '2024-03-13 12:27:19', '2024-03-13 12:27:19', NULL, 1, 0, 'aBR0qRjNiso1N4Uz23ZbiqlgV7EFMotdVUgTfj9W', 'NONE', 'NONE', 'authorSingle'),
(671, 10, '2024-03-13 12:27:19', '2024-03-13 12:27:19', NULL, 1, 0, 'HHM6bZzNqgY7PEBVCWqp64lGfgt3a01c9fJfrQXs', 'NONE', 'NONE', 'authorSingle'),
(672, 10, '2024-03-13 12:27:20', '2024-03-13 12:27:20', NULL, 1, 0, 'x10gkF947rOmiwuNARqhGzPT9yRqKRGR18Ll3RaH', 'NONE', 'NONE', 'authorSingle'),
(673, 10, '2024-03-13 12:27:20', '2024-03-13 12:27:20', NULL, 1, 0, '6sspOQEKBTVtpCxofyKB2XooLHPJAVqRxYWZn5vV', 'NONE', 'NONE', 'authorSingle'),
(674, 10, '2024-03-13 12:27:32', '2024-03-13 12:27:32', NULL, 1, 0, 'uRAGlCM9eVggyeXNz6zzddo0cfY3nS3sPlJYzRQ1', 'NONE', 'NONE', 'authorSingle'),
(675, 10, '2024-03-13 12:27:33', '2024-03-13 12:27:33', NULL, 1, 0, 'lfYwDDPMsoDpNftsUOnc0R0DyE7xNUbRbV31T5vX', 'NONE', 'NONE', 'authorSingle'),
(676, 10, '2024-03-13 12:27:45', '2024-03-13 12:27:45', NULL, 1, 0, 'ovaPU0np4RQkAjqfw4qSEA8MhUqr1IW9YCaUToPA', 'NONE', 'NONE', 'authorSingle'),
(677, 10, '2024-03-13 12:27:47', '2024-03-13 12:27:47', NULL, 1, 0, 'e87QWehfGG2i667Ur4D4NeFJv3Ef5YcaaINZHoo0', 'NONE', 'NONE', 'authorSingle'),
(678, 1, '2024-03-13 12:29:12', '2024-03-13 12:29:12', NULL, 1, 0, 'HAZ9ScxgJsHAy8rGvDxMDJHfrJikN9JJIR8dXFOn', 'NONE', 'NONE', ''),
(679, 9, '2024-03-13 12:29:13', '2024-03-13 12:29:13', NULL, 1, 0, 'HAZ9ScxgJsHAy8rGvDxMDJHfrJikN9JJIR8dXFOn', 'NONE', 'NONE', 'contactUsBee'),
(680, 7, '2024-03-13 12:29:13', '2024-03-13 12:29:13', NULL, 1, 0, 'HAZ9ScxgJsHAy8rGvDxMDJHfrJikN9JJIR8dXFOn', 'NONE', 'NONE', 'aboutUsBee'),
(681, 8, '2024-03-13 12:42:56', '2024-03-13 12:42:56', NULL, 1, 0, 'MY4bTnh0je1Xj4P3OEINCEtIp7WOGw5wVnsxLqa4', 'NONE', 'NONE', 'businessDetails'),
(682, 8, '2024-03-13 12:42:57', '2024-03-13 12:42:57', NULL, 1, 0, 'qiZniskLVVUWnX3QZYR2bgkDVkMPlCXxVKmi3bpM', 'NONE', 'NONE', 'businessDetails'),
(683, 8, '2024-03-13 12:42:57', '2024-03-13 12:42:57', NULL, 1, 0, 'dreINovw5YcQWPLOqbIbdWaLAltSzcdIqMeUh5H4', 'NONE', 'NONE', 'businessDetails'),
(684, 10, '2024-03-13 12:43:04', '2024-03-13 12:43:04', NULL, 1, 0, 'vOsj5KlFv8aVYzzQ1UEMtfJoA9bnmalNRlhphL0c', 'NONE', 'NONE', 'authorSingle'),
(685, 10, '2024-03-13 12:49:57', '2024-03-13 12:49:57', NULL, 1, 0, '2cCf2k56JJV0XQqCHYeBvIFCnxIDlfS0pon3lsXW', 'NONE', 'NONE', 'authorSingle'),
(686, 10, '2024-03-13 12:53:04', '2024-03-13 12:53:04', NULL, 1, 0, '7cp6boknk3tixuCUN4NQjX5XXF29NwervSyaiTV8', 'NONE', 'NONE', 'authorSingle'),
(687, 10, '2024-03-13 12:53:05', '2024-03-13 12:53:05', NULL, 1, 0, 'AQNsN9tXvLjT4HDjGt24nyCPkAq9Wyt59deydQyI', 'NONE', 'NONE', 'authorSingle'),
(688, 10, '2024-03-13 12:53:23', '2024-03-13 12:53:23', NULL, 1, 0, 'EFlJa2877jE4QodaqAnPU5wHTzzkrJRhTaT10vXR', 'NONE', 'NONE', 'authorSingle'),
(689, 10, '2024-03-13 12:53:24', '2024-03-13 12:53:24', NULL, 1, 0, 'fTrCYpQcaF2C95zIsMM6XhGCxHvaEL6iVQKDrxD1', 'NONE', 'NONE', 'authorSingle'),
(690, 8, '2024-03-13 12:54:32', '2024-03-13 12:54:32', NULL, 1, 0, 'KT3E95cSG7qte2La6fnVZTgQzT4tYFVq6upcYuLA', 'NONE', 'NONE', 'businessDetails'),
(691, 8, '2024-03-13 12:54:34', '2024-03-13 12:54:34', NULL, 1, 0, 'KW5QXg27Y4cCM7LnSexUpFL2mpTsA8y3jQ83ywvi', 'NONE', 'NONE', 'businessDetails'),
(692, 8, '2024-03-13 12:54:34', '2024-03-13 12:54:34', NULL, 1, 0, 'G4GovPc3Iu1lj9HHRaRILe5K4MJAprZQCBf5rdOt', 'NONE', 'NONE', 'businessDetails'),
(693, 8, '2024-03-13 12:54:34', '2024-03-13 12:54:34', NULL, 1, 0, 'TeocF7YkgUuGjckYHK7zJcMj9oVpIGuFFUABjld7', 'NONE', 'NONE', 'businessDetails'),
(694, 1, '2024-03-13 12:54:52', '2024-03-13 12:54:52', NULL, 1, 0, 'cCyNt8WIeOmHYpvK41l4QBLOBpgIoYtEIwY84L2W', 'NONE', 'NONE', ''),
(695, 7, '2024-03-13 12:54:52', '2024-03-13 12:54:52', NULL, 1, 0, 'VIw0Kd0n3BlkPX13sqKXrzEaKisT3L4q3XT5Ob8J', 'NONE', 'NONE', 'aboutUsBee'),
(696, 9, '2024-03-13 12:54:52', '2024-03-13 12:54:52', NULL, 1, 0, 'qSjctLI9x8TrPJy8CaOTOLQRFICDDljDPKIjJj8k', 'NONE', 'NONE', 'contactUsBee'),
(697, 10, '2024-03-13 12:55:04', '2024-03-13 12:55:04', NULL, 1, 0, 'QpCXa4hFRtpa99g0NCVthPqc3qjM90FH0jYjhpWq', 'NONE', 'NONE', 'authorSingle'),
(698, 10, '2024-03-13 12:55:05', '2024-03-13 12:55:05', NULL, 1, 0, 'yiClRsQZVZBv0rmJpu8URMYYCJR2s1KBzayLKtve', 'NONE', 'NONE', 'authorSingle'),
(699, 10, '2024-03-13 12:55:06', '2024-03-13 12:55:06', NULL, 1, 0, 'XR4WLXLa0tvCK2Bged2IV2xsiyLowt9DtiUQkfLV', 'NONE', 'NONE', 'authorSingle'),
(700, 10, '2024-03-13 12:55:27', '2024-03-13 12:55:27', NULL, 1, 0, 'SY7IpXdWTZT7E2WbmgDABjdVvx3eaJNkPNjwCeVZ', 'NONE', 'NONE', 'authorSingle'),
(701, 10, '2024-03-13 12:55:28', '2024-03-13 12:55:28', NULL, 1, 0, 'dnVHmigMBANkPMzdJUDmIV0gsT1L1w89Pqgwt8ux', 'NONE', 'NONE', 'authorSingle'),
(702, 1, '2024-03-13 12:56:23', '2024-03-13 12:56:23', NULL, 1, 0, 'VJU6fngKDhCLg4J8fGRfvOVcT6rk3ReQj19lfivz', 'NONE', 'NONE', ''),
(703, 3, '2024-03-13 12:56:28', '2024-03-13 12:56:28', NULL, 1, 0, 'VJU6fngKDhCLg4J8fGRfvOVcT6rk3ReQj19lfivz', 'NONE', 'NONE', 'search'),
(704, 10, '2024-03-13 12:56:33', '2024-03-13 12:56:33', NULL, 1, 0, 'VJU6fngKDhCLg4J8fGRfvOVcT6rk3ReQj19lfivz', 'NONE', 'NONE', 'authorSingle'),
(705, 1, '2024-03-13 12:59:16', '2024-03-13 12:59:16', NULL, 1, 0, 'psUbNT7sHWQ6tRG6A2ZHdUP1JxSIlvjqMeQWBsCa', 'NONE', 'NONE', ''),
(706, 10, '2024-03-13 12:59:16', '2024-03-13 12:59:16', NULL, 1, 0, 'IwvmW1rbyIxQLIARcaLUXxX0WYEseb0ihOzCfdJz', 'NONE', 'NONE', 'authorSingle'),
(707, 7, '2024-03-13 12:59:18', '2024-03-13 12:59:18', NULL, 1, 0, '4JpDgZVzozRh6gLAwcHHdHu84DIiytnH1V3ZrO3v', 'NONE', 'NONE', 'aboutUsBee'),
(708, 9, '2024-03-13 12:59:19', '2024-03-13 12:59:19', NULL, 1, 0, 'lrFdryjzanWL5sDuLowEtDHa2jBiTufa0R2oAEFN', 'NONE', 'NONE', 'contactUsBee'),
(709, 1, '2024-03-13 12:59:20', '2024-03-13 12:59:20', NULL, 1, 0, 'vJQcdBwWp0wOmqQakAbiU4DkGgBfVsWTvpac87V8', 'NONE', 'NONE', ''),
(710, 10, '2024-03-13 12:59:20', '2024-03-13 12:59:20', NULL, 1, 0, 'CM7pKxTe2c9ZUwKRsprnPe2ZM5WDAaUkV9rRjatw', 'NONE', 'NONE', 'authorSingle'),
(711, 7, '2024-03-13 12:59:21', '2024-03-13 12:59:21', NULL, 1, 0, 'xNysSWgpRyL4LyQxHOvuUFImpUlYwKOjRiZCMLJM', 'NONE', 'NONE', 'aboutUsBee'),
(712, 9, '2024-03-13 12:59:21', '2024-03-13 12:59:21', NULL, 1, 0, 'kXhjyj9Db1ZRUcoPAP6SyrgS5yp20bwkcTPoRcTE', 'NONE', 'NONE', 'contactUsBee'),
(713, 10, '2024-03-13 13:00:51', '2024-03-13 13:00:51', NULL, 1, 0, 'BXcMAgqHUWKiilVjABlcsFlQ0HqzmfTxohrWI0Sl', 'NONE', 'NONE', 'authorSingle'),
(714, 10, '2024-03-13 13:00:51', '2024-03-13 13:00:51', NULL, 1, 0, '8FTWXFMl0QXC3XrdvJwY35g8aS7wOkVsCBPCuTP9', 'NONE', 'NONE', 'authorSingle'),
(715, 10, '2024-03-13 13:01:45', '2024-03-13 13:01:45', NULL, 1, 0, '9lhwAYLsQI8sympWIlhe9F7eBKiSXHysgLTsALcg', 'FACEBOOK', 'IwAR3R4ysyMquMN7YmQfqZ6PlAwU8Lcc0KghnlWQld3arzMIrhdVvU44tgCA0', 'authorSingle'),
(716, 1, '2024-03-13 13:02:41', '2024-03-13 13:02:41', NULL, 1, 0, 'wwE8a0sQW91KihTLo5QtCCuIzFVTzZHrsZPPAmmh', 'NONE', 'NONE', ''),
(717, 3, '2024-03-13 13:03:06', '2024-03-13 13:03:06', NULL, 1, 0, 'wwE8a0sQW91KihTLo5QtCCuIzFVTzZHrsZPPAmmh', 'NONE', 'NONE', 'search'),
(718, 10, '2024-03-13 13:12:06', '2024-03-13 13:12:06', NULL, 1, 0, '6wst2QXvmBkZTzu1wFumoGJ7BWlqUhxuoCnZ4lkM', 'NONE', 'NONE', 'authorSingle'),
(719, 10, '2024-03-13 13:12:09', '2024-03-13 13:12:09', NULL, 1, 0, 'jbSoCKn3csPSy0DD4ipzo8braY7hOGrbcstENCyp', 'NONE', 'NONE', 'authorSingle'),
(720, 10, '2024-03-13 13:12:09', '2024-03-13 13:12:09', NULL, 1, 0, 'LzkrQPeUwXCMXwQSziKafXQ5jGV7WW5tD9Ytjo41', 'NONE', 'NONE', 'authorSingle'),
(721, 10, '2024-03-13 13:12:09', '2024-03-13 13:12:09', NULL, 1, 0, 'ooXjN3dDfoNtrfbZ9QaXjY0lA6gWZqJ0f8RmRfHi', 'NONE', 'NONE', 'authorSingle'),
(722, 10, '2024-03-13 13:12:09', '2024-03-13 13:12:09', NULL, 1, 0, 'WMUubKgDjFomd7m0UjAkfIJ1YvefUk9C3afI62PM', 'NONE', 'NONE', 'authorSingle'),
(723, 10, '2024-03-13 13:12:47', '2024-03-13 13:12:47', NULL, 1, 0, 'HpqaMSy5nMYxB15qGkZd3l4QNzRX5LYnuL8T8Esd', 'NONE', 'NONE', 'authorSingle'),
(724, 10, '2024-03-13 13:12:48', '2024-03-13 13:12:48', NULL, 1, 0, 'RAdZ1I6lFGlTwkDv4DYSnP4CVMVSbRoHsWKB9l2E', 'NONE', 'NONE', 'authorSingle'),
(725, 10, '2024-03-13 13:12:53', '2024-03-13 13:12:53', NULL, 1, 0, 'e9S97i4sl1ndKC6kFoGXAx75QWBIZpmwoigIp1k3', 'NONE', 'NONE', 'authorSingle'),
(726, 10, '2024-03-13 13:12:53', '2024-03-13 13:12:53', NULL, 1, 0, 'NeIVKOkiMwI8RmcWUu9RpvDF2K8zA4uuZdEODzOB', 'NONE', 'NONE', 'authorSingle'),
(727, 10, '2024-03-13 13:30:57', '2024-03-13 13:30:57', NULL, 1, 0, 'wwE8a0sQW91KihTLo5QtCCuIzFVTzZHrsZPPAmmh', 'NONE', 'NONE', 'authorSingle'),
(728, 10, '2024-03-13 13:41:51', '2024-03-13 13:41:51', NULL, 1, 0, 'KsLXzEC9LaeXSH7tjXfBcmZQYsCCXgoCkcpQbBG1', 'NONE', 'NONE', 'authorSingle'),
(729, 10, '2024-03-13 13:41:51', '2024-03-13 13:41:51', NULL, 1, 0, 'ZZIno0XI9i1Yk0B6ZAzJHIIwhb3BzklxoDzfdzon', 'NONE', 'NONE', 'authorSingle'),
(730, 10, '2024-03-13 13:41:52', '2024-03-13 13:41:52', NULL, 1, 0, 'dY7BGWLJwkhYr77ZIA4w0q2rWe2qx5xEmGMqzhHA', 'NONE', 'NONE', 'authorSingle'),
(731, 10, '2024-03-13 13:41:52', '2024-03-13 13:41:52', NULL, 1, 0, 'FfGvDXtHfXS8OZgVWSdaWAAUGALiOwftUebk4hAV', 'NONE', 'NONE', 'authorSingle'),
(732, 10, '2024-03-13 13:41:53', '2024-03-13 13:41:53', NULL, 1, 0, 'B3CRKshekCPuoz41SfVOxuNWLxV02aOAAl7iHgyv', 'NONE', 'NONE', 'authorSingle'),
(733, 10, '2024-03-13 13:41:53', '2024-03-13 13:41:53', NULL, 1, 0, 'stPBASZ0x0ddEW695jZQJBFU2cTs9pZKEKqLCeS6', 'NONE', 'NONE', 'authorSingle'),
(734, 1, '2024-03-13 13:43:57', '2024-03-13 13:43:57', NULL, 1, 0, '2cCf2k56JJV0XQqCHYeBvIFCnxIDlfS0pon3lsXW', 'NONE', 'NONE', ''),
(735, 1, '2024-03-13 14:01:49', '2024-03-13 14:01:49', NULL, 1, 0, 'Jjws7D6GzpNlrbBOWkRbE2KnHw9Be0vgE3gpGoLl', 'NONE', 'NONE', ''),
(736, 10, '2024-03-13 14:02:34', '2024-03-13 14:02:34', NULL, 1, 0, 'WecfwO8HpMy1a9qkmmqQXEFkiupUqT22096cX7ka', 'NONE', 'NONE', 'authorSingle'),
(737, 1, '2024-03-13 14:08:46', '2024-03-13 14:08:46', NULL, 1, 0, 'HD5MPIKUCE6EpiYy17iVKIOfQ02DFx4DlbeYcOos', 'NONE', 'NONE', ''),
(738, 1, '2024-03-13 15:19:51', '2024-03-13 15:19:51', NULL, 1, 0, 'oIurt0yDza7sG77XyOuJitq0gwuxmUPYuCrc1JV3', 'NONE', 'NONE', '');
INSERT INTO `counter_by_entity` (`id`, `business_by_counter_id`, `created_at`, `updated_at`, `deleted_at`, `is_guess`, `user_id`, `token`, `manager_click_type`, `manager_click_id`, `action_name`) VALUES
(739, 1, '2024-03-13 15:20:04', '2024-03-13 15:20:04', NULL, 1, 0, 'CaXgmTVBy5X3Q7V0v43FY1AqoqBq0hOJ0iTe79bp', 'NONE', 'NONE', ''),
(740, 1, '2024-03-13 15:20:59', '2024-03-13 15:20:59', NULL, 1, 0, '6g1b8NyXD52YZna3BpPRF6eQ3yWG1n6q2K9F2hWy', 'NONE', 'NONE', ''),
(741, 10, '2024-03-13 16:09:56', '2024-03-13 16:09:56', NULL, 1, 0, 'lAHwHJ25PCuNTmKbmjueGOMkVUwjISbRwFSWZWcz', 'NONE', 'NONE', 'authorSingle'),
(742, 10, '2024-03-13 16:09:57', '2024-03-13 16:09:57', NULL, 1, 0, 'dETAWQROqZQaQnHNAtb0W7AHVEmb2DzCIk7QTSCr', 'NONE', 'NONE', 'authorSingle'),
(743, 10, '2024-03-13 16:10:05', '2024-03-13 16:10:05', NULL, 1, 0, '9OrHgpzGfNJOkAiD0XuA2m53x0Injbj3hWpzevFP', 'NONE', 'NONE', 'authorSingle'),
(744, 10, '2024-03-13 16:10:07', '2024-03-13 16:10:07', NULL, 1, 0, '0vd18cgM02yQZtcPH514XMUpgA6OsBFKbx1lYTf3', 'NONE', 'NONE', 'authorSingle'),
(745, 10, '2024-03-13 16:10:11', '2024-03-13 16:10:11', NULL, 1, 0, 'HBtXSUjGA50R33xLMo3h3a01PtqWmVBcijBCHrgQ', 'NONE', 'NONE', 'authorSingle'),
(746, 10, '2024-03-13 16:10:12', '2024-03-13 16:10:12', NULL, 1, 0, 'na45MBh755pZB7IPAZllk2ydKedz4OvsEItp6vGP', 'NONE', 'NONE', 'authorSingle'),
(747, 10, '2024-03-13 16:11:23', '2024-03-13 16:11:23', NULL, 1, 0, 'fzapNw9CstHPPugFwZAx3Qkf8iFErttURdANg2ol', 'NONE', 'NONE', 'authorSingle'),
(748, 10, '2024-03-13 16:11:25', '2024-03-13 16:11:25', NULL, 1, 0, 'rwoWqknGC4ZNZqBWVQW70mxxav4sSB2aO6Zgl0Ga', 'NONE', 'NONE', 'authorSingle'),
(749, 10, '2024-03-13 16:17:22', '2024-03-13 16:17:22', NULL, 1, 0, 'El5HloyCbUSnkRZkHYWQRjiH1icgRdwk78XuURoV', 'NONE', 'NONE', 'authorSingle'),
(750, 10, '2024-03-13 16:17:23', '2024-03-13 16:17:23', NULL, 1, 0, 'qUriLkOnCWRwKtPrLqZzd0B5B8IVF5sEoD1aqOAE', 'NONE', 'NONE', 'authorSingle'),
(751, 10, '2024-03-13 16:17:25', '2024-03-13 16:17:25', NULL, 1, 0, 'YbsAfUP23rH3dziWPS2a9SJXNcqR3O7eqQDL7sny', 'NONE', 'NONE', 'authorSingle'),
(752, 10, '2024-03-13 16:17:25', '2024-03-13 16:17:25', NULL, 1, 0, 'hr2JGK6C6Tm29FrrPEphWnEIS8xAGn8krggNwlZx', 'NONE', 'NONE', 'authorSingle'),
(753, 10, '2024-03-13 16:17:27', '2024-03-13 16:17:27', NULL, 1, 0, 'G0Xnj1HyrYmgzcqW6FG7xeOLzJcno04wFXsAYJSP', 'NONE', 'NONE', 'authorSingle'),
(754, 10, '2024-03-13 16:17:27', '2024-03-13 16:17:27', NULL, 1, 0, '8dlQIZHxmZQaxibkudHmiFLBpegk0JKVGbFDyqBA', 'NONE', 'NONE', 'authorSingle'),
(755, 10, '2024-03-13 16:17:27', '2024-03-13 16:17:27', NULL, 1, 0, 'T1dgYDTJEnM9wn591hh5UpGzBlx2pHhG7vDvaujn', 'NONE', 'NONE', 'authorSingle'),
(756, 1, '2024-03-13 16:18:12', '2024-03-13 16:18:12', NULL, 1, 0, 'rBinnkAg8KRniRVidTqWkI8iqOBD82aNM0OLKZ2O', 'NONE', 'NONE', ''),
(757, 1, '2024-03-13 16:18:14', '2024-03-13 16:18:14', NULL, 1, 0, 'blOHzYEYXsiZb8Apy6MXYhsBzNos8IlgJ91MU3Po', 'NONE', 'NONE', ''),
(758, 1, '2024-03-13 16:18:16', '2024-03-13 16:18:16', NULL, 1, 0, 'eTtYkbHqg1wSoKKJibUQQHglqwLNGGgbQLzVFPM1', 'NONE', 'NONE', ''),
(759, 10, '2024-03-13 16:21:00', '2024-03-13 16:21:00', NULL, 1, 0, '8A4L1B4CErKyld0ADTLlGfdj9scSQ79uxmyEwkzL', 'NONE', 'NONE', 'authorSingle'),
(760, 10, '2024-03-13 16:21:00', '2024-03-13 16:21:00', NULL, 1, 0, 'YDwg6BBOzDHjlaD0V8jpUEBYqmeBH7TGkjpNQuCX', 'NONE', 'NONE', 'authorSingle'),
(761, 10, '2024-03-13 16:21:03', '2024-03-13 16:21:03', NULL, 1, 0, '8ajocUsyvIAaZgudhv1AqLb9TuUHGM9HmyCrsUjI', 'NONE', 'NONE', 'authorSingle'),
(762, 10, '2024-03-13 16:21:03', '2024-03-13 16:21:03', NULL, 1, 0, 'iVWrWsd0LlIsQIHsa5hmAzDdWrkqRavzqyICGYiu', 'NONE', 'NONE', 'authorSingle'),
(763, 10, '2024-03-13 16:21:45', '2024-03-13 16:21:45', NULL, 1, 0, 'vcaMTHGyiad3oo7ttvoGuliU50AMPmTWsVAEk5om', 'NONE', 'NONE', 'authorSingle'),
(764, 10, '2024-03-13 16:21:45', '2024-03-13 16:21:45', NULL, 1, 0, 'aFFaRitTFDQtpyntyhsbLsa5BnMMmCSlSAluX1qC', 'NONE', 'NONE', 'authorSingle'),
(765, 10, '2024-03-13 16:21:45', '2024-03-13 16:21:45', NULL, 1, 0, 'NvmlkWKjxqLTCFlBDOXMJg8E3Ktpb8dSD7g5y3qU', 'NONE', 'NONE', 'authorSingle'),
(766, 10, '2024-03-13 16:22:29', '2024-03-13 16:22:29', NULL, 1, 0, '3ZymX0iJZ5i4x4u5Mrk6QS0Yqcx2EvprqQcb363J', 'NONE', 'NONE', 'authorSingle'),
(767, 10, '2024-03-13 16:22:30', '2024-03-13 16:22:30', NULL, 1, 0, 'PCVBnjHMaQ3XhV02ucyplELUhoJg8Ut4VhBtN5Vg', 'NONE', 'NONE', 'authorSingle'),
(768, 10, '2024-03-13 16:22:30', '2024-03-13 16:22:30', NULL, 1, 0, 'ERmsoL95gZmaS0CF7Qy7xF1SojxyYCTVLTdInH0M', 'NONE', 'NONE', 'authorSingle'),
(769, 1, '2024-03-13 16:27:45', '2024-03-13 16:27:45', NULL, 1, 0, '6liFwhn8SUGCnqkiEmpd1Ok3vdcsJaITYRNo6sQ1', 'NONE', 'NONE', ''),
(770, 1, '2024-03-13 16:28:02', '2024-03-13 16:28:02', NULL, 0, 2, 'ruT4E0jgmCE6phTbFbjAS4XcBgAHjnzvuLnV9jYf', 'NONE', 'NONE', ''),
(771, 15, '2024-03-13 16:28:48', '2024-03-13 16:28:48', NULL, 0, 3, '4qqoFDcomLHtGXXJTtUpWyRBtrICwd6wuDEMmkwG', 'NONE', 'NONE', 'account'),
(772, 14, '2024-03-13 16:28:52', '2024-03-13 16:28:52', NULL, 0, 3, '4qqoFDcomLHtGXXJTtUpWyRBtrICwd6wuDEMmkwG', 'NONE', 'NONE', 'myProfile'),
(773, 10, '2024-03-13 16:32:00', '2024-03-13 16:32:00', NULL, 1, 0, 'AAWTReO6kYcebVOy8e9aIHPRjtYRZnIm7JF4QAJf', 'NONE', 'NONE', 'authorSingle'),
(774, 10, '2024-03-13 16:32:00', '2024-03-13 16:32:00', NULL, 1, 0, 'lswWRHXfdjfCivpAvcDffkhDg5O3EnrW3Z3ZD3xi', 'NONE', 'NONE', 'authorSingle'),
(775, 10, '2024-03-13 16:32:03', '2024-03-13 16:32:03', NULL, 1, 0, 'eRQGPLyjMFRvhaLpj5rDj9GwbUrTa3V1tJfSFPOi', 'NONE', 'NONE', 'authorSingle'),
(776, 10, '2024-03-13 16:32:03', '2024-03-13 16:32:03', NULL, 1, 0, '8iDyO3TeUi4MAJa9V29O6yV4zRw8CoiIQlFAHacK', 'NONE', 'NONE', 'authorSingle'),
(777, 10, '2024-03-13 16:32:04', '2024-03-13 16:32:04', NULL, 1, 0, 'sI8e9zYUaZOPWpazm5lS4JJE3pxoh32Di5QIRIFz', 'NONE', 'NONE', 'authorSingle'),
(778, 10, '2024-03-13 16:32:13', '2024-03-13 16:32:13', NULL, 1, 0, 'rn7LEFmHJUNR7golneiWs3YwhB22BnuJOfWr0EB3', 'NONE', 'NONE', 'authorSingle'),
(779, 10, '2024-03-13 16:32:13', '2024-03-13 16:32:13', NULL, 1, 0, 'Qv8J9SFN0yiIjSR73e5W8guv7k19ZtyNzwZlvEAo', 'NONE', 'NONE', 'authorSingle'),
(780, 10, '2024-03-13 16:32:15', '2024-03-13 16:32:15', NULL, 1, 0, 'BFsq7ad8hwJIxDKEoJvsGk3BHwlb60TIOeC5xDKa', 'NONE', 'NONE', 'authorSingle'),
(781, 10, '2024-03-13 16:32:16', '2024-03-13 16:32:16', NULL, 1, 0, 'QGJmWGIiCrc9VdQ2txXWqyKjv35fwbQ5onctOL9S', 'NONE', 'NONE', 'authorSingle'),
(782, 10, '2024-03-13 16:33:21', '2024-03-13 16:33:21', NULL, 1, 0, 'fPm0B7QhtDSpJZtL3PKnyuIrbEMn43Hk50yj5ee2', 'NONE', 'NONE', 'authorSingle'),
(783, 10, '2024-03-13 16:33:23', '2024-03-13 16:33:23', NULL, 1, 0, 'cCQidSfcHDxt0BhnVXnEgdZqUZUQPPD6NQ9Q926g', 'NONE', 'NONE', 'authorSingle'),
(784, 10, '2024-03-13 16:39:02', '2024-03-13 16:39:02', NULL, 1, 0, '1NTG4nX2A4ItM11zzsPxltrwVAWEVuCp0HM6XCFb', 'NONE', 'NONE', 'authorSingle'),
(785, 10, '2024-03-13 16:39:04', '2024-03-13 16:39:04', NULL, 1, 0, 'qpvqwA96dtQeZHHbjUVUQ6WL5fwa0V7JLrWlUgdv', 'NONE', 'NONE', 'authorSingle'),
(786, 10, '2024-03-13 16:39:09', '2024-03-13 16:39:09', NULL, 1, 0, '1Hhp8igmL7c2xrfbc4CXpZ0YYj6OgMutPMqACu20', 'NONE', 'NONE', 'authorSingle'),
(787, 10, '2024-03-13 16:39:09', '2024-03-13 16:39:09', NULL, 1, 0, 'lXusIFf9pSJcuuklBeFSyGjSD6diuRy63tgihOs4', 'NONE', 'NONE', 'authorSingle'),
(788, 10, '2024-03-13 16:39:11', '2024-03-13 16:39:11', NULL, 1, 0, 'LwajWeI0Vx9YKW3GwZMXcdopAoGqJ5xAccp1Dx4u', 'NONE', 'NONE', 'authorSingle'),
(789, 10, '2024-03-13 16:39:11', '2024-03-13 16:39:11', NULL, 1, 0, 'jzEQRcvUSqOlbUxxeQnGzuKa4XQVKIk0vvpuZpSO', 'NONE', 'NONE', 'authorSingle'),
(790, 10, '2024-03-13 16:39:11', '2024-03-13 16:39:11', NULL, 1, 0, 'BlvAdadZb6qRbwePxTLzXoSwj8Y1hNFxio3QiKnf', 'NONE', 'NONE', 'authorSingle'),
(791, 10, '2024-03-13 16:39:29', '2024-03-13 16:39:29', NULL, 1, 0, 'gECAMteSu5l4VQy7qcKhO1ReBgTEUfjZRPm1WXuW', 'NONE', 'NONE', 'authorSingle'),
(792, 10, '2024-03-13 16:39:29', '2024-03-13 16:39:29', NULL, 1, 0, 'dBsCRQBgpmLxmr9763bU09mzcmUZxlMnIrSYpK26', 'NONE', 'NONE', 'authorSingle'),
(793, 10, '2024-03-13 16:39:31', '2024-03-13 16:39:31', NULL, 1, 0, '0SaXlQORElXrauGXIXKpq7izjRcROAKI2gJQPmHW', 'NONE', 'NONE', 'authorSingle'),
(794, 10, '2024-03-13 16:39:31', '2024-03-13 16:39:31', NULL, 1, 0, 'vsNWxkIhxMn4wUOw6oQwUsjRwjYHju9ZXZ0vLtQt', 'NONE', 'NONE', 'authorSingle'),
(795, 10, '2024-03-13 16:39:31', '2024-03-13 16:39:31', NULL, 1, 0, 'xrWKcp4LqJFZadXApjpJbD4Euy2inki6y9ebpJFj', 'NONE', 'NONE', 'authorSingle'),
(796, 10, '2024-03-13 16:39:36', '2024-03-13 16:39:36', NULL, 1, 0, 'DowhVNnOZHIt6xyl0gec5HoxlluuREDLknnFdDYp', 'NONE', 'NONE', 'authorSingle'),
(797, 10, '2024-03-13 16:39:37', '2024-03-13 16:39:37', NULL, 1, 0, 'PSUNfd63fjhUfb4k5cIb2lunPet5Lit99DfnUE6B', 'NONE', 'NONE', 'authorSingle'),
(798, 10, '2024-03-13 16:39:38', '2024-03-13 16:39:38', NULL, 1, 0, 'HVboYe4SlBqcfkVVmJa4cqGFRBBG0LKrAn7zBNLS', 'NONE', 'NONE', 'authorSingle'),
(799, 10, '2024-03-13 16:39:38', '2024-03-13 16:39:38', NULL, 1, 0, 'cYVTH7Lv60i0Asscnh1xyiC2gaEzzzwHoIUxjrmQ', 'NONE', 'NONE', 'authorSingle'),
(800, 10, '2024-03-13 16:40:28', '2024-03-13 16:40:28', NULL, 1, 0, 'ITk6yYWuq6zMPFounubOstKsntSV46KUOIQ3Pkv7', 'NONE', 'NONE', 'authorSingle'),
(801, 10, '2024-03-13 16:40:28', '2024-03-13 16:40:28', NULL, 1, 0, 'smnwU0vbB206vjnN7iEgZyyNgxoOb7h8DkrCcdJs', 'NONE', 'NONE', 'authorSingle'),
(802, 10, '2024-03-13 16:41:29', '2024-03-13 16:41:29', NULL, 1, 0, '7rb4gkArnm9MgQFk0p8MrSYccb83B0rmHxT2PXeM', 'NONE', 'NONE', 'authorSingle'),
(803, 10, '2024-03-13 16:41:30', '2024-03-13 16:41:30', NULL, 1, 0, '0EaJ3s2SnVrglRW0oy5ofm7xK1wQge3MQGNp3SKs', 'NONE', 'NONE', 'authorSingle'),
(804, 10, '2024-03-13 16:41:32', '2024-03-13 16:41:32', NULL, 1, 0, 'KNDYesscuYsVeX2niDYFf8lktAcEuwaaGhc1Cr7x', 'NONE', 'NONE', 'authorSingle'),
(805, 10, '2024-03-13 16:41:32', '2024-03-13 16:41:32', NULL, 1, 0, 'geDWnlzEG574crbMiwy7Fl4TXcG3x8SFhU9lLk7M', 'NONE', 'NONE', 'authorSingle'),
(806, 10, '2024-03-13 16:42:38', '2024-03-13 16:42:38', NULL, 1, 0, 'DuS1W2VogqSldcxHwA9sZYs6atU4oox0d8DGjymT', 'NONE', 'NONE', 'authorSingle'),
(807, 10, '2024-03-13 16:42:40', '2024-03-13 16:42:40', NULL, 1, 0, 'NBns1ZaDeBksKRC3Z8joEDblI6SAqP8jWaZ8jWrH', 'NONE', 'NONE', 'authorSingle'),
(808, 1, '2024-03-13 16:42:50', '2024-03-13 16:42:50', NULL, 1, 0, 'gmfxuqhgoTbqduv9iL379LCbkQiTMgUeEc5tlNLm', 'NONE', 'NONE', ''),
(809, 10, '2024-03-13 16:42:50', '2024-03-13 16:42:50', NULL, 1, 0, 'BhbP1VGMjKrARLtCMtvbCmr0LnoDiO9fjqJTmUVe', 'NONE', 'NONE', 'authorSingle'),
(810, 10, '2024-03-13 16:42:51', '2024-03-13 16:42:51', NULL, 1, 0, '2Hvpe6L8J3sjP1Uo5v6OiOOuyl14LbCj6vx0XCMh', 'NONE', 'NONE', 'authorSingle'),
(811, 1, '2024-03-13 16:42:51', '2024-03-13 16:42:51', NULL, 1, 0, '8fCekXHDethRTbLmiuvXuxkaPRk0zpPxHNySFH42', 'NONE', 'NONE', ''),
(812, 10, '2024-03-13 16:42:52', '2024-03-13 16:42:52', NULL, 1, 0, 'KfRHa0XFwG2Gii5fGQye74fwWfuLFtNAwuYlGkjN', 'NONE', 'NONE', 'authorSingle'),
(813, 10, '2024-03-13 16:42:52', '2024-03-13 16:42:52', NULL, 1, 0, 'Bo2MFL46M9sicX50K5uE6Ql1AeGbGuA0KGdtM3v2', 'NONE', 'NONE', 'authorSingle'),
(814, 10, '2024-03-13 16:43:02', '2024-03-13 16:43:02', NULL, 1, 0, 'mbi90xM0FsCiGouZKdlm9HsULb2mmKty8cI8K4eJ', 'NONE', 'NONE', 'authorSingle'),
(815, 10, '2024-03-13 16:43:02', '2024-03-13 16:43:02', NULL, 1, 0, 'TMm7ub6pHJPdZdeoWWLf0aqdsv02psW8EUiR51s1', 'NONE', 'NONE', 'authorSingle'),
(816, 10, '2024-03-13 16:43:04', '2024-03-13 16:43:04', NULL, 1, 0, '4JgQXiI2ziGNL6jnYqQ5ZBWyrM79skkpxZfRJJsR', 'NONE', 'NONE', 'authorSingle'),
(817, 10, '2024-03-13 16:43:04', '2024-03-13 16:43:04', NULL, 1, 0, 'bOLvyg0Cp6c169Sd2DvOBv4TA3AaDMQOdDlAbDWu', 'NONE', 'NONE', 'authorSingle'),
(818, 10, '2024-03-13 17:00:51', '2024-03-13 17:00:51', NULL, 1, 0, 'P6G5eSDhpLkN4wjPeOlt4vLCWdpGqGcG2FFkBwhZ', 'NONE', 'NONE', 'authorSingle'),
(819, 10, '2024-03-13 17:00:51', '2024-03-13 17:00:51', NULL, 1, 0, '9G5BU1G18U4PB22bEFv7m4cyZw3wL74MCdeoKog1', 'NONE', 'NONE', 'authorSingle'),
(820, 10, '2024-03-13 17:00:55', '2024-03-13 17:00:55', NULL, 1, 0, 'NWChUT6pI9PLqDorNbKHKF6vFpV8gSeqLdhfWwVX', 'NONE', 'NONE', 'authorSingle'),
(821, 10, '2024-03-13 17:00:55', '2024-03-13 17:00:55', NULL, 1, 0, 'MyWaluuUUDy8aWzZMPeza2lFo30kpS9R0KN8fS37', 'NONE', 'NONE', 'authorSingle'),
(822, 8, '2024-03-13 17:02:50', '2024-03-13 17:02:50', NULL, 1, 0, 'V2zQWQu1fIpansS54BG97X94IYxfF0qkGbkY3d1k', 'NONE', 'NONE', 'businessDetails'),
(823, 8, '2024-03-13 17:02:59', '2024-03-13 17:02:59', NULL, 1, 0, 'iEobLR4f3sswvHMc5PM5ymzYGfOG7cxl6ykIIV1n', 'NONE', 'NONE', 'businessDetails'),
(824, 8, '2024-03-13 17:03:02', '2024-03-13 17:03:02', NULL, 1, 0, 'sQpHDmO8jMs7vnzyMJmPnz8ai2dPHtlpyjBv4lvt', 'NONE', 'NONE', 'businessDetails'),
(825, 8, '2024-03-13 17:03:04', '2024-03-13 17:03:04', NULL, 1, 0, 'jlvzCGr1TKxas6HxhFOMMsxIwzTpvLHstmck9IyB', 'NONE', 'NONE', 'businessDetails'),
(826, 8, '2024-03-13 17:03:06', '2024-03-13 17:03:06', NULL, 1, 0, 'UcELapqsYTWr2n7r0WKb7AQlsORQy7knM89OrQ33', 'NONE', 'NONE', 'businessDetails'),
(827, 1, '2024-03-13 17:03:20', '2024-03-13 17:03:20', NULL, 1, 0, 'alxyL3A43x2aI3dRtX2SOrNlsqv5abih9VhpCLtj', 'NONE', 'NONE', ''),
(828, 1, '2024-03-13 17:03:22', '2024-03-13 17:03:22', NULL, 1, 0, 'bVv8Q80IwtDvqicFtWPntc6BrwnAskhUf1QnUksS', 'NONE', 'NONE', ''),
(829, 1, '2024-03-13 17:03:26', '2024-03-13 17:03:26', NULL, 1, 0, 'EH2ykMzzj4qH00OniIq3zfnJ2dK1RcW1hcXOCFtl', 'NONE', 'NONE', ''),
(830, 1, '2024-03-13 17:03:27', '2024-03-13 17:03:27', NULL, 1, 0, 'pZ6fHaURaxjzlkq8yWR8LJ4XEm1LXSDSjK8b9gx6', 'NONE', 'NONE', ''),
(831, 1, '2024-03-13 17:03:28', '2024-03-13 17:03:28', NULL, 1, 0, 'g2yKizzUkrGXhX0PnePZ4R2Hum72c7NYHaXwB4UV', 'NONE', 'NONE', ''),
(832, 8, '2024-03-13 17:03:35', '2024-03-13 17:03:35', NULL, 1, 0, 'bmen7BFZ9LxnkTwq9Xc0IEEzB7ydVeMPFDtZr5cp', 'NONE', 'NONE', 'businessDetails'),
(833, 1, '2024-03-13 17:03:39', '2024-03-13 17:03:39', NULL, 1, 0, '4CZrogZCubbOR45Gk72Qy6bak954E8midb8ttwwi', 'NONE', 'NONE', ''),
(834, 10, '2024-03-13 17:04:10', '2024-03-13 17:04:10', NULL, 1, 0, 'I7gaRQ2djCgcboMsuEipNzXv2vWUasna641TLUyW', 'NONE', 'NONE', 'authorSingle'),
(835, 10, '2024-03-13 17:04:13', '2024-03-13 17:04:13', NULL, 1, 0, 'WdO4zLdarA3K1CKniF28R3OGDVSE16kR4ybyOW86', 'NONE', 'NONE', 'authorSingle'),
(836, 10, '2024-03-13 17:04:15', '2024-03-13 17:04:15', NULL, 1, 0, 'AAHONE0h7atQCt2MiZIcT3OI8SIwR1ghHhY2FK8y', 'NONE', 'NONE', 'authorSingle'),
(837, 10, '2024-03-13 17:04:16', '2024-03-13 17:04:16', NULL, 1, 0, '8zVzNwvrMGEHa1JcCCuuyvl2OpiKPHNFe392cYvF', 'NONE', 'NONE', 'authorSingle'),
(838, 10, '2024-03-13 17:04:17', '2024-03-13 17:04:17', NULL, 1, 0, 'z2YxhE5179jpOLZUcQ8S3aIkg4wLNPZH9pMq8cFt', 'NONE', 'NONE', 'authorSingle'),
(839, 10, '2024-03-13 17:04:17', '2024-03-13 17:04:17', NULL, 1, 0, 'nBDyDT6GvRyqdUDxJYG4M7JxWhT6ucieeIb6yM9f', 'NONE', 'NONE', 'authorSingle'),
(840, 10, '2024-03-13 17:06:05', '2024-03-13 17:06:05', NULL, 1, 0, 'IcOlLh27yJ4MIhj9CTP5LwJ4mNPtRi786HC2kzSx', 'NONE', 'NONE', 'authorSingle'),
(841, 10, '2024-03-13 17:06:07', '2024-03-13 17:06:07', NULL, 1, 0, 'T63tkPGeyubPqU3AEanhb7zEaHmpEW8w4gzgp2pF', 'NONE', 'NONE', 'authorSingle'),
(842, 10, '2024-03-13 17:06:24', '2024-03-13 17:06:24', NULL, 1, 0, '8bfwBz2AyuLmIEnQDnrXd6U8tfsaiVD2ExosAYvy', 'NONE', 'NONE', 'authorSingle'),
(843, 10, '2024-03-13 17:06:26', '2024-03-13 17:06:26', NULL, 1, 0, 'WRpGDzfTW8IknWIimzpNx8IGrDVBDxLxG6cG6HRJ', 'NONE', 'NONE', 'authorSingle'),
(844, 10, '2024-03-13 17:07:04', '2024-03-13 17:07:04', NULL, 1, 0, 'Gy3jct6UBtkRMRwNlIc8Cl9ll10yFqrhFBc7CWWP', 'NONE', 'NONE', 'authorSingle'),
(845, 10, '2024-03-13 17:07:06', '2024-03-13 17:07:06', NULL, 1, 0, 'LGNUqT3mCNMRCWO8SWM7MTZntyxSU9FmofxwjF6m', 'NONE', 'NONE', 'authorSingle'),
(846, 10, '2024-03-13 17:07:24', '2024-03-13 17:07:24', NULL, 1, 0, 'pQo1YLx2Dvg9oG875qeXGLmO8lnk0YdlcE1nn717', 'NONE', 'NONE', 'authorSingle'),
(847, 10, '2024-03-13 17:07:26', '2024-03-13 17:07:26', NULL, 1, 0, 'NaYeyvBfZuuuZwzzgJWECKvfHXcjV1KVjFHKrsCa', 'NONE', 'NONE', 'authorSingle'),
(848, 10, '2024-03-13 17:07:42', '2024-03-13 17:07:42', NULL, 1, 0, 'ZfT5IFerZEdH2b6qm37I0duixqMGCXhlhhzf9aNO', 'NONE', 'NONE', 'authorSingle'),
(849, 10, '2024-03-13 17:08:43', '2024-03-13 17:08:43', NULL, 1, 0, '1qpJE0fmOiKbAAP0S1foCZX6QF73F6FW1Pcj8AA1', 'NONE', 'NONE', 'authorSingle'),
(850, 10, '2024-03-13 17:08:45', '2024-03-13 17:08:45', NULL, 1, 0, 'yUDCFDgDvgsDw8q3UINoMwOSqFnZH1LPFPOgESXb', 'NONE', 'NONE', 'authorSingle'),
(851, 10, '2024-03-13 17:09:20', '2024-03-13 17:09:20', NULL, 1, 0, 'BhKCQexOkztl0n2xROHEZHzI10Ru7HnR3bYuX8IE', 'NONE', 'NONE', 'authorSingle'),
(852, 10, '2024-03-13 17:12:35', '2024-03-13 17:12:35', NULL, 1, 0, 'XpH2eFcnfXq6Qucx2dCrgs8Fch9qasyEZCw9Sj8x', 'NONE', 'NONE', 'authorSingle'),
(853, 10, '2024-03-13 17:12:35', '2024-03-13 17:12:35', NULL, 1, 0, '65OpuoyKmazNNLHxuNlWyWamIWZzI3WFkWUG6zl2', 'NONE', 'NONE', 'authorSingle'),
(854, 10, '2024-03-13 17:12:36', '2024-03-13 17:12:36', NULL, 1, 0, 'XlkRaBPKsW7SVozoyT6tyjMzgGUa1tSrEQCrJ4gJ', 'NONE', 'NONE', 'authorSingle'),
(855, 10, '2024-03-13 17:12:36', '2024-03-13 17:12:36', NULL, 1, 0, 'OlJvegtME9GgsJ5z6qpao4fQD4ezaRD0bm8lpSS5', 'NONE', 'NONE', 'authorSingle'),
(856, 10, '2024-03-13 17:12:36', '2024-03-13 17:12:36', NULL, 1, 0, '3YI4KsDVv7ppOhfmP32gIMzoZF2s2hA4yXpjJr5u', 'NONE', 'NONE', 'authorSingle'),
(857, 10, '2024-03-13 17:12:36', '2024-03-13 17:12:36', NULL, 1, 0, 'OwhqzfWW3BoBky7ISR8X22dlG5yxPSayh0eCjcdH', 'NONE', 'NONE', 'authorSingle'),
(858, 10, '2024-03-13 17:12:50', '2024-03-13 17:12:50', NULL, 1, 0, 'kR9VZqAWBXN5rTuFtIVMIgObEJYmcMpksPiqt9x0', 'NONE', 'NONE', 'authorSingle'),
(859, 10, '2024-03-13 17:13:10', '2024-03-13 17:13:10', NULL, 1, 0, '2UJSVVT3sUYCSyQDzj62c2YoYoTBr6Ys5UR6vO5Q', 'NONE', 'NONE', 'authorSingle'),
(860, 10, '2024-03-13 17:13:11', '2024-03-13 17:13:11', NULL, 1, 0, 'LigAJEE9KNU8j86cNn1xF7KQiB6dRckWxPstIR6n', 'NONE', 'NONE', 'authorSingle'),
(861, 10, '2024-03-13 17:13:13', '2024-03-13 17:13:13', NULL, 1, 0, 'PLzrkQA74xPSMLQUkxQT65h96QyOrfQA7lllvr2C', 'NONE', 'NONE', 'authorSingle'),
(862, 10, '2024-03-13 17:13:14', '2024-03-13 17:13:14', NULL, 1, 0, 'GkvfO9GWai2S3obtdAirtiDoEv0Em2OWDc03OCkM', 'NONE', 'NONE', 'authorSingle'),
(863, 10, '2024-03-13 17:13:19', '2024-03-13 17:13:19', NULL, 1, 0, '3b4SbBmzQaiBIdqSQlgC8sxZ4TW3mPF1zGjmO53P', 'NONE', 'NONE', 'authorSingle'),
(864, 10, '2024-03-13 17:13:20', '2024-03-13 17:13:20', NULL, 1, 0, 'cGE68wfi9QN3WNsc0aQKHW3NpKw9v2mApTuBBHOX', 'NONE', 'NONE', 'authorSingle'),
(865, 10, '2024-03-13 17:13:21', '2024-03-13 17:13:21', NULL, 1, 0, '1xwIXRx7DOxHl825OvQe6LrWkm9NQ0JmGmvAuABX', 'NONE', 'NONE', 'authorSingle'),
(866, 10, '2024-03-13 17:13:22', '2024-03-13 17:13:22', NULL, 1, 0, 'sp9QWcmd4qTpv1E8c0nChf7fmj4cmtkwsv3IFSdu', 'NONE', 'NONE', 'authorSingle'),
(867, 10, '2024-03-13 17:13:27', '2024-03-13 17:13:27', NULL, 1, 0, 'dDn9ztZq94FZVk3KdhLk1G60kALXTb1dyFmTUwr0', 'NONE', 'NONE', 'authorSingle'),
(868, 10, '2024-03-13 17:13:28', '2024-03-13 17:13:28', NULL, 1, 0, 'yvUonVkEEPntch28LvcBtQugi66WEtn3PR8AAEfY', 'NONE', 'NONE', 'authorSingle'),
(869, 10, '2024-03-13 17:13:48', '2024-03-13 17:13:48', NULL, 1, 0, 'KH3qob2PC6uabUfn3PmTA1LbCfijVkWzJor3kYlC', 'NONE', 'NONE', 'authorSingle'),
(870, 10, '2024-03-13 17:13:49', '2024-03-13 17:13:49', NULL, 1, 0, 'qXXOhFXEQJCzBFtDRmp6htaxrBTSWY6ceoit5Rkb', 'NONE', 'NONE', 'authorSingle'),
(871, 10, '2024-03-13 17:14:02', '2024-03-13 17:14:02', NULL, 1, 0, 'R0WcQLNPpxq8Y9SWf4qWWNIVegnM9gXmqrShrsHj', 'NONE', 'NONE', 'authorSingle'),
(872, 10, '2024-03-13 17:14:03', '2024-03-13 17:14:03', NULL, 1, 0, 'waQ0tAY2JNidAYPMRziEnkJoMN1vaBcN6ZqnPOv4', 'NONE', 'NONE', 'authorSingle'),
(873, 10, '2024-03-13 17:14:03', '2024-03-13 17:14:03', NULL, 1, 0, 'kaTcWYRjaLAaO3UdMfKKstWQsBlnqjgkbdqmCsKt', 'NONE', 'NONE', 'authorSingle'),
(874, 10, '2024-03-13 17:14:03', '2024-03-13 17:14:03', NULL, 1, 0, 'JHjt5Del7QgZsusArcEuOLRO78bT800lk7G3Z8m6', 'NONE', 'NONE', 'authorSingle'),
(875, 10, '2024-03-13 17:14:04', '2024-03-13 17:14:04', NULL, 1, 0, 'DCWHkrMsuXmSQ66qgANVUFpIPJajGjzNSzESJ5gT', 'NONE', 'NONE', 'authorSingle'),
(876, 1, '2024-03-13 17:46:57', '2024-03-13 17:46:57', NULL, 1, 0, 'uQ8FvNr7yIDHwIVAMK8HOr8AN9XAtTM9bzm0Em3D', 'NONE', 'NONE', ''),
(877, 10, '2024-03-13 19:07:12', '2024-03-13 19:07:12', NULL, 1, 0, 'NDnZFGa0AJuKbbWzkE13xVIbaSYACaYEmKUs5rAV', 'NONE', 'NONE', 'authorSingle'),
(878, 10, '2024-03-13 19:41:38', '2024-03-13 19:41:38', NULL, 1, 0, 'VH7CAsMRHUCTkUAe2gTjAPa0uSnJYIAA7M2CMu47', 'NONE', 'NONE', 'authorSingle'),
(879, 10, '2024-03-13 19:41:54', '2024-03-13 19:41:54', NULL, 1, 0, 'tTf9lfrolh9SLgpvlQ3crd1EzKFZmWh2XUkIO61k', 'NONE', 'NONE', 'authorSingle'),
(880, 10, '2024-03-13 19:41:56', '2024-03-13 19:41:56', NULL, 1, 0, 'mm43BOxZacuwixEbEjB13aBY0Vopz9TB0ymdIrlJ', 'NONE', 'NONE', 'authorSingle'),
(881, 10, '2024-03-13 19:42:06', '2024-03-13 19:42:06', NULL, 1, 0, '7iRc8p04ZPJkOy4DKEoyaixcyefPPKfP5QG6IRS2', 'NONE', 'NONE', 'authorSingle'),
(882, 10, '2024-03-13 19:42:16', '2024-03-13 19:42:16', NULL, 1, 0, 'fWy3bwWp3jfO16mqufBJzvxiqDBZ2G67SmBftXbs', 'NONE', 'NONE', 'authorSingle'),
(883, 10, '2024-03-13 19:42:35', '2024-03-13 19:42:35', NULL, 1, 0, 'oQgUXF4Z6pP9BtQ2gOVfFcJgi20jz2RH6yIKEay5', 'NONE', 'NONE', 'authorSingle'),
(884, 10, '2024-03-13 20:01:40', '2024-03-13 20:01:40', NULL, 1, 0, 'YOJYnm4KryMyKsoWV2HbPJEgqQQbFXV2PBAs8wtU', 'NONE', 'NONE', 'authorSingle'),
(885, 1, '2024-03-13 20:04:06', '2024-03-13 20:04:06', NULL, 1, 0, 'YOJYnm4KryMyKsoWV2HbPJEgqQQbFXV2PBAs8wtU', 'NONE', 'NONE', ''),
(886, 9, '2024-03-13 20:05:43', '2024-03-13 20:05:43', NULL, 1, 0, 'YOJYnm4KryMyKsoWV2HbPJEgqQQbFXV2PBAs8wtU', 'NONE', 'NONE', 'contactUsBee'),
(887, 7, '2024-03-13 20:08:20', '2024-03-13 20:08:20', NULL, 1, 0, 'YOJYnm4KryMyKsoWV2HbPJEgqQQbFXV2PBAs8wtU', 'NONE', 'NONE', 'aboutUsBee'),
(888, 2, '2024-03-13 20:08:30', '2024-03-13 20:08:30', NULL, 1, 0, 'YOJYnm4KryMyKsoWV2HbPJEgqQQbFXV2PBAs8wtU', 'NONE', 'NONE', 'activities'),
(889, 5, '2024-03-13 20:08:37', '2024-03-13 20:08:37', NULL, 1, 0, 'YOJYnm4KryMyKsoWV2HbPJEgqQQbFXV2PBAs8wtU', 'NONE', 'NONE', 'howItWorks'),
(890, 1, '2024-03-13 20:13:30', '2024-03-13 20:13:30', NULL, 1, 0, 'ftxyK53JjhS5t95c2XRtrHK2GsY2yL5vOJQRUH5P', 'NONE', 'NONE', ''),
(891, 1, '2024-03-13 21:00:35', '2024-03-13 21:00:35', NULL, 1, 0, 't6kOByjYk80xO3w2oZtf7pLoKXKw7zflno2fzcRE', 'NONE', 'NONE', ''),
(892, 1, '2024-03-13 21:21:01', '2024-03-13 21:21:01', NULL, 1, 0, 'z1IoIJcewjUX1rdiIoyThvTMmCZktDQfeg85BSkD', 'NONE', 'NONE', ''),
(893, 1, '2024-03-13 21:26:14', '2024-03-13 21:26:14', NULL, 1, 0, 'Besb3rxurWLLkRjXbbiRe8STRqQiBga6TcqLNKNT', 'NONE', 'NONE', ''),
(894, 1, '2024-03-13 21:27:44', '2024-03-13 21:27:44', NULL, 1, 0, 'w3z9aC0I3dYXC9MkjbiDoApxCKzosvFsHTqPrdIU', 'NONE', 'NONE', ''),
(895, 1, '2024-03-13 21:40:42', '2024-03-13 21:40:42', NULL, 1, 0, '595m06cpObdT2xrYzqbGvv2OWE23LHk2wCVkdJao', 'NONE', 'NONE', ''),
(896, 1, '2024-03-13 22:10:40', '2024-03-13 22:10:40', NULL, 1, 0, 'oofDNekCWYnN5Cu8o1KupbjWmtIj5LnJUjpZWeZ5', 'NONE', 'NONE', ''),
(897, 1, '2024-03-14 01:16:20', '2024-03-14 01:16:20', NULL, 1, 0, 'VlEzrDmDXeKWxUfWodNc5y57EIIUDKPMm2MkgwSc', 'NONE', 'NONE', ''),
(898, 10, '2024-03-14 05:51:08', '2024-03-14 05:51:08', NULL, 1, 0, '9KuaFaFunamG2w5kXwo3pG8EaF4O1glgb0RrtMsQ', 'NONE', 'NONE', 'authorSingle'),
(899, 10, '2024-03-14 05:51:37', '2024-03-14 05:51:37', NULL, 1, 0, 'AQzxZtmgDMnmeBifjepWJLL9RIKElAchHMB36Y4R', 'NONE', 'NONE', 'authorSingle'),
(900, 10, '2024-03-14 05:51:39', '2024-03-14 05:51:39', NULL, 1, 0, 'Lf2dGqW14Noh6ctXMNR4gCPa0N2RGwAAcaGb82bM', 'NONE', 'NONE', 'authorSingle'),
(901, 10, '2024-03-14 05:51:47', '2024-03-14 05:51:47', NULL, 1, 0, 'h4PVeZTHdG75QYLU3yGEa9ZbjMQeQaeFtsJOaWql', 'NONE', 'NONE', 'authorSingle'),
(902, 1, '2024-03-14 06:04:23', '2024-03-14 06:04:23', NULL, 1, 0, 'w05q9svtHU4ZCm9zFcjRB10vO8OMpzZOSUP0W1Bx', 'NONE', 'NONE', ''),
(903, 1, '2024-03-14 06:56:25', '2024-03-14 06:56:25', NULL, 1, 0, 'bR9J81U7XxqbC2GhBqaqWMBdNJLjuv3nkSbqpJNC', 'NONE', 'NONE', ''),
(904, 5, '2024-03-14 08:03:35', '2024-03-14 08:03:35', NULL, 1, 0, 'IsOl0vizahIETIh8l07RsXUHpfMAWWW1vhAHer8X', 'NONE', 'NONE', 'howItWorks'),
(905, 1, '2024-03-14 08:30:09', '2024-03-14 08:30:09', NULL, 1, 0, 'e9t5vd2Aq1rJUVHBhhuHOMGWZj3oLfxzoSd6pUDP', 'NONE', 'NONE', ''),
(906, 1, '2024-03-14 10:13:10', '2024-03-14 10:13:10', NULL, 1, 0, 'Ks5kroFXOtynn7S6aOCQNFb2GMehE5ZnfqHVQyYk', 'NONE', 'NONE', ''),
(907, 1, '2024-03-14 12:23:02', '2024-03-14 12:23:02', NULL, 1, 0, 'tJM4Lw1IP2HDlHQ3tVK4YW2CMru0FaurHAzH6sUs', 'NONE', 'NONE', ''),
(908, 1, '2024-03-14 12:23:14', '2024-03-14 12:23:14', NULL, 1, 0, 'tVsRYZyshdRcPdKVfp5hIl0llyIHuNOLdHpUAf8W', 'NONE', 'NONE', ''),
(909, 1, '2024-03-14 14:02:31', '2024-03-14 14:02:31', NULL, 1, 0, 'NJWzqJ5PSe0Q4HMvgCKTlssGShVNa8oAtwyTsUTZ', 'NONE', 'NONE', ''),
(910, 1, '2024-03-14 14:10:33', '2024-03-14 14:10:33', NULL, 1, 0, 'XBiWtn4Tmn8wZIkeCRHl5BlQoIsXZUUjelxoJWdv', 'NONE', 'NONE', ''),
(911, 1, '2024-03-14 15:17:30', '2024-03-14 15:17:30', NULL, 1, 0, 'aaSiuEzvnH1P56kebYUi1yrTKTZ259Qrv3bVuojh', 'NONE', 'NONE', ''),
(912, 1, '2024-03-14 15:29:15', '2024-03-14 15:29:15', NULL, 1, 0, 'j9AxPyVKkWfyykxcTLd58vxIyj51XqIgyjrnGWyW', 'NONE', 'NONE', ''),
(913, 1, '2024-03-14 15:45:33', '2024-03-14 15:45:33', NULL, 1, 0, 'nMI2OE2fqml39Se9lNIPoLduyiMDcviokkvhGLTr', 'NONE', 'NONE', ''),
(914, 1, '2024-03-14 16:34:43', '2024-03-14 16:34:43', NULL, 1, 0, '5nTAj3TGqgR7s4sFEMCmMx9RwbBoYT9a8bABWpfN', 'NONE', 'NONE', ''),
(915, 10, '2024-03-14 16:42:16', '2024-03-14 16:42:16', NULL, 1, 0, '3MjCtFTV0sFgLLooKX2avkRIDVWpWYOeXQqrNq6Q', 'NONE', 'NONE', 'authorSingle'),
(916, 1, '2024-03-14 17:49:15', '2024-03-14 17:49:15', NULL, 1, 0, 'hHLRJfy9Bzk03PYXCkAUnKWQRASHIcaWoiYWSmbu', 'NONE', 'NONE', ''),
(917, 1, '2024-03-14 18:46:36', '2024-03-14 18:46:36', NULL, 1, 0, '97oKorGamCJM5VtevN3u8iHki5jfNpTKjF7uAjoW', 'NONE', 'NONE', ''),
(918, 1, '2024-03-14 18:53:18', '2024-03-14 18:53:18', NULL, 1, 0, '8IfmV8u5BKfKJutEdxWkqwtn1drrv2LQ4y2KhAwn', 'NONE', 'NONE', ''),
(919, 1, '2024-03-14 19:55:56', '2024-03-14 19:55:56', NULL, 1, 0, 'GEiY29q963A55FWH85BbihMMxFbmlLDirqjINuOf', 'NONE', 'NONE', ''),
(920, 10, '2024-03-14 20:04:27', '2024-03-14 20:04:27', NULL, 1, 0, 'y47fl1q33XpgrkWaYKKz9H8hLv6Mn3t0E4K4rzo8', 'NONE', 'NONE', 'authorSingle'),
(921, 10, '2024-03-14 20:35:33', '2024-03-14 20:35:33', NULL, 1, 0, 'vzrexpPem2AYVWiL3smXJPI2TNDMjc2typM67iWG', 'NONE', 'NONE', 'authorSingle'),
(922, 10, '2024-03-14 20:35:41', '2024-03-14 20:35:41', NULL, 1, 0, 'iBUPzmJwwQzA0JLC0aEMlviJuMqf2kUgkhqXt3Zo', 'NONE', 'NONE', 'authorSingle'),
(923, 1, '2024-03-14 21:26:15', '2024-03-14 21:26:15', NULL, 1, 0, 'RjjQeNgKZo03yl8o9PPm3bhLhuyKr36eXtQUxXsz', 'NONE', 'NONE', ''),
(924, 1, '2024-03-15 01:02:09', '2024-03-15 01:02:09', NULL, 1, 0, 'Mxhn8xdJTWCXx6Tl9oI4cCWABaVjXWvhSsJKA72M', 'NONE', 'NONE', ''),
(925, 1, '2024-03-15 05:08:38', '2024-03-15 05:08:38', NULL, 1, 0, 'fpFv90XmS5DcYBtqy0aOepK8fNd2otS0TB8xs4fq', 'NONE', 'NONE', ''),
(926, 10, '2024-03-15 06:50:02', '2024-03-15 06:50:02', NULL, 1, 0, 'HzDzEuOtOAYbOAUvXPg4NkpmAMRqfgMBpYgqqx0F', 'NONE', 'NONE', 'authorSingle'),
(927, 1, '2024-03-15 06:57:44', '2024-03-15 06:57:44', NULL, 1, 0, 'aI5ULJ03fmgWPP5X4NK2dbKjhJvGBizcSrCnCtHi', 'NONE', 'NONE', '');

--
-- Dumping data for table `counter_by_log_user_to_business`
--

INSERT INTO `counter_by_log_user_to_business` (`id`, `created_at`, `updated_at`, `deleted_at`, `business_id`, `user_id`, `is_guess`, `manager_click_type`, `manager_click_id`, `action_name`) VALUES
(1, '2024-02-29 13:51:36', '2024-02-29 13:51:36', NULL, 1, 0, 1, 'NONE', 'NONE', ''),
(2, '2024-02-29 13:51:43', '2024-02-29 13:51:43', NULL, 1, 0, 1, 'NONE', 'NONE', ''),
(3, '2024-02-29 13:51:59', '2024-02-29 13:51:59', NULL, 1, 0, 1, 'NONE', 'NONE', ''),
(4, '2024-02-29 13:52:20', '2024-02-29 13:52:20', NULL, 1, 0, 1, 'NONE', 'NONE', ''),
(5, '2024-02-29 13:52:26', '2024-02-29 13:52:26', NULL, 1, 0, 1, 'NONE', 'NONE', ''),
(6, '2024-02-29 13:52:56', '2024-02-29 13:52:56', NULL, 1, 0, 1, 'NONE', 'NONE', ''),
(7, '2024-02-29 13:54:59', '2024-02-29 13:54:59', NULL, 1, 0, 1, 'NONE', 'NONE', ''),
(8, '2024-02-29 13:55:05', '2024-02-29 13:55:05', NULL, 1, 0, 1, 'NONE', 'NONE', ''),
(9, '2024-02-29 13:59:22', '2024-02-29 13:59:22', NULL, 1, 0, 1, 'NONE', 'NONE', ''),
(10, '2024-02-29 13:59:28', '2024-02-29 13:59:28', NULL, 1, 0, 1, 'NONE', 'NONE', 'activities'),
(11, '2024-02-29 13:59:38', '2024-02-29 13:59:38', NULL, 1, 0, 1, 'NONE', 'NONE', 'search'),
(12, '2024-02-29 14:00:16', '2024-02-29 14:00:16', NULL, 1, 1, 0, 'NONE', 'NONE', 'business'),
(13, '2024-02-29 14:02:18', '2024-02-29 14:02:18', NULL, 1, 0, 1, 'NONE', 'NONE', ''),
(14, '2024-02-29 14:24:13', '2024-02-29 14:24:13', NULL, 1, 1, 0, 'NONE', 'NONE', ''),
(15, '2024-02-29 16:14:39', '2024-02-29 16:14:39', NULL, 1, 0, 1, 'NONE', 'NONE', ''),
(16, '2024-02-29 16:14:39', '2024-02-29 16:14:39', NULL, 1, 0, 1, 'NONE', 'NONE', ''),
(17, '2024-02-29 16:42:07', '2024-02-29 16:42:07', NULL, 1, 0, 1, 'NONE', 'NONE', 'howItWorks'),
(18, '2024-02-29 19:00:48', '2024-02-29 19:00:48', NULL, 1, 0, 1, 'NONE', 'NONE', ''),
(19, '2024-02-29 19:51:44', '2024-02-29 19:51:44', NULL, 1, 0, 1, 'NONE', 'NONE', ''),
(20, '2024-02-29 20:06:24', '2024-02-29 20:06:24', NULL, 1, 0, 1, 'NONE', 'NONE', 'shopBee'),
(21, '2024-02-29 20:20:07', '2024-02-29 20:20:07', NULL, 1, 0, 1, 'NONE', 'NONE', ''),
(22, '2024-02-29 20:20:18', '2024-02-29 20:20:18', NULL, 1, 0, 1, 'NONE', 'NONE', ''),
(23, '2024-02-29 20:21:43', '2024-02-29 20:21:43', NULL, 1, 0, 1, 'NONE', 'NONE', 'aboutUsBee'),
(24, '2024-02-29 20:21:52', '2024-02-29 20:21:52', NULL, 1, 0, 1, 'NONE', 'NONE', 'howItWorks'),
(25, '2024-02-29 20:27:46', '2024-02-29 20:27:46', NULL, 1, 0, 1, 'NONE', 'NONE', 'howItWorks'),
(26, '2024-02-29 20:27:56', '2024-02-29 20:27:56', NULL, 1, 0, 1, 'NONE', 'NONE', ''),
(27, '2024-02-29 20:29:14', '2024-02-29 20:29:14', NULL, 1, 0, 1, 'NONE', 'NONE', ''),
(28, '2024-02-29 20:31:30', '2024-02-29 20:31:30', NULL, 1, 0, 1, 'NONE', 'NONE', ''),
(29, '2024-02-29 20:31:45', '2024-02-29 20:31:45', NULL, 1, 0, 1, 'NONE', 'NONE', 'aboutUsBee'),
(30, '2024-02-29 20:33:35', '2024-02-29 20:33:35', NULL, 1, 0, 1, 'NONE', 'NONE', 'aboutUsBee'),
(31, '2024-02-29 21:09:17', '2024-02-29 21:09:17', NULL, 1, 0, 1, 'NONE', 'NONE', ''),
(32, '2024-02-29 21:09:29', '2024-02-29 21:09:29', NULL, 1, 0, 1, 'NONE', 'NONE', 'aboutUsBee'),
(33, '2024-02-29 21:09:32', '2024-02-29 21:09:32', NULL, 1, 0, 1, 'NONE', 'NONE', 'search'),
(34, '2024-02-29 21:09:54', '2024-02-29 21:09:54', NULL, 1, 0, 1, 'NONE', 'NONE', 'search'),
(35, '2024-02-29 21:15:44', '2024-02-29 21:15:44', NULL, 1, 0, 1, 'NONE', 'NONE', 'search'),
(36, '2024-02-29 21:20:01', '2024-02-29 21:20:01', NULL, 1, 0, 1, 'NONE', 'NONE', 'search'),
(37, '2024-02-29 21:21:20', '2024-02-29 21:21:20', NULL, 1, 0, 1, 'NONE', 'NONE', 'search'),
(38, '2024-02-29 21:24:22', '2024-02-29 21:24:22', NULL, 1, 1, 0, 'NONE', 'NONE', 'business'),
(39, '2024-02-29 21:28:51', '2024-02-29 21:28:51', NULL, 1, 1, 0, 'NONE', 'NONE', ''),
(40, '2024-02-29 21:29:08', '2024-02-29 21:29:08', NULL, 1, 1, 0, 'NONE', 'NONE', 'search'),
(41, '2024-02-29 21:29:55', '2024-02-29 21:29:55', NULL, 1, 1, 0, 'NONE', 'NONE', 'businessDetails'),
(42, '2024-02-29 21:30:30', '2024-02-29 21:30:30', NULL, 1, 1, 0, 'NONE', 'NONE', 'businessDetails'),
(43, '2024-02-29 21:32:02', '2024-02-29 21:32:02', NULL, 1, 0, 1, 'NONE', 'NONE', 'contactUsBee'),
(44, '2024-02-29 21:32:41', '2024-02-29 21:32:41', NULL, 1, 0, 1, 'NONE', 'NONE', 'businessDetails'),
(45, '2024-02-29 21:35:12', '2024-02-29 21:35:12', NULL, 1, 0, 1, 'NONE', 'NONE', ''),
(46, '2024-02-29 21:36:32', '2024-02-29 21:36:32', NULL, 1, 1, 0, 'NONE', 'NONE', 'contactUsBee'),
(47, '2024-02-29 21:46:26', '2024-02-29 21:46:26', NULL, 1, 0, 1, 'NONE', 'NONE', ''),
(48, '2024-02-29 21:51:08', '2024-02-29 21:51:08', NULL, 1, 0, 1, 'NONE', 'NONE', ''),
(49, '2024-02-29 21:51:13', '2024-02-29 21:51:13', NULL, 1, 0, 1, 'NONE', 'NONE', 'howItWorks'),
(50, '2024-02-29 21:51:19', '2024-02-29 21:51:19', NULL, 1, 0, 1, 'NONE', 'NONE', 'contactUsBee'),
(51, '2024-02-29 21:51:41', '2024-02-29 21:51:41', NULL, 1, 0, 1, 'NONE', 'NONE', 'aboutUsBee'),
(52, '2024-02-29 21:51:45', '2024-02-29 21:51:45', NULL, 1, 0, 1, 'NONE', 'NONE', 'search'),
(53, '2024-02-29 21:58:16', '2024-02-29 21:58:16', NULL, 1, 0, 1, 'NONE', 'NONE', ''),
(54, '2024-02-29 22:06:28', '2024-02-29 22:06:28', NULL, 1, 0, 1, 'NONE', 'NONE', 'authorSingle'),
(55, '2024-02-29 23:22:38', '2024-02-29 23:22:38', NULL, 1, 0, 1, 'NONE', 'NONE', 'contactUsBee'),
(56, '2024-02-29 23:46:26', '2024-02-29 23:46:26', NULL, 1, 0, 1, 'NONE', 'NONE', ''),
(57, '2024-02-29 23:52:35', '2024-02-29 23:52:35', NULL, 1, 0, 1, 'NONE', 'NONE', ''),
(58, '2024-03-01 01:16:32', '2024-03-01 01:16:32', NULL, 1, 0, 1, 'NONE', 'NONE', ''),
(59, '2024-03-01 01:23:19', '2024-03-01 01:23:19', NULL, 1, 0, 1, 'NONE', 'NONE', ''),
(60, '2024-03-01 02:49:39', '2024-03-01 02:49:39', NULL, 1, 0, 1, 'NONE', 'NONE', 'contactUsBee'),
(61, '2024-03-01 03:22:23', '2024-03-01 03:22:23', NULL, 1, 0, 1, 'NONE', 'NONE', 'howItWorks'),
(62, '2024-03-01 03:56:18', '2024-03-01 03:56:18', NULL, 1, 0, 1, 'NONE', 'NONE', 'aboutUsBee'),
(63, '2024-03-01 03:59:46', '2024-03-01 03:59:46', NULL, 1, 0, 1, 'NONE', 'NONE', 'contactUsBee'),
(64, '2024-03-01 04:24:15', '2024-03-01 04:24:15', NULL, 1, 0, 1, 'NONE', 'NONE', 'shopBee'),
(65, '2024-03-01 05:29:43', '2024-03-01 05:29:43', NULL, 1, 0, 1, 'NONE', 'NONE', ''),
(66, '2024-03-01 06:19:35', '2024-03-01 06:19:35', NULL, 1, 0, 1, 'NONE', 'NONE', 'contactUsBee'),
(67, '2024-03-01 06:43:15', '2024-03-01 06:43:15', NULL, 1, 0, 1, 'NONE', 'NONE', ''),
(68, '2024-03-01 06:43:16', '2024-03-01 06:43:16', NULL, 1, 0, 1, 'NONE', 'NONE', ''),
(69, '2024-03-01 07:32:08', '2024-03-01 07:32:08', NULL, 1, 0, 1, 'NONE', 'NONE', ''),
(70, '2024-03-01 07:39:21', '2024-03-01 07:39:21', NULL, 1, 0, 1, 'NONE', 'NONE', ''),
(71, '2024-03-01 07:40:01', '2024-03-01 07:40:01', NULL, 1, 0, 1, 'NONE', 'NONE', ''),
(72, '2024-03-01 09:10:31', '2024-03-01 09:10:31', NULL, 1, 0, 1, 'NONE', 'NONE', ''),
(73, '2024-03-01 10:11:51', '2024-03-01 10:11:51', NULL, 1, 0, 1, 'NONE', 'NONE', ''),
(74, '2024-03-01 11:13:04', '2024-03-01 11:13:04', NULL, 1, 0, 1, 'NONE', 'NONE', 'aboutUsBee'),
(75, '2024-03-01 11:27:46', '2024-03-01 11:27:46', NULL, 1, 0, 1, 'NONE', 'NONE', ''),
(76, '2024-03-01 11:28:03', '2024-03-01 11:28:03', NULL, 1, 0, 1, 'NONE', 'NONE', ''),
(77, '2024-03-01 11:29:30', '2024-03-01 11:29:30', NULL, 1, 0, 1, 'NONE', 'NONE', ''),
(78, '2024-03-01 11:29:52', '2024-03-01 11:29:52', NULL, 1, 1, 0, 'NONE', 'NONE', 'business'),
(79, '2024-03-01 12:16:30', '2024-03-01 12:16:30', NULL, 1, 1, 0, 'NONE', 'NONE', ''),
(80, '2024-03-01 12:16:41', '2024-03-01 12:16:41', NULL, 1, 1, 0, 'NONE', 'NONE', 'contactUsBee'),
(81, '2024-03-01 12:19:35', '2024-03-01 12:19:35', NULL, 1, 1, 0, 'NONE', 'NONE', 'contactUsBee'),
(82, '2024-03-01 12:19:52', '2024-03-01 12:19:52', NULL, 1, 1, 0, 'NONE', 'NONE', 'business'),
(83, '2024-03-01 12:20:07', '2024-03-01 12:20:07', NULL, 1, 1, 0, 'NONE', 'NONE', 'business'),
(84, '2024-03-01 12:22:02', '2024-03-01 12:22:02', NULL, 1, 0, 1, 'NONE', 'NONE', ''),
(85, '2024-03-01 12:28:36', '2024-03-01 12:28:36', NULL, 1, 1, 0, 'NONE', 'NONE', 'business'),
(86, '2024-03-01 12:46:46', '2024-03-01 12:46:46', NULL, 1, 1, 0, 'NONE', 'NONE', ''),
(87, '2024-03-01 12:47:12', '2024-03-01 12:47:12', NULL, 1, 1, 0, 'NONE', 'NONE', 'listingsQueen'),
(88, '2024-03-01 12:47:26', '2024-03-01 12:47:26', NULL, 1, 1, 0, 'NONE', 'NONE', 'business'),
(89, '2024-03-01 12:48:18', '2024-03-01 12:48:18', NULL, 1, 1, 0, 'NONE', 'NONE', 'activities'),
(90, '2024-03-01 12:48:32', '2024-03-01 12:48:32', NULL, 1, 1, 0, 'NONE', 'NONE', ''),
(91, '2024-03-01 12:48:54', '2024-03-01 12:48:54', NULL, 1, 1, 0, 'NONE', 'NONE', 'search'),
(92, '2024-03-01 12:49:08', '2024-03-01 12:49:08', NULL, 1, 1, 0, 'NONE', 'NONE', 'authorSingle'),
(93, '2024-03-01 12:49:22', '2024-03-01 12:49:22', NULL, 1, 1, 0, 'NONE', 'NONE', 'contactUsBee'),
(94, '2024-03-01 12:53:20', '2024-03-01 12:53:20', NULL, 1, 1, 0, 'NONE', 'NONE', 'contactUsBee'),
(95, '2024-03-01 13:04:04', '2024-03-01 13:04:04', NULL, 1, 1, 0, 'NONE', 'NONE', ''),
(96, '2024-03-01 13:04:10', '2024-03-01 13:04:10', NULL, 1, 1, 0, 'NONE', 'NONE', 'search'),
(97, '2024-03-01 13:04:16', '2024-03-01 13:04:16', NULL, 1, 1, 0, 'NONE', 'NONE', 'businessDetails'),
(98, '2024-03-01 13:04:59', '2024-03-01 13:04:59', NULL, 1, 1, 0, 'NONE', 'NONE', 'businessDetails'),
(99, '2024-03-01 13:05:25', '2024-03-01 13:05:25', NULL, 1, 0, 1, 'NONE', 'NONE', ''),
(100, '2024-03-01 13:06:24', '2024-03-01 13:06:24', NULL, 1, 0, 1, 'NONE', 'NONE', 'businessDetails'),
(101, '2024-03-01 13:06:24', '2024-03-01 13:06:24', NULL, 1, 0, 1, 'NONE', 'NONE', 'businessDetails'),
(102, '2024-03-01 13:06:26', '2024-03-01 13:06:26', NULL, 1, 0, 1, 'NONE', 'NONE', 'businessDetails'),
(103, '2024-03-01 13:06:26', '2024-03-01 13:06:26', NULL, 1, 0, 1, 'NONE', 'NONE', 'businessDetails'),
(104, '2024-03-01 13:08:56', '2024-03-01 13:08:56', NULL, 1, 1, 0, 'NONE', 'NONE', 'business'),
(105, '2024-03-01 13:33:21', '2024-03-01 13:33:21', NULL, 1, 0, 1, 'NONE', 'NONE', 'search'),
(106, '2024-03-01 13:49:45', '2024-03-01 13:49:45', NULL, 1, 1, 0, 'NONE', 'NONE', ''),
(107, '2024-03-01 13:50:01', '2024-03-01 13:50:01', NULL, 1, 1, 0, 'NONE', 'NONE', 'search'),
(108, '2024-03-01 13:50:03', '2024-03-01 13:50:03', NULL, 1, 1, 0, 'NONE', 'NONE', 'businessDetails'),
(109, '2024-03-01 13:57:08', '2024-03-01 13:57:08', NULL, 1, 1, 0, 'NONE', 'NONE', 'business'),
(110, '2024-03-01 13:59:07', '2024-03-01 13:59:07', NULL, 1, 1, 0, 'NONE', 'NONE', 'business'),
(111, '2024-03-01 14:11:46', '2024-03-01 14:11:46', NULL, 1, 0, 1, 'NONE', 'NONE', 'search'),
(112, '2024-03-01 14:18:41', '2024-03-01 14:18:41', NULL, 1, 0, 1, 'NONE', 'NONE', 'authorSingle'),
(113, '2024-03-01 14:54:52', '2024-03-01 14:54:52', NULL, 1, 0, 1, 'NONE', 'NONE', ''),
(114, '2024-03-01 15:13:34', '2024-03-01 15:13:34', NULL, 1, 0, 1, 'NONE', 'NONE', ''),
(115, '2024-03-01 16:07:23', '2024-03-01 16:07:23', NULL, 1, 0, 1, 'NONE', 'NONE', ''),
(116, '2024-03-01 16:07:32', '2024-03-01 16:07:32', NULL, 1, 1, 0, 'NONE', 'NONE', 'business'),
(117, '2024-03-01 16:07:58', '2024-03-01 16:07:58', NULL, 1, 0, 1, 'NONE', 'NONE', ''),
(118, '2024-03-01 16:08:28', '2024-03-01 16:08:28', NULL, 1, 1, 0, 'NONE', 'NONE', 'business'),
(119, '2024-03-01 16:39:00', '2024-03-01 16:39:00', NULL, 1, 0, 1, 'NONE', 'NONE', ''),
(120, '2024-03-01 17:16:25', '2024-03-01 17:16:25', NULL, 1, 0, 1, 'NONE', 'NONE', ''),
(121, '2024-03-01 17:23:00', '2024-03-01 17:23:00', NULL, 1, 0, 1, 'NONE', 'NONE', ''),
(122, '2024-03-01 17:51:53', '2024-03-01 17:51:53', NULL, 1, 0, 1, 'NONE', 'NONE', 'search'),
(123, '2024-03-01 18:18:51', '2024-03-01 18:18:51', NULL, 1, 0, 1, 'NONE', 'NONE', 'search'),
(124, '2024-03-01 19:04:39', '2024-03-01 19:04:39', NULL, 1, 0, 1, 'NONE', 'NONE', ''),
(125, '2024-03-01 19:31:29', '2024-03-01 19:31:29', NULL, 1, 0, 1, 'NONE', 'NONE', ''),
(126, '2024-03-01 19:43:58', '2024-03-01 19:43:58', NULL, 1, 0, 1, 'NONE', 'NONE', ''),
(127, '2024-03-01 19:47:40', '2024-03-01 19:47:40', NULL, 1, 0, 1, 'NONE', 'NONE', ''),
(128, '2024-03-01 19:51:44', '2024-03-01 19:51:44', NULL, 1, 0, 1, 'NONE', 'NONE', ''),
(129, '2024-03-01 20:06:39', '2024-03-01 20:06:39', NULL, 1, 0, 1, 'NONE', 'NONE', 'shopBee'),
(130, '2024-03-01 20:46:43', '2024-03-01 20:46:43', NULL, 1, 0, 1, 'NONE', 'NONE', 'aboutUsBee'),
(131, '2024-03-01 22:04:12', '2024-03-01 22:04:12', NULL, 1, 0, 1, 'NONE', 'NONE', ''),
(132, '2024-03-01 22:38:03', '2024-03-01 22:38:03', NULL, 1, 0, 1, 'NONE', 'NONE', 'activities'),
(133, '2024-03-01 23:00:27', '2024-03-01 23:00:27', NULL, 1, 0, 1, 'NONE', 'NONE', ''),
(134, '2024-03-02 00:07:52', '2024-03-02 00:07:52', NULL, 1, 0, 1, 'NONE', 'NONE', ''),
(135, '2024-03-02 00:08:09', '2024-03-02 00:08:09', NULL, 1, 0, 1, 'NONE', 'NONE', 'search'),
(136, '2024-03-02 00:36:59', '2024-03-02 00:36:59', NULL, 1, 0, 1, 'NONE', 'NONE', ''),
(137, '2024-03-02 02:25:39', '2024-03-02 02:25:39', NULL, 1, 0, 1, 'NONE', 'NONE', 'rewards'),
(138, '2024-03-02 03:45:03', '2024-03-02 03:45:03', NULL, 1, 0, 1, 'NONE', 'NONE', ''),
(139, '2024-03-02 03:48:34', '2024-03-02 03:48:34', NULL, 1, 0, 1, 'NONE', 'NONE', 'aboutUsBee'),
(140, '2024-03-02 05:11:26', '2024-03-02 05:11:26', NULL, 1, 0, 1, 'NONE', 'NONE', 'rewards'),
(141, '2024-03-02 06:49:39', '2024-03-02 06:49:39', NULL, 1, 0, 1, 'NONE', 'NONE', 'activities'),
(142, '2024-03-02 06:58:12', '2024-03-02 06:58:12', NULL, 1, 0, 1, 'NONE', 'NONE', ''),
(143, '2024-03-02 06:58:12', '2024-03-02 06:58:12', NULL, 1, 0, 1, 'NONE', 'NONE', ''),
(144, '2024-03-02 07:17:26', '2024-03-02 07:17:26', NULL, 1, 0, 1, 'NONE', 'NONE', ''),
(145, '2024-03-02 07:25:17', '2024-03-02 07:25:17', NULL, 1, 0, 1, 'NONE', 'NONE', ''),
(146, '2024-03-02 08:42:12', '2024-03-02 08:42:12', NULL, 1, 0, 1, 'NONE', 'NONE', ''),
(147, '2024-03-02 08:42:36', '2024-03-02 08:42:36', NULL, 1, 0, 1, 'NONE', 'NONE', ''),
(148, '2024-03-02 08:44:42', '2024-03-02 08:44:42', NULL, 1, 0, 1, 'NONE', 'NONE', ''),
(149, '2024-03-02 08:51:24', '2024-03-02 08:51:24', NULL, 1, 0, 1, 'NONE', 'NONE', ''),
(150, '2024-03-02 08:52:49', '2024-03-02 08:52:49', NULL, 1, 0, 1, 'NONE', 'NONE', 'search'),
(151, '2024-03-02 08:53:25', '2024-03-02 08:53:25', NULL, 1, 0, 1, 'NONE', 'NONE', 'activities'),
(152, '2024-03-02 11:01:26', '2024-03-02 11:01:26', NULL, 1, 0, 1, 'NONE', 'NONE', ''),
(153, '2024-03-02 12:00:17', '2024-03-02 12:00:17', NULL, 1, 0, 1, 'NONE', 'NONE', ''),
(154, '2024-03-02 12:07:48', '2024-03-02 12:07:48', NULL, 1, 0, 1, 'NONE', 'NONE', ''),
(155, '2024-03-02 12:21:31', '2024-03-02 12:21:31', NULL, 1, 0, 1, 'NONE', 'NONE', ''),
(156, '2024-03-02 12:21:33', '2024-03-02 12:21:33', NULL, 1, 0, 1, 'NONE', 'NONE', 'contactUsBee'),
(157, '2024-03-02 12:34:40', '2024-03-02 12:34:40', NULL, 1, 0, 1, 'NONE', 'NONE', 'search'),
(158, '2024-03-02 12:38:57', '2024-03-02 12:38:57', NULL, 1, 0, 1, 'NONE', 'NONE', ''),
(159, '2024-03-02 12:38:58', '2024-03-02 12:38:58', NULL, 1, 0, 1, 'NONE', 'NONE', 'contactUsBee'),
(160, '2024-03-02 13:14:08', '2024-03-02 13:14:08', NULL, 1, 0, 1, 'NONE', 'NONE', ''),
(161, '2024-03-02 14:26:15', '2024-03-02 14:26:15', NULL, 1, 0, 1, 'NONE', 'NONE', ''),
(162, '2024-03-02 14:53:22', '2024-03-02 14:53:22', NULL, 1, 0, 1, 'NONE', 'NONE', ''),
(163, '2024-03-02 15:35:47', '2024-03-02 15:35:47', NULL, 1, 0, 1, 'NONE', 'NONE', ''),
(164, '2024-03-02 16:09:14', '2024-03-02 16:09:14', NULL, 1, 0, 1, 'NONE', 'NONE', 'aboutUsBee'),
(165, '2024-03-02 17:04:23', '2024-03-02 17:04:23', NULL, 1, 0, 1, 'NONE', 'NONE', 'search'),
(166, '2024-03-02 17:29:54', '2024-03-02 17:29:54', NULL, 1, 0, 1, 'NONE', 'NONE', ''),
(167, '2024-03-02 17:29:59', '2024-03-02 17:29:59', NULL, 1, 0, 1, 'NONE', 'NONE', ''),
(168, '2024-03-02 17:30:09', '2024-03-02 17:30:09', NULL, 1, 0, 1, 'NONE', 'NONE', ''),
(169, '2024-03-02 17:30:22', '2024-03-02 17:30:22', NULL, 1, 0, 1, 'NONE', 'NONE', 'search'),
(170, '2024-03-02 17:30:35', '2024-03-02 17:30:35', NULL, 1, 0, 1, 'NONE', 'NONE', 'businessDetails'),
(171, '2024-03-02 17:35:04', '2024-03-02 17:35:04', NULL, 1, 0, 1, 'NONE', 'NONE', 'authorSingle'),
(172, '2024-03-02 17:46:28', '2024-03-02 17:46:28', NULL, 1, 0, 1, 'NONE', 'NONE', ''),
(173, '2024-03-02 17:52:53', '2024-03-02 17:52:53', NULL, 1, 0, 1, 'NONE', 'NONE', ''),
(174, '2024-03-02 18:01:40', '2024-03-02 18:01:40', NULL, 1, 0, 1, 'NONE', 'NONE', ''),
(175, '2024-03-02 18:14:23', '2024-03-02 18:14:23', NULL, 1, 0, 1, 'NONE', 'NONE', ''),
(176, '2024-03-02 19:24:34', '2024-03-02 19:24:34', NULL, 1, 0, 1, 'NONE', 'NONE', ''),
(177, '2024-03-02 20:01:24', '2024-03-02 20:01:24', NULL, 1, 0, 1, 'NONE', 'NONE', ''),
(178, '2024-03-02 20:12:37', '2024-03-02 20:12:37', NULL, 1, 0, 1, 'NONE', 'NONE', ''),
(179, '2024-03-02 20:13:01', '2024-03-02 20:13:01', NULL, 1, 0, 1, 'NONE', 'NONE', ''),
(180, '2024-03-02 20:19:31', '2024-03-02 20:19:31', NULL, 1, 0, 1, 'NONE', 'NONE', ''),
(181, '2024-03-02 22:36:57', '2024-03-02 22:36:57', NULL, 1, 0, 1, 'NONE', 'NONE', ''),
(182, '2024-03-02 22:39:54', '2024-03-02 22:39:54', NULL, 1, 0, 1, 'NONE', 'NONE', ''),
(183, '2024-03-03 00:03:58', '2024-03-03 00:03:58', NULL, 1, 0, 1, 'NONE', 'NONE', ''),
(184, '2024-03-03 01:13:44', '2024-03-03 01:13:44', NULL, 1, 0, 1, 'NONE', 'NONE', ''),
(185, '2024-03-03 01:13:45', '2024-03-03 01:13:45', NULL, 1, 0, 1, 'NONE', 'NONE', 'contactUsBee'),
(186, '2024-03-03 01:28:27', '2024-03-03 01:28:27', NULL, 1, 0, 1, 'NONE', 'NONE', ''),
(187, '2024-03-03 02:31:24', '2024-03-03 02:31:24', NULL, 1, 0, 1, 'NONE', 'NONE', ''),
(188, '2024-03-03 02:37:15', '2024-03-03 02:37:15', NULL, 1, 0, 1, 'NONE', 'NONE', ''),
(189, '2024-03-03 02:37:57', '2024-03-03 02:37:57', NULL, 1, 0, 1, 'NONE', 'NONE', 'shopBee'),
(190, '2024-03-03 03:29:22', '2024-03-03 03:29:22', NULL, 1, 0, 1, 'NONE', 'NONE', ''),
(191, '2024-03-03 04:58:57', '2024-03-03 04:58:57', NULL, 1, 0, 1, 'NONE', 'NONE', 'search'),
(192, '2024-03-03 05:18:45', '2024-03-03 05:18:45', NULL, 1, 0, 1, 'NONE', 'NONE', ''),
(193, '2024-03-03 05:23:07', '2024-03-03 05:23:07', NULL, 1, 0, 1, 'NONE', 'NONE', 'search'),
(194, '2024-03-03 05:37:06', '2024-03-03 05:37:06', NULL, 1, 0, 1, 'NONE', 'NONE', ''),
(195, '2024-03-03 05:55:17', '2024-03-03 05:55:17', NULL, 1, 0, 1, 'NONE', 'NONE', 'contactUsBee'),
(196, '2024-03-03 07:47:53', '2024-03-03 07:47:53', NULL, 1, 0, 1, 'NONE', 'NONE', ''),
(197, '2024-03-03 07:58:04', '2024-03-03 07:58:04', NULL, 1, 0, 1, 'NONE', 'NONE', ''),
(198, '2024-03-03 08:46:24', '2024-03-03 08:46:24', NULL, 1, 0, 1, 'NONE', 'NONE', ''),
(199, '2024-03-03 08:58:31', '2024-03-03 08:58:31', NULL, 1, 0, 1, 'NONE', 'NONE', ''),
(200, '2024-03-03 09:14:04', '2024-03-03 09:14:04', NULL, 1, 0, 1, 'NONE', 'NONE', ''),
(201, '2024-03-03 10:55:33', '2024-03-03 10:55:33', NULL, 1, 0, 1, 'NONE', 'NONE', 'search'),
(202, '2024-03-03 12:27:51', '2024-03-03 12:27:51', NULL, 1, 0, 1, 'NONE', 'NONE', 'search'),
(203, '2024-03-03 13:56:36', '2024-03-03 13:56:36', NULL, 1, 0, 1, 'NONE', 'NONE', ''),
(204, '2024-03-03 14:12:27', '2024-03-03 14:12:27', NULL, 1, 0, 1, 'NONE', 'NONE', 'aboutUsBee'),
(205, '2024-03-03 15:32:14', '2024-03-03 15:32:14', NULL, 1, 0, 1, 'NONE', 'NONE', ''),
(206, '2024-03-03 15:33:28', '2024-03-03 15:33:28', NULL, 1, 0, 1, 'NONE', 'NONE', ''),
(207, '2024-03-03 15:59:25', '2024-03-03 15:59:25', NULL, 1, 0, 1, 'NONE', 'NONE', ''),
(208, '2024-03-03 16:18:46', '2024-03-03 16:18:46', NULL, 1, 0, 1, 'NONE', 'NONE', 'search'),
(209, '2024-03-03 16:38:42', '2024-03-03 16:38:42', NULL, 1, 0, 1, 'NONE', 'NONE', ''),
(210, '2024-03-03 16:45:59', '2024-03-03 16:45:59', NULL, 1, 0, 1, 'NONE', 'NONE', 'activities'),
(211, '2024-03-03 18:15:31', '2024-03-03 18:15:31', NULL, 1, 0, 1, 'NONE', 'NONE', 'aboutUsBee'),
(212, '2024-03-03 19:04:18', '2024-03-03 19:04:18', NULL, 1, 0, 1, 'NONE', 'NONE', ''),
(213, '2024-03-03 19:04:19', '2024-03-03 19:04:19', NULL, 1, 0, 1, 'NONE', 'NONE', 'activities'),
(214, '2024-03-03 19:07:31', '2024-03-03 19:07:31', NULL, 1, 0, 1, 'NONE', 'NONE', 'contactUsBee'),
(215, '2024-03-03 19:24:28', '2024-03-03 19:24:28', NULL, 1, 0, 1, 'NONE', 'NONE', ''),
(216, '2024-03-03 19:29:28', '2024-03-03 19:29:28', NULL, 1, 0, 1, 'NONE', 'NONE', ''),
(217, '2024-03-03 19:29:31', '2024-03-03 19:29:31', NULL, 1, 0, 1, 'NONE', 'NONE', ''),
(218, '2024-03-03 19:29:32', '2024-03-03 19:29:32', NULL, 1, 0, 1, 'NONE', 'NONE', ''),
(219, '2024-03-03 20:19:31', '2024-03-03 20:19:31', NULL, 1, 0, 1, 'NONE', 'NONE', ''),
(220, '2024-03-03 20:39:46', '2024-03-03 20:39:46', NULL, 1, 0, 1, 'NONE', 'NONE', ''),
(221, '2024-03-03 20:39:47', '2024-03-03 20:39:47', NULL, 1, 0, 1, 'NONE', 'NONE', 'contactUsBee'),
(222, '2024-03-03 20:44:16', '2024-03-03 20:44:16', NULL, 1, 0, 1, 'NONE', 'NONE', ''),
(223, '2024-03-03 21:06:36', '2024-03-03 21:06:36', NULL, 1, 0, 1, 'NONE', 'NONE', 'activities'),
(224, '2024-03-03 21:19:19', '2024-03-03 21:19:19', NULL, 1, 0, 1, 'NONE', 'NONE', 'contactUsBee'),
(225, '2024-03-03 21:20:21', '2024-03-03 21:20:21', NULL, 1, 0, 1, 'NONE', 'NONE', 'authorSingle'),
(226, '2024-03-03 22:07:43', '2024-03-03 22:07:43', NULL, 1, 0, 1, 'NONE', 'NONE', ''),
(227, '2024-03-03 22:46:32', '2024-03-03 22:46:32', NULL, 1, 0, 1, 'NONE', 'NONE', ''),
(228, '2024-03-03 22:52:36', '2024-03-03 22:52:36', NULL, 1, 0, 1, 'NONE', 'NONE', ''),
(229, '2024-03-03 22:57:51', '2024-03-03 22:57:51', NULL, 1, 0, 1, 'NONE', 'NONE', ''),
(230, '2024-03-03 23:01:50', '2024-03-03 23:01:50', NULL, 1, 0, 1, 'NONE', 'NONE', ''),
(231, '2024-03-03 23:14:28', '2024-03-03 23:14:28', NULL, 1, 0, 1, 'NONE', 'NONE', ''),
(232, '2024-03-03 23:26:39', '2024-03-03 23:26:39', NULL, 1, 0, 1, 'NONE', 'NONE', ''),
(233, '2024-03-04 01:32:36', '2024-03-04 01:32:36', NULL, 1, 0, 1, 'NONE', 'NONE', ''),
(234, '2024-03-04 01:46:14', '2024-03-04 01:46:14', NULL, 1, 0, 1, 'NONE', 'NONE', 'howItWorks'),
(235, '2024-03-04 01:48:12', '2024-03-04 01:48:12', NULL, 1, 0, 1, 'NONE', 'NONE', ''),
(236, '2024-03-04 02:32:09', '2024-03-04 02:32:09', NULL, 1, 0, 1, 'NONE', 'NONE', 'contactUsBee'),
(237, '2024-03-04 03:21:30', '2024-03-04 03:21:30', NULL, 1, 0, 1, 'NONE', 'NONE', ''),
(238, '2024-03-04 04:39:31', '2024-03-04 04:39:31', NULL, 1, 0, 1, 'NONE', 'NONE', ''),
(239, '2024-03-04 04:59:56', '2024-03-04 04:59:56', NULL, 1, 0, 1, 'NONE', 'NONE', 'search'),
(240, '2024-03-04 05:35:55', '2024-03-04 05:35:55', NULL, 1, 0, 1, 'NONE', 'NONE', ''),
(241, '2024-03-04 06:50:48', '2024-03-04 06:50:48', NULL, 1, 0, 1, 'NONE', 'NONE', 'activities'),
(242, '2024-03-04 09:08:26', '2024-03-04 09:08:26', NULL, 1, 0, 1, 'NONE', 'NONE', ''),
(243, '2024-03-04 09:18:34', '2024-03-04 09:18:34', NULL, 1, 0, 1, 'NONE', 'NONE', ''),
(244, '2024-03-04 09:37:25', '2024-03-04 09:37:25', NULL, 1, 0, 1, 'NONE', 'NONE', ''),
(245, '2024-03-04 10:25:24', '2024-03-04 10:25:24', NULL, 1, 0, 1, 'NONE', 'NONE', 'howItWorks'),
(246, '2024-03-04 12:00:20', '2024-03-04 12:00:20', NULL, 1, 0, 1, 'NONE', 'NONE', ''),
(247, '2024-03-04 13:54:05', '2024-03-04 13:54:05', NULL, 1, 0, 1, 'NONE', 'NONE', 'search'),
(248, '2024-03-04 14:41:04', '2024-03-04 14:41:04', NULL, 1, 0, 1, 'NONE', 'NONE', 'search'),
(249, '2024-03-04 15:21:22', '2024-03-04 15:21:22', NULL, 1, 0, 1, 'NONE', 'NONE', ''),
(250, '2024-03-04 15:50:14', '2024-03-04 15:50:14', NULL, 1, 0, 1, 'NONE', 'NONE', ''),
(251, '2024-03-04 15:50:50', '2024-03-04 15:50:50', NULL, 1, 0, 1, 'NONE', 'NONE', 'search'),
(252, '2024-03-04 15:53:32', '2024-03-04 15:53:32', NULL, 1, 0, 1, 'NONE', 'NONE', 'search'),
(253, '2024-03-04 15:57:04', '2024-03-04 15:57:04', NULL, 1, 0, 1, 'NONE', 'NONE', 'businessDetails'),
(254, '2024-03-04 16:00:29', '2024-03-04 16:00:29', NULL, 1, 0, 1, 'NONE', 'NONE', 'aboutUsBee'),
(255, '2024-03-04 16:01:14', '2024-03-04 16:01:14', NULL, 1, 0, 1, 'NONE', 'NONE', 'businessDetails'),
(256, '2024-03-04 16:16:30', '2024-03-04 16:16:30', NULL, 1, 0, 1, 'NONE', 'NONE', 'contactUsBee'),
(257, '2024-03-04 16:16:50', '2024-03-04 16:16:50', NULL, 1, 0, 1, 'NONE', 'NONE', ''),
(258, '2024-03-04 16:33:43', '2024-03-04 16:33:43', NULL, 1, 0, 1, 'NONE', 'NONE', 'activities'),
(259, '2024-03-04 16:33:45', '2024-03-04 16:33:45', NULL, 1, 0, 1, 'NONE', 'NONE', 'activities'),
(260, '2024-03-04 17:09:06', '2024-03-04 17:09:06', NULL, 1, 0, 1, 'NONE', 'NONE', ''),
(261, '2024-03-04 17:54:20', '2024-03-04 17:54:20', NULL, 1, 0, 1, 'NONE', 'NONE', 'howItWorks'),
(262, '2024-03-04 18:01:28', '2024-03-04 18:01:28', NULL, 1, 0, 1, 'NONE', 'NONE', 'howItWorks'),
(263, '2024-03-04 18:40:34', '2024-03-04 18:40:34', NULL, 1, 0, 1, 'NONE', 'NONE', 'rewards'),
(264, '2024-03-04 19:31:02', '2024-03-04 19:31:02', NULL, 1, 0, 1, 'NONE', 'NONE', ''),
(265, '2024-03-04 19:34:22', '2024-03-04 19:34:22', NULL, 1, 0, 1, 'NONE', 'NONE', 'shopBee'),
(266, '2024-03-04 20:13:39', '2024-03-04 20:13:39', NULL, 1, 0, 1, 'NONE', 'NONE', 'authorSingle'),
(267, '2024-03-04 20:19:31', '2024-03-04 20:19:31', NULL, 1, 0, 1, 'NONE', 'NONE', ''),
(268, '2024-03-04 20:50:39', '2024-03-04 20:50:39', NULL, 1, 0, 1, 'NONE', 'NONE', 'contactUsBee'),
(269, '2024-03-04 22:14:15', '2024-03-04 22:14:15', NULL, 1, 0, 1, 'NONE', 'NONE', 'howItWorks'),
(270, '2024-03-05 00:11:58', '2024-03-05 00:11:58', NULL, 1, 0, 1, 'NONE', 'NONE', ''),
(271, '2024-03-05 00:11:58', '2024-03-05 00:11:58', NULL, 1, 0, 1, 'NONE', 'NONE', ''),
(272, '2024-03-05 00:37:21', '2024-03-05 00:37:21', NULL, 1, 0, 1, 'NONE', 'NONE', 'search'),
(273, '2024-03-05 00:48:30', '2024-03-05 00:48:30', NULL, 1, 0, 1, 'NONE', 'NONE', ''),
(274, '2024-03-05 00:54:49', '2024-03-05 00:54:49', NULL, 1, 0, 1, 'NONE', 'NONE', ''),
(275, '2024-03-05 02:43:44', '2024-03-05 02:43:44', NULL, 1, 0, 1, 'NONE', 'NONE', ''),
(276, '2024-03-05 02:59:19', '2024-03-05 02:59:19', NULL, 1, 0, 1, 'NONE', 'NONE', ''),
(277, '2024-03-05 04:09:49', '2024-03-05 04:09:49', NULL, 1, 0, 1, 'NONE', 'NONE', 'rewards'),
(278, '2024-03-05 04:56:55', '2024-03-05 04:56:55', NULL, 1, 0, 1, 'NONE', 'NONE', ''),
(279, '2024-03-05 05:03:44', '2024-03-05 05:03:44', NULL, 1, 0, 1, 'NONE', 'NONE', ''),
(280, '2024-03-05 05:15:44', '2024-03-05 05:15:44', NULL, 1, 0, 1, 'NONE', 'NONE', 'activities'),
(281, '2024-03-05 05:30:45', '2024-03-05 05:30:45', NULL, 1, 0, 1, 'NONE', 'NONE', 'businessDetails'),
(282, '2024-03-05 05:44:26', '2024-03-05 05:44:26', NULL, 1, 0, 1, 'NONE', 'NONE', ''),
(283, '2024-03-05 06:58:52', '2024-03-05 06:58:52', NULL, 1, 0, 1, 'NONE', 'NONE', ''),
(284, '2024-03-05 06:59:32', '2024-03-05 06:59:32', NULL, 1, 0, 1, 'NONE', 'NONE', ''),
(285, '2024-03-05 06:59:39', '2024-03-05 06:59:39', NULL, 1, 0, 1, 'NONE', 'NONE', ''),
(286, '2024-03-05 08:03:33', '2024-03-05 08:03:33', NULL, 1, 0, 1, 'NONE', 'NONE', 'howItWorks'),
(287, '2024-03-05 08:52:31', '2024-03-05 08:52:31', NULL, 1, 0, 1, 'NONE', 'NONE', ''),
(288, '2024-03-05 09:47:37', '2024-03-05 09:47:37', NULL, 1, 0, 1, 'NONE', 'NONE', ''),
(289, '2024-03-05 09:47:38', '2024-03-05 09:47:38', NULL, 1, 0, 1, 'NONE', 'NONE', 'contactUsBee'),
(290, '2024-03-05 11:46:26', '2024-03-05 11:46:26', NULL, 1, 0, 1, 'NONE', 'NONE', ''),
(291, '2024-03-05 11:49:56', '2024-03-05 11:49:56', NULL, 1, 0, 1, 'NONE', 'NONE', ''),
(292, '2024-03-05 11:50:06', '2024-03-05 11:50:06', NULL, 1, 0, 1, 'NONE', 'NONE', 'contactUsBee'),
(293, '2024-03-05 11:50:13', '2024-03-05 11:50:13', NULL, 1, 0, 1, 'NONE', 'NONE', 'search'),
(294, '2024-03-05 11:50:17', '2024-03-05 11:50:17', NULL, 1, 0, 1, 'NONE', 'NONE', 'businessDetails'),
(295, '2024-03-05 11:50:37', '2024-03-05 11:50:37', NULL, 1, 0, 1, 'NONE', 'NONE', 'businessDetails'),
(296, '2024-03-05 11:50:42', '2024-03-05 11:50:42', NULL, 1, 0, 1, 'NONE', 'NONE', ''),
(297, '2024-03-05 11:53:15', '2024-03-05 11:53:15', NULL, 1, 0, 1, 'NONE', 'NONE', ''),
(298, '2024-03-05 12:15:08', '2024-03-05 12:15:08', NULL, 1, 0, 1, 'NONE', 'NONE', ''),
(299, '2024-03-05 12:16:47', '2024-03-05 12:16:47', NULL, 1, 1, 0, 'NONE', 'NONE', 'business'),
(300, '2024-03-05 12:23:56', '2024-03-05 12:23:56', NULL, 1, 1, 0, 'NONE', 'NONE', ''),
(301, '2024-03-05 12:25:19', '2024-03-05 12:25:19', NULL, 1, 1, 0, 'NONE', 'NONE', ''),
(302, '2024-03-05 12:25:37', '2024-03-05 12:25:37', NULL, 1, 1, 0, 'NONE', 'NONE', ''),
(303, '2024-03-05 12:25:41', '2024-03-05 12:25:41', NULL, 1, 1, 0, 'NONE', 'NONE', ''),
(304, '2024-03-05 12:25:53', '2024-03-05 12:25:53', NULL, 1, 1, 0, 'NONE', 'NONE', ''),
(305, '2024-03-05 12:26:04', '2024-03-05 12:26:04', NULL, 1, 1, 0, 'NONE', 'NONE', ''),
(306, '2024-03-05 12:26:14', '2024-03-05 12:26:14', NULL, 1, 1, 0, 'NONE', 'NONE', ''),
(307, '2024-03-05 12:38:57', '2024-03-05 12:38:57', NULL, 1, 0, 1, 'NONE', 'NONE', ''),
(308, '2024-03-05 13:35:15', '2024-03-05 13:35:15', NULL, 1, 0, 1, 'NONE', 'NONE', ''),
(309, '2024-03-05 13:46:26', '2024-03-05 13:46:26', NULL, 1, 0, 1, 'NONE', 'NONE', ''),
(310, '2024-03-05 13:52:30', '2024-03-05 13:52:30', NULL, 1, 0, 1, 'NONE', 'NONE', ''),
(311, '2024-03-05 17:01:30', '2024-03-05 17:01:30', NULL, 1, 0, 1, 'NONE', 'NONE', ''),
(312, '2024-03-05 17:13:33', '2024-03-05 17:13:33', NULL, 1, 0, 1, 'NONE', 'NONE', ''),
(313, '2024-03-05 17:16:29', '2024-03-05 17:16:29', NULL, 1, 0, 1, 'NONE', 'NONE', ''),
(314, '2024-03-05 17:28:16', '2024-03-05 17:28:16', NULL, 1, 0, 1, 'NONE', 'NONE', ''),
(315, '2024-03-05 17:37:13', '2024-03-05 17:37:13', NULL, 1, 0, 1, 'NONE', 'NONE', ''),
(316, '2024-03-05 17:38:21', '2024-03-05 17:38:21', NULL, 1, 0, 1, 'NONE', 'NONE', ''),
(317, '2024-03-05 17:43:36', '2024-03-05 17:43:36', NULL, 1, 0, 1, 'NONE', 'NONE', 'aboutUsBee'),
(318, '2024-03-05 17:43:37', '2024-03-05 17:43:37', NULL, 1, 0, 1, 'NONE', 'NONE', 'contactUsBee'),
(319, '2024-03-05 17:43:40', '2024-03-05 17:43:40', NULL, 1, 0, 1, 'NONE', 'NONE', 'activities'),
(320, '2024-03-05 17:43:46', '2024-03-05 17:43:46', NULL, 1, 0, 1, 'NONE', 'NONE', ''),
(321, '2024-03-05 18:12:07', '2024-03-05 18:12:07', NULL, 1, 0, 1, 'NONE', 'NONE', ''),
(322, '2024-03-05 18:12:19', '2024-03-05 18:12:19', NULL, 1, 0, 1, 'NONE', 'NONE', 'search'),
(323, '2024-03-05 18:16:33', '2024-03-05 18:16:33', NULL, 1, 0, 1, 'NONE', 'NONE', ''),
(324, '2024-03-05 18:21:32', '2024-03-05 18:21:32', NULL, 1, 0, 1, 'NONE', 'NONE', 'search'),
(325, '2024-03-05 18:30:06', '2024-03-05 18:30:06', NULL, 1, 0, 1, 'NONE', 'NONE', ''),
(326, '2024-03-05 18:50:36', '2024-03-05 18:50:36', NULL, 1, 0, 1, 'NONE', 'NONE', 'activities'),
(327, '2024-03-05 18:57:43', '2024-03-05 18:57:43', NULL, 1, 0, 1, 'NONE', 'NONE', ''),
(328, '2024-03-05 19:02:19', '2024-03-05 19:02:19', NULL, 1, 0, 1, 'NONE', 'NONE', ''),
(329, '2024-03-05 19:05:23', '2024-03-05 19:05:23', NULL, 1, 0, 1, 'NONE', 'NONE', 'search'),
(330, '2024-03-05 19:09:29', '2024-03-05 19:09:29', NULL, 1, 0, 1, 'NONE', 'NONE', 'search'),
(331, '2024-03-05 19:17:36', '2024-03-05 19:17:36', NULL, 1, 0, 1, 'NONE', 'NONE', 'aboutUsBee'),
(332, '2024-03-05 19:39:11', '2024-03-05 19:39:11', NULL, 1, 0, 1, 'NONE', 'NONE', 'contactUsBee'),
(333, '2024-03-05 20:19:31', '2024-03-05 20:19:31', NULL, 1, 0, 1, 'NONE', 'NONE', ''),
(334, '2024-03-05 20:44:57', '2024-03-05 20:44:57', NULL, 1, 0, 1, 'NONE', 'NONE', 'authorSingle'),
(335, '2024-03-05 21:24:13', '2024-03-05 21:24:13', NULL, 1, 0, 1, 'NONE', 'NONE', ''),
(336, '2024-03-05 21:44:11', '2024-03-05 21:44:11', NULL, 1, 0, 1, 'NONE', 'NONE', 'howItWorks'),
(337, '2024-03-05 21:57:52', '2024-03-05 21:57:52', NULL, 1, 0, 1, 'NONE', 'NONE', 'aboutUsBee'),
(338, '2024-03-05 22:07:32', '2024-03-05 22:07:32', NULL, 1, 0, 1, 'NONE', 'NONE', 'contactUsBee'),
(339, '2024-03-05 22:18:01', '2024-03-05 22:18:01', NULL, 1, 0, 1, 'NONE', 'NONE', 'search'),
(340, '2024-03-05 22:23:03', '2024-03-05 22:23:03', NULL, 1, 0, 1, 'NONE', 'NONE', ''),
(341, '2024-03-05 22:24:06', '2024-03-05 22:24:06', NULL, 1, 0, 1, 'NONE', 'NONE', ''),
(342, '2024-03-05 22:47:31', '2024-03-05 22:47:31', NULL, 1, 0, 1, 'NONE', 'NONE', 'search'),
(343, '2024-03-05 23:02:50', '2024-03-05 23:02:50', NULL, 1, 0, 1, 'NONE', 'NONE', ''),
(344, '2024-03-06 03:06:57', '2024-03-06 03:06:57', NULL, 1, 0, 1, 'NONE', 'NONE', 'contactUsBee'),
(345, '2024-03-06 05:04:06', '2024-03-06 05:04:06', NULL, 1, 0, 1, 'NONE', 'NONE', ''),
(346, '2024-03-06 05:47:53', '2024-03-06 05:47:53', NULL, 1, 0, 1, 'NONE', 'NONE', 'activities'),
(347, '2024-03-06 06:01:56', '2024-03-06 06:01:56', NULL, 1, 0, 1, 'NONE', 'NONE', 'howItWorks'),
(348, '2024-03-06 06:35:09', '2024-03-06 06:35:09', NULL, 1, 0, 1, 'NONE', 'NONE', ''),
(349, '2024-03-06 06:35:10', '2024-03-06 06:35:10', NULL, 1, 0, 1, 'NONE', 'NONE', 'aboutUsBee'),
(350, '2024-03-06 06:35:11', '2024-03-06 06:35:11', NULL, 1, 0, 1, 'NONE', 'NONE', 'contactUsBee'),
(351, '2024-03-06 07:05:57', '2024-03-06 07:05:57', NULL, 1, 0, 1, 'NONE', 'NONE', ''),
(352, '2024-03-06 07:13:54', '2024-03-06 07:13:54', NULL, 1, 0, 1, 'NONE', 'NONE', 'search'),
(353, '2024-03-06 07:22:48', '2024-03-06 07:22:48', NULL, 1, 0, 1, 'NONE', 'NONE', ''),
(354, '2024-03-06 07:52:51', '2024-03-06 07:52:51', NULL, 1, 0, 1, 'NONE', 'NONE', ''),
(355, '2024-03-06 08:05:59', '2024-03-06 08:05:59', NULL, 1, 0, 1, 'NONE', 'NONE', 'aboutUsBee'),
(356, '2024-03-06 08:25:49', '2024-03-06 08:25:49', NULL, 1, 0, 1, 'NONE', 'NONE', ''),
(357, '2024-03-06 08:48:32', '2024-03-06 08:48:32', NULL, 1, 0, 1, 'NONE', 'NONE', 'listingSingle'),
(358, '2024-03-06 08:58:59', '2024-03-06 08:58:59', NULL, 1, 0, 1, 'NONE', 'NONE', 'authorSingle'),
(359, '2024-03-06 09:01:49', '2024-03-06 09:01:49', NULL, 1, 0, 1, 'NONE', 'NONE', 'rewards'),
(360, '2024-03-06 09:40:23', '2024-03-06 09:40:23', NULL, 1, 0, 1, 'NONE', 'NONE', 'search'),
(361, '2024-03-06 10:33:53', '2024-03-06 10:33:53', NULL, 1, 0, 1, 'NONE', 'NONE', 'businessDetails'),
(362, '2024-03-06 12:01:20', '2024-03-06 12:01:20', NULL, 1, 0, 1, 'NONE', 'NONE', ''),
(363, '2024-03-06 13:27:53', '2024-03-06 13:27:53', NULL, 1, 0, 1, 'NONE', 'NONE', ''),
(364, '2024-03-06 13:35:56', '2024-03-06 13:35:56', NULL, 1, 0, 1, 'NONE', 'NONE', ''),
(365, '2024-03-06 13:35:57', '2024-03-06 13:35:57', NULL, 1, 0, 1, 'NONE', 'NONE', 'shopBee'),
(366, '2024-03-06 13:35:58', '2024-03-06 13:35:58', NULL, 1, 0, 1, 'NONE', 'NONE', 'search'),
(367, '2024-03-06 13:36:01', '2024-03-06 13:36:01', NULL, 1, 0, 1, 'NONE', 'NONE', 'search'),
(368, '2024-03-06 13:36:04', '2024-03-06 13:36:04', NULL, 1, 0, 1, 'NONE', 'NONE', 'search'),
(369, '2024-03-06 13:36:07', '2024-03-06 13:36:07', NULL, 1, 0, 1, 'NONE', 'NONE', 'search'),
(370, '2024-03-06 13:36:10', '2024-03-06 13:36:10', NULL, 1, 0, 1, 'NONE', 'NONE', 'howItWorks'),
(371, '2024-03-06 13:36:14', '2024-03-06 13:36:14', NULL, 1, 0, 1, 'NONE', 'NONE', 'contactUsBee'),
(372, '2024-03-06 13:36:30', '2024-03-06 13:36:30', NULL, 1, 0, 1, 'NONE', 'NONE', 'activities'),
(373, '2024-03-06 13:36:33', '2024-03-06 13:36:33', NULL, 1, 0, 1, 'NONE', 'NONE', 'aboutUsBee'),
(374, '2024-03-06 13:36:36', '2024-03-06 13:36:36', NULL, 1, 0, 1, 'NONE', 'NONE', ''),
(375, '2024-03-06 14:06:49', '2024-03-06 14:06:49', NULL, 1, 0, 1, 'NONE', 'NONE', ''),
(376, '2024-03-06 14:06:53', '2024-03-06 14:06:53', NULL, 1, 0, 1, 'NONE', 'NONE', 'contactUsBee'),
(377, '2024-03-06 14:06:54', '2024-03-06 14:06:54', NULL, 1, 0, 1, 'NONE', 'NONE', 'contactUsBee'),
(378, '2024-03-06 14:07:00', '2024-03-06 14:07:00', NULL, 1, 0, 1, 'NONE', 'NONE', 'aboutUsBee'),
(379, '2024-03-06 14:07:07', '2024-03-06 14:07:07', NULL, 1, 0, 1, 'NONE', 'NONE', 'aboutUsBee'),
(380, '2024-03-06 14:12:18', '2024-03-06 14:12:18', NULL, 1, 0, 1, 'NONE', 'NONE', ''),
(381, '2024-03-06 14:12:25', '2024-03-06 14:12:25', NULL, 1, 0, 1, 'NONE', 'NONE', ''),
(382, '2024-03-06 14:12:37', '2024-03-06 14:12:37', NULL, 1, 0, 1, 'NONE', 'NONE', ''),
(383, '2024-03-06 14:20:53', '2024-03-06 14:20:53', NULL, 1, 1, 0, 'NONE', 'NONE', 'business'),
(384, '2024-03-06 14:29:47', '2024-03-06 14:29:47', NULL, 1, 1, 0, 'NONE', 'NONE', ''),
(385, '2024-03-06 14:30:32', '2024-03-06 14:30:32', NULL, 1, 1, 0, 'NONE', 'NONE', 'contactUsBee'),
(386, '2024-03-06 14:34:42', '2024-03-06 14:34:42', NULL, 1, 0, 1, 'NONE', 'NONE', ''),
(387, '2024-03-06 14:34:50', '2024-03-06 14:34:50', NULL, 1, 0, 1, 'NONE', 'NONE', ''),
(388, '2024-03-06 14:34:59', '2024-03-06 14:34:59', NULL, 1, 1, 0, 'NONE', 'NONE', 'business'),
(389, '2024-03-06 14:43:44', '2024-03-06 14:43:44', NULL, 1, 0, 1, 'NONE', 'NONE', 'aboutUsBee'),
(390, '2024-03-06 14:43:48', '2024-03-06 14:43:48', NULL, 1, 0, 1, 'NONE', 'NONE', 'activities'),
(391, '2024-03-06 14:43:56', '2024-03-06 14:43:56', NULL, 1, 0, 1, 'NONE', 'NONE', 'contactUsBee'),
(392, '2024-03-06 14:43:58', '2024-03-06 14:43:58', NULL, 1, 0, 1, 'NONE', 'NONE', 'howItWorks'),
(393, '2024-03-06 14:44:16', '2024-03-06 14:44:16', NULL, 1, 0, 1, 'NONE', 'NONE', 'search'),
(394, '2024-03-06 14:44:22', '2024-03-06 14:44:22', NULL, 1, 0, 1, 'NONE', 'NONE', 'search'),
(395, '2024-03-06 14:44:33', '2024-03-06 14:44:33', NULL, 1, 0, 1, 'NONE', 'NONE', 'aboutUsBee'),
(396, '2024-03-06 14:44:39', '2024-03-06 14:44:39', NULL, 1, 0, 1, 'NONE', 'NONE', 'activities'),
(397, '2024-03-06 14:44:56', '2024-03-06 14:44:56', NULL, 1, 0, 1, 'NONE', 'NONE', 'contactUsBee'),
(398, '2024-03-06 14:45:03', '2024-03-06 14:45:03', NULL, 1, 0, 1, 'NONE', 'NONE', 'howItWorks'),
(399, '2024-03-06 14:45:21', '2024-03-06 14:45:21', NULL, 1, 0, 1, 'NONE', 'NONE', 'search'),
(400, '2024-03-06 14:45:25', '2024-03-06 14:45:25', NULL, 1, 0, 1, 'NONE', 'NONE', 'search'),
(401, '2024-03-06 14:53:08', '2024-03-06 14:53:08', NULL, 1, 0, 1, 'NONE', 'NONE', ''),
(402, '2024-03-06 14:53:09', '2024-03-06 14:53:09', NULL, 1, 0, 1, 'NONE', 'NONE', 'aboutUsBee'),
(403, '2024-03-06 14:53:10', '2024-03-06 14:53:10', NULL, 1, 0, 1, 'NONE', 'NONE', 'contactUsBee'),
(404, '2024-03-06 15:12:02', '2024-03-06 15:12:02', NULL, 1, 1, 0, 'NONE', 'NONE', 'contactUsBee'),
(405, '2024-03-06 15:14:18', '2024-03-06 15:14:18', NULL, 1, 1, 0, 'NONE', 'NONE', 'business'),
(406, '2024-03-06 15:23:14', '2024-03-06 15:23:14', NULL, 1, 1, 0, 'NONE', 'NONE', ''),
(407, '2024-03-06 15:23:26', '2024-03-06 15:23:26', NULL, 1, 1, 0, 'NONE', 'NONE', ''),
(408, '2024-03-06 15:23:33', '2024-03-06 15:23:33', NULL, 1, 1, 0, 'NONE', 'NONE', 'business'),
(409, '2024-03-06 15:23:42', '2024-03-06 15:23:42', NULL, 1, 1, 0, 'NONE', 'NONE', 'business'),
(410, '2024-03-06 15:23:52', '2024-03-06 15:23:52', NULL, 1, 1, 0, 'NONE', 'NONE', 'business'),
(411, '2024-03-06 15:25:12', '2024-03-06 15:25:12', NULL, 1, 1, 0, 'NONE', 'NONE', 'contactUsBee'),
(412, '2024-03-06 15:26:39', '2024-03-06 15:26:39', NULL, 1, 1, 0, 'NONE', 'NONE', 'myProfile'),
(413, '2024-03-06 15:26:50', '2024-03-06 15:26:50', NULL, 1, 1, 0, 'NONE', 'NONE', 'search'),
(414, '2024-03-06 15:27:12', '2024-03-06 15:27:12', NULL, 1, 0, 1, 'NONE', 'NONE', ''),
(415, '2024-03-06 15:27:56', '2024-03-06 15:27:56', NULL, 1, 1, 0, 'NONE', 'NONE', 'business'),
(416, '2024-03-06 15:30:12', '2024-03-06 15:30:12', NULL, 1, 0, 1, 'NONE', 'NONE', ''),
(417, '2024-03-06 15:32:02', '2024-03-06 15:32:02', NULL, 1, 0, 1, 'NONE', 'NONE', ''),
(418, '2024-03-06 15:32:25', '2024-03-06 15:32:25', NULL, 1, 1, 0, 'NONE', 'NONE', ''),
(419, '2024-03-06 15:32:41', '2024-03-06 15:32:41', NULL, 1, 1, 0, 'NONE', 'NONE', ''),
(420, '2024-03-06 15:33:04', '2024-03-06 15:33:04', NULL, 1, 1, 0, 'NONE', 'NONE', 'myProfile'),
(421, '2024-03-06 15:33:09', '2024-03-06 15:33:09', NULL, 1, 1, 0, 'NONE', 'NONE', 'business'),
(422, '2024-03-06 15:33:34', '2024-03-06 15:33:34', NULL, 1, 1, 0, 'NONE', 'NONE', ''),
(423, '2024-03-06 15:34:29', '2024-03-06 15:34:29', NULL, 1, 1, 0, 'NONE', 'NONE', ''),
(424, '2024-03-06 15:39:00', '2024-03-06 15:39:00', NULL, 1, 0, 1, 'NONE', 'NONE', ''),
(425, '2024-03-06 15:43:47', '2024-03-06 15:43:47', NULL, 1, 0, 1, 'NONE', 'NONE', ''),
(426, '2024-03-06 15:44:14', '2024-03-06 15:44:14', NULL, 1, 0, 1, 'NONE', 'NONE', ''),
(427, '2024-03-06 15:45:03', '2024-03-06 15:45:03', NULL, 1, 0, 1, 'NONE', 'NONE', ''),
(428, '2024-03-06 15:45:33', '2024-03-06 15:45:33', NULL, 1, 0, 1, 'NONE', 'NONE', 'businessDetails'),
(429, '2024-03-06 15:46:00', '2024-03-06 15:46:00', NULL, 1, 0, 1, 'NONE', 'NONE', 'businessDetails'),
(430, '2024-03-06 15:46:04', '2024-03-06 15:46:04', NULL, 1, 0, 1, 'NONE', 'NONE', ''),
(431, '2024-03-06 15:46:14', '2024-03-06 15:46:14', NULL, 1, 1, 0, 'NONE', 'NONE', ''),
(432, '2024-03-06 15:46:26', '2024-03-06 15:46:26', NULL, 1, 1, 0, 'NONE', 'NONE', ''),
(433, '2024-03-06 15:46:39', '2024-03-06 15:46:39', NULL, 1, 1, 0, 'NONE', 'NONE', ''),
(434, '2024-03-06 15:48:54', '2024-03-06 15:48:54', NULL, 1, 0, 1, 'NONE', 'NONE', ''),
(435, '2024-03-06 15:50:09', '2024-03-06 15:50:09', NULL, 1, 0, 1, 'NONE', 'NONE', ''),
(436, '2024-03-06 15:50:34', '2024-03-06 15:50:34', NULL, 1, 0, 1, 'NONE', 'NONE', ''),
(437, '2024-03-06 15:51:41', '2024-03-06 15:51:41', NULL, 1, 0, 1, 'NONE', 'NONE', ''),
(438, '2024-03-06 15:52:10', '2024-03-06 15:52:10', NULL, 1, 0, 1, 'NONE', 'NONE', ''),
(439, '2024-03-06 15:52:39', '2024-03-06 15:52:39', NULL, 1, 1, 0, 'NONE', 'NONE', ''),
(440, '2024-03-06 15:52:49', '2024-03-06 15:52:49', NULL, 1, 1, 0, 'NONE', 'NONE', ''),
(441, '2024-03-06 15:54:16', '2024-03-06 15:54:16', NULL, 1, 1, 0, 'NONE', 'NONE', ''),
(442, '2024-03-06 15:54:43', '2024-03-06 15:54:43', NULL, 1, 0, 1, 'NONE', 'NONE', ''),
(443, '2024-03-06 15:55:03', '2024-03-06 15:55:03', NULL, 1, 0, 1, 'NONE', 'NONE', ''),
(444, '2024-03-06 15:55:22', '2024-03-06 15:55:22', NULL, 1, 0, 1, 'NONE', 'NONE', ''),
(445, '2024-03-06 16:00:47', '2024-03-06 16:00:47', NULL, 1, 0, 1, 'NONE', 'NONE', ''),
(446, '2024-03-06 16:08:56', '2024-03-06 16:08:56', NULL, 1, 1, 0, 'NONE', 'NONE', ''),
(447, '2024-03-06 16:09:15', '2024-03-06 16:09:15', NULL, 1, 1, 0, 'NONE', 'NONE', ''),
(448, '2024-03-06 16:09:20', '2024-03-06 16:09:20', NULL, 1, 1, 0, 'NONE', 'NONE', ''),
(449, '2024-03-06 16:09:29', '2024-03-06 16:09:29', NULL, 1, 1, 0, 'NONE', 'NONE', ''),
(450, '2024-03-06 16:09:29', '2024-03-06 16:09:29', NULL, 1, 1, 0, 'NONE', 'NONE', ''),
(451, '2024-03-06 16:11:07', '2024-03-06 16:11:07', NULL, 1, 0, 1, 'NONE', 'NONE', ''),
(452, '2024-03-06 16:11:40', '2024-03-06 16:11:40', NULL, 1, 0, 1, 'NONE', 'NONE', ''),
(453, '2024-03-06 16:11:49', '2024-03-06 16:11:49', NULL, 1, 0, 1, 'NONE', 'NONE', ''),
(454, '2024-03-06 16:11:59', '2024-03-06 16:11:59', NULL, 1, 0, 1, 'NONE', 'NONE', ''),
(455, '2024-03-06 16:15:43', '2024-03-06 16:15:43', NULL, 1, 0, 1, 'NONE', 'NONE', ''),
(456, '2024-03-06 16:16:01', '2024-03-06 16:16:01', NULL, 1, 0, 1, 'NONE', 'NONE', ''),
(457, '2024-03-06 16:16:02', '2024-03-06 16:16:02', NULL, 1, 0, 1, 'NONE', 'NONE', ''),
(458, '2024-03-06 16:16:15', '2024-03-06 16:16:15', NULL, 1, 0, 1, 'NONE', 'NONE', ''),
(459, '2024-03-06 16:16:19', '2024-03-06 16:16:19', NULL, 1, 0, 1, 'NONE', 'NONE', ''),
(460, '2024-03-06 16:16:26', '2024-03-06 16:16:26', NULL, 1, 0, 1, 'NONE', 'NONE', ''),
(461, '2024-03-06 16:16:49', '2024-03-06 16:16:49', NULL, 1, 0, 1, 'NONE', 'NONE', ''),
(462, '2024-03-06 16:17:05', '2024-03-06 16:17:05', NULL, 1, 0, 1, 'NONE', 'NONE', ''),
(463, '2024-03-06 16:17:28', '2024-03-06 16:17:28', NULL, 1, 0, 1, 'NONE', 'NONE', ''),
(464, '2024-03-06 16:17:38', '2024-03-06 16:17:38', NULL, 1, 0, 1, 'NONE', 'NONE', ''),
(465, '2024-03-06 16:18:41', '2024-03-06 16:18:41', NULL, 1, 0, 1, 'NONE', 'NONE', ''),
(466, '2024-03-06 16:18:48', '2024-03-06 16:18:48', NULL, 1, 0, 1, 'NONE', 'NONE', ''),
(467, '2024-03-06 16:20:00', '2024-03-06 16:20:00', NULL, 1, 0, 1, 'NONE', 'NONE', ''),
(468, '2024-03-06 16:20:45', '2024-03-06 16:20:45', NULL, 1, 0, 1, 'NONE', 'NONE', ''),
(469, '2024-03-06 16:22:05', '2024-03-06 16:22:05', NULL, 1, 0, 1, 'NONE', 'NONE', ''),
(470, '2024-03-06 16:22:11', '2024-03-06 16:22:11', NULL, 1, 0, 1, 'NONE', 'NONE', ''),
(471, '2024-03-06 16:26:54', '2024-03-06 16:26:54', NULL, 1, 0, 1, 'NONE', 'NONE', ''),
(472, '2024-03-06 16:26:58', '2024-03-06 16:26:58', NULL, 1, 0, 1, 'NONE', 'NONE', ''),
(473, '2024-03-06 16:27:16', '2024-03-06 16:27:16', NULL, 1, 0, 1, 'NONE', 'NONE', ''),
(474, '2024-03-06 16:27:30', '2024-03-06 16:27:30', NULL, 1, 1, 0, 'NONE', 'NONE', ''),
(475, '2024-03-06 16:27:44', '2024-03-06 16:27:44', NULL, 1, 0, 1, 'NONE', 'NONE', ''),
(476, '2024-03-06 16:28:10', '2024-03-06 16:28:10', NULL, 1, 0, 1, 'NONE', 'NONE', ''),
(477, '2024-03-06 16:28:18', '2024-03-06 16:28:18', NULL, 1, 0, 1, 'NONE', 'NONE', ''),
(478, '2024-03-06 16:28:22', '2024-03-06 16:28:22', NULL, 1, 0, 1, 'NONE', 'NONE', ''),
(479, '2024-03-06 16:29:10', '2024-03-06 16:29:10', NULL, 1, 0, 1, 'NONE', 'NONE', 'search'),
(480, '2024-03-06 16:29:14', '2024-03-06 16:29:14', NULL, 1, 0, 1, 'NONE', 'NONE', ''),
(481, '2024-03-06 16:30:26', '2024-03-06 16:30:26', NULL, 1, 0, 1, 'NONE', 'NONE', ''),
(482, '2024-03-06 16:30:35', '2024-03-06 16:30:35', NULL, 1, 0, 1, 'NONE', 'NONE', ''),
(483, '2024-03-06 16:30:36', '2024-03-06 16:30:36', NULL, 1, 0, 1, 'NONE', 'NONE', ''),
(484, '2024-03-06 16:31:33', '2024-03-06 16:31:33', NULL, 1, 0, 1, 'NONE', 'NONE', ''),
(485, '2024-03-06 16:31:34', '2024-03-06 16:31:34', NULL, 1, 0, 1, 'NONE', 'NONE', ''),
(486, '2024-03-06 16:31:34', '2024-03-06 16:31:34', NULL, 1, 0, 1, 'NONE', 'NONE', ''),
(487, '2024-03-06 16:31:34', '2024-03-06 16:31:34', NULL, 1, 0, 1, 'NONE', 'NONE', ''),
(488, '2024-03-06 16:31:35', '2024-03-06 16:31:35', NULL, 1, 0, 1, 'NONE', 'NONE', ''),
(489, '2024-03-06 16:31:35', '2024-03-06 16:31:35', NULL, 1, 0, 1, 'NONE', 'NONE', ''),
(490, '2024-03-06 16:31:35', '2024-03-06 16:31:35', NULL, 1, 0, 1, 'NONE', 'NONE', ''),
(491, '2024-03-06 16:31:35', '2024-03-06 16:31:35', NULL, 1, 0, 1, 'NONE', 'NONE', ''),
(492, '2024-03-06 16:31:35', '2024-03-06 16:31:35', NULL, 1, 0, 1, 'NONE', 'NONE', ''),
(493, '2024-03-06 16:31:36', '2024-03-06 16:31:36', NULL, 1, 0, 1, 'NONE', 'NONE', ''),
(494, '2024-03-06 16:31:36', '2024-03-06 16:31:36', NULL, 1, 0, 1, 'NONE', 'NONE', ''),
(495, '2024-03-06 16:31:36', '2024-03-06 16:31:36', NULL, 1, 0, 1, 'NONE', 'NONE', ''),
(496, '2024-03-06 16:31:36', '2024-03-06 16:31:36', NULL, 1, 0, 1, 'NONE', 'NONE', ''),
(497, '2024-03-06 16:31:44', '2024-03-06 16:31:44', NULL, 1, 0, 1, 'NONE', 'NONE', 'search'),
(498, '2024-03-06 16:32:05', '2024-03-06 16:32:05', NULL, 1, 0, 1, 'NONE', 'NONE', ''),
(499, '2024-03-06 16:33:10', '2024-03-06 16:33:10', NULL, 1, 0, 1, 'NONE', 'NONE', 'search'),
(500, '2024-03-06 16:33:36', '2024-03-06 16:33:36', NULL, 1, 0, 1, 'NONE', 'NONE', 'search'),
(501, '2024-03-06 16:34:07', '2024-03-06 16:34:07', NULL, 1, 1, 0, 'NONE', 'NONE', 'business'),
(502, '2024-03-06 16:34:09', '2024-03-06 16:34:09', NULL, 1, 1, 0, 'NONE', 'NONE', ''),
(503, '2024-03-06 16:38:01', '2024-03-06 16:38:01', NULL, 1, 1, 0, 'NONE', 'NONE', ''),
(504, '2024-03-06 16:38:13', '2024-03-06 16:38:13', NULL, 1, 1, 0, 'NONE', 'NONE', ''),
(505, '2024-03-06 16:38:31', '2024-03-06 16:38:31', NULL, 1, 1, 0, 'NONE', 'NONE', 'business'),
(506, '2024-03-06 16:38:33', '2024-03-06 16:38:33', NULL, 1, 1, 0, 'NONE', 'NONE', ''),
(507, '2024-03-06 16:39:48', '2024-03-06 16:39:48', NULL, 1, 1, 0, 'NONE', 'NONE', ''),
(508, '2024-03-06 16:40:05', '2024-03-06 16:40:05', NULL, 1, 1, 0, 'NONE', 'NONE', 'business'),
(509, '2024-03-06 16:42:27', '2024-03-06 16:42:27', NULL, 1, 1, 0, 'NONE', 'NONE', 'business'),
(510, '2024-03-06 16:42:34', '2024-03-06 16:42:34', NULL, 1, 1, 0, 'NONE', 'NONE', 'business'),
(511, '2024-03-06 16:42:44', '2024-03-06 16:42:44', NULL, 1, 1, 0, 'NONE', 'NONE', 'business'),
(512, '2024-03-06 16:49:40', '2024-03-06 16:49:40', NULL, 1, 1, 0, 'NONE', 'NONE', ''),
(513, '2024-03-06 16:49:43', '2024-03-06 16:49:43', NULL, 1, 1, 0, 'NONE', 'NONE', ''),
(514, '2024-03-06 16:49:55', '2024-03-06 16:49:55', NULL, 1, 1, 0, 'NONE', 'NONE', 'activities'),
(515, '2024-03-06 16:49:59', '2024-03-06 16:49:59', NULL, 1, 1, 0, 'NONE', 'NONE', 'howItWorks'),
(516, '2024-03-06 17:01:48', '2024-03-06 17:01:48', NULL, 1, 1, 0, 'NONE', 'NONE', 'howItWorks'),
(517, '2024-03-06 17:03:31', '2024-03-06 17:03:31', NULL, 1, 1, 0, 'NONE', 'NONE', 'howItWorks'),
(518, '2024-03-06 17:03:43', '2024-03-06 17:03:43', NULL, 1, 1, 0, 'NONE', 'NONE', 'howItWorks'),
(519, '2024-03-06 17:03:46', '2024-03-06 17:03:46', NULL, 1, 1, 0, 'NONE', 'NONE', 'howItWorks'),
(520, '2024-03-06 17:03:48', '2024-03-06 17:03:48', NULL, 1, 1, 0, 'NONE', 'NONE', 'howItWorks'),
(521, '2024-03-06 17:03:50', '2024-03-06 17:03:50', NULL, 1, 1, 0, 'NONE', 'NONE', 'howItWorks'),
(522, '2024-03-06 17:05:02', '2024-03-06 17:05:02', NULL, 1, 1, 0, 'NONE', 'NONE', 'howItWorks'),
(523, '2024-03-06 17:05:11', '2024-03-06 17:05:11', NULL, 1, 1, 0, 'NONE', 'NONE', 'howItWorks'),
(524, '2024-03-06 17:05:24', '2024-03-06 17:05:24', NULL, 1, 1, 0, 'NONE', 'NONE', 'howItWorks'),
(525, '2024-03-06 17:05:27', '2024-03-06 17:05:27', NULL, 1, 1, 0, 'NONE', 'NONE', 'howItWorks'),
(526, '2024-03-06 17:05:28', '2024-03-06 17:05:28', NULL, 1, 1, 0, 'NONE', 'NONE', 'howItWorks'),
(527, '2024-03-06 17:05:38', '2024-03-06 17:05:38', NULL, 1, 1, 0, 'NONE', 'NONE', 'howItWorks'),
(528, '2024-03-06 17:05:50', '2024-03-06 17:05:50', NULL, 1, 1, 0, 'NONE', 'NONE', 'howItWorks'),
(529, '2024-03-06 17:06:03', '2024-03-06 17:06:03', NULL, 1, 1, 0, 'NONE', 'NONE', 'howItWorks'),
(530, '2024-03-06 17:07:34', '2024-03-06 17:07:34', NULL, 1, 0, 1, 'NONE', 'NONE', 'howItWorks'),
(531, '2024-03-06 17:07:47', '2024-03-06 17:07:47', NULL, 1, 0, 1, 'NONE', 'NONE', 'howItWorks'),
(532, '2024-03-06 17:08:14', '2024-03-06 17:08:14', NULL, 1, 0, 1, 'NONE', 'NONE', 'howItWorks'),
(533, '2024-03-06 17:08:15', '2024-03-06 17:08:15', NULL, 1, 0, 1, 'NONE', 'NONE', 'howItWorks'),
(534, '2024-03-06 17:08:33', '2024-03-06 17:08:33', NULL, 1, 0, 1, 'NONE', 'NONE', 'howItWorks'),
(535, '2024-03-06 17:08:43', '2024-03-06 17:08:43', NULL, 1, 0, 1, 'NONE', 'NONE', 'search'),
(536, '2024-03-06 17:09:01', '2024-03-06 17:09:01', NULL, 1, 0, 1, 'NONE', 'NONE', 'search'),
(537, '2024-03-06 17:09:37', '2024-03-06 17:09:37', NULL, 1, 0, 1, 'NONE', 'NONE', ''),
(538, '2024-03-06 17:10:12', '2024-03-06 17:10:12', NULL, 1, 0, 1, 'NONE', 'NONE', ''),
(539, '2024-03-06 17:10:16', '2024-03-06 17:10:16', NULL, 1, 0, 1, 'NONE', 'NONE', ''),
(540, '2024-03-06 17:10:35', '2024-03-06 17:10:35', NULL, 1, 0, 1, 'NONE', 'NONE', ''),
(541, '2024-03-06 17:10:57', '2024-03-06 17:10:57', NULL, 1, 0, 1, 'NONE', 'NONE', ''),
(542, '2024-03-06 17:11:15', '2024-03-06 17:11:15', NULL, 1, 0, 1, 'NONE', 'NONE', ''),
(543, '2024-03-06 17:11:26', '2024-03-06 17:11:26', NULL, 1, 0, 1, 'NONE', 'NONE', ''),
(544, '2024-03-06 17:13:17', '2024-03-06 17:13:17', NULL, 1, 0, 1, 'NONE', 'NONE', ''),
(545, '2024-03-06 17:13:20', '2024-03-06 17:13:20', NULL, 1, 0, 1, 'NONE', 'NONE', ''),
(546, '2024-03-06 17:13:21', '2024-03-06 17:13:21', NULL, 1, 0, 1, 'NONE', 'NONE', ''),
(547, '2024-03-06 17:13:22', '2024-03-06 17:13:22', NULL, 1, 0, 1, 'NONE', 'NONE', ''),
(548, '2024-03-06 17:13:22', '2024-03-06 17:13:22', NULL, 1, 0, 1, 'NONE', 'NONE', ''),
(549, '2024-03-06 17:13:22', '2024-03-06 17:13:22', NULL, 1, 0, 1, 'NONE', 'NONE', ''),
(550, '2024-03-06 17:13:35', '2024-03-06 17:13:35', NULL, 1, 0, 1, 'NONE', 'NONE', ''),
(551, '2024-03-06 17:14:49', '2024-03-06 17:14:49', NULL, 1, 0, 1, 'NONE', 'NONE', ''),
(552, '2024-03-06 17:14:59', '2024-03-06 17:14:59', NULL, 1, 0, 1, 'NONE', 'NONE', ''),
(553, '2024-03-06 17:15:13', '2024-03-06 17:15:13', NULL, 1, 0, 1, 'NONE', 'NONE', '');
INSERT INTO `counter_by_log_user_to_business` (`id`, `created_at`, `updated_at`, `deleted_at`, `business_id`, `user_id`, `is_guess`, `manager_click_type`, `manager_click_id`, `action_name`) VALUES
(554, '2024-03-06 17:15:26', '2024-03-06 17:15:26', NULL, 1, 0, 1, 'NONE', 'NONE', ''),
(555, '2024-03-06 17:15:27', '2024-03-06 17:15:27', NULL, 1, 0, 1, 'NONE', 'NONE', ''),
(556, '2024-03-06 17:15:27', '2024-03-06 17:15:27', NULL, 1, 0, 1, 'NONE', 'NONE', ''),
(557, '2024-03-06 17:18:25', '2024-03-06 17:18:25', NULL, 1, 0, 1, 'NONE', 'NONE', ''),
(558, '2024-03-06 17:18:36', '2024-03-06 17:18:36', NULL, 1, 0, 1, 'NONE', 'NONE', ''),
(559, '2024-03-06 17:22:46', '2024-03-06 17:22:46', NULL, 1, 0, 1, 'NONE', 'NONE', ''),
(560, '2024-03-06 17:26:45', '2024-03-06 17:26:45', NULL, 1, 0, 1, 'NONE', 'NONE', ''),
(561, '2024-03-06 17:27:03', '2024-03-06 17:27:03', NULL, 1, 0, 1, 'NONE', 'NONE', ''),
(562, '2024-03-06 17:27:07', '2024-03-06 17:27:07', NULL, 1, 0, 1, 'NONE', 'NONE', 'search'),
(563, '2024-03-06 17:27:12', '2024-03-06 17:27:12', NULL, 1, 0, 1, 'NONE', 'NONE', 'businessDetails'),
(564, '2024-03-06 17:27:22', '2024-03-06 17:27:22', NULL, 1, 0, 1, 'NONE', 'NONE', ''),
(565, '2024-03-06 17:36:08', '2024-03-06 17:36:08', NULL, 1, 0, 1, 'NONE', 'NONE', ''),
(566, '2024-03-06 17:36:29', '2024-03-06 17:36:29', NULL, 1, 0, 1, 'NONE', 'NONE', 'activities'),
(567, '2024-03-06 18:32:24', '2024-03-06 18:32:24', NULL, 1, 0, 1, 'NONE', 'NONE', ''),
(568, '2024-03-06 20:02:26', '2024-03-06 20:02:26', NULL, 1, 0, 1, 'NONE', 'NONE', ''),
(569, '2024-03-06 20:10:25', '2024-03-06 20:10:25', NULL, 1, 0, 1, 'NONE', 'NONE', ''),
(570, '2024-03-06 20:19:31', '2024-03-06 20:19:31', NULL, 1, 0, 1, 'NONE', 'NONE', ''),
(571, '2024-03-06 20:45:51', '2024-03-06 20:45:51', NULL, 1, 0, 1, 'NONE', 'NONE', ''),
(572, '2024-03-06 21:02:23', '2024-03-06 21:02:23', NULL, 1, 0, 1, 'NONE', 'NONE', 'search'),
(573, '2024-03-06 22:28:08', '2024-03-06 22:28:08', NULL, 1, 0, 1, 'NONE', 'NONE', ''),
(574, '2024-03-06 22:40:38', '2024-03-06 22:40:38', NULL, 1, 0, 1, 'NONE', 'NONE', 'shopBee'),
(575, '2024-03-06 23:55:09', '2024-03-06 23:55:09', NULL, 1, 0, 1, 'NONE', 'NONE', ''),
(576, '2024-03-07 01:56:49', '2024-03-07 01:56:49', NULL, 1, 0, 1, 'NONE', 'NONE', ''),
(577, '2024-03-07 01:56:49', '2024-03-07 01:56:49', NULL, 1, 0, 1, 'NONE', 'NONE', ''),
(578, '2024-03-07 03:46:32', '2024-03-07 03:46:32', NULL, 1, 0, 1, 'NONE', 'NONE', ''),
(579, '2024-03-07 03:53:32', '2024-03-07 03:53:32', NULL, 1, 0, 1, 'NONE', 'NONE', ''),
(580, '2024-03-07 05:28:52', '2024-03-07 05:28:52', NULL, 1, 0, 1, 'NONE', 'NONE', ''),
(581, '2024-03-07 05:31:22', '2024-03-07 05:31:22', NULL, 1, 0, 1, 'NONE', 'NONE', ''),
(582, '2024-03-07 05:44:30', '2024-03-07 05:44:30', NULL, 1, 0, 1, 'NONE', 'NONE', ''),
(583, '2024-03-07 06:16:35', '2024-03-07 06:16:35', NULL, 1, 0, 1, 'NONE', 'NONE', ''),
(584, '2024-03-07 06:23:00', '2024-03-07 06:23:00', NULL, 1, 0, 1, 'NONE', 'NONE', ''),
(585, '2024-03-07 07:57:42', '2024-03-07 07:57:42', NULL, 1, 0, 1, 'NONE', 'NONE', ''),
(586, '2024-03-07 08:09:47', '2024-03-07 08:09:47', NULL, 1, 0, 1, 'NONE', 'NONE', ''),
(587, '2024-03-07 08:10:58', '2024-03-07 08:10:58', NULL, 1, 0, 1, 'NONE', 'NONE', ''),
(588, '2024-03-07 08:11:29', '2024-03-07 08:11:29', NULL, 1, 0, 1, 'NONE', 'NONE', ''),
(589, '2024-03-07 08:12:13', '2024-03-07 08:12:13', NULL, 1, 0, 1, 'NONE', 'NONE', ''),
(590, '2024-03-07 08:12:41', '2024-03-07 08:12:41', NULL, 1, 0, 1, 'NONE', 'NONE', ''),
(591, '2024-03-07 08:57:11', '2024-03-07 08:57:11', NULL, 1, 0, 1, 'NONE', 'NONE', ''),
(592, '2024-03-07 11:18:27', '2024-03-07 11:18:27', NULL, 1, 0, 1, 'NONE', 'NONE', ''),
(593, '2024-03-07 11:32:06', '2024-03-07 11:32:06', NULL, 1, 0, 1, 'NONE', 'NONE', ''),
(594, '2024-03-07 14:34:54', '2024-03-07 14:34:54', NULL, 1, 0, 1, 'NONE', 'NONE', ''),
(595, '2024-03-07 16:01:38', '2024-03-07 16:01:38', NULL, 1, 0, 1, 'NONE', 'NONE', ''),
(596, '2024-03-07 16:08:07', '2024-03-07 16:08:07', NULL, 1, 0, 1, 'NONE', 'NONE', ''),
(597, '2024-03-07 16:19:37', '2024-03-07 16:19:37', NULL, 1, 0, 1, 'NONE', 'NONE', 'aboutUsBee'),
(598, '2024-03-07 17:00:57', '2024-03-07 17:00:57', NULL, 1, 0, 1, 'NONE', 'NONE', ''),
(599, '2024-03-07 17:07:05', '2024-03-07 17:07:05', NULL, 1, 0, 1, 'NONE', 'NONE', 'authorSingle'),
(600, '2024-03-07 17:31:12', '2024-03-07 17:31:12', NULL, 1, 0, 1, 'NONE', 'NONE', ''),
(601, '2024-03-07 18:39:09', '2024-03-07 18:39:09', NULL, 1, 0, 1, 'NONE', 'NONE', 'search'),
(602, '2024-03-07 19:33:35', '2024-03-07 19:33:35', NULL, 1, 0, 1, 'NONE', 'NONE', ''),
(603, '2024-03-07 19:42:53', '2024-03-07 19:42:53', NULL, 1, 0, 1, 'NONE', 'NONE', 'search'),
(604, '2024-03-07 19:52:25', '2024-03-07 19:52:25', NULL, 1, 0, 1, 'NONE', 'NONE', 'aboutUsBee'),
(605, '2024-03-07 20:19:31', '2024-03-07 20:19:31', NULL, 1, 0, 1, 'NONE', 'NONE', ''),
(606, '2024-03-07 20:42:05', '2024-03-07 20:42:05', NULL, 1, 0, 1, 'NONE', 'NONE', ''),
(607, '2024-03-07 21:01:58', '2024-03-07 21:01:58', NULL, 1, 0, 1, 'NONE', 'NONE', ''),
(608, '2024-03-07 21:19:20', '2024-03-07 21:19:20', NULL, 1, 0, 1, 'NONE', 'NONE', ''),
(609, '2024-03-07 22:38:27', '2024-03-07 22:38:27', NULL, 1, 0, 1, 'NONE', 'NONE', ''),
(610, '2024-03-07 22:46:40', '2024-03-07 22:46:40', NULL, 1, 0, 1, 'NONE', 'NONE', ''),
(611, '2024-03-08 01:19:03', '2024-03-08 01:19:03', NULL, 1, 0, 1, 'NONE', 'NONE', ''),
(612, '2024-03-08 01:25:07', '2024-03-08 01:25:07', NULL, 1, 0, 1, 'NONE', 'NONE', ''),
(613, '2024-03-08 01:34:11', '2024-03-08 01:34:11', NULL, 1, 0, 1, 'NONE', 'NONE', ''),
(614, '2024-03-08 04:00:12', '2024-03-08 04:00:12', NULL, 1, 0, 1, 'NONE', 'NONE', ''),
(615, '2024-03-08 05:16:57', '2024-03-08 05:16:57', NULL, 1, 0, 1, 'NONE', 'NONE', 'authorSingle'),
(616, '2024-03-08 05:25:24', '2024-03-08 05:25:24', NULL, 1, 0, 1, 'NONE', 'NONE', 'search'),
(617, '2024-03-08 07:38:38', '2024-03-08 07:38:38', NULL, 1, 0, 1, 'NONE', 'NONE', ''),
(618, '2024-03-08 07:52:21', '2024-03-08 07:52:21', NULL, 1, 0, 1, 'NONE', 'NONE', ''),
(619, '2024-03-08 09:03:58', '2024-03-08 09:03:58', NULL, 1, 0, 1, 'NONE', 'NONE', 'listingSingle'),
(620, '2024-03-08 09:08:42', '2024-03-08 09:08:42', NULL, 1, 0, 1, 'NONE', 'NONE', ''),
(621, '2024-03-08 09:55:53', '2024-03-08 09:55:53', NULL, 1, 0, 1, 'NONE', 'NONE', ''),
(622, '2024-03-08 12:00:11', '2024-03-08 12:00:11', NULL, 1, 0, 1, 'NONE', 'NONE', ''),
(623, '2024-03-08 13:57:22', '2024-03-08 13:57:22', NULL, 1, 0, 1, 'NONE', 'NONE', ''),
(624, '2024-03-08 14:01:30', '2024-03-08 14:01:30', NULL, 1, 0, 1, 'NONE', 'NONE', ''),
(625, '2024-03-08 14:14:18', '2024-03-08 14:14:18', NULL, 1, 0, 1, 'NONE', 'NONE', ''),
(626, '2024-03-08 15:48:42', '2024-03-08 15:48:42', NULL, 1, 0, 1, 'NONE', 'NONE', 'contactUsBee'),
(627, '2024-03-08 15:48:44', '2024-03-08 15:48:44', NULL, 1, 0, 1, 'NONE', 'NONE', ''),
(628, '2024-03-08 15:48:44', '2024-03-08 15:48:44', NULL, 1, 0, 1, 'NONE', 'NONE', ''),
(629, '2024-03-08 16:16:11', '2024-03-08 16:16:11', NULL, 1, 0, 1, 'NONE', 'NONE', ''),
(630, '2024-03-08 16:16:31', '2024-03-08 16:16:31', NULL, 1, 0, 1, 'NONE', 'NONE', ''),
(631, '2024-03-08 16:29:13', '2024-03-08 16:29:13', NULL, 1, 0, 1, 'NONE', 'NONE', ''),
(632, '2024-03-08 16:33:44', '2024-03-08 16:33:44', NULL, 1, 0, 1, 'NONE', 'NONE', ''),
(633, '2024-03-08 16:51:26', '2024-03-08 16:51:26', NULL, 1, 0, 1, 'NONE', 'NONE', ''),
(634, '2024-03-08 17:11:09', '2024-03-08 17:11:09', NULL, 1, 0, 1, 'NONE', 'NONE', ''),
(635, '2024-03-08 17:34:07', '2024-03-08 17:34:07', NULL, 1, 0, 1, 'NONE', 'NONE', ''),
(636, '2024-03-08 17:48:24', '2024-03-08 17:48:24', NULL, 1, 0, 1, 'NONE', 'NONE', ''),
(637, '2024-03-08 18:23:11', '2024-03-08 18:23:11', NULL, 1, 0, 1, 'NONE', 'NONE', ''),
(638, '2024-03-08 18:23:20', '2024-03-08 18:23:20', NULL, 1, 0, 1, 'NONE', 'NONE', ''),
(639, '2024-03-08 18:23:48', '2024-03-08 18:23:48', NULL, 1, 0, 1, 'NONE', 'NONE', 'search'),
(640, '2024-03-08 18:25:25', '2024-03-08 18:25:25', NULL, 1, 0, 1, 'NONE', 'NONE', ''),
(641, '2024-03-08 18:25:27', '2024-03-08 18:25:27', NULL, 1, 0, 1, 'NONE', 'NONE', ''),
(642, '2024-03-08 18:35:55', '2024-03-08 18:35:55', NULL, 1, 0, 1, 'NONE', 'NONE', ''),
(643, '2024-03-08 19:24:11', '2024-03-08 19:24:11', NULL, 1, 0, 1, 'NONE', 'NONE', ''),
(644, '2024-03-08 19:26:23', '2024-03-08 19:26:23', NULL, 1, 0, 1, 'NONE', 'NONE', ''),
(645, '2024-03-08 19:37:17', '2024-03-08 19:37:17', NULL, 1, 0, 1, 'NONE', 'NONE', 'contactUsBee'),
(646, '2024-03-08 20:19:31', '2024-03-08 20:19:31', NULL, 1, 0, 1, 'NONE', 'NONE', ''),
(647, '2024-03-08 20:46:22', '2024-03-08 20:46:22', NULL, 1, 0, 1, 'NONE', 'NONE', ''),
(648, '2024-03-08 20:46:46', '2024-03-08 20:46:46', NULL, 1, 0, 1, 'NONE', 'NONE', ''),
(649, '2024-03-08 21:03:07', '2024-03-08 21:03:07', NULL, 1, 0, 1, 'NONE', 'NONE', ''),
(650, '2024-03-08 21:07:36', '2024-03-08 21:07:36', NULL, 1, 0, 1, 'NONE', 'NONE', ''),
(651, '2024-03-08 23:02:22', '2024-03-08 23:02:22', NULL, 1, 0, 1, 'NONE', 'NONE', ''),
(652, '2024-03-08 23:11:32', '2024-03-08 23:11:32', NULL, 1, 0, 1, 'NONE', 'NONE', ''),
(653, '2024-03-08 23:35:14', '2024-03-08 23:35:14', NULL, 1, 0, 1, 'NONE', 'NONE', ''),
(654, '2024-03-09 00:32:03', '2024-03-09 00:32:03', NULL, 1, 0, 1, 'NONE', 'NONE', ''),
(655, '2024-03-09 00:39:33', '2024-03-09 00:39:33', NULL, 1, 0, 1, 'NONE', 'NONE', ''),
(656, '2024-03-09 01:45:56', '2024-03-09 01:45:56', NULL, 1, 0, 1, 'NONE', 'NONE', 'activities'),
(657, '2024-03-09 02:32:24', '2024-03-09 02:32:24', NULL, 1, 0, 1, 'NONE', 'NONE', ''),
(658, '2024-03-09 02:51:18', '2024-03-09 02:51:18', NULL, 1, 0, 1, 'NONE', 'NONE', ''),
(659, '2024-03-09 02:58:00', '2024-03-09 02:58:00', NULL, 1, 0, 1, 'NONE', 'NONE', ''),
(660, '2024-03-09 03:02:10', '2024-03-09 03:02:10', NULL, 1, 0, 1, 'NONE', 'NONE', 'contactUsBee'),
(661, '2024-03-09 04:37:29', '2024-03-09 04:37:29', NULL, 1, 0, 1, 'NONE', 'NONE', 'contactUsBee'),
(662, '2024-03-09 05:10:09', '2024-03-09 05:10:09', NULL, 1, 0, 1, 'NONE', 'NONE', 'rewards'),
(663, '2024-03-09 05:27:57', '2024-03-09 05:27:57', NULL, 1, 0, 1, 'NONE', 'NONE', 'howItWorks'),
(664, '2024-03-09 05:58:57', '2024-03-09 05:58:57', NULL, 1, 0, 1, 'NONE', 'NONE', 'howItWorks'),
(665, '2024-03-09 06:18:22', '2024-03-09 06:18:22', NULL, 1, 0, 1, 'NONE', 'NONE', ''),
(666, '2024-03-09 06:53:55', '2024-03-09 06:53:55', NULL, 1, 0, 1, 'NONE', 'NONE', ''),
(667, '2024-03-09 06:53:58', '2024-03-09 06:53:58', NULL, 1, 0, 1, 'NONE', 'NONE', ''),
(668, '2024-03-09 06:54:04', '2024-03-09 06:54:04', NULL, 1, 0, 1, 'NONE', 'NONE', ''),
(669, '2024-03-09 07:49:24', '2024-03-09 07:49:24', NULL, 1, 0, 1, 'NONE', 'NONE', ''),
(670, '2024-03-09 07:56:15', '2024-03-09 07:56:15', NULL, 1, 0, 1, 'NONE', 'NONE', ''),
(671, '2024-03-09 07:58:21', '2024-03-09 07:58:21', NULL, 1, 0, 1, 'NONE', 'NONE', ''),
(672, '2024-03-09 08:02:43', '2024-03-09 08:02:43', NULL, 1, 0, 1, 'NONE', 'NONE', ''),
(673, '2024-03-09 10:09:48', '2024-03-09 10:09:48', NULL, 1, 0, 1, 'NONE', 'NONE', ''),
(674, '2024-03-09 10:57:29', '2024-03-09 10:57:29', NULL, 1, 0, 1, 'NONE', 'NONE', ''),
(675, '2024-03-09 11:01:34', '2024-03-09 11:01:34', NULL, 1, 0, 1, 'NONE', 'NONE', ''),
(676, '2024-03-09 11:24:13', '2024-03-09 11:24:13', NULL, 1, 0, 1, 'NONE', 'NONE', 'search'),
(677, '2024-03-09 11:48:19', '2024-03-09 11:48:19', NULL, 1, 0, 1, 'NONE', 'NONE', ''),
(678, '2024-03-09 12:00:33', '2024-03-09 12:00:33', NULL, 1, 0, 1, 'NONE', 'NONE', ''),
(679, '2024-03-09 13:02:16', '2024-03-09 13:02:16', NULL, 1, 0, 1, 'NONE', 'NONE', ''),
(680, '2024-03-09 13:10:44', '2024-03-09 13:10:44', NULL, 1, 0, 1, 'NONE', 'NONE', ''),
(681, '2024-03-09 14:19:42', '2024-03-09 14:19:42', NULL, 1, 0, 1, 'NONE', 'NONE', 'search'),
(682, '2024-03-09 14:24:03', '2024-03-09 14:24:03', NULL, 1, 0, 1, 'NONE', 'NONE', ''),
(683, '2024-03-09 14:48:21', '2024-03-09 14:48:21', NULL, 1, 0, 1, 'NONE', 'NONE', 'shopBee'),
(684, '2024-03-09 16:08:34', '2024-03-09 16:08:34', NULL, 1, 0, 1, 'NONE', 'NONE', 'search'),
(685, '2024-03-09 18:37:15', '2024-03-09 18:37:15', NULL, 1, 0, 1, 'NONE', 'NONE', ''),
(686, '2024-03-09 18:47:17', '2024-03-09 18:47:17', NULL, 1, 0, 1, 'NONE', 'NONE', ''),
(687, '2024-03-09 19:18:38', '2024-03-09 19:18:38', NULL, 1, 0, 1, 'NONE', 'NONE', ''),
(688, '2024-03-09 19:33:22', '2024-03-09 19:33:22', NULL, 1, 0, 1, 'NONE', 'NONE', ''),
(689, '2024-03-09 19:35:13', '2024-03-09 19:35:13', NULL, 1, 0, 1, 'NONE', 'NONE', ''),
(690, '2024-03-09 19:35:14', '2024-03-09 19:35:14', NULL, 1, 0, 1, 'NONE', 'NONE', ''),
(691, '2024-03-09 19:39:57', '2024-03-09 19:39:57', NULL, 1, 0, 1, 'NONE', 'NONE', ''),
(692, '2024-03-09 19:40:00', '2024-03-09 19:40:00', NULL, 1, 0, 1, 'NONE', 'NONE', ''),
(693, '2024-03-09 19:40:06', '2024-03-09 19:40:06', NULL, 1, 0, 1, 'NONE', 'NONE', 'aboutUsBee'),
(694, '2024-03-09 19:40:06', '2024-03-09 19:40:06', NULL, 1, 0, 1, 'NONE', 'NONE', 'activities'),
(695, '2024-03-09 19:40:08', '2024-03-09 19:40:08', NULL, 1, 0, 1, 'NONE', 'NONE', ''),
(696, '2024-03-09 19:40:08', '2024-03-09 19:40:08', NULL, 1, 0, 1, 'NONE', 'NONE', 'search'),
(697, '2024-03-09 19:40:08', '2024-03-09 19:40:08', NULL, 1, 0, 1, 'NONE', 'NONE', 'contactUsBee'),
(698, '2024-03-09 19:40:09', '2024-03-09 19:40:09', NULL, 1, 0, 1, 'NONE', 'NONE', 'aboutUsBee'),
(699, '2024-03-09 19:40:09', '2024-03-09 19:40:09', NULL, 1, 0, 1, 'NONE', 'NONE', 'search'),
(700, '2024-03-09 19:40:09', '2024-03-09 19:40:09', NULL, 1, 0, 1, 'NONE', 'NONE', 'activities'),
(701, '2024-03-09 19:40:10', '2024-03-09 19:40:10', NULL, 1, 0, 1, 'NONE', 'NONE', 'contactUsBee'),
(702, '2024-03-09 19:40:10', '2024-03-09 19:40:10', NULL, 1, 0, 1, 'NONE', 'NONE', 'howItWorks'),
(703, '2024-03-09 19:40:11', '2024-03-09 19:40:11', NULL, 1, 0, 1, 'NONE', 'NONE', 'howItWorks'),
(704, '2024-03-09 19:40:11', '2024-03-09 19:40:11', NULL, 1, 0, 1, 'NONE', 'NONE', ''),
(705, '2024-03-09 19:40:11', '2024-03-09 19:40:11', NULL, 1, 0, 1, 'NONE', 'NONE', ''),
(706, '2024-03-09 19:40:12', '2024-03-09 19:40:12', NULL, 1, 0, 1, 'NONE', 'NONE', 'search'),
(707, '2024-03-09 19:40:12', '2024-03-09 19:40:12', NULL, 1, 0, 1, 'NONE', 'NONE', 'contactUsBee'),
(708, '2024-03-09 19:40:12', '2024-03-09 19:40:12', NULL, 1, 0, 1, 'NONE', 'NONE', 'howItWorks'),
(709, '2024-03-09 19:40:12', '2024-03-09 19:40:12', NULL, 1, 0, 1, 'NONE', 'NONE', 'aboutUsBee'),
(710, '2024-03-09 19:40:12', '2024-03-09 19:40:12', NULL, 1, 0, 1, 'NONE', 'NONE', 'activities'),
(711, '2024-03-09 19:42:51', '2024-03-09 19:42:51', NULL, 1, 0, 1, 'NONE', 'NONE', ''),
(712, '2024-03-09 20:38:09', '2024-03-09 20:38:09', NULL, 1, 0, 1, 'NONE', 'NONE', ''),
(713, '2024-03-09 21:19:58', '2024-03-09 21:19:58', NULL, 1, 0, 1, 'NONE', 'NONE', ''),
(714, '2024-03-09 21:26:14', '2024-03-09 21:26:14', NULL, 1, 0, 1, 'NONE', 'NONE', ''),
(715, '2024-03-09 21:26:56', '2024-03-09 21:26:56', NULL, 1, 0, 1, 'NONE', 'NONE', 'aboutUsBee'),
(716, '2024-03-09 21:29:28', '2024-03-09 21:29:28', NULL, 1, 0, 1, 'NONE', 'NONE', ''),
(717, '2024-03-09 21:39:43', '2024-03-09 21:39:43', NULL, 1, 0, 1, 'NONE', 'NONE', 'search'),
(718, '2024-03-09 21:45:04', '2024-03-09 21:45:04', NULL, 1, 0, 1, 'NONE', 'NONE', ''),
(719, '2024-03-09 22:48:53', '2024-03-09 22:48:53', NULL, 1, 0, 1, 'NONE', 'NONE', 'search'),
(720, '2024-03-09 23:08:45', '2024-03-09 23:08:45', NULL, 1, 0, 1, 'NONE', 'NONE', ''),
(721, '2024-03-09 23:11:44', '2024-03-09 23:11:44', NULL, 1, 0, 1, 'NONE', 'NONE', 'search'),
(722, '2024-03-10 00:16:28', '2024-03-10 00:16:28', NULL, 1, 0, 1, 'NONE', 'NONE', ''),
(723, '2024-03-10 00:22:53', '2024-03-10 00:22:53', NULL, 1, 0, 1, 'NONE', 'NONE', ''),
(724, '2024-03-10 02:52:50', '2024-03-10 02:52:50', NULL, 1, 0, 1, 'NONE', 'NONE', 'howItWorks'),
(725, '2024-03-10 03:48:15', '2024-03-10 03:48:15', NULL, 1, 0, 1, 'NONE', 'NONE', 'search'),
(726, '2024-03-10 04:23:16', '2024-03-10 04:23:16', NULL, 1, 0, 1, 'NONE', 'NONE', ''),
(727, '2024-03-10 05:07:40', '2024-03-10 05:07:40', NULL, 1, 0, 1, 'NONE', 'NONE', ''),
(728, '2024-03-10 05:46:32', '2024-03-10 05:46:32', NULL, 1, 0, 1, 'NONE', 'NONE', 'contactUsBee'),
(729, '2024-03-10 05:49:44', '2024-03-10 05:49:44', NULL, 1, 0, 1, 'NONE', 'NONE', ''),
(730, '2024-03-10 05:52:37', '2024-03-10 05:52:37', NULL, 1, 0, 1, 'NONE', 'NONE', ''),
(731, '2024-03-10 07:27:32', '2024-03-10 07:27:32', NULL, 1, 0, 1, 'NONE', 'NONE', ''),
(732, '2024-03-10 07:33:13', '2024-03-10 07:33:13', NULL, 1, 0, 1, 'NONE', 'NONE', ''),
(733, '2024-03-10 08:02:58', '2024-03-10 08:02:58', NULL, 1, 0, 1, 'NONE', 'NONE', ''),
(734, '2024-03-10 08:02:59', '2024-03-10 08:02:59', NULL, 1, 0, 1, 'NONE', 'NONE', ''),
(735, '2024-03-10 08:03:00', '2024-03-10 08:03:00', NULL, 1, 0, 1, 'NONE', 'NONE', ''),
(736, '2024-03-10 08:19:59', '2024-03-10 08:19:59', NULL, 1, 0, 1, 'NONE', 'NONE', ''),
(737, '2024-03-10 08:31:33', '2024-03-10 08:31:33', NULL, 1, 0, 1, 'NONE', 'NONE', ''),
(738, '2024-03-10 08:38:04', '2024-03-10 08:38:04', NULL, 1, 0, 1, 'NONE', 'NONE', ''),
(739, '2024-03-10 08:41:19', '2024-03-10 08:41:19', NULL, 1, 0, 1, 'NONE', 'NONE', 'rewards'),
(740, '2024-03-10 08:44:03', '2024-03-10 08:44:03', NULL, 1, 0, 1, 'NONE', 'NONE', ''),
(741, '2024-03-10 10:10:17', '2024-03-10 10:10:17', NULL, 1, 0, 1, 'NONE', 'NONE', ''),
(742, '2024-03-10 11:04:47', '2024-03-10 11:04:47', NULL, 1, 0, 1, 'NONE', 'NONE', 'shopBee'),
(743, '2024-03-10 11:44:23', '2024-03-10 11:44:23', NULL, 1, 0, 1, 'NONE', 'NONE', ''),
(744, '2024-03-10 13:40:05', '2024-03-10 13:40:05', NULL, 1, 0, 1, 'NONE', 'NONE', 'howItWorks'),
(745, '2024-03-10 13:40:20', '2024-03-10 13:40:20', NULL, 1, 0, 1, 'NONE', 'NONE', 'search'),
(746, '2024-03-10 13:55:38', '2024-03-10 13:55:38', NULL, 1, 0, 1, 'NONE', 'NONE', ''),
(747, '2024-03-10 14:56:42', '2024-03-10 14:56:42', NULL, 1, 0, 1, 'NONE', 'NONE', ''),
(748, '2024-03-10 15:46:41', '2024-03-10 15:46:41', NULL, 1, 0, 1, 'NONE', 'NONE', ''),
(749, '2024-03-10 16:00:23', '2024-03-10 16:00:23', NULL, 1, 0, 1, 'NONE', 'NONE', ''),
(750, '2024-03-10 16:00:30', '2024-03-10 16:00:30', NULL, 1, 0, 1, 'NONE', 'NONE', 'search'),
(751, '2024-03-10 16:01:25', '2024-03-10 16:01:25', NULL, 1, 0, 1, 'NONE', 'NONE', ''),
(752, '2024-03-10 16:14:53', '2024-03-10 16:14:53', NULL, 1, 0, 1, 'NONE', 'NONE', ''),
(753, '2024-03-10 16:23:52', '2024-03-10 16:23:52', NULL, 1, 0, 1, 'NONE', 'NONE', 'shopBee'),
(754, '2024-03-10 16:43:05', '2024-03-10 16:43:05', NULL, 1, 0, 1, 'NONE', 'NONE', ''),
(755, '2024-03-10 16:58:18', '2024-03-10 16:58:18', NULL, 1, 0, 1, 'NONE', 'NONE', 'search'),
(756, '2024-03-10 17:04:16', '2024-03-10 17:04:16', NULL, 1, 0, 1, 'NONE', 'NONE', 'aboutUsBee'),
(757, '2024-03-10 17:16:33', '2024-03-10 17:16:33', NULL, 1, 0, 1, 'NONE', 'NONE', ''),
(758, '2024-03-10 17:23:32', '2024-03-10 17:23:32', NULL, 1, 0, 1, 'NONE', 'NONE', ''),
(759, '2024-03-10 18:13:29', '2024-03-10 18:13:29', NULL, 1, 0, 1, 'NONE', 'NONE', ''),
(760, '2024-03-10 19:18:53', '2024-03-10 19:18:53', NULL, 1, 0, 1, 'NONE', 'NONE', ''),
(761, '2024-03-10 19:29:38', '2024-03-10 19:29:38', NULL, 1, 0, 1, 'NONE', 'NONE', ''),
(762, '2024-03-10 20:11:17', '2024-03-10 20:11:17', NULL, 1, 0, 1, 'NONE', 'NONE', 'search'),
(763, '2024-03-10 20:43:33', '2024-03-10 20:43:33', NULL, 1, 0, 1, 'NONE', 'NONE', ''),
(764, '2024-03-10 21:26:15', '2024-03-10 21:26:15', NULL, 1, 0, 1, 'NONE', 'NONE', ''),
(765, '2024-03-10 21:37:30', '2024-03-10 21:37:30', NULL, 1, 0, 1, 'NONE', 'NONE', ''),
(766, '2024-03-10 22:18:56', '2024-03-10 22:18:56', NULL, 1, 0, 1, 'NONE', 'NONE', ''),
(767, '2024-03-10 23:39:58', '2024-03-10 23:39:58', NULL, 1, 0, 1, 'NONE', 'NONE', 'businessDetails'),
(768, '2024-03-11 00:03:35', '2024-03-11 00:03:35', NULL, 1, 0, 1, 'NONE', 'NONE', 'aboutUsBee'),
(769, '2024-03-11 00:05:07', '2024-03-11 00:05:07', NULL, 1, 0, 1, 'NONE', 'NONE', 'rewards'),
(770, '2024-03-11 00:25:58', '2024-03-11 00:25:58', NULL, 1, 0, 1, 'NONE', 'NONE', ''),
(771, '2024-03-11 00:48:02', '2024-03-11 00:48:02', NULL, 1, 0, 1, 'NONE', 'NONE', ''),
(772, '2024-03-11 00:59:29', '2024-03-11 00:59:29', NULL, 1, 0, 1, 'NONE', 'NONE', ''),
(773, '2024-03-11 01:13:45', '2024-03-11 01:13:45', NULL, 1, 0, 1, 'NONE', 'NONE', ''),
(774, '2024-03-11 01:22:27', '2024-03-11 01:22:27', NULL, 1, 0, 1, 'NONE', 'NONE', ''),
(775, '2024-03-11 01:24:30', '2024-03-11 01:24:30', NULL, 1, 0, 1, 'NONE', 'NONE', ''),
(776, '2024-03-11 02:40:43', '2024-03-11 02:40:43', NULL, 1, 0, 1, 'NONE', 'NONE', ''),
(777, '2024-03-11 03:42:04', '2024-03-11 03:42:04', NULL, 1, 0, 1, 'NONE', 'NONE', 'activities'),
(778, '2024-03-11 05:18:40', '2024-03-11 05:18:40', NULL, 1, 0, 1, 'NONE', 'NONE', 'authorSingle'),
(779, '2024-03-11 11:16:34', '2024-03-11 11:16:34', NULL, 1, 0, 1, 'NONE', 'NONE', ''),
(780, '2024-03-11 11:21:27', '2024-03-11 11:21:27', NULL, 1, 0, 1, 'NONE', 'NONE', ''),
(781, '2024-03-11 11:36:53', '2024-03-11 11:36:53', NULL, 1, 1, 0, 'NONE', 'NONE', 'business'),
(782, '2024-03-11 11:46:18', '2024-03-11 11:46:18', NULL, 1, 0, 1, 'NONE', 'NONE', ''),
(783, '2024-03-11 11:53:09', '2024-03-11 11:53:09', NULL, 1, 0, 1, 'NONE', 'NONE', ''),
(784, '2024-03-11 11:53:13', '2024-03-11 11:53:13', NULL, 1, 0, 1, 'NONE', 'NONE', ''),
(785, '2024-03-11 12:00:35', '2024-03-11 12:00:35', NULL, 1, 0, 1, 'NONE', 'NONE', ''),
(786, '2024-03-11 15:14:22', '2024-03-11 15:14:22', NULL, 1, 0, 1, 'NONE', 'NONE', ''),
(787, '2024-03-11 15:37:03', '2024-03-11 15:37:03', NULL, 1, 0, 1, 'NONE', 'NONE', 'search'),
(788, '2024-03-11 15:55:11', '2024-03-11 15:55:11', NULL, 1, 0, 1, 'NONE', 'NONE', ''),
(789, '2024-03-11 16:28:35', '2024-03-11 16:28:35', NULL, 1, 0, 1, 'NONE', 'NONE', ''),
(790, '2024-03-11 18:19:05', '2024-03-11 18:19:05', NULL, 1, 0, 1, 'NONE', 'NONE', ''),
(791, '2024-03-11 18:24:19', '2024-03-11 18:24:19', NULL, 1, 0, 1, 'NONE', 'NONE', 'authorSingle'),
(792, '2024-03-11 19:28:13', '2024-03-11 19:28:13', NULL, 1, 0, 1, 'NONE', 'NONE', 'aboutUsBee'),
(793, '2024-03-11 21:21:44', '2024-03-11 21:21:44', NULL, 1, 0, 1, 'NONE', 'NONE', ''),
(794, '2024-03-11 21:26:14', '2024-03-11 21:26:14', NULL, 1, 0, 1, 'NONE', 'NONE', ''),
(795, '2024-03-11 21:48:58', '2024-03-11 21:48:58', NULL, 1, 0, 1, 'NONE', 'NONE', 'authorSingle'),
(796, '2024-03-11 21:48:59', '2024-03-11 21:48:59', NULL, 1, 0, 1, 'NONE', 'NONE', 'authorSingle'),
(797, '2024-03-11 22:56:37', '2024-03-11 22:56:37', NULL, 1, 0, 1, 'NONE', 'NONE', 'activities'),
(798, '2024-03-11 23:47:06', '2024-03-11 23:47:06', NULL, 1, 0, 1, 'NONE', 'NONE', 'shopBee'),
(799, '2024-03-12 00:08:22', '2024-03-12 00:08:22', NULL, 1, 0, 1, 'NONE', 'NONE', 'authorSingle'),
(800, '2024-03-12 00:12:25', '2024-03-12 00:12:25', NULL, 1, 0, 1, 'NONE', 'NONE', ''),
(801, '2024-03-12 00:19:43', '2024-03-12 00:19:43', NULL, 1, 0, 1, 'NONE', 'NONE', 'activities'),
(802, '2024-03-12 00:54:54', '2024-03-12 00:54:54', NULL, 1, 0, 1, 'NONE', 'NONE', ''),
(803, '2024-03-12 02:10:10', '2024-03-12 02:10:10', NULL, 1, 0, 1, 'NONE', 'NONE', ''),
(804, '2024-03-12 03:46:19', '2024-03-12 03:46:19', NULL, 1, 0, 1, 'NONE', 'NONE', ''),
(805, '2024-03-12 03:52:36', '2024-03-12 03:52:36', NULL, 1, 0, 1, 'NONE', 'NONE', ''),
(806, '2024-03-12 03:56:46', '2024-03-12 03:56:46', NULL, 1, 0, 1, 'NONE', 'NONE', 'contactUsBee'),
(807, '2024-03-12 04:37:12', '2024-03-12 04:37:12', NULL, 1, 0, 1, 'NONE', 'NONE', 'authorSingle'),
(808, '2024-03-12 06:25:57', '2024-03-12 06:25:57', NULL, 1, 0, 1, 'NONE', 'NONE', 'contactUsBee'),
(809, '2024-03-12 06:40:16', '2024-03-12 06:40:16', NULL, 1, 0, 1, 'NONE', 'NONE', ''),
(810, '2024-03-12 07:45:33', '2024-03-12 07:45:33', NULL, 1, 0, 1, 'NONE', 'NONE', 'search'),
(811, '2024-03-12 07:49:31', '2024-03-12 07:49:31', NULL, 1, 0, 1, 'NONE', 'NONE', 'rewards'),
(812, '2024-03-12 08:31:24', '2024-03-12 08:31:24', NULL, 1, 0, 1, 'NONE', 'NONE', 'search'),
(813, '2024-03-12 08:55:33', '2024-03-12 08:55:33', NULL, 1, 0, 1, 'NONE', 'NONE', 'aboutUsBee'),
(814, '2024-03-12 09:03:14', '2024-03-12 09:03:14', NULL, 1, 0, 1, 'NONE', 'NONE', ''),
(815, '2024-03-12 09:03:27', '2024-03-12 09:03:27', NULL, 1, 1, 0, 'NONE', 'NONE', 'business'),
(816, '2024-03-12 09:35:04', '2024-03-12 09:35:04', NULL, 1, 0, 1, 'NONE', 'NONE', 'contactUsBee'),
(817, '2024-03-12 09:54:05', '2024-03-12 09:54:05', NULL, 1, 0, 1, 'NONE', 'NONE', 'rewards'),
(818, '2024-03-12 10:05:37', '2024-03-12 10:05:37', NULL, 1, 0, 1, 'NONE', 'NONE', ''),
(819, '2024-03-12 11:26:25', '2024-03-12 11:26:25', NULL, 1, 0, 1, 'NONE', 'NONE', ''),
(820, '2024-03-12 12:32:37', '2024-03-12 12:32:37', NULL, 1, 0, 1, 'NONE', 'NONE', ''),
(821, '2024-03-12 14:28:37', '2024-03-12 14:28:37', NULL, 1, 0, 1, 'NONE', 'NONE', ''),
(822, '2024-03-12 14:28:40', '2024-03-12 14:28:40', NULL, 1, 0, 1, 'NONE', 'NONE', ''),
(823, '2024-03-12 14:31:57', '2024-03-12 14:31:57', NULL, 1, 0, 1, 'NONE', 'NONE', ''),
(824, '2024-03-12 14:33:28', '2024-03-12 14:33:28', NULL, 1, 0, 1, 'NONE', 'NONE', 'search'),
(825, '2024-03-12 14:38:18', '2024-03-12 14:38:18', NULL, 1, 0, 1, 'NONE', 'NONE', 'search'),
(826, '2024-03-12 14:38:21', '2024-03-12 14:38:21', NULL, 1, 0, 1, 'NONE', 'NONE', 'businessDetails'),
(827, '2024-03-12 14:47:10', '2024-03-12 14:47:10', NULL, 1, 0, 1, 'NONE', 'NONE', ''),
(828, '2024-03-12 14:53:43', '2024-03-12 14:53:43', NULL, 1, 0, 1, 'NONE', 'NONE', 'businessDetails'),
(829, '2024-03-12 15:16:14', '2024-03-12 15:16:14', NULL, 1, 0, 1, 'NONE', 'NONE', 'authorSingle'),
(830, '2024-03-12 15:19:00', '2024-03-12 15:19:00', NULL, 1, 4, 0, 'NONE', 'NONE', 'account'),
(831, '2024-03-12 15:48:59', '2024-03-12 15:48:59', NULL, 1, 0, 1, 'NONE', 'NONE', ''),
(832, '2024-03-12 15:49:10', '2024-03-12 15:49:10', NULL, 1, 1, 0, 'NONE', 'NONE', 'myProfile'),
(833, '2024-03-12 16:46:02', '2024-03-12 16:46:02', NULL, 1, 4, 0, 'NONE', 'NONE', 'account'),
(834, '2024-03-12 16:46:08', '2024-03-12 16:46:08', NULL, 1, 4, 0, 'NONE', 'NONE', 'myProfile'),
(835, '2024-03-12 17:32:41', '2024-03-12 17:32:41', NULL, 1, 0, 1, 'NONE', 'NONE', ''),
(836, '2024-03-12 17:34:18', '2024-03-12 17:34:18', NULL, 1, 0, 1, 'NONE', 'NONE', ''),
(837, '2024-03-12 17:43:44', '2024-03-12 17:43:44', NULL, 1, 0, 1, 'NONE', 'NONE', ''),
(838, '2024-03-12 19:01:26', '2024-03-12 19:01:26', NULL, 1, 0, 1, 'NONE', 'NONE', ''),
(839, '2024-03-12 19:13:49', '2024-03-12 19:13:49', NULL, 1, 0, 1, 'NONE', 'NONE', ''),
(840, '2024-03-12 19:36:13', '2024-03-12 19:36:13', NULL, 1, 0, 1, 'NONE', 'NONE', 'activities'),
(841, '2024-03-12 20:47:38', '2024-03-12 20:47:38', NULL, 1, 0, 1, 'NONE', 'NONE', ''),
(842, '2024-03-12 21:26:15', '2024-03-12 21:26:15', NULL, 1, 0, 1, 'NONE', 'NONE', ''),
(843, '2024-03-12 22:10:16', '2024-03-12 22:10:16', NULL, 1, 0, 1, 'NONE', 'NONE', 'shopBee'),
(844, '2024-03-12 23:22:37', '2024-03-12 23:22:37', NULL, 1, 0, 1, 'NONE', 'NONE', ''),
(845, '2024-03-13 01:08:08', '2024-03-13 01:08:08', NULL, 1, 0, 1, 'NONE', 'NONE', 'authorSingle'),
(846, '2024-03-13 03:46:15', '2024-03-13 03:46:15', NULL, 1, 0, 1, 'NONE', 'NONE', ''),
(847, '2024-03-13 03:46:16', '2024-03-13 03:46:16', NULL, 1, 0, 1, 'NONE', 'NONE', 'contactUsBee'),
(848, '2024-03-13 03:46:17', '2024-03-13 03:46:17', NULL, 1, 0, 1, 'NONE', 'NONE', 'aboutUsBee'),
(849, '2024-03-13 04:13:31', '2024-03-13 04:13:31', NULL, 1, 0, 1, 'NONE', 'NONE', ''),
(850, '2024-03-13 04:57:10', '2024-03-13 04:57:10', NULL, 1, 0, 1, 'NONE', 'NONE', ''),
(851, '2024-03-13 06:11:05', '2024-03-13 06:11:05', NULL, 1, 0, 1, 'NONE', 'NONE', ''),
(852, '2024-03-13 07:33:11', '2024-03-13 07:33:11', NULL, 1, 0, 1, 'NONE', 'NONE', ''),
(853, '2024-03-13 07:49:54', '2024-03-13 07:49:54', NULL, 1, 0, 1, 'NONE', 'NONE', ''),
(854, '2024-03-13 08:33:07', '2024-03-13 08:33:07', NULL, 1, 0, 1, 'NONE', 'NONE', 'search'),
(855, '2024-03-13 09:29:11', '2024-03-13 09:29:11', NULL, 1, 0, 1, 'NONE', 'NONE', ''),
(856, '2024-03-13 09:29:15', '2024-03-13 09:29:15', NULL, 1, 0, 1, 'NONE', 'NONE', 'search'),
(857, '2024-03-13 09:29:18', '2024-03-13 09:29:18', NULL, 1, 0, 1, 'NONE', 'NONE', 'authorSingle'),
(858, '2024-03-13 09:29:42', '2024-03-13 09:29:42', NULL, 1, 0, 1, 'NONE', 'NONE', ''),
(859, '2024-03-13 09:33:07', '2024-03-13 09:33:07', NULL, 1, 0, 1, 'NONE', 'NONE', ''),
(860, '2024-03-13 09:33:12', '2024-03-13 09:33:12', NULL, 1, 0, 1, 'NONE', 'NONE', 'search'),
(861, '2024-03-13 09:33:14', '2024-03-13 09:33:14', NULL, 1, 0, 1, 'NONE', 'NONE', 'authorSingle'),
(862, '2024-03-13 09:33:37', '2024-03-13 09:33:37', NULL, 1, 1, 0, 'NONE', 'NONE', 'business'),
(863, '2024-03-13 09:33:59', '2024-03-13 09:33:59', NULL, 1, 1, 0, 'NONE', 'NONE', 'myProfile'),
(864, '2024-03-13 09:34:40', '2024-03-13 09:34:40', NULL, 1, 1, 0, 'NONE', 'NONE', 'myProfile'),
(865, '2024-03-13 09:34:41', '2024-03-13 09:34:41', NULL, 1, 1, 0, 'NONE', 'NONE', 'myProfile'),
(866, '2024-03-13 09:34:41', '2024-03-13 09:34:41', NULL, 1, 1, 0, 'NONE', 'NONE', 'myProfile'),
(867, '2024-03-13 09:34:42', '2024-03-13 09:34:42', NULL, 1, 1, 0, 'NONE', 'NONE', 'myProfile'),
(868, '2024-03-13 09:34:43', '2024-03-13 09:34:43', NULL, 1, 1, 0, 'NONE', 'NONE', 'myProfile'),
(869, '2024-03-13 09:34:52', '2024-03-13 09:34:52', NULL, 1, 1, 0, 'NONE', 'NONE', 'myProfile'),
(870, '2024-03-13 09:35:06', '2024-03-13 09:35:06', NULL, 1, 1, 0, 'NONE', 'NONE', 'myProfile'),
(871, '2024-03-13 09:38:53', '2024-03-13 09:38:53', NULL, 1, 1, 0, 'NONE', 'NONE', 'authorSingle'),
(872, '2024-03-13 09:38:58', '2024-03-13 09:38:58', NULL, 1, 1, 0, 'NONE', 'NONE', 'myProfile'),
(873, '2024-03-13 09:39:07', '2024-03-13 09:39:07', NULL, 1, 1, 0, 'NONE', 'NONE', 'myProfile'),
(874, '2024-03-13 09:39:09', '2024-03-13 09:39:09', NULL, 1, 1, 0, 'NONE', 'NONE', 'authorSingle'),
(875, '2024-03-13 09:39:33', '2024-03-13 09:39:33', NULL, 1, 1, 0, 'NONE', 'NONE', 'authorSingle'),
(876, '2024-03-13 09:39:56', '2024-03-13 09:39:56', NULL, 1, 1, 0, 'NONE', 'NONE', ''),
(877, '2024-03-13 09:42:11', '2024-03-13 09:42:11', NULL, 1, 0, 1, 'NONE', 'NONE', 'authorSingle'),
(878, '2024-03-13 09:42:32', '2024-03-13 09:42:32', NULL, 1, 1, 0, 'NONE', 'NONE', 'authorSingle'),
(879, '2024-03-13 09:43:00', '2024-03-13 09:43:00', NULL, 1, 0, 1, 'NONE', 'NONE', 'authorSingle'),
(880, '2024-03-13 10:03:59', '2024-03-13 10:03:59', NULL, 1, 0, 1, 'NONE', 'NONE', ''),
(881, '2024-03-13 10:04:51', '2024-03-13 10:04:51', NULL, 1, 0, 1, 'NONE', 'NONE', 'howItWorks'),
(882, '2024-03-13 10:07:57', '2024-03-13 10:07:57', NULL, 1, 0, 1, 'NONE', 'NONE', 'activities'),
(883, '2024-03-13 10:09:15', '2024-03-13 10:09:15', NULL, 1, 0, 1, 'NONE', 'NONE', ''),
(884, '2024-03-13 10:10:30', '2024-03-13 10:10:30', NULL, 1, 0, 1, 'NONE', 'NONE', ''),
(885, '2024-03-13 10:12:02', '2024-03-13 10:12:02', NULL, 1, 0, 1, 'NONE', 'NONE', 'aboutUsBee'),
(886, '2024-03-13 10:13:32', '2024-03-13 10:13:32', NULL, 1, 1, 0, 'NONE', 'NONE', ''),
(887, '2024-03-13 10:15:48', '2024-03-13 10:15:48', NULL, 1, 0, 1, 'NONE', 'NONE', ''),
(888, '2024-03-13 10:18:13', '2024-03-13 10:18:13', NULL, 1, 0, 1, 'NONE', 'NONE', 'search'),
(889, '2024-03-13 10:26:14', '2024-03-13 10:26:14', NULL, 1, 0, 1, 'FACEBOOK', 'PAAabeOYnNEWvBfBlPaUZ4zhjX6qyxsa3F1V06ln_8ImWMDxfWlAWSw1Ruuo4_aem_AfX9274ge1nRtUUAVapG6-4qhkYbU5nsMgmsLOIkBImhyJhG0CH2wwE9naMTPfYRYdk', ''),
(890, '2024-03-13 10:46:02', '2024-03-13 10:46:02', NULL, 1, 1, 0, 'NONE', 'NONE', 'search'),
(891, '2024-03-13 10:46:06', '2024-03-13 10:46:06', NULL, 1, 1, 0, 'NONE', 'NONE', 'businessDetails'),
(892, '2024-03-13 10:52:46', '2024-03-13 10:52:46', NULL, 1, 0, 1, 'NONE', 'NONE', ''),
(893, '2024-03-13 10:54:30', '2024-03-13 10:54:30', NULL, 1, 1, 0, 'NONE', 'NONE', 'businessDetails'),
(894, '2024-03-13 10:57:24', '2024-03-13 10:57:24', NULL, 1, 0, 1, 'NONE', 'NONE', ''),
(895, '2024-03-13 10:57:27', '2024-03-13 10:57:27', NULL, 1, 0, 1, 'NONE', 'NONE', 'search'),
(896, '2024-03-13 10:57:31', '2024-03-13 10:57:31', NULL, 1, 0, 1, 'NONE', 'NONE', 'businessDetails'),
(897, '2024-03-13 11:10:37', '2024-03-13 11:10:37', NULL, 1, 0, 1, 'NONE', 'NONE', 'contactUsBee'),
(898, '2024-03-13 11:12:11', '2024-03-13 11:12:11', NULL, 1, 0, 1, 'NONE', 'NONE', 'businessDetails'),
(899, '2024-03-13 12:00:15', '2024-03-13 12:00:15', NULL, 1, 0, 1, 'NONE', 'NONE', ''),
(900, '2024-03-13 12:09:32', '2024-03-13 12:09:32', NULL, 1, 0, 1, 'NONE', 'NONE', 'businessDetails'),
(901, '2024-03-13 12:16:47', '2024-03-13 12:16:47', NULL, 1, 0, 1, 'NONE', 'NONE', ''),
(902, '2024-03-13 12:20:49', '2024-03-13 12:20:49', NULL, 1, 0, 1, 'NONE', 'NONE', ''),
(903, '2024-03-13 12:20:59', '2024-03-13 12:20:59', NULL, 1, 0, 1, 'NONE', 'NONE', 'search'),
(904, '2024-03-13 12:21:02', '2024-03-13 12:21:02', NULL, 1, 0, 1, 'NONE', 'NONE', 'businessDetails'),
(905, '2024-03-13 12:21:15', '2024-03-13 12:21:15', NULL, 1, 1, 0, 'NONE', 'NONE', 'businessDetails'),
(906, '2024-03-13 12:21:21', '2024-03-13 12:21:21', NULL, 1, 0, 1, 'NONE', 'NONE', 'businessDetails'),
(907, '2024-03-13 12:21:21', '2024-03-13 12:21:21', NULL, 1, 0, 1, 'NONE', 'NONE', 'businessDetails'),
(908, '2024-03-13 12:21:23', '2024-03-13 12:21:23', NULL, 1, 0, 1, 'NONE', 'NONE', 'businessDetails'),
(909, '2024-03-13 12:21:23', '2024-03-13 12:21:23', NULL, 1, 0, 1, 'NONE', 'NONE', 'businessDetails'),
(910, '2024-03-13 12:21:32', '2024-03-13 12:21:32', NULL, 1, 0, 1, 'NONE', 'NONE', 'businessDetails'),
(911, '2024-03-13 12:21:33', '2024-03-13 12:21:33', NULL, 1, 0, 1, 'NONE', 'NONE', 'businessDetails'),
(912, '2024-03-13 12:21:33', '2024-03-13 12:21:33', NULL, 1, 0, 1, 'NONE', 'NONE', 'businessDetails'),
(913, '2024-03-13 12:21:39', '2024-03-13 12:21:39', NULL, 1, 1, 0, 'NONE', 'NONE', 'authorSingle'),
(914, '2024-03-13 12:21:48', '2024-03-13 12:21:48', NULL, 1, 0, 1, 'NONE', 'NONE', ''),
(915, '2024-03-13 12:21:49', '2024-03-13 12:21:49', NULL, 1, 0, 1, 'NONE', 'NONE', 'businessDetails'),
(916, '2024-03-13 12:21:50', '2024-03-13 12:21:50', NULL, 1, 0, 1, 'NONE', 'NONE', 'aboutUsBee'),
(917, '2024-03-13 12:21:50', '2024-03-13 12:21:50', NULL, 1, 0, 1, 'NONE', 'NONE', 'contactUsBee'),
(918, '2024-03-13 12:21:56', '2024-03-13 12:21:56', NULL, 1, 1, 0, 'NONE', 'NONE', 'authorSingle'),
(919, '2024-03-13 12:22:19', '2024-03-13 12:22:19', NULL, 1, 1, 0, 'NONE', 'NONE', 'authorSingle'),
(920, '2024-03-13 12:23:11', '2024-03-13 12:23:11', NULL, 1, 1, 0, 'NONE', 'NONE', 'authorSingle'),
(921, '2024-03-13 12:24:03', '2024-03-13 12:24:03', NULL, 1, 0, 1, 'NONE', 'NONE', ''),
(922, '2024-03-13 12:26:08', '2024-03-13 12:26:08', NULL, 1, 1, 0, 'NONE', 'NONE', 'authorSingle'),
(923, '2024-03-13 12:26:28', '2024-03-13 12:26:28', NULL, 1, 1, 0, 'NONE', 'NONE', 'authorSingle'),
(924, '2024-03-13 12:27:18', '2024-03-13 12:27:18', NULL, 1, 0, 1, 'NONE', 'NONE', 'authorSingle'),
(925, '2024-03-13 12:27:19', '2024-03-13 12:27:19', NULL, 1, 0, 1, 'NONE', 'NONE', 'authorSingle'),
(926, '2024-03-13 12:27:19', '2024-03-13 12:27:19', NULL, 1, 0, 1, 'NONE', 'NONE', 'authorSingle'),
(927, '2024-03-13 12:27:19', '2024-03-13 12:27:19', NULL, 1, 0, 1, 'NONE', 'NONE', 'authorSingle'),
(928, '2024-03-13 12:27:20', '2024-03-13 12:27:20', NULL, 1, 0, 1, 'NONE', 'NONE', 'authorSingle'),
(929, '2024-03-13 12:27:20', '2024-03-13 12:27:20', NULL, 1, 0, 1, 'NONE', 'NONE', 'authorSingle'),
(930, '2024-03-13 12:27:32', '2024-03-13 12:27:32', NULL, 1, 0, 1, 'NONE', 'NONE', 'authorSingle'),
(931, '2024-03-13 12:27:33', '2024-03-13 12:27:33', NULL, 1, 0, 1, 'NONE', 'NONE', 'authorSingle'),
(932, '2024-03-13 12:27:45', '2024-03-13 12:27:45', NULL, 1, 0, 1, 'NONE', 'NONE', 'authorSingle'),
(933, '2024-03-13 12:27:47', '2024-03-13 12:27:47', NULL, 1, 0, 1, 'NONE', 'NONE', 'authorSingle'),
(934, '2024-03-13 12:28:13', '2024-03-13 12:28:13', NULL, 1, 1, 0, 'NONE', 'NONE', 'authorSingle'),
(935, '2024-03-13 12:29:12', '2024-03-13 12:29:12', NULL, 1, 0, 1, 'NONE', 'NONE', ''),
(936, '2024-03-13 12:29:13', '2024-03-13 12:29:13', NULL, 1, 0, 1, 'NONE', 'NONE', 'contactUsBee'),
(937, '2024-03-13 12:29:13', '2024-03-13 12:29:13', NULL, 1, 0, 1, 'NONE', 'NONE', 'aboutUsBee'),
(938, '2024-03-13 12:29:36', '2024-03-13 12:29:36', NULL, 1, 1, 0, 'NONE', 'NONE', 'authorSingle'),
(939, '2024-03-13 12:29:48', '2024-03-13 12:29:48', NULL, 1, 1, 0, 'NONE', 'NONE', 'search'),
(940, '2024-03-13 12:29:51', '2024-03-13 12:29:51', NULL, 1, 1, 0, 'NONE', 'NONE', 'businessDetails'),
(941, '2024-03-13 12:42:51', '2024-03-13 12:42:51', NULL, 1, 0, 1, 'NONE', 'NONE', 'businessDetails'),
(942, '2024-03-13 12:42:56', '2024-03-13 12:42:56', NULL, 1, 0, 1, 'NONE', 'NONE', 'businessDetails'),
(943, '2024-03-13 12:42:57', '2024-03-13 12:42:57', NULL, 1, 0, 1, 'NONE', 'NONE', 'businessDetails'),
(944, '2024-03-13 12:42:57', '2024-03-13 12:42:57', NULL, 1, 0, 1, 'NONE', 'NONE', 'businessDetails'),
(945, '2024-03-13 12:43:04', '2024-03-13 12:43:04', NULL, 1, 0, 1, 'NONE', 'NONE', 'authorSingle'),
(946, '2024-03-13 12:43:13', '2024-03-13 12:43:13', NULL, 1, 0, 1, 'NONE', 'NONE', 'authorSingle'),
(947, '2024-03-13 12:44:30', '2024-03-13 12:44:30', NULL, 1, 0, 1, 'NONE', 'NONE', 'authorSingle'),
(948, '2024-03-13 12:45:52', '2024-03-13 12:45:52', NULL, 1, 0, 1, 'NONE', 'NONE', 'authorSingle'),
(949, '2024-03-13 12:46:51', '2024-03-13 12:46:51', NULL, 1, 0, 1, 'NONE', 'NONE', 'authorSingle'),
(950, '2024-03-13 12:49:57', '2024-03-13 12:49:57', NULL, 1, 0, 1, 'NONE', 'NONE', 'authorSingle'),
(951, '2024-03-13 12:51:40', '2024-03-13 12:51:40', NULL, 1, 1, 0, 'NONE', 'NONE', 'businessDetails'),
(952, '2024-03-13 12:52:07', '2024-03-13 12:52:07', NULL, 1, 1, 0, 'NONE', 'NONE', 'authorSingle'),
(953, '2024-03-13 12:53:04', '2024-03-13 12:53:04', NULL, 1, 0, 1, 'NONE', 'NONE', 'authorSingle'),
(954, '2024-03-13 12:53:05', '2024-03-13 12:53:05', NULL, 1, 0, 1, 'NONE', 'NONE', 'authorSingle'),
(955, '2024-03-13 12:53:23', '2024-03-13 12:53:23', NULL, 1, 0, 1, 'NONE', 'NONE', 'authorSingle'),
(956, '2024-03-13 12:53:24', '2024-03-13 12:53:24', NULL, 1, 0, 1, 'NONE', 'NONE', 'authorSingle'),
(957, '2024-03-13 12:54:32', '2024-03-13 12:54:32', NULL, 1, 0, 1, 'NONE', 'NONE', 'businessDetails'),
(958, '2024-03-13 12:54:34', '2024-03-13 12:54:34', NULL, 1, 0, 1, 'NONE', 'NONE', 'businessDetails'),
(959, '2024-03-13 12:54:34', '2024-03-13 12:54:34', NULL, 1, 0, 1, 'NONE', 'NONE', 'businessDetails'),
(960, '2024-03-13 12:54:34', '2024-03-13 12:54:34', NULL, 1, 0, 1, 'NONE', 'NONE', 'businessDetails'),
(961, '2024-03-13 12:54:52', '2024-03-13 12:54:52', NULL, 1, 0, 1, 'NONE', 'NONE', ''),
(962, '2024-03-13 12:54:52', '2024-03-13 12:54:52', NULL, 1, 0, 1, 'NONE', 'NONE', 'aboutUsBee'),
(963, '2024-03-13 12:54:52', '2024-03-13 12:54:52', NULL, 1, 0, 1, 'NONE', 'NONE', 'contactUsBee'),
(964, '2024-03-13 12:54:58', '2024-03-13 12:54:58', NULL, 1, 1, 0, 'NONE', 'NONE', 'authorSingle'),
(965, '2024-03-13 12:55:04', '2024-03-13 12:55:04', NULL, 1, 0, 1, 'NONE', 'NONE', 'authorSingle'),
(966, '2024-03-13 12:55:05', '2024-03-13 12:55:05', NULL, 1, 0, 1, 'NONE', 'NONE', 'authorSingle'),
(967, '2024-03-13 12:55:06', '2024-03-13 12:55:06', NULL, 1, 0, 1, 'NONE', 'NONE', 'authorSingle'),
(968, '2024-03-13 12:55:27', '2024-03-13 12:55:27', NULL, 1, 0, 1, 'NONE', 'NONE', 'authorSingle'),
(969, '2024-03-13 12:55:28', '2024-03-13 12:55:28', NULL, 1, 0, 1, 'NONE', 'NONE', 'authorSingle'),
(970, '2024-03-13 12:56:23', '2024-03-13 12:56:23', NULL, 1, 0, 1, 'NONE', 'NONE', ''),
(971, '2024-03-13 12:56:28', '2024-03-13 12:56:28', NULL, 1, 0, 1, 'NONE', 'NONE', 'search'),
(972, '2024-03-13 12:56:33', '2024-03-13 12:56:33', NULL, 1, 0, 1, 'NONE', 'NONE', 'authorSingle'),
(973, '2024-03-13 12:59:07', '2024-03-13 12:59:07', NULL, 1, 1, 0, 'FACEBOOK', 'IwAR3JpK8O1qLjdLXAs_USrzDZ2ANXtmeI-oWDdQs6sFOYtzWsFDWpEBzsqhM', 'authorSingle'),
(974, '2024-03-13 12:59:16', '2024-03-13 12:59:16', NULL, 1, 0, 1, 'NONE', 'NONE', ''),
(975, '2024-03-13 12:59:16', '2024-03-13 12:59:16', NULL, 1, 0, 1, 'NONE', 'NONE', 'authorSingle'),
(976, '2024-03-13 12:59:18', '2024-03-13 12:59:18', NULL, 1, 0, 1, 'NONE', 'NONE', 'aboutUsBee'),
(977, '2024-03-13 12:59:19', '2024-03-13 12:59:19', NULL, 1, 0, 1, 'NONE', 'NONE', 'contactUsBee'),
(978, '2024-03-13 12:59:20', '2024-03-13 12:59:20', NULL, 1, 0, 1, 'NONE', 'NONE', ''),
(979, '2024-03-13 12:59:20', '2024-03-13 12:59:20', NULL, 1, 0, 1, 'NONE', 'NONE', 'authorSingle'),
(980, '2024-03-13 12:59:21', '2024-03-13 12:59:21', NULL, 1, 0, 1, 'NONE', 'NONE', 'aboutUsBee'),
(981, '2024-03-13 12:59:21', '2024-03-13 12:59:21', NULL, 1, 0, 1, 'NONE', 'NONE', 'contactUsBee'),
(982, '2024-03-13 12:59:24', '2024-03-13 12:59:24', NULL, 1, 1, 0, 'FACEBOOK', 'IwAR3JpK8O1qLjdLXAs_USrzDZ2ANXtmeI-oWDdQs6sFOYtzWsFDWpEBzsqhM', 'authorSingle'),
(983, '2024-03-13 12:59:37', '2024-03-13 12:59:37', NULL, 1, 1, 0, 'FACEBOOK', 'IwAR3JpK8O1qLjdLXAs_USrzDZ2ANXtmeI-oWDdQs6sFOYtzWsFDWpEBzsqhM', 'authorSingle'),
(984, '2024-03-13 13:00:06', '2024-03-13 13:00:06', NULL, 1, 0, 1, 'NONE', 'NONE', 'authorSingle'),
(985, '2024-03-13 13:00:08', '2024-03-13 13:00:08', NULL, 1, 0, 1, 'NONE', 'NONE', 'authorSingle'),
(986, '2024-03-13 13:00:12', '2024-03-13 13:00:12', NULL, 1, 0, 1, 'NONE', 'NONE', 'authorSingle'),
(987, '2024-03-13 13:00:32', '2024-03-13 13:00:32', NULL, 1, 0, 1, 'NONE', 'NONE', 'authorSingle'),
(988, '2024-03-13 13:00:51', '2024-03-13 13:00:51', NULL, 1, 0, 1, 'NONE', 'NONE', 'authorSingle'),
(989, '2024-03-13 13:00:51', '2024-03-13 13:00:51', NULL, 1, 0, 1, 'NONE', 'NONE', 'authorSingle'),
(990, '2024-03-13 13:01:45', '2024-03-13 13:01:45', NULL, 1, 0, 1, 'FACEBOOK', 'IwAR3R4ysyMquMN7YmQfqZ6PlAwU8Lcc0KghnlWQld3arzMIrhdVvU44tgCA0', 'authorSingle'),
(991, '2024-03-13 13:02:41', '2024-03-13 13:02:41', NULL, 1, 0, 1, 'NONE', 'NONE', ''),
(992, '2024-03-13 13:03:06', '2024-03-13 13:03:06', NULL, 1, 0, 1, 'NONE', 'NONE', 'search'),
(993, '2024-03-13 13:09:58', '2024-03-13 13:09:58', NULL, 1, 0, 1, 'NONE', 'NONE', 'authorSingle'),
(994, '2024-03-13 13:10:26', '2024-03-13 13:10:26', NULL, 1, 0, 1, 'NONE', 'NONE', ''),
(995, '2024-03-13 13:11:50', '2024-03-13 13:11:50', NULL, 1, 0, 1, 'NONE', 'NONE', 'search'),
(996, '2024-03-13 13:11:54', '2024-03-13 13:11:54', NULL, 1, 0, 1, 'NONE', 'NONE', 'authorSingle'),
(997, '2024-03-13 13:11:57', '2024-03-13 13:11:57', NULL, 1, 0, 1, 'NONE', 'NONE', 'authorSingle'),
(998, '2024-03-13 13:12:06', '2024-03-13 13:12:06', NULL, 1, 0, 1, 'NONE', 'NONE', 'authorSingle'),
(999, '2024-03-13 13:12:09', '2024-03-13 13:12:09', NULL, 1, 0, 1, 'NONE', 'NONE', 'authorSingle'),
(1000, '2024-03-13 13:12:09', '2024-03-13 13:12:09', NULL, 1, 0, 1, 'NONE', 'NONE', 'authorSingle'),
(1001, '2024-03-13 13:12:09', '2024-03-13 13:12:09', NULL, 1, 0, 1, 'NONE', 'NONE', 'authorSingle'),
(1002, '2024-03-13 13:12:09', '2024-03-13 13:12:09', NULL, 1, 0, 1, 'NONE', 'NONE', 'authorSingle'),
(1003, '2024-03-13 13:12:47', '2024-03-13 13:12:47', NULL, 1, 0, 1, 'NONE', 'NONE', 'authorSingle'),
(1004, '2024-03-13 13:12:48', '2024-03-13 13:12:48', NULL, 1, 0, 1, 'NONE', 'NONE', 'authorSingle'),
(1005, '2024-03-13 13:12:53', '2024-03-13 13:12:53', NULL, 1, 0, 1, 'NONE', 'NONE', 'authorSingle'),
(1006, '2024-03-13 13:12:53', '2024-03-13 13:12:53', NULL, 1, 0, 1, 'NONE', 'NONE', 'authorSingle'),
(1007, '2024-03-13 13:30:57', '2024-03-13 13:30:57', NULL, 1, 0, 1, 'NONE', 'NONE', 'authorSingle'),
(1008, '2024-03-13 13:35:07', '2024-03-13 13:35:07', NULL, 1, 0, 1, 'NONE', 'NONE', 'authorSingle'),
(1009, '2024-03-13 13:38:53', '2024-03-13 13:38:53', NULL, 1, 0, 1, 'NONE', 'NONE', 'authorSingle'),
(1010, '2024-03-13 13:41:39', '2024-03-13 13:41:39', NULL, 1, 0, 1, 'NONE', 'NONE', 'authorSingle'),
(1011, '2024-03-13 13:41:51', '2024-03-13 13:41:51', NULL, 1, 0, 1, 'NONE', 'NONE', 'authorSingle'),
(1012, '2024-03-13 13:41:51', '2024-03-13 13:41:51', NULL, 1, 0, 1, 'NONE', 'NONE', 'authorSingle'),
(1013, '2024-03-13 13:41:52', '2024-03-13 13:41:52', NULL, 1, 0, 1, 'NONE', 'NONE', 'authorSingle'),
(1014, '2024-03-13 13:41:52', '2024-03-13 13:41:52', NULL, 1, 0, 1, 'NONE', 'NONE', 'authorSingle'),
(1015, '2024-03-13 13:41:53', '2024-03-13 13:41:53', NULL, 1, 0, 1, 'NONE', 'NONE', 'authorSingle'),
(1016, '2024-03-13 13:41:53', '2024-03-13 13:41:53', NULL, 1, 0, 1, 'NONE', 'NONE', 'authorSingle'),
(1017, '2024-03-13 13:42:33', '2024-03-13 13:42:33', NULL, 1, 0, 1, 'NONE', 'NONE', 'authorSingle'),
(1018, '2024-03-13 13:42:41', '2024-03-13 13:42:41', NULL, 1, 0, 1, 'NONE', 'NONE', 'authorSingle'),
(1019, '2024-03-13 13:42:54', '2024-03-13 13:42:54', NULL, 1, 0, 1, 'NONE', 'NONE', 'authorSingle'),
(1020, '2024-03-13 13:43:57', '2024-03-13 13:43:57', NULL, 1, 0, 1, 'NONE', 'NONE', ''),
(1021, '2024-03-13 13:44:21', '2024-03-13 13:44:21', NULL, 1, 0, 1, 'NONE', 'NONE', ''),
(1022, '2024-03-13 13:44:43', '2024-03-13 13:44:43', NULL, 1, 0, 1, 'NONE', 'NONE', ''),
(1023, '2024-03-13 13:45:33', '2024-03-13 13:45:33', NULL, 1, 0, 1, 'NONE', 'NONE', ''),
(1024, '2024-03-13 13:45:37', '2024-03-13 13:45:37', NULL, 1, 0, 1, 'NONE', 'NONE', ''),
(1025, '2024-03-13 13:45:54', '2024-03-13 13:45:54', NULL, 1, 0, 1, 'NONE', 'NONE', 'authorSingle'),
(1026, '2024-03-13 13:46:41', '2024-03-13 13:46:41', NULL, 1, 0, 1, 'NONE', 'NONE', ''),
(1027, '2024-03-13 13:46:52', '2024-03-13 13:46:52', NULL, 1, 1, 0, 'NONE', 'NONE', 'myProfile'),
(1028, '2024-03-13 13:48:09', '2024-03-13 13:48:09', NULL, 1, 0, 1, 'NONE', 'NONE', 'authorSingle'),
(1029, '2024-03-13 13:48:59', '2024-03-13 13:48:59', NULL, 1, 0, 1, 'NONE', 'NONE', 'authorSingle'),
(1030, '2024-03-13 13:50:35', '2024-03-13 13:50:35', NULL, 1, 1, 0, 'NONE', 'NONE', ''),
(1031, '2024-03-13 13:50:39', '2024-03-13 13:50:39', NULL, 1, 1, 0, 'NONE', 'NONE', 'myProfile'),
(1032, '2024-03-13 13:50:51', '2024-03-13 13:50:51', NULL, 1, 1, 0, 'NONE', 'NONE', 'authorSingle'),
(1033, '2024-03-13 13:50:56', '2024-03-13 13:50:56', NULL, 1, 1, 0, 'NONE', 'NONE', 'authorSingle'),
(1034, '2024-03-13 14:01:49', '2024-03-13 14:01:49', NULL, 1, 0, 1, 'NONE', 'NONE', ''),
(1035, '2024-03-13 14:02:34', '2024-03-13 14:02:34', NULL, 1, 0, 1, 'NONE', 'NONE', 'authorSingle'),
(1036, '2024-03-13 14:08:46', '2024-03-13 14:08:46', NULL, 1, 0, 1, 'NONE', 'NONE', ''),
(1037, '2024-03-13 14:31:15', '2024-03-13 14:31:15', NULL, 1, 1, 0, 'NONE', 'NONE', ''),
(1038, '2024-03-13 15:14:26', '2024-03-13 15:14:26', NULL, 1, 1, 0, 'NONE', 'NONE', ''),
(1039, '2024-03-13 15:17:26', '2024-03-13 15:17:26', NULL, 1, 1, 0, 'NONE', 'NONE', ''),
(1040, '2024-03-13 15:18:51', '2024-03-13 15:18:51', NULL, 1, 1, 0, 'NONE', 'NONE', ''),
(1041, '2024-03-13 15:19:51', '2024-03-13 15:19:51', NULL, 1, 0, 1, 'NONE', 'NONE', ''),
(1042, '2024-03-13 15:20:04', '2024-03-13 15:20:04', NULL, 1, 0, 1, 'NONE', 'NONE', ''),
(1043, '2024-03-13 15:20:59', '2024-03-13 15:20:59', NULL, 1, 0, 1, 'NONE', 'NONE', ''),
(1044, '2024-03-13 15:24:17', '2024-03-13 15:24:17', NULL, 1, 1, 0, 'NONE', 'NONE', ''),
(1045, '2024-03-13 15:25:03', '2024-03-13 15:25:03', NULL, 1, 1, 0, 'NONE', 'NONE', ''),
(1046, '2024-03-13 15:47:01', '2024-03-13 15:47:01', NULL, 1, 1, 0, 'NONE', 'NONE', ''),
(1047, '2024-03-13 15:47:04', '2024-03-13 15:47:04', NULL, 1, 1, 0, 'NONE', 'NONE', 'authorSingle'),
(1048, '2024-03-13 16:07:26', '2024-03-13 16:07:26', NULL, 1, 1, 0, 'NONE', 'NONE', ''),
(1049, '2024-03-13 16:07:44', '2024-03-13 16:07:44', NULL, 1, 1, 0, 'NONE', 'NONE', 'search'),
(1050, '2024-03-13 16:07:47', '2024-03-13 16:07:47', NULL, 1, 1, 0, 'NONE', 'NONE', 'businessDetails'),
(1051, '2024-03-13 16:08:06', '2024-03-13 16:08:06', NULL, 1, 1, 0, 'NONE', 'NONE', 'authorSingle'),
(1052, '2024-03-13 16:09:56', '2024-03-13 16:09:56', NULL, 1, 0, 1, 'NONE', 'NONE', 'authorSingle'),
(1053, '2024-03-13 16:09:57', '2024-03-13 16:09:57', NULL, 1, 0, 1, 'NONE', 'NONE', 'authorSingle'),
(1054, '2024-03-13 16:10:05', '2024-03-13 16:10:05', NULL, 1, 0, 1, 'NONE', 'NONE', 'authorSingle'),
(1055, '2024-03-13 16:10:07', '2024-03-13 16:10:07', NULL, 1, 0, 1, 'NONE', 'NONE', 'authorSingle'),
(1056, '2024-03-13 16:10:11', '2024-03-13 16:10:11', NULL, 1, 0, 1, 'NONE', 'NONE', 'authorSingle'),
(1057, '2024-03-13 16:10:12', '2024-03-13 16:10:12', NULL, 1, 0, 1, 'NONE', 'NONE', 'authorSingle'),
(1058, '2024-03-13 16:11:23', '2024-03-13 16:11:23', NULL, 1, 0, 1, 'NONE', 'NONE', 'authorSingle'),
(1059, '2024-03-13 16:11:25', '2024-03-13 16:11:25', NULL, 1, 0, 1, 'NONE', 'NONE', 'authorSingle'),
(1060, '2024-03-13 16:11:56', '2024-03-13 16:11:56', NULL, 1, 1, 0, 'NONE', 'NONE', 'authorSingle'),
(1061, '2024-03-13 16:12:24', '2024-03-13 16:12:24', NULL, 1, 1, 0, 'NONE', 'NONE', ''),
(1062, '2024-03-13 16:13:39', '2024-03-13 16:13:39', NULL, 1, 1, 0, 'NONE', 'NONE', 'authorSingle'),
(1063, '2024-03-13 16:17:22', '2024-03-13 16:17:22', NULL, 1, 0, 1, 'NONE', 'NONE', 'authorSingle'),
(1064, '2024-03-13 16:17:23', '2024-03-13 16:17:23', NULL, 1, 0, 1, 'NONE', 'NONE', 'authorSingle'),
(1065, '2024-03-13 16:17:25', '2024-03-13 16:17:25', NULL, 1, 0, 1, 'NONE', 'NONE', 'authorSingle'),
(1066, '2024-03-13 16:17:25', '2024-03-13 16:17:25', NULL, 1, 0, 1, 'NONE', 'NONE', 'authorSingle'),
(1067, '2024-03-13 16:17:27', '2024-03-13 16:17:27', NULL, 1, 0, 1, 'NONE', 'NONE', 'authorSingle'),
(1068, '2024-03-13 16:17:27', '2024-03-13 16:17:27', NULL, 1, 0, 1, 'NONE', 'NONE', 'authorSingle'),
(1069, '2024-03-13 16:17:27', '2024-03-13 16:17:27', NULL, 1, 0, 1, 'NONE', 'NONE', 'authorSingle'),
(1070, '2024-03-13 16:17:58', '2024-03-13 16:17:58', NULL, 1, 1, 0, 'NONE', 'NONE', ''),
(1071, '2024-03-13 16:18:12', '2024-03-13 16:18:12', NULL, 1, 0, 1, 'NONE', 'NONE', ''),
(1072, '2024-03-13 16:18:14', '2024-03-13 16:18:14', NULL, 1, 0, 1, 'NONE', 'NONE', ''),
(1073, '2024-03-13 16:18:16', '2024-03-13 16:18:16', NULL, 1, 0, 1, 'NONE', 'NONE', ''),
(1074, '2024-03-13 16:21:00', '2024-03-13 16:21:00', NULL, 1, 0, 1, 'NONE', 'NONE', 'authorSingle'),
(1075, '2024-03-13 16:21:00', '2024-03-13 16:21:00', NULL, 1, 0, 1, 'NONE', 'NONE', 'authorSingle'),
(1076, '2024-03-13 16:21:03', '2024-03-13 16:21:03', NULL, 1, 0, 1, 'NONE', 'NONE', 'authorSingle'),
(1077, '2024-03-13 16:21:03', '2024-03-13 16:21:03', NULL, 1, 0, 1, 'NONE', 'NONE', 'authorSingle'),
(1078, '2024-03-13 16:21:45', '2024-03-13 16:21:45', NULL, 1, 0, 1, 'NONE', 'NONE', 'authorSingle'),
(1079, '2024-03-13 16:21:45', '2024-03-13 16:21:45', NULL, 1, 0, 1, 'NONE', 'NONE', 'authorSingle'),
(1080, '2024-03-13 16:21:45', '2024-03-13 16:21:45', NULL, 1, 0, 1, 'NONE', 'NONE', 'authorSingle'),
(1081, '2024-03-13 16:22:29', '2024-03-13 16:22:29', NULL, 1, 0, 1, 'NONE', 'NONE', 'authorSingle'),
(1082, '2024-03-13 16:22:30', '2024-03-13 16:22:30', NULL, 1, 0, 1, 'NONE', 'NONE', 'authorSingle'),
(1083, '2024-03-13 16:22:30', '2024-03-13 16:22:30', NULL, 1, 0, 1, 'NONE', 'NONE', 'authorSingle'),
(1084, '2024-03-13 16:23:45', '2024-03-13 16:23:45', NULL, 1, 1, 0, 'NONE', 'NONE', 'authorSingle'),
(1085, '2024-03-13 16:24:53', '2024-03-13 16:24:53', NULL, 1, 1, 0, 'NONE', 'NONE', 'authorSingle'),
(1086, '2024-03-13 16:25:04', '2024-03-13 16:25:04', NULL, 1, 1, 0, 'NONE', 'NONE', 'authorSingle'),
(1087, '2024-03-13 16:27:13', '2024-03-13 16:27:13', NULL, 1, 1, 0, 'NONE', 'NONE', 'authorSingle'),
(1088, '2024-03-13 16:27:23', '2024-03-13 16:27:23', NULL, 1, 1, 0, 'NONE', 'NONE', 'business'),
(1089, '2024-03-13 16:27:45', '2024-03-13 16:27:45', NULL, 1, 0, 1, 'NONE', 'NONE', ''),
(1090, '2024-03-13 16:28:02', '2024-03-13 16:28:02', NULL, 1, 2, 0, 'NONE', 'NONE', '');
INSERT INTO `counter_by_log_user_to_business` (`id`, `created_at`, `updated_at`, `deleted_at`, `business_id`, `user_id`, `is_guess`, `manager_click_type`, `manager_click_id`, `action_name`) VALUES
(1091, '2024-03-13 16:28:48', '2024-03-13 16:28:48', NULL, 1, 3, 0, 'NONE', 'NONE', 'account'),
(1092, '2024-03-13 16:28:52', '2024-03-13 16:28:52', NULL, 1, 3, 0, 'NONE', 'NONE', 'myProfile'),
(1093, '2024-03-13 16:30:18', '2024-03-13 16:30:18', NULL, 1, 1, 0, 'NONE', 'NONE', 'authorSingle'),
(1094, '2024-03-13 16:30:22', '2024-03-13 16:30:22', NULL, 1, 1, 0, 'NONE', 'NONE', 'authorSingle'),
(1095, '2024-03-13 16:30:37', '2024-03-13 16:30:37', NULL, 1, 3, 0, 'NONE', 'NONE', 'myProfile'),
(1096, '2024-03-13 16:30:44', '2024-03-13 16:30:44', NULL, 1, 3, 0, 'NONE', 'NONE', 'myProfile'),
(1097, '2024-03-13 16:30:56', '2024-03-13 16:30:56', NULL, 1, 1, 0, 'NONE', 'NONE', 'authorSingle'),
(1098, '2024-03-13 16:31:12', '2024-03-13 16:31:12', NULL, 1, 1, 0, 'NONE', 'NONE', 'authorSingle'),
(1099, '2024-03-13 16:32:00', '2024-03-13 16:32:00', NULL, 1, 0, 1, 'NONE', 'NONE', 'authorSingle'),
(1100, '2024-03-13 16:32:00', '2024-03-13 16:32:00', NULL, 1, 0, 1, 'NONE', 'NONE', 'authorSingle'),
(1101, '2024-03-13 16:32:03', '2024-03-13 16:32:03', NULL, 1, 0, 1, 'NONE', 'NONE', 'authorSingle'),
(1102, '2024-03-13 16:32:03', '2024-03-13 16:32:03', NULL, 1, 0, 1, 'NONE', 'NONE', 'authorSingle'),
(1103, '2024-03-13 16:32:04', '2024-03-13 16:32:04', NULL, 1, 0, 1, 'NONE', 'NONE', 'authorSingle'),
(1104, '2024-03-13 16:32:13', '2024-03-13 16:32:13', NULL, 1, 0, 1, 'NONE', 'NONE', 'authorSingle'),
(1105, '2024-03-13 16:32:13', '2024-03-13 16:32:13', NULL, 1, 0, 1, 'NONE', 'NONE', 'authorSingle'),
(1106, '2024-03-13 16:32:15', '2024-03-13 16:32:15', NULL, 1, 0, 1, 'NONE', 'NONE', 'authorSingle'),
(1107, '2024-03-13 16:32:16', '2024-03-13 16:32:16', NULL, 1, 0, 1, 'NONE', 'NONE', 'authorSingle'),
(1108, '2024-03-13 16:32:40', '2024-03-13 16:32:40', NULL, 1, 1, 0, 'NONE', 'NONE', 'authorSingle'),
(1109, '2024-03-13 16:33:21', '2024-03-13 16:33:21', NULL, 1, 0, 1, 'NONE', 'NONE', 'authorSingle'),
(1110, '2024-03-13 16:33:23', '2024-03-13 16:33:23', NULL, 1, 0, 1, 'NONE', 'NONE', 'authorSingle'),
(1111, '2024-03-13 16:38:52', '2024-03-13 16:38:52', NULL, 1, 1, 0, 'NONE', 'NONE', 'authorSingle'),
(1112, '2024-03-13 16:39:02', '2024-03-13 16:39:02', NULL, 1, 0, 1, 'NONE', 'NONE', 'authorSingle'),
(1113, '2024-03-13 16:39:04', '2024-03-13 16:39:04', NULL, 1, 0, 1, 'NONE', 'NONE', 'authorSingle'),
(1114, '2024-03-13 16:39:09', '2024-03-13 16:39:09', NULL, 1, 0, 1, 'NONE', 'NONE', 'authorSingle'),
(1115, '2024-03-13 16:39:09', '2024-03-13 16:39:09', NULL, 1, 0, 1, 'NONE', 'NONE', 'authorSingle'),
(1116, '2024-03-13 16:39:11', '2024-03-13 16:39:11', NULL, 1, 0, 1, 'NONE', 'NONE', 'authorSingle'),
(1117, '2024-03-13 16:39:11', '2024-03-13 16:39:11', NULL, 1, 0, 1, 'NONE', 'NONE', 'authorSingle'),
(1118, '2024-03-13 16:39:11', '2024-03-13 16:39:11', NULL, 1, 0, 1, 'NONE', 'NONE', 'authorSingle'),
(1119, '2024-03-13 16:39:29', '2024-03-13 16:39:29', NULL, 1, 0, 1, 'NONE', 'NONE', 'authorSingle'),
(1120, '2024-03-13 16:39:29', '2024-03-13 16:39:29', NULL, 1, 0, 1, 'NONE', 'NONE', 'authorSingle'),
(1121, '2024-03-13 16:39:31', '2024-03-13 16:39:31', NULL, 1, 0, 1, 'NONE', 'NONE', 'authorSingle'),
(1122, '2024-03-13 16:39:31', '2024-03-13 16:39:31', NULL, 1, 0, 1, 'NONE', 'NONE', 'authorSingle'),
(1123, '2024-03-13 16:39:31', '2024-03-13 16:39:31', NULL, 1, 0, 1, 'NONE', 'NONE', 'authorSingle'),
(1124, '2024-03-13 16:39:36', '2024-03-13 16:39:36', NULL, 1, 0, 1, 'NONE', 'NONE', 'authorSingle'),
(1125, '2024-03-13 16:39:37', '2024-03-13 16:39:37', NULL, 1, 0, 1, 'NONE', 'NONE', 'authorSingle'),
(1126, '2024-03-13 16:39:38', '2024-03-13 16:39:38', NULL, 1, 0, 1, 'NONE', 'NONE', 'authorSingle'),
(1127, '2024-03-13 16:39:38', '2024-03-13 16:39:38', NULL, 1, 0, 1, 'NONE', 'NONE', 'authorSingle'),
(1128, '2024-03-13 16:40:28', '2024-03-13 16:40:28', NULL, 1, 0, 1, 'NONE', 'NONE', 'authorSingle'),
(1129, '2024-03-13 16:40:28', '2024-03-13 16:40:28', NULL, 1, 0, 1, 'NONE', 'NONE', 'authorSingle'),
(1130, '2024-03-13 16:41:29', '2024-03-13 16:41:29', NULL, 1, 0, 1, 'NONE', 'NONE', 'authorSingle'),
(1131, '2024-03-13 16:41:30', '2024-03-13 16:41:30', NULL, 1, 0, 1, 'NONE', 'NONE', 'authorSingle'),
(1132, '2024-03-13 16:41:32', '2024-03-13 16:41:32', NULL, 1, 0, 1, 'NONE', 'NONE', 'authorSingle'),
(1133, '2024-03-13 16:41:32', '2024-03-13 16:41:32', NULL, 1, 0, 1, 'NONE', 'NONE', 'authorSingle'),
(1134, '2024-03-13 16:42:01', '2024-03-13 16:42:01', NULL, 1, 1, 0, 'NONE', 'NONE', ''),
(1135, '2024-03-13 16:42:05', '2024-03-13 16:42:05', NULL, 1, 1, 0, 'NONE', 'NONE', 'authorSingle'),
(1136, '2024-03-13 16:42:14', '2024-03-13 16:42:14', NULL, 1, 1, 0, 'NONE', 'NONE', 'authorSingle'),
(1137, '2024-03-13 16:42:38', '2024-03-13 16:42:38', NULL, 1, 0, 1, 'NONE', 'NONE', 'authorSingle'),
(1138, '2024-03-13 16:42:40', '2024-03-13 16:42:40', NULL, 1, 0, 1, 'NONE', 'NONE', 'authorSingle'),
(1139, '2024-03-13 16:42:50', '2024-03-13 16:42:50', NULL, 1, 0, 1, 'NONE', 'NONE', ''),
(1140, '2024-03-13 16:42:50', '2024-03-13 16:42:50', NULL, 1, 0, 1, 'NONE', 'NONE', 'authorSingle'),
(1141, '2024-03-13 16:42:51', '2024-03-13 16:42:51', NULL, 1, 0, 1, 'NONE', 'NONE', 'authorSingle'),
(1142, '2024-03-13 16:42:51', '2024-03-13 16:42:51', NULL, 1, 0, 1, 'NONE', 'NONE', ''),
(1143, '2024-03-13 16:42:52', '2024-03-13 16:42:52', NULL, 1, 0, 1, 'NONE', 'NONE', 'authorSingle'),
(1144, '2024-03-13 16:42:52', '2024-03-13 16:42:52', NULL, 1, 0, 1, 'NONE', 'NONE', 'authorSingle'),
(1145, '2024-03-13 16:43:02', '2024-03-13 16:43:02', NULL, 1, 0, 1, 'NONE', 'NONE', 'authorSingle'),
(1146, '2024-03-13 16:43:02', '2024-03-13 16:43:02', NULL, 1, 0, 1, 'NONE', 'NONE', 'authorSingle'),
(1147, '2024-03-13 16:43:04', '2024-03-13 16:43:04', NULL, 1, 0, 1, 'NONE', 'NONE', 'authorSingle'),
(1148, '2024-03-13 16:43:04', '2024-03-13 16:43:04', NULL, 1, 0, 1, 'NONE', 'NONE', 'authorSingle'),
(1149, '2024-03-13 17:00:51', '2024-03-13 17:00:51', NULL, 1, 0, 1, 'NONE', 'NONE', 'authorSingle'),
(1150, '2024-03-13 17:00:51', '2024-03-13 17:00:51', NULL, 1, 0, 1, 'NONE', 'NONE', 'authorSingle'),
(1151, '2024-03-13 17:00:55', '2024-03-13 17:00:55', NULL, 1, 0, 1, 'NONE', 'NONE', 'authorSingle'),
(1152, '2024-03-13 17:00:55', '2024-03-13 17:00:55', NULL, 1, 0, 1, 'NONE', 'NONE', 'authorSingle'),
(1153, '2024-03-13 17:02:44', '2024-03-13 17:02:44', NULL, 1, 1, 0, 'NONE', 'NONE', 'businessDetails'),
(1154, '2024-03-13 17:02:50', '2024-03-13 17:02:50', NULL, 1, 0, 1, 'NONE', 'NONE', 'businessDetails'),
(1155, '2024-03-13 17:02:59', '2024-03-13 17:02:59', NULL, 1, 0, 1, 'NONE', 'NONE', 'businessDetails'),
(1156, '2024-03-13 17:03:02', '2024-03-13 17:03:02', NULL, 1, 0, 1, 'NONE', 'NONE', 'businessDetails'),
(1157, '2024-03-13 17:03:04', '2024-03-13 17:03:04', NULL, 1, 0, 1, 'NONE', 'NONE', 'businessDetails'),
(1158, '2024-03-13 17:03:06', '2024-03-13 17:03:06', NULL, 1, 0, 1, 'NONE', 'NONE', 'businessDetails'),
(1159, '2024-03-13 17:03:20', '2024-03-13 17:03:20', NULL, 1, 0, 1, 'NONE', 'NONE', ''),
(1160, '2024-03-13 17:03:22', '2024-03-13 17:03:22', NULL, 1, 0, 1, 'NONE', 'NONE', ''),
(1161, '2024-03-13 17:03:26', '2024-03-13 17:03:26', NULL, 1, 0, 1, 'NONE', 'NONE', ''),
(1162, '2024-03-13 17:03:27', '2024-03-13 17:03:27', NULL, 1, 0, 1, 'NONE', 'NONE', ''),
(1163, '2024-03-13 17:03:28', '2024-03-13 17:03:28', NULL, 1, 0, 1, 'NONE', 'NONE', ''),
(1164, '2024-03-13 17:03:35', '2024-03-13 17:03:35', NULL, 1, 0, 1, 'NONE', 'NONE', 'businessDetails'),
(1165, '2024-03-13 17:03:39', '2024-03-13 17:03:39', NULL, 1, 0, 1, 'NONE', 'NONE', ''),
(1166, '2024-03-13 17:03:56', '2024-03-13 17:03:56', NULL, 1, 1, 0, 'NONE', 'NONE', 'authorSingle'),
(1167, '2024-03-13 17:04:10', '2024-03-13 17:04:10', NULL, 1, 0, 1, 'NONE', 'NONE', 'authorSingle'),
(1168, '2024-03-13 17:04:13', '2024-03-13 17:04:13', NULL, 1, 0, 1, 'NONE', 'NONE', 'authorSingle'),
(1169, '2024-03-13 17:04:15', '2024-03-13 17:04:15', NULL, 1, 0, 1, 'NONE', 'NONE', 'authorSingle'),
(1170, '2024-03-13 17:04:16', '2024-03-13 17:04:16', NULL, 1, 0, 1, 'NONE', 'NONE', 'authorSingle'),
(1171, '2024-03-13 17:04:17', '2024-03-13 17:04:17', NULL, 1, 0, 1, 'NONE', 'NONE', 'authorSingle'),
(1172, '2024-03-13 17:04:17', '2024-03-13 17:04:17', NULL, 1, 0, 1, 'NONE', 'NONE', 'authorSingle'),
(1173, '2024-03-13 17:04:29', '2024-03-13 17:04:29', NULL, 1, 1, 0, 'NONE', 'NONE', 'authorSingle'),
(1174, '2024-03-13 17:05:44', '2024-03-13 17:05:44', NULL, 1, 1, 0, 'NONE', 'NONE', 'authorSingle'),
(1175, '2024-03-13 17:06:05', '2024-03-13 17:06:05', NULL, 1, 0, 1, 'NONE', 'NONE', 'authorSingle'),
(1176, '2024-03-13 17:06:07', '2024-03-13 17:06:07', NULL, 1, 0, 1, 'NONE', 'NONE', 'authorSingle'),
(1177, '2024-03-13 17:06:24', '2024-03-13 17:06:24', NULL, 1, 0, 1, 'NONE', 'NONE', 'authorSingle'),
(1178, '2024-03-13 17:06:26', '2024-03-13 17:06:26', NULL, 1, 0, 1, 'NONE', 'NONE', 'authorSingle'),
(1179, '2024-03-13 17:06:30', '2024-03-13 17:06:30', NULL, 1, 1, 0, 'NONE', 'NONE', 'authorSingle'),
(1180, '2024-03-13 17:06:36', '2024-03-13 17:06:36', NULL, 1, 1, 0, 'NONE', 'NONE', 'authorSingle'),
(1181, '2024-03-13 17:07:04', '2024-03-13 17:07:04', NULL, 1, 0, 1, 'NONE', 'NONE', 'authorSingle'),
(1182, '2024-03-13 17:07:06', '2024-03-13 17:07:06', NULL, 1, 0, 1, 'NONE', 'NONE', 'authorSingle'),
(1183, '2024-03-13 17:07:24', '2024-03-13 17:07:24', NULL, 1, 0, 1, 'NONE', 'NONE', 'authorSingle'),
(1184, '2024-03-13 17:07:26', '2024-03-13 17:07:26', NULL, 1, 0, 1, 'NONE', 'NONE', 'authorSingle'),
(1185, '2024-03-13 17:07:42', '2024-03-13 17:07:42', NULL, 1, 0, 1, 'NONE', 'NONE', 'authorSingle'),
(1186, '2024-03-13 17:07:57', '2024-03-13 17:07:57', NULL, 1, 1, 0, 'NONE', 'NONE', 'authorSingle'),
(1187, '2024-03-13 17:08:43', '2024-03-13 17:08:43', NULL, 1, 0, 1, 'NONE', 'NONE', 'authorSingle'),
(1188, '2024-03-13 17:08:45', '2024-03-13 17:08:45', NULL, 1, 0, 1, 'NONE', 'NONE', 'authorSingle'),
(1189, '2024-03-13 17:09:20', '2024-03-13 17:09:20', NULL, 1, 0, 1, 'NONE', 'NONE', 'authorSingle'),
(1190, '2024-03-13 17:09:26', '2024-03-13 17:09:26', NULL, 1, 0, 1, 'NONE', 'NONE', 'authorSingle'),
(1191, '2024-03-13 17:10:00', '2024-03-13 17:10:00', NULL, 1, 0, 1, 'NONE', 'NONE', 'authorSingle'),
(1192, '2024-03-13 17:12:35', '2024-03-13 17:12:35', NULL, 1, 0, 1, 'NONE', 'NONE', 'authorSingle'),
(1193, '2024-03-13 17:12:35', '2024-03-13 17:12:35', NULL, 1, 0, 1, 'NONE', 'NONE', 'authorSingle'),
(1194, '2024-03-13 17:12:36', '2024-03-13 17:12:36', NULL, 1, 0, 1, 'NONE', 'NONE', 'authorSingle'),
(1195, '2024-03-13 17:12:36', '2024-03-13 17:12:36', NULL, 1, 0, 1, 'NONE', 'NONE', 'authorSingle'),
(1196, '2024-03-13 17:12:36', '2024-03-13 17:12:36', NULL, 1, 0, 1, 'NONE', 'NONE', 'authorSingle'),
(1197, '2024-03-13 17:12:36', '2024-03-13 17:12:36', NULL, 1, 0, 1, 'NONE', 'NONE', 'authorSingle'),
(1198, '2024-03-13 17:12:50', '2024-03-13 17:12:50', NULL, 1, 0, 1, 'NONE', 'NONE', 'authorSingle'),
(1199, '2024-03-13 17:12:58', '2024-03-13 17:12:58', NULL, 1, 1, 0, 'FACEBOOK', 'IwAR340M0SQ_k6B6ny8IQVpbgEEPI8qLyhllPKpACX44KobR-8o57WIpbLMSM', 'authorSingle'),
(1200, '2024-03-13 17:13:10', '2024-03-13 17:13:10', NULL, 1, 0, 1, 'NONE', 'NONE', 'authorSingle'),
(1201, '2024-03-13 17:13:11', '2024-03-13 17:13:11', NULL, 1, 0, 1, 'NONE', 'NONE', 'authorSingle'),
(1202, '2024-03-13 17:13:13', '2024-03-13 17:13:13', NULL, 1, 0, 1, 'NONE', 'NONE', 'authorSingle'),
(1203, '2024-03-13 17:13:14', '2024-03-13 17:13:14', NULL, 1, 0, 1, 'NONE', 'NONE', 'authorSingle'),
(1204, '2024-03-13 17:13:19', '2024-03-13 17:13:19', NULL, 1, 0, 1, 'NONE', 'NONE', 'authorSingle'),
(1205, '2024-03-13 17:13:20', '2024-03-13 17:13:20', NULL, 1, 0, 1, 'NONE', 'NONE', 'authorSingle'),
(1206, '2024-03-13 17:13:21', '2024-03-13 17:13:21', NULL, 1, 0, 1, 'NONE', 'NONE', 'authorSingle'),
(1207, '2024-03-13 17:13:23', '2024-03-13 17:13:23', NULL, 1, 0, 1, 'NONE', 'NONE', 'authorSingle'),
(1208, '2024-03-13 17:13:27', '2024-03-13 17:13:27', NULL, 1, 0, 1, 'NONE', 'NONE', 'authorSingle'),
(1209, '2024-03-13 17:13:28', '2024-03-13 17:13:28', NULL, 1, 0, 1, 'NONE', 'NONE', 'authorSingle'),
(1210, '2024-03-13 17:13:48', '2024-03-13 17:13:48', NULL, 1, 0, 1, 'NONE', 'NONE', 'authorSingle'),
(1211, '2024-03-13 17:13:49', '2024-03-13 17:13:49', NULL, 1, 0, 1, 'NONE', 'NONE', 'authorSingle'),
(1212, '2024-03-13 17:14:02', '2024-03-13 17:14:02', NULL, 1, 0, 1, 'NONE', 'NONE', 'authorSingle'),
(1213, '2024-03-13 17:14:03', '2024-03-13 17:14:03', NULL, 1, 0, 1, 'NONE', 'NONE', 'authorSingle'),
(1214, '2024-03-13 17:14:03', '2024-03-13 17:14:03', NULL, 1, 0, 1, 'NONE', 'NONE', 'authorSingle'),
(1215, '2024-03-13 17:14:03', '2024-03-13 17:14:03', NULL, 1, 0, 1, 'NONE', 'NONE', 'authorSingle'),
(1216, '2024-03-13 17:14:04', '2024-03-13 17:14:04', NULL, 1, 0, 1, 'NONE', 'NONE', 'authorSingle'),
(1217, '2024-03-13 17:14:12', '2024-03-13 17:14:12', NULL, 1, 1, 0, 'FACEBOOK', 'IwAR20uCfmiWElga2XuZVknNVojgkuUCZ_n7WV7gPdxAcxfB3u0cbAAGxDYFI', 'authorSingle'),
(1218, '2024-03-13 17:14:17', '2024-03-13 17:14:17', NULL, 1, 1, 0, 'NONE', 'NONE', 'authorSingle'),
(1219, '2024-03-13 17:46:57', '2024-03-13 17:46:57', NULL, 1, 0, 1, 'NONE', 'NONE', ''),
(1220, '2024-03-13 19:07:12', '2024-03-13 19:07:12', NULL, 1, 0, 1, 'NONE', 'NONE', 'authorSingle'),
(1221, '2024-03-13 19:41:38', '2024-03-13 19:41:38', NULL, 1, 0, 1, 'NONE', 'NONE', 'authorSingle'),
(1222, '2024-03-13 19:41:54', '2024-03-13 19:41:54', NULL, 1, 0, 1, 'NONE', 'NONE', 'authorSingle'),
(1223, '2024-03-13 19:41:56', '2024-03-13 19:41:56', NULL, 1, 0, 1, 'NONE', 'NONE', 'authorSingle'),
(1224, '2024-03-13 19:42:06', '2024-03-13 19:42:06', NULL, 1, 0, 1, 'NONE', 'NONE', 'authorSingle'),
(1225, '2024-03-13 19:42:16', '2024-03-13 19:42:16', NULL, 1, 0, 1, 'NONE', 'NONE', 'authorSingle'),
(1226, '2024-03-13 19:42:35', '2024-03-13 19:42:35', NULL, 1, 0, 1, 'NONE', 'NONE', 'authorSingle'),
(1227, '2024-03-13 19:43:37', '2024-03-13 19:43:37', NULL, 1, 0, 1, 'NONE', 'NONE', 'authorSingle'),
(1228, '2024-03-13 20:01:40', '2024-03-13 20:01:40', NULL, 1, 0, 1, 'NONE', 'NONE', 'authorSingle'),
(1229, '2024-03-13 20:03:37', '2024-03-13 20:03:37', NULL, 1, 0, 1, 'NONE', 'NONE', 'authorSingle'),
(1230, '2024-03-13 20:04:06', '2024-03-13 20:04:06', NULL, 1, 0, 1, 'NONE', 'NONE', ''),
(1231, '2024-03-13 20:05:43', '2024-03-13 20:05:43', NULL, 1, 0, 1, 'NONE', 'NONE', 'contactUsBee'),
(1232, '2024-03-13 20:05:51', '2024-03-13 20:05:51', NULL, 1, 0, 1, 'NONE', 'NONE', 'contactUsBee'),
(1233, '2024-03-13 20:08:20', '2024-03-13 20:08:20', NULL, 1, 0, 1, 'NONE', 'NONE', 'aboutUsBee'),
(1234, '2024-03-13 20:08:30', '2024-03-13 20:08:30', NULL, 1, 0, 1, 'NONE', 'NONE', 'activities'),
(1235, '2024-03-13 20:08:37', '2024-03-13 20:08:37', NULL, 1, 0, 1, 'NONE', 'NONE', 'howItWorks'),
(1236, '2024-03-13 20:13:30', '2024-03-13 20:13:30', NULL, 1, 0, 1, 'NONE', 'NONE', ''),
(1237, '2024-03-13 21:00:35', '2024-03-13 21:00:35', NULL, 1, 0, 1, 'NONE', 'NONE', ''),
(1238, '2024-03-13 21:21:01', '2024-03-13 21:21:01', NULL, 1, 0, 1, 'NONE', 'NONE', ''),
(1239, '2024-03-13 21:26:14', '2024-03-13 21:26:14', NULL, 1, 0, 1, 'NONE', 'NONE', ''),
(1240, '2024-03-13 21:27:44', '2024-03-13 21:27:44', NULL, 1, 0, 1, 'NONE', 'NONE', ''),
(1241, '2024-03-13 21:40:42', '2024-03-13 21:40:42', NULL, 1, 0, 1, 'NONE', 'NONE', ''),
(1242, '2024-03-13 22:10:40', '2024-03-13 22:10:40', NULL, 1, 0, 1, 'NONE', 'NONE', ''),
(1243, '2024-03-14 01:16:20', '2024-03-14 01:16:20', NULL, 1, 0, 1, 'NONE', 'NONE', ''),
(1244, '2024-03-14 05:51:08', '2024-03-14 05:51:08', NULL, 1, 0, 1, 'NONE', 'NONE', 'authorSingle'),
(1245, '2024-03-14 05:51:37', '2024-03-14 05:51:37', NULL, 1, 0, 1, 'NONE', 'NONE', 'authorSingle'),
(1246, '2024-03-14 05:51:39', '2024-03-14 05:51:39', NULL, 1, 0, 1, 'NONE', 'NONE', 'authorSingle'),
(1247, '2024-03-14 05:51:47', '2024-03-14 05:51:47', NULL, 1, 0, 1, 'NONE', 'NONE', 'authorSingle'),
(1248, '2024-03-14 06:04:23', '2024-03-14 06:04:23', NULL, 1, 0, 1, 'NONE', 'NONE', ''),
(1249, '2024-03-14 06:56:25', '2024-03-14 06:56:25', NULL, 1, 0, 1, 'NONE', 'NONE', ''),
(1250, '2024-03-14 08:03:35', '2024-03-14 08:03:35', NULL, 1, 0, 1, 'NONE', 'NONE', 'howItWorks'),
(1251, '2024-03-14 08:30:09', '2024-03-14 08:30:09', NULL, 1, 0, 1, 'NONE', 'NONE', ''),
(1252, '2024-03-14 10:13:10', '2024-03-14 10:13:10', NULL, 1, 0, 1, 'NONE', 'NONE', ''),
(1253, '2024-03-14 12:23:02', '2024-03-14 12:23:02', NULL, 1, 0, 1, 'NONE', 'NONE', ''),
(1254, '2024-03-14 12:23:14', '2024-03-14 12:23:14', NULL, 1, 0, 1, 'NONE', 'NONE', ''),
(1255, '2024-03-14 14:02:31', '2024-03-14 14:02:31', NULL, 1, 0, 1, 'NONE', 'NONE', ''),
(1256, '2024-03-14 14:10:33', '2024-03-14 14:10:33', NULL, 1, 0, 1, 'NONE', 'NONE', ''),
(1257, '2024-03-14 15:17:30', '2024-03-14 15:17:30', NULL, 1, 0, 1, 'NONE', 'NONE', ''),
(1258, '2024-03-14 15:29:15', '2024-03-14 15:29:15', NULL, 1, 0, 1, 'NONE', 'NONE', ''),
(1259, '2024-03-14 15:45:33', '2024-03-14 15:45:33', NULL, 1, 0, 1, 'NONE', 'NONE', ''),
(1260, '2024-03-14 16:34:43', '2024-03-14 16:34:43', NULL, 1, 0, 1, 'NONE', 'NONE', ''),
(1261, '2024-03-14 16:42:16', '2024-03-14 16:42:16', NULL, 1, 0, 1, 'NONE', 'NONE', 'authorSingle'),
(1262, '2024-03-14 17:49:15', '2024-03-14 17:49:15', NULL, 1, 0, 1, 'NONE', 'NONE', ''),
(1263, '2024-03-14 18:46:36', '2024-03-14 18:46:36', NULL, 1, 0, 1, 'NONE', 'NONE', ''),
(1264, '2024-03-14 18:53:18', '2024-03-14 18:53:18', NULL, 1, 0, 1, 'NONE', 'NONE', ''),
(1265, '2024-03-14 19:55:56', '2024-03-14 19:55:56', NULL, 1, 0, 1, 'NONE', 'NONE', ''),
(1266, '2024-03-14 20:04:27', '2024-03-14 20:04:27', NULL, 1, 0, 1, 'NONE', 'NONE', 'authorSingle'),
(1267, '2024-03-14 20:35:33', '2024-03-14 20:35:33', NULL, 1, 0, 1, 'NONE', 'NONE', 'authorSingle'),
(1268, '2024-03-14 20:35:41', '2024-03-14 20:35:41', NULL, 1, 0, 1, 'NONE', 'NONE', 'authorSingle'),
(1269, '2024-03-14 21:26:15', '2024-03-14 21:26:15', NULL, 1, 0, 1, 'NONE', 'NONE', ''),
(1270, '2024-03-15 01:02:09', '2024-03-15 01:02:09', NULL, 1, 0, 1, 'NONE', 'NONE', ''),
(1271, '2024-03-15 05:08:38', '2024-03-15 05:08:38', NULL, 1, 0, 1, 'NONE', 'NONE', ''),
(1272, '2024-03-15 06:50:02', '2024-03-15 06:50:02', NULL, 1, 0, 1, 'NONE', 'NONE', 'authorSingle'),
(1273, '2024-03-15 06:57:44', '2024-03-15 06:57:44', NULL, 1, 0, 1, 'NONE', 'NONE', '');

--
-- Dumping data for table `countries`
--

INSERT INTO `countries` (`id`, `name`, `status`, `created_at`, `updated_at`, `deleted_at`, `place_id`, `iso_codes`, `phone_code`) VALUES
(1, 'Afghanistan', 'ACTIVE', NULL, NULL, NULL, 'ChIJ1UuaqN2HI5ARAjecEQSvdp0', 'AF / AFG', '93'),
(2, 'Albania', 'ACTIVE', NULL, NULL, NULL, 'ChIJ1UuaqN2HI5ARAjecEQSvdp0', 'AL / ALB', '355'),
(3, 'Algeria', 'ACTIVE', NULL, NULL, NULL, 'ChIJ1UuaqN2HI5ARAjecEQSvdp0', 'DZ / DZA', '213'),
(4, 'American Samoa', 'ACTIVE', NULL, NULL, NULL, 'ChIJ1UuaqN2HI5ARAjecEQSvdp0', 'AS / ASM', '1'),
(5, 'Andorra', 'ACTIVE', NULL, NULL, NULL, 'ChIJ1UuaqN2HI5ARAjecEQSvdp0', 'AD / AND', '376'),
(6, 'Angola', 'ACTIVE', NULL, NULL, NULL, 'ChIJ1UuaqN2HI5ARAjecEQSvdp0', 'AO / AGO', '244'),
(7, 'Anguilla', 'ACTIVE', NULL, NULL, NULL, 'ChIJ1UuaqN2HI5ARAjecEQSvdp0', 'AI / AIA', '1'),
(8, 'Antarctica', 'ACTIVE', NULL, NULL, NULL, 'ChIJ1UuaqN2HI5ARAjecEQSvdp0', 'AQ / ATA', '672'),
(9, 'Antigua and Barbuda', 'ACTIVE', NULL, NULL, NULL, 'ChIJ1UuaqN2HI5ARAjecEQSvdp0', 'AG / ATG', '1'),
(10, 'Argentina', 'ACTIVE', NULL, NULL, NULL, 'ChIJ1UuaqN2HI5ARAjecEQSvdp0', 'AR / ARG', '54'),
(11, 'Armenia', 'ACTIVE', NULL, NULL, NULL, 'ChIJ1UuaqN2HI5ARAjecEQSvdp0', 'AM / ARM', '374'),
(12, 'Aruba', 'ACTIVE', NULL, NULL, NULL, 'ChIJ1UuaqN2HI5ARAjecEQSvdp0', 'AW / ABW', '297'),
(13, 'Australia', 'ACTIVE', NULL, NULL, NULL, 'ChIJ1UuaqN2HI5ARAjecEQSvdp0', 'AU / AUS', '61'),
(14, 'Austria', 'ACTIVE', NULL, NULL, NULL, 'ChIJ1UuaqN2HI5ARAjecEQSvdp0', 'AT / AUT', '43'),
(15, 'Azerbaijan', 'ACTIVE', NULL, NULL, NULL, 'ChIJ1UuaqN2HI5ARAjecEQSvdp0', 'AZ / AZE', '994'),
(16, 'Bahamas', 'ACTIVE', NULL, NULL, NULL, 'ChIJ1UuaqN2HI5ARAjecEQSvdp0', 'BS / BHS', '1'),
(17, 'Bahrain', 'ACTIVE', NULL, NULL, NULL, 'ChIJ1UuaqN2HI5ARAjecEQSvdp0', 'BH / BHR', '973'),
(18, 'Ecuador', 'ACTIVE', NULL, NULL, NULL, 'ChIJ1UuaqN2HI5ARAjecEQSvdp0', 'EC / ECU', '593'),
(19, 'Barbados', 'ACTIVE', NULL, NULL, NULL, 'ChIJ1UuaqN2HI5ARAjecEQSvdp0', 'BB / BRB', '1'),
(20, 'Belarus', 'ACTIVE', NULL, NULL, NULL, 'ChIJ1UuaqN2HI5ARAjecEQSvdp0', 'BY / BLR', '375'),
(21, 'Belgium', 'ACTIVE', NULL, NULL, NULL, 'ChIJ1UuaqN2HI5ARAjecEQSvdp0', 'BE / BEL', '32'),
(22, 'Belize', 'ACTIVE', NULL, NULL, NULL, 'ChIJ1UuaqN2HI5ARAjecEQSvdp0', 'BZ / BLZ', '501'),
(23, 'Benin', 'ACTIVE', NULL, NULL, NULL, 'ChIJ1UuaqN2HI5ARAjecEQSvdp0', 'BJ / BEN', '229'),
(24, 'Bermuda', 'ACTIVE', NULL, NULL, NULL, 'ChIJ1UuaqN2HI5ARAjecEQSvdp0', 'BM / BMU', '1'),
(25, 'Bhutan', 'ACTIVE', NULL, NULL, NULL, 'ChIJ1UuaqN2HI5ARAjecEQSvdp0', 'BT / BTN', '975'),
(26, 'Bolivia', 'ACTIVE', NULL, NULL, NULL, 'ChIJ1UuaqN2HI5ARAjecEQSvdp0', 'BO / BOL', '591'),
(27, 'Bosnia and Herzegovina', 'ACTIVE', NULL, NULL, NULL, 'ChIJ1UuaqN2HI5ARAjecEQSvdp0', 'BA / BIH', '387'),
(28, 'Botswana', 'ACTIVE', NULL, NULL, NULL, 'ChIJ1UuaqN2HI5ARAjecEQSvdp0', 'BW / BWA', '267'),
(29, 'Brazil', 'ACTIVE', NULL, NULL, NULL, 'ChIJ1UuaqN2HI5ARAjecEQSvdp0', 'BR / BRA', '55'),
(30, 'British Indian Ocean Territory', 'ACTIVE', NULL, NULL, NULL, 'ChIJ1UuaqN2HI5ARAjecEQSvdp0', 'IO / IOT', '246'),
(31, 'British Virgin Islands', 'ACTIVE', NULL, NULL, NULL, 'ChIJ1UuaqN2HI5ARAjecEQSvdp0', 'VG / VGB', '1'),
(32, 'Brunei', 'ACTIVE', NULL, NULL, NULL, 'ChIJ1UuaqN2HI5ARAjecEQSvdp0', 'BN / BRN', '673'),
(33, 'Bulgaria', 'ACTIVE', NULL, NULL, NULL, 'ChIJ1UuaqN2HI5ARAjecEQSvdp0', 'BG / BGR', '359'),
(34, 'Burkina Faso', 'ACTIVE', NULL, NULL, NULL, 'ChIJ1UuaqN2HI5ARAjecEQSvdp0', 'BF / BFA', '226'),
(35, 'Myanmar', 'ACTIVE', NULL, NULL, NULL, 'ChIJ1UuaqN2HI5ARAjecEQSvdp0', 'MM / MMR', '95'),
(36, 'Burundi', 'ACTIVE', NULL, NULL, NULL, 'ChIJ1UuaqN2HI5ARAjecEQSvdp0', 'BI / BDI', '257'),
(37, 'Cambodia', 'ACTIVE', NULL, NULL, NULL, 'ChIJ1UuaqN2HI5ARAjecEQSvdp0', 'KH / KHM', '855'),
(38, 'Cameroon', 'ACTIVE', NULL, NULL, NULL, 'ChIJ1UuaqN2HI5ARAjecEQSvdp0', 'CM / CMR', '237'),
(39, 'Canada', 'ACTIVE', NULL, NULL, NULL, 'ChIJ1UuaqN2HI5ARAjecEQSvdp0', 'CA / CAN', '1'),
(40, 'Cape Verde', 'ACTIVE', NULL, NULL, NULL, 'ChIJ1UuaqN2HI5ARAjecEQSvdp0', 'CV / CPV', '238'),
(41, 'Cayman Islands', 'ACTIVE', NULL, NULL, NULL, 'ChIJ1UuaqN2HI5ARAjecEQSvdp0', 'KY / CYM', '1'),
(42, 'Central African Republic', 'ACTIVE', NULL, NULL, NULL, 'ChIJ1UuaqN2HI5ARAjecEQSvdp0', 'CF / CAF', '236'),
(43, 'Chad', 'ACTIVE', NULL, NULL, NULL, 'ChIJ1UuaqN2HI5ARAjecEQSvdp0', 'TD / TCD', '235'),
(44, 'Chile', 'ACTIVE', NULL, NULL, NULL, 'ChIJ1UuaqN2HI5ARAjecEQSvdp0', 'CL / CHL', '56'),
(45, 'China', 'ACTIVE', NULL, NULL, NULL, 'ChIJ1UuaqN2HI5ARAjecEQSvdp0', 'CN / CHN', '86'),
(46, 'Christmas Island', 'ACTIVE', NULL, NULL, NULL, 'ChIJ1UuaqN2HI5ARAjecEQSvdp0', 'CX / CXR', '61'),
(47, 'Cocos Islands', 'ACTIVE', NULL, NULL, NULL, 'ChIJ1UuaqN2HI5ARAjecEQSvdp0', 'CC / CCK', '61'),
(48, 'Colombia', 'ACTIVE', NULL, NULL, NULL, 'ChIJ1UuaqN2HI5ARAjecEQSvdp0', 'CO / COL', '57'),
(49, 'Comoros', 'ACTIVE', NULL, NULL, NULL, 'ChIJ1UuaqN2HI5ARAjecEQSvdp0', 'KM / COM', '269'),
(50, 'Republic of the Congo', 'ACTIVE', NULL, NULL, NULL, 'ChIJ1UuaqN2HI5ARAjecEQSvdp0', 'CG / COG', '242'),
(51, 'Democratic Republic of the Congo', 'ACTIVE', NULL, NULL, NULL, 'ChIJ1UuaqN2HI5ARAjecEQSvdp0', 'CD / COD', '243'),
(52, 'Cook Islands', 'ACTIVE', NULL, NULL, NULL, 'ChIJ1UuaqN2HI5ARAjecEQSvdp0', 'CK / COK', '682'),
(53, 'Costa Rica', 'ACTIVE', NULL, NULL, NULL, 'ChIJ1UuaqN2HI5ARAjecEQSvdp0', 'CR / CRI', '506'),
(54, 'Croatia', 'ACTIVE', NULL, NULL, NULL, 'ChIJ1UuaqN2HI5ARAjecEQSvdp0', 'HR / HRV', '385'),
(55, 'Cuba', 'ACTIVE', NULL, NULL, NULL, 'ChIJ1UuaqN2HI5ARAjecEQSvdp0', 'CU / CUB', '53'),
(56, 'Curacao', 'ACTIVE', NULL, NULL, NULL, 'ChIJ1UuaqN2HI5ARAjecEQSvdp0', 'CW / CUW', '599'),
(57, 'Cyprus', 'ACTIVE', NULL, NULL, NULL, 'ChIJ1UuaqN2HI5ARAjecEQSvdp0', 'CY / CYP', '357'),
(58, 'Czech Republic', 'ACTIVE', NULL, NULL, NULL, 'ChIJ1UuaqN2HI5ARAjecEQSvdp0', 'CZ / CZE', '420'),
(59, 'Denmark', 'ACTIVE', NULL, NULL, NULL, 'ChIJ1UuaqN2HI5ARAjecEQSvdp0', 'DK / DNK', '45'),
(60, 'Djibouti', 'ACTIVE', NULL, NULL, NULL, 'ChIJ1UuaqN2HI5ARAjecEQSvdp0', 'DJ / DJI', '253'),
(61, 'Dominica', 'ACTIVE', NULL, NULL, NULL, 'ChIJ1UuaqN2HI5ARAjecEQSvdp0', 'DM / DMA', '1'),
(62, 'Dominican Republic', 'ACTIVE', NULL, NULL, NULL, 'ChIJ1UuaqN2HI5ARAjecEQSvdp0', 'DO / DOM', '1'),
(63, 'East Timor', 'ACTIVE', NULL, NULL, NULL, 'ChIJ1UuaqN2HI5ARAjecEQSvdp0', 'TL / TLS', '670'),
(64, 'Bangladesh', 'ACTIVE', NULL, NULL, NULL, 'ChIJ1UuaqN2HI5ARAjecEQSvdp0', 'BD / BGD', '880'),
(65, 'Egypt', 'ACTIVE', NULL, NULL, NULL, 'ChIJ1UuaqN2HI5ARAjecEQSvdp0', 'EG / EGY', '20'),
(66, 'El Salvador', 'ACTIVE', NULL, NULL, NULL, 'ChIJ1UuaqN2HI5ARAjecEQSvdp0', 'SV / SLV', '503'),
(67, 'Equatorial Guinea', 'ACTIVE', NULL, NULL, NULL, 'ChIJ1UuaqN2HI5ARAjecEQSvdp0', 'GQ / GNQ', '240'),
(68, 'Eritrea', 'ACTIVE', NULL, NULL, NULL, 'ChIJ1UuaqN2HI5ARAjecEQSvdp0', 'ER / ERI', '291'),
(69, 'Estonia', 'ACTIVE', NULL, NULL, NULL, 'ChIJ1UuaqN2HI5ARAjecEQSvdp0', 'EE / EST', '372'),
(70, 'Ethiopia', 'ACTIVE', NULL, NULL, NULL, 'ChIJ1UuaqN2HI5ARAjecEQSvdp0', 'ET / ETH', '251'),
(71, 'Sin Especificar', 'ACTIVE', NULL, NULL, NULL, 'ChIJ1UuaqN2HI5ARAjecEQSvdp0', 'ZW / ZWE', '263'),
(72, 'Faroe Islands', 'ACTIVE', NULL, NULL, NULL, 'ChIJ1UuaqN2HI5ARAjecEQSvdp0', 'FO / FRO', '298'),
(73, 'Fiji', 'ACTIVE', NULL, NULL, NULL, 'ChIJ1UuaqN2HI5ARAjecEQSvdp0', 'FJ / FJI', '679'),
(74, 'Finland', 'ACTIVE', NULL, NULL, NULL, 'ChIJ1UuaqN2HI5ARAjecEQSvdp0', 'FI / FIN', '358'),
(75, 'France', 'ACTIVE', NULL, NULL, NULL, 'ChIJ1UuaqN2HI5ARAjecEQSvdp0', 'FR / FRA', '33'),
(76, 'French Polynesia', 'ACTIVE', NULL, NULL, NULL, 'ChIJ1UuaqN2HI5ARAjecEQSvdp0', 'PF / PYF', '689'),
(77, 'Gabon', 'ACTIVE', NULL, NULL, NULL, 'ChIJ1UuaqN2HI5ARAjecEQSvdp0', 'GA / GAB', '241'),
(78, 'Gambia', 'ACTIVE', NULL, NULL, NULL, 'ChIJ1UuaqN2HI5ARAjecEQSvdp0', 'GM / GMB', '220'),
(79, 'Georgia', 'ACTIVE', NULL, NULL, NULL, 'ChIJ1UuaqN2HI5ARAjecEQSvdp0', 'GE / GEO', '995'),
(80, 'Germany', 'ACTIVE', NULL, NULL, NULL, 'ChIJ1UuaqN2HI5ARAjecEQSvdp0', 'DE / DEU', '49'),
(81, 'Ghana', 'ACTIVE', NULL, NULL, NULL, 'ChIJ1UuaqN2HI5ARAjecEQSvdp0', 'GH / GHA', '233'),
(82, 'Gibraltar', 'ACTIVE', NULL, NULL, NULL, 'ChIJ1UuaqN2HI5ARAjecEQSvdp0', 'GI / GIB', '350'),
(83, 'Greece', 'ACTIVE', NULL, NULL, NULL, 'ChIJ1UuaqN2HI5ARAjecEQSvdp0', 'GR / GRC', '30'),
(84, 'Greenland', 'ACTIVE', NULL, NULL, NULL, 'ChIJ1UuaqN2HI5ARAjecEQSvdp0', 'GL / GRL', '299'),
(85, 'Grenada', 'ACTIVE', NULL, NULL, NULL, 'ChIJ1UuaqN2HI5ARAjecEQSvdp0', 'GD / GRD', '1'),
(86, 'Guam', 'ACTIVE', NULL, NULL, NULL, 'ChIJ1UuaqN2HI5ARAjecEQSvdp0', 'GU / GUM', '1'),
(87, 'Guatemala', 'ACTIVE', NULL, NULL, NULL, 'ChIJ1UuaqN2HI5ARAjecEQSvdp0', 'GT / GTM', '502'),
(88, 'Guernsey', 'ACTIVE', NULL, NULL, NULL, 'ChIJ1UuaqN2HI5ARAjecEQSvdp0', 'GG / GGY', '44'),
(89, 'Guinea', 'ACTIVE', NULL, NULL, NULL, 'ChIJ1UuaqN2HI5ARAjecEQSvdp0', 'GN / GIN', '224'),
(90, 'Guinea-Bissau', 'ACTIVE', NULL, NULL, NULL, 'ChIJ1UuaqN2HI5ARAjecEQSvdp0', 'GW / GNB', '245'),
(91, 'Guyana', 'ACTIVE', NULL, NULL, NULL, 'ChIJ1UuaqN2HI5ARAjecEQSvdp0', 'GY / GUY', '592'),
(92, 'Haiti', 'ACTIVE', NULL, NULL, NULL, 'ChIJ1UuaqN2HI5ARAjecEQSvdp0', 'HT / HTI', '509'),
(93, 'Honduras', 'ACTIVE', NULL, NULL, NULL, 'ChIJ1UuaqN2HI5ARAjecEQSvdp0', 'HN / HND', '504'),
(94, 'Hong Kong', 'ACTIVE', NULL, NULL, NULL, 'ChIJ1UuaqN2HI5ARAjecEQSvdp0', 'HK / HKG', '852'),
(95, 'Hungary', 'ACTIVE', NULL, NULL, NULL, 'ChIJ1UuaqN2HI5ARAjecEQSvdp0', 'HU / HUN', '36'),
(96, 'Iceland', 'ACTIVE', NULL, NULL, NULL, 'ChIJ1UuaqN2HI5ARAjecEQSvdp0', 'IS / ISL', '354'),
(97, 'India', 'ACTIVE', NULL, NULL, NULL, 'ChIJ1UuaqN2HI5ARAjecEQSvdp0', 'IN / IND', '91'),
(98, 'Indonesia', 'ACTIVE', NULL, NULL, NULL, 'ChIJ1UuaqN2HI5ARAjecEQSvdp0', 'ID / IDN', '62'),
(99, 'Iran', 'ACTIVE', NULL, NULL, NULL, 'ChIJ1UuaqN2HI5ARAjecEQSvdp0', 'IR / IRN', '98'),
(100, 'Iraq', 'ACTIVE', NULL, NULL, NULL, 'ChIJ1UuaqN2HI5ARAjecEQSvdp0', 'IQ / IRQ', '964'),
(101, 'Ireland', 'ACTIVE', NULL, NULL, NULL, 'ChIJ1UuaqN2HI5ARAjecEQSvdp0', 'IE / IRL', '353'),
(102, 'Isle of Man', 'ACTIVE', NULL, NULL, NULL, 'ChIJ1UuaqN2HI5ARAjecEQSvdp0', 'IM / IMN', '44'),
(103, 'Israel', 'ACTIVE', NULL, NULL, NULL, 'ChIJ1UuaqN2HI5ARAjecEQSvdp0', 'IL / ISR', '972'),
(104, 'Italy', 'ACTIVE', NULL, NULL, NULL, 'ChIJ1UuaqN2HI5ARAjecEQSvdp0', 'IT / ITA', '39'),
(105, 'Ivory Coast', 'ACTIVE', NULL, NULL, NULL, 'ChIJ1UuaqN2HI5ARAjecEQSvdp0', 'CI / CIV', '225'),
(106, 'Jamaica', 'ACTIVE', NULL, NULL, NULL, 'ChIJ1UuaqN2HI5ARAjecEQSvdp0', 'JM / JAM', '1'),
(107, 'Japan', 'ACTIVE', NULL, NULL, NULL, 'ChIJ1UuaqN2HI5ARAjecEQSvdp0', 'JP / JPN', '81'),
(108, 'Jersey', 'ACTIVE', NULL, NULL, NULL, 'ChIJ1UuaqN2HI5ARAjecEQSvdp0', 'JE / JEY', '44'),
(109, 'Jordan', 'ACTIVE', NULL, NULL, NULL, 'ChIJ1UuaqN2HI5ARAjecEQSvdp0', 'JO / JOR', '962'),
(110, 'Kazakhstan', 'ACTIVE', NULL, NULL, NULL, 'ChIJ1UuaqN2HI5ARAjecEQSvdp0', 'KZ / KAZ', '7'),
(111, 'Kenya', 'ACTIVE', NULL, NULL, NULL, 'ChIJ1UuaqN2HI5ARAjecEQSvdp0', 'KE / KEN', '254'),
(112, 'Kiribati', 'ACTIVE', NULL, NULL, NULL, 'ChIJ1UuaqN2HI5ARAjecEQSvdp0', 'KI / KIR', '686'),
(113, 'Kosovo', 'ACTIVE', NULL, NULL, NULL, 'ChIJ1UuaqN2HI5ARAjecEQSvdp0', 'XK / XKX', '383'),
(114, 'Kuwait', 'ACTIVE', NULL, NULL, NULL, 'ChIJ1UuaqN2HI5ARAjecEQSvdp0', 'KW / KWT', '965'),
(115, 'Kyrgyzstan', 'ACTIVE', NULL, NULL, NULL, 'ChIJ1UuaqN2HI5ARAjecEQSvdp0', 'KG / KGZ', '996'),
(116, 'Laos', 'ACTIVE', NULL, NULL, NULL, 'ChIJ1UuaqN2HI5ARAjecEQSvdp0', 'LA / LAO', '856'),
(117, 'Latvia', 'ACTIVE', NULL, NULL, NULL, 'ChIJ1UuaqN2HI5ARAjecEQSvdp0', 'LV / LVA', '371'),
(118, 'Lebanon', 'ACTIVE', NULL, NULL, NULL, 'ChIJ1UuaqN2HI5ARAjecEQSvdp0', 'LB / LBN', '961'),
(119, 'Lesotho', 'ACTIVE', NULL, NULL, NULL, 'ChIJ1UuaqN2HI5ARAjecEQSvdp0', 'LS / LSO', '266'),
(120, 'Liberia', 'ACTIVE', NULL, NULL, NULL, 'ChIJ1UuaqN2HI5ARAjecEQSvdp0', 'LR / LBR', '231'),
(121, 'Libya', 'ACTIVE', NULL, NULL, NULL, 'ChIJ1UuaqN2HI5ARAjecEQSvdp0', 'LY / LBY', '218'),
(122, 'Liechtenstein', 'ACTIVE', NULL, NULL, NULL, 'ChIJ1UuaqN2HI5ARAjecEQSvdp0', 'LI / LIE', '423'),
(123, 'Lithuania', 'ACTIVE', NULL, NULL, NULL, 'ChIJ1UuaqN2HI5ARAjecEQSvdp0', 'LT / LTU', '370'),
(124, 'Luxembourg', 'ACTIVE', NULL, NULL, NULL, 'ChIJ1UuaqN2HI5ARAjecEQSvdp0', 'LU / LUX', '352'),
(125, 'Macau', 'ACTIVE', NULL, NULL, NULL, 'ChIJ1UuaqN2HI5ARAjecEQSvdp0', 'MO / MAC', '853'),
(126, 'Macedonia', 'ACTIVE', NULL, NULL, NULL, 'ChIJ1UuaqN2HI5ARAjecEQSvdp0', 'MK / MKD', '389'),
(127, 'Madagascar', 'ACTIVE', NULL, NULL, NULL, 'ChIJ1UuaqN2HI5ARAjecEQSvdp0', 'MG / MDG', '261'),
(128, 'Malawi', 'ACTIVE', NULL, NULL, NULL, 'ChIJ1UuaqN2HI5ARAjecEQSvdp0', 'MW / MWI', '265'),
(129, 'Malaysia', 'ACTIVE', NULL, NULL, NULL, 'ChIJ1UuaqN2HI5ARAjecEQSvdp0', 'MY / MYS', '60'),
(130, 'Maldives', 'ACTIVE', NULL, NULL, NULL, 'ChIJ1UuaqN2HI5ARAjecEQSvdp0', 'MV / MDV', '960'),
(131, 'Mali', 'ACTIVE', NULL, NULL, NULL, 'ChIJ1UuaqN2HI5ARAjecEQSvdp0', 'ML / MLI', '223'),
(132, 'Malta', 'ACTIVE', NULL, NULL, NULL, 'ChIJ1UuaqN2HI5ARAjecEQSvdp0', 'MT / MLT', '356'),
(133, 'Marshall Islands', 'ACTIVE', NULL, NULL, NULL, 'ChIJ1UuaqN2HI5ARAjecEQSvdp0', 'MH / MHL', '692'),
(134, 'Mauritania', 'ACTIVE', NULL, NULL, NULL, 'ChIJ1UuaqN2HI5ARAjecEQSvdp0', 'MR / MRT', '222'),
(135, 'Mauritius', 'ACTIVE', NULL, NULL, NULL, 'ChIJ1UuaqN2HI5ARAjecEQSvdp0', 'MU / MUS', '230'),
(136, 'Mayotte', 'ACTIVE', NULL, NULL, NULL, 'ChIJ1UuaqN2HI5ARAjecEQSvdp0', 'YT / MYT', '262'),
(137, 'Mexico', 'ACTIVE', NULL, NULL, NULL, 'ChIJ1UuaqN2HI5ARAjecEQSvdp0', 'MX / MEX', '52'),
(138, 'Micronesia', 'ACTIVE', NULL, NULL, NULL, 'ChIJ1UuaqN2HI5ARAjecEQSvdp0', 'FM / FSM', '691'),
(139, 'Moldova', 'ACTIVE', NULL, NULL, NULL, 'ChIJ1UuaqN2HI5ARAjecEQSvdp0', 'MD / MDA', '373'),
(140, 'Monaco', 'ACTIVE', NULL, NULL, NULL, 'ChIJ1UuaqN2HI5ARAjecEQSvdp0', 'MC / MCO', '377'),
(141, 'Mongolia', 'ACTIVE', NULL, NULL, NULL, 'ChIJ1UuaqN2HI5ARAjecEQSvdp0', 'MN / MNG', '976'),
(142, 'Montenegro', 'ACTIVE', NULL, NULL, NULL, 'ChIJ1UuaqN2HI5ARAjecEQSvdp0', 'ME / MNE', '382'),
(143, 'Montserrat', 'ACTIVE', NULL, NULL, NULL, 'ChIJ1UuaqN2HI5ARAjecEQSvdp0', 'MS / MSR', '1'),
(144, 'Morocco', 'ACTIVE', NULL, NULL, NULL, 'ChIJ1UuaqN2HI5ARAjecEQSvdp0', 'MA / MAR', '212'),
(145, 'Mozambique', 'ACTIVE', NULL, NULL, NULL, 'ChIJ1UuaqN2HI5ARAjecEQSvdp0', 'MZ / MOZ', '258'),
(146, 'Namibia', 'ACTIVE', NULL, NULL, NULL, 'ChIJ1UuaqN2HI5ARAjecEQSvdp0', 'NA / NAM', '264'),
(147, 'Nauru', 'ACTIVE', NULL, NULL, NULL, 'ChIJ1UuaqN2HI5ARAjecEQSvdp0', 'NR / NRU', '674'),
(148, 'Nepal', 'ACTIVE', NULL, NULL, NULL, 'ChIJ1UuaqN2HI5ARAjecEQSvdp0', 'NP / NPL', '977'),
(149, 'Netherlands', 'ACTIVE', NULL, NULL, NULL, 'ChIJ1UuaqN2HI5ARAjecEQSvdp0', 'NL / NLD', '31'),
(150, 'Netherlands Antilles', 'ACTIVE', NULL, NULL, NULL, 'ChIJ1UuaqN2HI5ARAjecEQSvdp0', 'AN / ANT', '599'),
(151, 'New Caledonia', 'ACTIVE', NULL, NULL, NULL, 'ChIJ1UuaqN2HI5ARAjecEQSvdp0', 'NC / NCL', '687'),
(152, 'New Zealand', 'ACTIVE', NULL, NULL, NULL, 'ChIJ1UuaqN2HI5ARAjecEQSvdp0', 'NZ / NZL', '64'),
(153, 'Nicaragua', 'ACTIVE', NULL, NULL, NULL, 'ChIJ1UuaqN2HI5ARAjecEQSvdp0', 'NI / NIC', '505'),
(154, 'Niger', 'ACTIVE', NULL, NULL, NULL, 'ChIJ1UuaqN2HI5ARAjecEQSvdp0', 'NE / NER', '227'),
(155, 'Nigeria', 'ACTIVE', NULL, NULL, NULL, 'ChIJ1UuaqN2HI5ARAjecEQSvdp0', 'NG / NGA', '234'),
(156, 'Niue', 'ACTIVE', NULL, NULL, NULL, 'ChIJ1UuaqN2HI5ARAjecEQSvdp0', 'NU / NIU', '683'),
(157, 'Northern Mariana Islands', 'ACTIVE', NULL, NULL, NULL, 'ChIJ1UuaqN2HI5ARAjecEQSvdp0', 'MP / MNP', '1'),
(158, 'North Korea', 'ACTIVE', NULL, NULL, NULL, 'ChIJ1UuaqN2HI5ARAjecEQSvdp0', 'KP / PRK', '850'),
(159, 'Norway', 'ACTIVE', NULL, NULL, NULL, 'ChIJ1UuaqN2HI5ARAjecEQSvdp0', 'NO / NOR', '47'),
(160, 'Oman', 'ACTIVE', NULL, NULL, NULL, 'ChIJ1UuaqN2HI5ARAjecEQSvdp0', 'OM / OMN', '968'),
(161, 'Pakistan', 'ACTIVE', NULL, NULL, NULL, 'ChIJ1UuaqN2HI5ARAjecEQSvdp0', 'PK / PAK', '92'),
(162, 'Palau', 'ACTIVE', NULL, NULL, NULL, 'ChIJ1UuaqN2HI5ARAjecEQSvdp0', 'PW / PLW', '680'),
(163, 'Palestine', 'ACTIVE', NULL, NULL, NULL, 'ChIJ1UuaqN2HI5ARAjecEQSvdp0', 'PS / PSE', '970'),
(164, 'Panama', 'ACTIVE', NULL, NULL, NULL, 'ChIJ1UuaqN2HI5ARAjecEQSvdp0', 'PA / PAN', '507'),
(165, 'Papua New Guinea', 'ACTIVE', NULL, NULL, NULL, 'ChIJ1UuaqN2HI5ARAjecEQSvdp0', 'PG / PNG', '675'),
(166, 'Paraguay', 'ACTIVE', NULL, NULL, NULL, 'ChIJ1UuaqN2HI5ARAjecEQSvdp0', 'PY / PRY', '595'),
(167, 'Peru', 'ACTIVE', NULL, NULL, NULL, 'ChIJ1UuaqN2HI5ARAjecEQSvdp0', 'PE / PER', '51'),
(168, 'Philippines', 'ACTIVE', NULL, NULL, NULL, 'ChIJ1UuaqN2HI5ARAjecEQSvdp0', 'PH / PHL', '63'),
(169, 'Pitcairn', 'ACTIVE', NULL, NULL, NULL, 'ChIJ1UuaqN2HI5ARAjecEQSvdp0', 'PN / PCN', '64'),
(170, 'Poland', 'ACTIVE', NULL, NULL, NULL, 'ChIJ1UuaqN2HI5ARAjecEQSvdp0', 'PL / POL', '48'),
(172, 'Puerto Rico', 'ACTIVE', NULL, NULL, NULL, 'ChIJ1UuaqN2HI5ARAjecEQSvdp0', 'PR / PRI', '1, 1'),
(173, 'Qatar', 'ACTIVE', NULL, NULL, NULL, 'ChIJ1UuaqN2HI5ARAjecEQSvdp0', 'QA / QAT', '974'),
(174, 'Reunion', 'ACTIVE', NULL, NULL, NULL, 'ChIJ1UuaqN2HI5ARAjecEQSvdp0', 'RE / REU', '262'),
(175, 'Romania', 'ACTIVE', NULL, NULL, NULL, 'ChIJ1UuaqN2HI5ARAjecEQSvdp0', 'RO / ROU', '40'),
(176, 'Russia', 'ACTIVE', NULL, NULL, NULL, 'ChIJ1UuaqN2HI5ARAjecEQSvdp0', 'RU / RUS', '7'),
(177, 'Rwanda', 'ACTIVE', NULL, NULL, NULL, 'ChIJ1UuaqN2HI5ARAjecEQSvdp0', 'RW / RWA', '250'),
(178, 'Saint Barthelemy', 'ACTIVE', NULL, NULL, NULL, 'ChIJ1UuaqN2HI5ARAjecEQSvdp0', 'BL / BLM', '590'),
(179, 'Samoa', 'ACTIVE', NULL, NULL, NULL, 'ChIJ1UuaqN2HI5ARAjecEQSvdp0', 'WS / WSM', '685'),
(180, 'San Marino', 'ACTIVE', NULL, NULL, NULL, 'ChIJ1UuaqN2HI5ARAjecEQSvdp0', 'SM / SMR', '378'),
(181, 'Sao Tome and Principe', 'ACTIVE', NULL, NULL, NULL, 'ChIJ1UuaqN2HI5ARAjecEQSvdp0', 'ST / STP', '239'),
(182, 'Saudi Arabia', 'ACTIVE', NULL, NULL, NULL, 'ChIJ1UuaqN2HI5ARAjecEQSvdp0', 'SA / SAU', '966'),
(183, 'Senegal', 'ACTIVE', NULL, NULL, NULL, 'ChIJ1UuaqN2HI5ARAjecEQSvdp0', 'SN / SEN', '221'),
(184, 'Serbia', 'ACTIVE', NULL, NULL, NULL, 'ChIJ1UuaqN2HI5ARAjecEQSvdp0', 'RS / SRB', '381'),
(185, 'Seychelles', 'ACTIVE', NULL, NULL, NULL, 'ChIJ1UuaqN2HI5ARAjecEQSvdp0', 'SC / SYC', '248'),
(186, 'Sierra Leone', 'ACTIVE', NULL, NULL, NULL, 'ChIJ1UuaqN2HI5ARAjecEQSvdp0', 'SL / SLE', '232'),
(187, 'Singapore', 'ACTIVE', NULL, NULL, NULL, 'ChIJ1UuaqN2HI5ARAjecEQSvdp0', 'SG / SGP', '65'),
(188, 'Sint Maarten', 'ACTIVE', NULL, NULL, NULL, 'ChIJ1UuaqN2HI5ARAjecEQSvdp0', 'SX / SXM', '1'),
(189, 'Slovakia', 'ACTIVE', NULL, NULL, NULL, 'ChIJ1UuaqN2HI5ARAjecEQSvdp0', 'SK / SVK', '421'),
(190, 'Slovenia', 'ACTIVE', NULL, NULL, NULL, 'ChIJ1UuaqN2HI5ARAjecEQSvdp0', 'SI / SVN', '386'),
(191, 'Solomon Islands', 'ACTIVE', NULL, NULL, NULL, 'ChIJ1UuaqN2HI5ARAjecEQSvdp0', 'SB / SLB', '677'),
(192, 'Somalia', 'ACTIVE', NULL, NULL, NULL, 'ChIJ1UuaqN2HI5ARAjecEQSvdp0', 'SO / SOM', '252'),
(193, 'South Africa', 'ACTIVE', NULL, NULL, NULL, 'ChIJ1UuaqN2HI5ARAjecEQSvdp0', 'ZA / ZAF', '27'),
(194, 'South Korea', 'ACTIVE', NULL, NULL, NULL, 'ChIJ1UuaqN2HI5ARAjecEQSvdp0', 'KR / KOR', '82'),
(195, 'South Sudan', 'ACTIVE', NULL, NULL, NULL, 'ChIJ1UuaqN2HI5ARAjecEQSvdp0', 'SS / SSD', '211'),
(196, 'Spain', 'ACTIVE', NULL, NULL, NULL, 'ChIJ1UuaqN2HI5ARAjecEQSvdp0', 'ES / ESP', '34'),
(197, 'Sri Lanka', 'ACTIVE', NULL, NULL, NULL, 'ChIJ1UuaqN2HI5ARAjecEQSvdp0', 'LK / LKA', '94'),
(198, 'Saint Helena', 'ACTIVE', NULL, NULL, NULL, 'ChIJ1UuaqN2HI5ARAjecEQSvdp0', 'SH / SHN', '290'),
(199, 'Saint Kitts and Nevis', 'ACTIVE', NULL, NULL, NULL, 'ChIJ1UuaqN2HI5ARAjecEQSvdp0', 'KN / KNA', '1'),
(200, 'Saint Lucia', 'ACTIVE', NULL, NULL, NULL, 'ChIJ1UuaqN2HI5ARAjecEQSvdp0', 'LC / LCA', '1'),
(201, 'Saint Martin', 'ACTIVE', NULL, NULL, NULL, 'ChIJ1UuaqN2HI5ARAjecEQSvdp0', 'MF / MAF', '590'),
(202, 'Saint Pierre and Miquelon', 'ACTIVE', NULL, NULL, NULL, 'ChIJ1UuaqN2HI5ARAjecEQSvdp0', 'PM / SPM', '508'),
(203, 'Saint Vincent and the Grenadines', 'ACTIVE', NULL, NULL, NULL, 'ChIJ1UuaqN2HI5ARAjecEQSvdp0', 'VC / VCT', '1'),
(204, 'Sudan', 'ACTIVE', NULL, NULL, NULL, 'ChIJ1UuaqN2HI5ARAjecEQSvdp0', 'SD / SDN', '249'),
(205, 'Suriname', 'ACTIVE', NULL, NULL, NULL, 'ChIJ1UuaqN2HI5ARAjecEQSvdp0', 'SR / SUR', '597'),
(206, 'Svalbard and Jan Mayen', 'ACTIVE', NULL, NULL, NULL, 'ChIJ1UuaqN2HI5ARAjecEQSvdp0', 'SJ / SJM', '47'),
(207, 'Swaziland', 'ACTIVE', NULL, NULL, NULL, 'ChIJ1UuaqN2HI5ARAjecEQSvdp0', 'SZ / SWZ', '268'),
(208, 'Sweden', 'ACTIVE', NULL, NULL, NULL, 'ChIJ1UuaqN2HI5ARAjecEQSvdp0', 'SE / SWE', '46'),
(209, 'Switzerland', 'ACTIVE', NULL, NULL, NULL, 'ChIJ1UuaqN2HI5ARAjecEQSvdp0', 'CH / CHE', '41'),
(210, 'Syria', 'ACTIVE', NULL, NULL, NULL, 'ChIJ1UuaqN2HI5ARAjecEQSvdp0', 'SY / SYR', '963'),
(211, 'Taiwan', 'ACTIVE', NULL, NULL, NULL, 'ChIJ1UuaqN2HI5ARAjecEQSvdp0', 'TW / TWN', '886'),
(212, 'Tajikistan', 'ACTIVE', NULL, NULL, NULL, 'ChIJ1UuaqN2HI5ARAjecEQSvdp0', 'TJ / TJK', '992'),
(213, 'Tanzania', 'ACTIVE', NULL, NULL, NULL, 'ChIJ1UuaqN2HI5ARAjecEQSvdp0', 'TZ / TZA', '255'),
(214, 'Thailand', 'ACTIVE', NULL, NULL, NULL, 'ChIJ1UuaqN2HI5ARAjecEQSvdp0', 'TH / THA', '66'),
(215, 'Togo', 'ACTIVE', NULL, NULL, NULL, 'ChIJ1UuaqN2HI5ARAjecEQSvdp0', 'TG / TGO', '228'),
(216, 'Tokelau', 'ACTIVE', NULL, NULL, NULL, 'ChIJ1UuaqN2HI5ARAjecEQSvdp0', 'TK / TKL', '690'),
(217, 'Tonga', 'ACTIVE', NULL, NULL, NULL, 'ChIJ1UuaqN2HI5ARAjecEQSvdp0', 'TO / TON', '676'),
(218, 'Trinidad and Tobago', 'ACTIVE', NULL, NULL, NULL, 'ChIJ1UuaqN2HI5ARAjecEQSvdp0', 'TT / TTO', '1'),
(219, 'Tunisia', 'ACTIVE', NULL, NULL, NULL, 'ChIJ1UuaqN2HI5ARAjecEQSvdp0', 'TN / TUN', '216'),
(220, 'Turkey', 'ACTIVE', NULL, NULL, NULL, 'ChIJ1UuaqN2HI5ARAjecEQSvdp0', 'TR / TUR', '90'),
(221, 'Turkmenistan', 'ACTIVE', NULL, NULL, NULL, 'ChIJ1UuaqN2HI5ARAjecEQSvdp0', 'TM / TKM', '993'),
(222, 'Turks and Caicos Islands', 'ACTIVE', NULL, NULL, NULL, 'ChIJ1UuaqN2HI5ARAjecEQSvdp0', 'TC / TCA', '1'),
(223, 'Tuvalu', 'ACTIVE', NULL, NULL, NULL, 'ChIJ1UuaqN2HI5ARAjecEQSvdp0', 'TV / TUV', '688'),
(224, 'United Arab Emirates', 'ACTIVE', NULL, NULL, NULL, 'ChIJ1UuaqN2HI5ARAjecEQSvdp0', 'AE / ARE', '971'),
(225, 'Uganda', 'ACTIVE', NULL, NULL, NULL, 'ChIJ1UuaqN2HI5ARAjecEQSvdp0', 'UG / UGA', '256'),
(226, 'United Kingdom', 'ACTIVE', NULL, NULL, NULL, 'ChIJ1UuaqN2HI5ARAjecEQSvdp0', 'GB / GBR', '44'),
(227, 'Ukraine', 'ACTIVE', NULL, NULL, NULL, 'ChIJ1UuaqN2HI5ARAjecEQSvdp0', 'UA / UKR', '380'),
(228, 'Uruguay', 'ACTIVE', NULL, NULL, NULL, 'ChIJ1UuaqN2HI5ARAjecEQSvdp0', 'UY / URY', '598'),
(229, 'United States', 'ACTIVE', NULL, NULL, NULL, 'ChIJ1UuaqN2HI5ARAjecEQSvdp0', 'US / USA', '1'),
(230, 'Uzbekistan', 'ACTIVE', NULL, NULL, NULL, 'ChIJ1UuaqN2HI5ARAjecEQSvdp0', 'UZ / UZB', '998'),
(231, 'Vanuatu', 'ACTIVE', NULL, NULL, NULL, 'ChIJ1UuaqN2HI5ARAjecEQSvdp0', 'VU / VUT', '678'),
(232, 'Vatican', 'ACTIVE', NULL, NULL, NULL, 'ChIJ1UuaqN2HI5ARAjecEQSvdp0', 'VA / VAT', '379'),
(233, 'Venezuela', 'ACTIVE', NULL, NULL, NULL, 'ChIJ1UuaqN2HI5ARAjecEQSvdp0', 'VE / VEN', '58'),
(234, 'Vietnam', 'ACTIVE', NULL, NULL, NULL, 'ChIJ1UuaqN2HI5ARAjecEQSvdp0', 'VN / VNM', '84'),
(235, 'U.S. Virgin Islands', 'ACTIVE', NULL, NULL, NULL, 'ChIJ1UuaqN2HI5ARAjecEQSvdp0', 'VI / VIR', '1'),
(236, 'Wallis and Futuna', 'ACTIVE', NULL, NULL, NULL, 'ChIJ1UuaqN2HI5ARAjecEQSvdp0', 'WF / WLF', '681'),
(237, 'Western Sahara', 'ACTIVE', NULL, NULL, NULL, 'ChIJ1UuaqN2HI5ARAjecEQSvdp0', 'EH / ESH', '212'),
(238, 'Yemen', 'ACTIVE', NULL, NULL, NULL, 'ChIJ1UuaqN2HI5ARAjecEQSvdp0', 'YE / YEM', '967'),
(239, 'Zambia', 'ACTIVE', NULL, NULL, NULL, 'ChIJ1UuaqN2HI5ARAjecEQSvdp0', 'ZM / ZMB', '260'),
(240, 'Zimbabwe', 'ACTIVE', NULL, NULL, NULL, 'ChIJ1UuaqN2HI5ARAjecEQSvdp0', 'ZW / ZWE', '263'),
(241, 'Falkland Islands', 'ACTIVE', NULL, NULL, NULL, 'ChIJ1UuaqN2HI5ARAjecEQSvdp0', 'FK / FLK', '500'),
(242, 'Portugal', 'ACTIVE', NULL, NULL, NULL, 'ChIJ1UuaqN2HI5ARAjecEQSvdp0', 'PT / PRT', '351');

--
-- Dumping data for table `customer`
--

INSERT INTO `customer` (`id`, `identification_document`, `src`, `people_type_identification_id`, `people_id`, `business_name`, `business_reason`, `ruc_type_id`, `has_representative`, `representative_fullname`) VALUES
(1, '17206962743', NULL, 3, 2, '', '', 4, 0, NULL),
(2, '1001715307', NULL, 2, 3, '', '', 4, 0, NULL),
(3, '123456789', NULL, 3, 4, 'null', 'null', 4, 0, NULL),
(4, '987654321', NULL, 3, 5, 'null', 'null', 4, 0, NULL);

--
-- Dumping data for table `customer_by_information`
--

INSERT INTO `customer_by_information` (`id`, `customer_id`, `people_nationality_id`, `people_profession_id`) VALUES
(1, 1, 46, 4),
(2, 2, 71, 1),
(3, 3, 71, 1),
(4, 4, 71, 1);

--
-- Dumping data for table `customer_by_profile`
--

INSERT INTO `customer_by_profile` (`id`, `customer_id`, `user_id`) VALUES
(1, 2, 4),
(2, 3, 1),
(3, 4, 3);

--
-- Dumping data for table `customer_profile_by_location`
--

INSERT INTO `customer_profile_by_location` (`id`, `zones_id`, `customer_by_profile_id`) VALUES
(1, 5, 2),
(2, 5, 3);

--
-- Dumping data for table `dental_piece`
--

INSERT INTO `dental_piece` (`id`, `name`, `piece`, `dentition`) VALUES
(1, 'Tercer Molar Superior', '18', 'Perm-FDI'),
(2, 'Segundo Molar Superior', '17', 'Perm-FDI'),
(3, 'Primer Molar Superior', '16', 'Perm-FDI'),
(4, 'Segundo Premolar Superior', '15', 'Perm-FDI'),
(5, 'Primer Premolar Superior', '14', 'Perm-FDI'),
(6, 'Canino Superior', '13', 'Perm-FDI'),
(7, 'Incisivo Lateral Superior', '12', 'Perm-FDI'),
(8, 'Incisivo Central Superior', '11', 'Perm-FDI'),
(9, 'Tercer Molar Inferior', '48', 'Perm-FDI'),
(10, 'Segundo Molar Inferior', '47', 'Perm-FDI'),
(11, 'Primer Molar Inferior', '46', 'Perm-FDI'),
(12, 'Segundo Premolar Inferior', '45', 'Perm-FDI'),
(13, 'Primer Premolar Inferior', '44', 'Perm-FDI'),
(14, 'Canino Inferior.', '43', 'Perm-FDI'),
(15, 'Incisivo Lateral Inferior', '42', 'Perm-FDI'),
(16, 'Incisivo Central Inferior', '41', 'Perm-FDI'),
(17, 'Tercer Molar Inferior', '38', 'Perm-FDI'),
(18, 'Segundo Molar Inferior', '37', 'Perm-FDI'),
(19, 'Primer Molar Inferior', '36', 'Perm-FDI'),
(20, 'Segundo Premolar Inferior', '35', 'Perm-FDI'),
(21, 'Primer Premolar Inferior', '34', 'Perm-FDI'),
(22, 'Canino Inferior', '33', 'Perm-FDI'),
(23, 'Incisivo Lateral Inferior', '32', 'Perm-FDI'),
(24, 'Incisivo Central Inferior', '31', 'Perm-FDI'),
(25, 'Tercer Molar Inferior', '28', 'Perm-FDI'),
(26, 'Segundo Molar Superior', '27', 'Perm-FDI'),
(27, 'Primer Molar Superior', '26', 'Perm-FDI'),
(28, 'Segundo Premolar Superior', '25', 'Perm-FDI'),
(29, 'Primer Premolar Superior', '24', 'Perm-FDI'),
(30, 'Canino Superior', '23', 'Perm-FDI'),
(31, 'Incisivo Lateral Superior', '22', 'Perm-FDI'),
(32, 'Incisivo Central Superior', '21', 'Perm-FDI');

--
-- Dumping data for table `entity_plans`
--

INSERT INTO `entity_plans` (`id`, `name`, `description`, `state`) VALUES
(1, 'PLAN_PRO', NULL, 'ACTIVE'),
(2, 'PLAN_LINE', NULL, 'ACTIVE'),
(3, 'PLAN_SIMPLE', NULL, 'ACTIVE'),
(4, 'PLAN_BASIC', NULL, 'ACTIVE');

--
-- Dumping data for table `entity_position_fiscal`
--

INSERT INTO `entity_position_fiscal` (`id`, `value`, `state`, `description`) VALUES
(1, 'Posicion Fiscal 1', 'ACTIVE', NULL);

--
-- Dumping data for table `gamification`
--

INSERT INTO `gamification` (`id`, `value`, `description`, `value_unit`, `state`, `maximum_exchange`) VALUES
(1, 'Configuracion Inicial Gamificacion', 'Configuracion', 0, 'ACTIVE', 0);

--
-- Dumping data for table `gamification_type_activity`
--
INSERT INTO `gamification_type_activity` (`id`, `source`, `title`, `subtitle`, `description`, `interaction_type`,
                                          `state`, `has_source`, `url_manager`)
VALUES (1, '/uploads/gamification/gamificationTypeActivity/ecommerce.png', 'Gestión de E-commerce',
        'Interacción directa con productos y servicios',
        'Acciones enfocadas en la experiencia de compra, desde visualizar productos hasta calificar servicios. Ej: Comprar, referir, dar like a productos.',
        'CLIENTE-EMPRESA', 'ACTIVE', 1, 'null'),
       (2, '/uploads/gamification/gamificationTypeActivity/business_insight.png', 'Conocimiento de la Empresa',
        'Promoción del perfil empresarial',
        'Acciones que fortalecen la identidad y visibilidad de la empresa. Ej: Compartir el perfil de la empresa, seguir una empresa, recomendar sus servicios.',
        'CLIENTE-EMPRESA', 'ACTIVE', 1, 'null'),
       (3, '/uploads/gamification/gamificationTypeActivity/client_profile.png', 'Gestión de Datos del Cliente',
        'Actualización y personalización de perfil',
        'Tareas relacionadas con el mantenimiento del perfil del cliente para mejorar la segmentación. Ej: Actualizar datos, subir foto, preferencias.',
        'CLIENTE-EMPRESA', 'ACTIVE', 1, 'null'),
       (4, '/uploads/gamification/gamificationTypeActivity/marketing_engagement.png', 'Participación en Marketing',
        'Acciones útiles para estrategias de promoción',
        'Actividades que sirven para obtener insights para campañas de marketing. Ej: Responder encuestas, participar en campañas o sorteos, referir usuarios.',
        'CLIENTE-EMPRESA', 'ACTIVE', 1, 'null'),
       (5, '/uploads/gamification/gamificationTypeActivity/customer_feedback.png', 'Retroalimentación del Cliente',
        'Canales de mejora y respuesta',
        'Recopilación de información útil para mejorar procesos. Ej: Enviar quejas, votar por sugerencias, calificar compras y servicios.',
        'CLIENTE-EMPRESA', 'ACTIVE', 1, 'null'),
       (6, '/uploads/gamification/gamificationTypeActivity/physical_engagement.png', 'Interacción Presencial',
        'Acciones en lugares físicos de la empresa',
        'Visitas, escaneos QR, check-ins o participación en eventos físicos. Ej: Visitar local, asistir a eventos con QR.',
        'CLIENTE-EMPRESA', 'ACTIVE', 1, 'null'),
       (7, '/uploads/gamification/gamificationTypeActivity/referrals.png', 'Sistema de Referidos',
        'Expansión de red mediante invitaciones',
        'Acciones para invitar y hacer crecer la comunidad. Ej: Referir a un amigo para que compre, comparta una promoción.',
        'CLIENTE-EMPRESA', 'ACTIVE', 1, 'null'),
       (8, '/uploads/gamification/gamificationTypeActivity/news_updates.png', 'Interacción con Contenido Empresarial',
        'Lectura y difusión de información clave',
        'Actividades ligadas a la visibilidad del contenido de la empresa. Ej: Leer noticias, compartir comunicados, comentar artículos.',
        'CLIENTE-EMPRESA', 'ACTIVE', 1, 'null'),
       (9, '/uploads/gamification/gamificationTypeActivity/campaign_engagement.png',
        'Participación en Campañas de Fidelización', 'Suma puntos por tu actividad',
        'Actividades que ayudan a medir la fidelidad y constancia del cliente. Ej: Logros, tareas diarias, puntos acumulados, canje de premios.',
        'CLIENTE-EMPRESA', 'ACTIVE', 1, 'null'),
       (10, '/uploads/gamification/gamificationTypeActivity/cross_departments.png', 'Interacción Multidepartamental',
        'Datos para decisiones empresariales',
        'Permite generar datos útiles para áreas como atención al cliente, marketing, operaciones. Ej: Responder encuesta de satisfacción, evaluar tiempo de respuesta.',
        'CLIENTE-EMPRESA', 'ACTIVE', 1, 'null'),
       (11, '/uploads/gamification/gamificationTypeActivity/brand_promotion.png', 'Promoción de Marca y Reputación',
        'Acciones que impulsan la marca',
        'Visibilidad de marca a través de acciones sociales. Ej: Compartir cupones, recomendar productos, publicar reseñas positivas.',
        'CLIENTE-EMPRESA', 'ACTIVE', 1, 'null'),
       (12, '/uploads/gamification/gamificationTypeActivity/client_to_client.png', 'Cliente a Cliente',
        'Interacción entre usuarios', 'Ej: compartir puntos, premiar apoyo, colaborar en tareas.', 'CLIENTE-CLIENTE',
        'ACTIVE', 1, 'null'),
       (13, '/uploads/gamification/gamificationTypeActivity/client_to_business.png', 'Cliente a Empresa',
        'Apoyo o reconocimiento a empresas', 'Ej: donar puntos a campañas, agradecer con puntos, contribuir en retos.',
        'CLIENTE-EMPRESA', 'ACTIVE', 1, 'null'),
       (14, '/uploads/gamification/gamificationTypeActivity/business_to_client.png', 'Empresa a Cliente',
        'Reconocimiento o incentivo a usuarios', 'Ej: premiar fidelidad, puntos por tareas o feedback.',
        'EMPRESA-CLIENTE', 'ACTIVE', 1, 'null'),
       (15, '/uploads/gamification/gamificationTypeActivity/business_to_business.png', 'Empresa a Empresa',
        'Colaboración entre empresas', 'Ej: alianzas, apoyo entre marcas, compartir puntos.', 'EMPRESA-EMPRESA',
        'ACTIVE', 1, 'null');
--
-- Dumping data for table `habits`
--

INSERT INTO `habits` (`id`, `name`, `description`, `created_at`, `updated_at`, `deleted_at`, `status`) VALUES
(1, 'Fumar', NULL, NULL, NULL, NULL, 'ACTIVE'),
(2, 'Toma Alcohol', NULL, NULL, NULL, NULL, 'ACTIVE'),
(3, 'Drogas', NULL, NULL, NULL, NULL, 'ACTIVE'),
(4, 'Micción', NULL, NULL, NULL, NULL, 'ACTIVE'),
(5, 'Deposición', NULL, NULL, NULL, NULL, 'ACTIVE'),
(6, 'Alimentación', NULL, NULL, NULL, NULL, 'ACTIVE'),
(7, 'Sedentarismo', NULL, NULL, NULL, NULL, 'ACTIVE'),
(8, 'Actividad Física', NULL, NULL, NULL, NULL, 'ACTIVE'),
(9, 'Sueño', NULL, NULL, NULL, NULL, 'ACTIVE');

--
-- Dumping data for table `human_resources_department`
--

INSERT INTO `human_resources_department` (`id`, `name`, `description`, `status`, `business_id`, `color`) VALUES
(1, 'Sistemas', '', 'ACTIVE', 1, '#DEC63D'),
(2, 'Marketing', '', 'ACTIVE', 1, '#DEC63D'),
(3, 'Diseño', '', 'ACTIVE', 1, '#DEC63D'),
(4, 'Ventas', '', 'ACTIVE', 1, '#DEC63D');

--
-- Dumping data for table `human_resources_department_by_organizational_chart_area`
--

INSERT INTO `human_resources_department_by_organizational_chart_area` (`id`, `human_resources_department_id`, `human_resources_organizational_chart_area_id`) VALUES
(1, 5, 3),
(2, 1, 3),
(3, 4, 4),
(4, 2, 4),
(5, 6, 5);

--
-- Dumping data for table `human_resources_organizational_chart_area`
--

INSERT INTO `human_resources_organizational_chart_area` (`id`, `parent_id`, `weight`, `icon`, `type`, `description`, `type_item`, `status`, `name`, `business_id`) VALUES
(1, NULL, 1, 'fa fa-developer', 2, 'Asamblea de Socios', 1, 'ACTIVE', 'Asamblea de Socios', 1),
(2, 1, 1, 'fa fa-developer', 0, 'GERENTE GENERAL', 1, 'ACTIVE', 'GERENTE GENERAL', 1),
(3, 2, 1, 'fa fa-developer', 0, 'ADMINISTRATIVO', 1, 'ACTIVE', 'ADMINISTRATIVO', 1),
(4, 2, 2, 'fa fa-developer', 0, 'COMERCIAL', 1, 'ACTIVE', 'COMERCIAL', 1),
(5, 2, 3, 'fa fa-developer', 0, 'OPERACIONES', 1, 'ACTIVE', 'OPERACIONES', 1);

--
-- Dumping data for table `human_resources_schedule_type`
--

INSERT INTO `human_resources_schedule_type` (`id`, `name`, `code`, `description`, `created_at`, `updated_at`, `deleted_at`, `status`, `predetermined`, `rotary`, `business_id`) VALUES
(1, 'HORARIO OPERATIVO', '001', 'HORARIO OPERATIVO', '2023-06-14 00:05:17', NULL, NULL, 'ACTIVE', 0, 0, 1);

--
-- Dumping data for table `information_address`
--

INSERT INTO `information_address` (`id`, `street_one`, `street_two`, `reference`, `state`, `entity_id`, `main`, `entity_type`, `information_address_type_id`, `has_location`, `options_map`, `country_code_id`, `administrative_area_level_2`, `administrative_area_level_1`, `administrative_area_level_3`) VALUES
(1, 'CALLE SION BOLIVAR, CAMINO VIEJO  EUJENIO ESPEJO , OTAVALO ,IMABURA', 'CAMINO VIEJO', 'UBUCACION , EUJENIO ESPEJO ,  APOCOS PASOS DE LA IGLESIA EVANGELICA ISRAEL , VECINO DE ROLANDO \nPLAN RECIDENCIAL DE 21 USD , PLAN RECIDENCIAL, \nPAGOS 1 AL 5 DE CADA MES \nFECHA DE CONECCION 24 DE AGOSTO 2020\nPAGO DE EQUIPOS A PROPIEDAD SUYA VALOR 105 USD  , PAGADO AL COMPLETO \nSECTORIAL 11 LITE BEAN', 'ACTIVE', 1, 1, 0, 1, 1, '{\"zoom\":15,\"latLng\":{\"lat\":0.2314799,\"lng\":-78.271874}}', 'ChIJ1UuaqN2HI5ARAjecEQSvdp0', 'ChIJ8WXUfPdrKo4R2h0TE4mhAto', 'ChIJXTdbeKE8Ko4Ra1N65thz2_c', ''),
(2, 'sn', 'sn', 'sn', 'ACTIVE', 1, 1, 0, 1, 1, '{\"zoom\":15,\"latLng\":{\"lat\":0.2314799,\"lng\":-78.271874}}', 'ChIJ1UuaqN2HI5ARAjecEQSvdp0', 'ChIJ8WXUfPdrKo4R2h0TE4mhAto', 'ChIJXTdbeKE8Ko4Ra1N65thz2_c', ''),
(3, 'PIEDRAHITA', 'BUENOS AIRES', 'FRENTE AL REDONDEL DE LOS DANZANTES', 'ACTIVE', 3, 1, 0, 1, 1, '{\"zoom\":15,\"latLng\":{\"lat\":0.2314799,\"lng\":-78.271874}}', 'ChIJ1UuaqN2HI5ARAjecEQSvdp0', 'ChIJ8WXUfPdrKo4R2h0TE4mhAto', 'ChIJXTdbeKE8Ko4Ra1N65thz2_c', ''),
(4, 'PIEDRAHITA', 'BUENOS AIRES', 'FRENTE A LOS TANQUES DE AGUA POTABLE', 'ACTIVE', 4, 1, 0, 1, 1, '{\"zoom\":15,\"latLng\":{\"lat\":0.2314799,\"lng\":-78.271874}}', 'ChIJ1UuaqN2HI5ARAjecEQSvdp0', 'ChIJ8WXUfPdrKo4R2h0TE4mhAto', 'ChIJXTdbeKE8Ko4Ra1N65thz2_c', '');

--
-- Dumping data for table `information_address_type`
--

INSERT INTO `information_address_type` (`id`, `value`, `description`, `state`) VALUES
(1, 'Domicilio', 'Domicilio', 'ACTIVE'),
(2, 'Trabajo', 'Trabajo', 'ACTIVE'),
(3, 'Sin Especificación', 'Sin Especificación', 'ACTIVE');

--
-- Dumping data for table `information_mail`
--

INSERT INTO `information_mail` (`id`, `value`, `state`, `entity_id`, `main`, `entity_type`, `information_mail_type_id`) VALUES
(1, 'kalexmigujelalba@gmail.com', 'ACTIVE', 3, 1, 1, 1);

--
-- Dumping data for table `information_mail_type`
--

INSERT INTO `information_mail_type` (`id`, `value`, `description`, `state`) VALUES
(1, 'Coorporativo', 'Coorporativo', 'ACTIVE'),
(2, 'Personal', 'Personal', 'ACTIVE'),
(3, 'Sin Especificación', 'Sin Especificación', 'ACTIVE');

--
-- Dumping data for table `information_phone`
--

INSERT INTO `information_phone` (`id`, `value`, `state`, `entity_id`, `main`, `entity_type`, `information_phone_operator_id`, `information_phone_type_id`) VALUES
(1, '0969143060', 'ACTIVE', 3, 1, 1, 2, 2),
(2, '8295461272', 'ACTIVE', 1, 0, 0, 4, 2),
(3, '1002954889', 'ACTIVE', 2, 1, 0, 1, 4),
(4, '0985339457', 'ACTIVE', 3, 1, 0, 1, 4),
(5, '0985339457', 'ACTIVE', 4, 1, 0, 1, 4);

--
-- Dumping data for table `information_phone_operator`
--

INSERT INTO `information_phone_operator` (`id`, `value`, `description`, `state`) VALUES
(1, 'SIN DEFINIR', NULL, 'ACTIVE'),
(2, 'MOVISTAR', 'adad', 'ACTIVE'),
(3, 'ALEGRO', 'adad', 'ACTIVE'),
(4, 'CLARO', NULL, 'ACTIVE');

--
-- Dumping data for table `information_phone_type`
--

INSERT INTO `information_phone_type` (`id`, `value`, `description`, `state`) VALUES
(1, 'SIN DEFINIR', 'sfdd ADAD', 'ACTIVE'),
(2, 'TRABAJO', NULL, 'ACTIVE'),
(3, 'CASA', 'adad', 'ACTIVE'),
(4, 'Personal', NULL, 'ACTIVE');

--
-- Dumping data for table `information_social_network`
--

INSERT INTO `information_social_network` (`id`, `value`, `state`, `entity_id`, `main`, `entity_type`, `information_social_network_type_id`) VALUES
(1, 'http://flowers.com/', 'ACTIVE', 2, 1, 4, 1),
(2, 'https://www.facebook.com/ecmeetclic', 'ACTIVE', 3, 1, 0, 1),
(3, 'https://www.instagram.com/meetcliccompany/', 'ACTIVE', 3, 1, 0, 2),
(4, 'https://www.linkedin.com/in/alex-alba-64256a129/', 'ACTIVE', 3, 1, 0, 3),
(5, 'https://www.linkedin.com/in/alex-alba-64256a129/', 'ACTIVE', 3, 1, 0, 4),
(6, 'https://www.linkedin.com/in/alex-alba-64256a129/', 'ACTIVE', 3, 1, 0, 5),
(7, 'https://www.linkedin.com/in/alex-alba-64256a129/', 'ACTIVE', 3, 1, 0, 7);

--
-- Dumping data for table `information_social_network_type`
--

INSERT INTO `information_social_network_type` (`id`, `value`, `description`, `state`, `icon`) VALUES
(1, 'Facebook', 'adadad', 'ACTIVE', 'fa fa-facebook'),
(2, 'Instagram', 'adadad', 'ACTIVE', 'fa fa-instagram'),
(3, 'Twitter', 'adadad', 'ACTIVE', 'fa fa-twitter'),
(4, 'LinkedIn', 'adadad', 'ACTIVE', 'fa fa-linkedin'),
(5, 'Youtube', 'adadad', 'ACTIVE', 'fa fa-youtube-play'),
(6, 'Whatsapp', 'adadad', 'ACTIVE', 'fa fa-youtube-play'),
(7, 'TikTok', 'TikTok', 'ACTIVE', 'fa fa-youtube-play');

--
-- Dumping data for table `language`
--

INSERT INTO `language` (`id`, `value`, `initials`, `state`, `description`) VALUES
(1, 'Ingles', 'en', 'ACTIVE', 'Ingles'),
(2, 'Kichwa', 'ki', 'ACTIVE', NULL),
(3, 'Español', 'es', 'ACTIVE', NULL);

--
-- Dumping data for table `lodging_room_features`
--

INSERT INTO `lodging_room_features` (`id`, `name`, `description`, `created_at`, `updated_at`, `deleted_at`, `status`, `business_id`) VALUES
(1, 'Vistas panorámicas desde grandes ventanales o balcones.', 'Vistas panorámicas desde grandes ventanales o balcones', '2024-02-29 14:31:11', '2024-02-29 14:31:11', NULL, 'ACTIVE', 1),
(2, 'Servicio de mayordomo personalizado', NULL, '2024-02-29 14:31:27', '2024-02-29 14:31:27', NULL, 'ACTIVE', 1);

--
-- Dumping data for table `lodging_room_levels`
--

INSERT INTO `lodging_room_levels` (`id`, `name`, `description`, `created_at`, `updated_at`, `deleted_at`, `status`, `business_id`) VALUES
(1, 'Planta Penthouse', 'El penthouse generalmente se encuentra en la parte superior del hotel y ofrece alojamiento de lujo con comodidades adicionales.', '2024-02-29 14:24:06', '2024-02-29 14:24:06', NULL, 'ACTIVE', 1),
(2, 'Planta Baja', 'El primer piso suele ser una parte crucial del hotel, ya que es donde los huéspedes entran y salen y donde se encuentran las áreas comunes principales.', '2024-02-29 14:24:29', '2024-02-29 14:24:45', NULL, 'ACTIVE', 1),
(3, 'Primer Piso', NULL, '2024-02-29 14:24:52', '2024-02-29 14:24:52', NULL, 'ACTIVE', 1),
(4, 'Segundo Piso', NULL, '2024-02-29 14:24:57', '2024-02-29 14:24:57', NULL, 'ACTIVE', 1);

--
-- Dumping data for table `lodging_type_of_room`
--

INSERT INTO `lodging_type_of_room` (`id`, `name`, `description`, `created_at`, `updated_at`, `deleted_at`, `status`) VALUES
(1, 'Habitación individual o habitación simple', 'Habitación estándar destinada a la pernoctación y\r\nalojamiento turístico de una sola persona.', NULL, NULL, NULL, 'ACTIVE'),
(2, 'Habitación doble', 'Habitación estándar destinada a la pernoctación y alojamiento turístico de dos\r\npersonas.\r\n', NULL, NULL, NULL, 'ACTIVE'),
(3, 'Habitación triple', 'Habitación estándar destinada a la pernoctación y alojamiento turístico de tres\r\npersonas.\r\n', NULL, NULL, NULL, 'ACTIVE'),
(4, 'Habitación cuádruple', 'Habitación estándar destinada a la pernoctación y alojamiento turístico de\r\ncuatro personas. Este tipo de habitaciones están prohibidas en establecimientos de alojamiento turístico de cinco estrellas.\r\n', NULL, NULL, NULL, 'ACTIVE'),
(5, 'Habitación múltiple', 'Habitación estándar destinada a la pernoctación y alojamiento turístico de\r\ncinco o más personas. Este tipo de habitación no aplica para establecimientos de cinco estrellas.\r\n', NULL, NULL, NULL, 'ACTIVE'),
(6, 'Habitación júnior suite', 'Habitación destinada al alojamiento turístico compuesto por un ambiente\r\nadicional que se encuentre en funcionamiento.\r\n', NULL, NULL, NULL, 'ACTIVE'),
(7, 'Habitación suite', ' Unidad habitacional destinada al alojamiento turístico compuesta de una o más\r\náreas, al menos un baño privado y un ambiente separado que incluya sala de estar, área de trabajo,\r\nentre otros.\r\n', NULL, NULL, NULL, 'ACTIVE'),
(8, 'Otras', NULL, NULL, NULL, NULL, 'ACTIVE');

--
-- Dumping data for table `management_livelihood_by_voucher`
--

INSERT INTO `management_livelihood_by_voucher` (`id`, `tax_support_id`, `voucher_type_id`, `people_type_identification_id`, `type_management`) VALUES
(1, 1, 1, 2, 0),
(2, 2, 1, 2, 0),
(3, 3, 1, 2, 0),
(4, 4, 1, 2, 0),
(5, 5, 1, 2, 0),
(6, 6, 1, 2, 0),
(7, 7, 1, 2, 0),
(8, 8, 1, 2, 0),
(9, 9, 1, 2, 0),
(10, 14, 1, 2, 0),
(11, 15, 1, 2, 0),
(12, 2, 2, 2, 0),
(13, 4, 2, 2, 0),
(14, 5, 2, 2, 0),
(15, 7, 2, 2, 0),
(16, 8, 2, 2, 0),
(17, 14, 2, 2, 0),
(18, 15, 2, 2, 0),
(19, 1, 3, 1, 0),
(20, 2, 3, 1, 0),
(21, 3, 3, 1, 0),
(22, 4, 3, 1, 0),
(23, 5, 3, 1, 0),
(24, 6, 3, 1, 0),
(25, 7, 3, 1, 0),
(26, 8, 3, 1, 0),
(27, 14, 3, 1, 0),
(28, 1, 3, 3, 0),
(29, 2, 3, 3, 0),
(30, 3, 3, 3, 0),
(31, 4, 3, 3, 0),
(32, 5, 3, 3, 0),
(33, 6, 3, 3, 0),
(34, 7, 3, 3, 0),
(35, 8, 3, 3, 0),
(36, 14, 3, 3, 0);

--
-- Dumping data for table `order_payments_document`
--

INSERT INTO `order_payments_document` (`id`, `order_payments_manager_id`, `source`, `account_bank`, `number_bank`) VALUES
(1, 4, '/uploads/frontend/orderPaymentsDocument/1709319317_SERVICE-01.jpg', 'Banco del Pichincha', '2201497611');

--
-- Dumping data for table `order_payments_manager`
--

INSERT INTO `order_payments_manager` (`id`, `business_id`, `manager_state`, `start`, `manager_id`, `payer_id`, `token`, `type_payment_customer`, `end`, `type_user`) VALUES
(4, 1, 0, '2024-03-01 13:55:17', 'kalexmiguelalba@gmail.com-ALBA', 'kalexmiguelalba@gmail.com', NULL, 2, NULL, 1);

--
-- Dumping data for table `order_shopping_by_customer_delivery`
--

INSERT INTO `order_shopping_by_customer_delivery` (`id`, `people_id`, `payer_email`, `company`, `address_secondary`, `city`, `state_province_id`, `zipcode`, `country_id`, `user_id`, `phone`, `address_main`, `document`) VALUES
(1, 1, 'kalexmiguelalba@gmail.com', 'MIKE', 'BUENOS AIRES', 'Otavalo', 15, '1024', 18, 1, '0985339457', 'PIEDRAHITA', '1002954889');

--
-- Dumping data for table `order_shopping_cart`
--

INSERT INTO `order_shopping_cart` (`id`, `order_payments_manager_id`, `state`, `subtotal`, `description`, `shipping`, `created_at`, `updated_at`, `deleted_at`, `user_id`, `order_shopping_by_customer_delivery_id`, `same_billing_address`) VALUES
(1, 4, 'TO DELIVER', 57.5, 'Entrega Pendiente de los productos a : ALEX ALBA', 0, '2024-03-01 13:55:17', '2024-03-01 13:55:17', NULL, 1, 1, 1);

--
-- Dumping data for table `order_shopping_cart_by_details`
--

INSERT INTO `order_shopping_cart_by_details` (`id`, `product_id`, `quantity`, `measure_id`, `measure`, `price`, `price_before`, `price_discount`, `allow_discount`, `promotion_id`, `name`, `order_shopping_cart_id`, `product_color`, `product_color_id`, `product_sizes_id`, `product_sizes`, `type_variant`) VALUES
(1, 1, 5, '-1', '', 11.5, 0, 0, 0, 0, 'Formateada CPU', 1, '0', 0, 0, '0', 0);

--
-- Dumping data for table `panorama`
--

INSERT INTO `panorama` (`id`, `title`, `subtitle`, `description`, `type_panorama`, `points_allow`, `src`, `type_breakdown`) VALUES
(1, 'Escalada', '', 'Escalada', 0, 0, '/uploads/panorama/markers/1709260407_02.jpg', 0);

--
-- Dumping data for table `parameters`
--

INSERT INTO `parameters` (`id`, `name`, `value`) VALUES
(1, 'environment', 'staging'),
(2, 'host_firebase_url', 'https://us-central1-timelygas-396c4.cloudfunctions.net/api'),
(3, 'site_url', 'http://back.timelygas.com'),
(4, 'cancel_status_id', '5');

--
-- Dumping data for table `people`
--

INSERT INTO `people` (`id`, `last_name`, `name`, `birthdate`, `age`, `gender`) VALUES
(1, 'ALBA', 'ALEX', '1987-07-24 00:00:00', 0, 3),
(2, 'Lema', 'Leonel', '2024-02-28 00:00:00', 0, 0),
(3, 'Alba', 'Alex', '1987-07-24 00:00:00', 0, 1),
(4, 'TOTAL', 'ADMINISTRADOR', '1987-07-24 00:00:00', 0, 0),
(5, 'ALBA AYALA', 'ALEX MIGUEL', '1987-07-24 00:00:00', 0, 0);

--
-- Dumping data for table `people_gender`
--

INSERT INTO `people_gender` (`id`, `value`, `description`, `status`) VALUES
(1, 'Masculino', 'hom', 'ACTIVE'),
(2, 'Femenino', 'hom', 'ACTIVE'),
(3, 'LGBTI', 'hom', 'ACTIVE');

--
-- Dumping data for table `people_nationality`
--

INSERT INTO `people_nationality` (`id`, `name`, `description`, `created_at`, `updated_at`, `deleted_at`, `status`, `countries_id`) VALUES
(1, 'Afgano/\nfgana', NULL, NULL, NULL, NULL, 'ACTIVE', 1),
(2, 'Alemán/\n/Alemana', NULL, NULL, NULL, NULL, 'ACTIVE', 2),
(3, 'Arabe', NULL, NULL, NULL, NULL, 'ACTIVE', 3),
(4, 'Argentino\n/Argentina', NULL, NULL, '2024-02-28 23:07:38', NULL, 'ACTIVE', 4),
(5, 'Australiano\n/Australiana', NULL, NULL, NULL, NULL, 'ACTIVE', 5),
(6, 'Belga\n', NULL, NULL, NULL, NULL, 'ACTIVE', 6),
(7, 'Boliviano\n/Boliviana', NULL, NULL, NULL, NULL, 'ACTIVE', 7),
(8, '	Brasileño\n/Brasileña', NULL, NULL, NULL, NULL, 'ACTIVE', 8),
(9, 'Camboyano\n/Camboyana', NULL, NULL, NULL, NULL, 'ACTIVE', 9),
(10, 'canadiense\ncanadiense', NULL, NULL, NULL, NULL, 'ACTIVE', 10),
(11, 'Chileno\n/Chilena', NULL, NULL, NULL, NULL, 'ACTIVE', 11),
(12, 'Chino\n/China', NULL, NULL, NULL, NULL, 'ACTIVE', 12),
(13, 'Colombiano\n/Colombiana', NULL, NULL, NULL, NULL, 'ACTIVE', 13),
(14, 'Coreano\n/Coreana', NULL, NULL, NULL, NULL, 'ACTIVE', 14),
(15, 'Costarricense\n/Costarricense', NULL, NULL, NULL, NULL, 'ACTIVE', 15),
(16, 'Cubano\n/Cubana', NULL, NULL, NULL, NULL, 'ACTIVE', 16),
(17, 'Danés\n/Danesa', NULL, NULL, NULL, NULL, 'ACTIVE', 17),
(18, 'Ecuatoriano\n/Ecuatoriana', NULL, NULL, NULL, NULL, 'ACTIVE', 18),
(19, 'Egipcio\n/Egipcia', NULL, NULL, NULL, NULL, 'ACTIVE', 19),
(20, 'Salvadoreño\n/Salvadoreña', NULL, NULL, NULL, NULL, 'ACTIVE', 20),
(21, 'Escocés\nEscocesa', NULL, NULL, NULL, NULL, 'ACTIVE', 21),
(22, 'Español\n/Española', NULL, NULL, NULL, NULL, 'ACTIVE', 22),
(23, 'Estadounidense', NULL, NULL, NULL, NULL, 'ACTIVE', 23),
(24, 'Estonio\n/Estonia', NULL, NULL, NULL, NULL, 'ACTIVE', 24),
(25, 'Etiope', NULL, NULL, NULL, NULL, 'ACTIVE', 25),
(26, 'Filipino\n/Filipina', NULL, NULL, NULL, NULL, 'ACTIVE', 26),
(27, 'Finlandés\n/Finlandesa', NULL, NULL, NULL, NULL, 'ACTIVE', 27),
(28, 'Francés\n/Francesa', NULL, NULL, NULL, NULL, 'ACTIVE', 28),
(29, 'Galés\n/Galesa', NULL, NULL, NULL, NULL, 'ACTIVE', 29),
(30, 'Griego\n/Griega', NULL, NULL, NULL, NULL, 'ACTIVE', 30),
(31, 'Guatemalteco\n/Guatemalteca', NULL, NULL, NULL, NULL, 'ACTIVE', 31),
(32, 'Haitiano\n/Haitiana', NULL, NULL, NULL, NULL, 'ACTIVE', 32),
(33, 'Holandés\n/Holandesa', NULL, NULL, NULL, NULL, 'ACTIVE', 33),
(34, 'Hondureño\n/Hondureña', NULL, NULL, NULL, NULL, 'ACTIVE', 34),
(35, 'Indonés\n/Indonesa', NULL, NULL, NULL, NULL, 'ACTIVE', 35),
(36, 'Inglés\n/Inglesa', NULL, NULL, NULL, NULL, 'ACTIVE', 36),
(37, 'Iraquí', NULL, NULL, NULL, NULL, 'ACTIVE', 37),
(38, 'Iraní', NULL, NULL, NULL, NULL, 'ACTIVE', 38),
(39, 'Irlandés\n/Irlandesa', NULL, NULL, NULL, NULL, 'ACTIVE', 39),
(40, 'Israelí', NULL, NULL, NULL, NULL, 'ACTIVE', 40),
(41, 'Italiano\nItaliana', NULL, NULL, NULL, NULL, 'ACTIVE', 41),
(42, 'Japonés\nJaponesa', NULL, NULL, NULL, NULL, 'ACTIVE', 42),
(43, 'Jordano\n/Jordana', NULL, NULL, NULL, NULL, 'ACTIVE', 43),
(44, 'Laosiano\n/Laosiana', NULL, NULL, NULL, NULL, 'ACTIVE', 44),
(45, 'Letón\n/Letona', NULL, NULL, NULL, NULL, 'ACTIVE', 45),
(46, 'Letonés\n/Letonesa', NULL, NULL, NULL, NULL, 'ACTIVE', 46),
(47, 'Malayo\n/Malaya', NULL, NULL, NULL, NULL, 'ACTIVE', 47),
(48, 'Marroquí', NULL, NULL, NULL, NULL, 'ACTIVE', 48),
(49, 'Mexicano\n/Mexicana', NULL, NULL, NULL, NULL, 'ACTIVE', 49),
(50, 'Nicaragüense', NULL, NULL, NULL, NULL, 'ACTIVE', 50),
(51, 'Noruego\n/Noruega', NULL, NULL, NULL, NULL, 'ACTIVE', 51),
(52, 'Neozelandés\n/Neozelandesa', NULL, NULL, NULL, NULL, 'ACTIVE', 52),
(53, 'Panameño\n/Panameña', NULL, NULL, NULL, NULL, 'ACTIVE', 53),
(54, 'Paraguayo\n/Paraguaya', NULL, NULL, NULL, NULL, 'ACTIVE', 54),
(55, 'Peruano\n/Peruana', NULL, NULL, NULL, NULL, 'ACTIVE', 55),
(56, 'Polaco\n/Polaca', NULL, NULL, NULL, NULL, 'ACTIVE', 56),
(57, 'Portugués\nPortuguesa', NULL, NULL, NULL, NULL, 'ACTIVE', 57),
(58, 'Puertorriqueño', NULL, NULL, NULL, NULL, 'ACTIVE', 58),
(59, 'Dominicano\n/Dominicana', NULL, NULL, NULL, NULL, 'ACTIVE', 59),
(60, 'Rumano\n/Rumana', NULL, NULL, NULL, NULL, 'ACTIVE', 60),
(61, 'Ruso\n/Rusa', NULL, NULL, NULL, NULL, 'ACTIVE', 61),
(62, 'Sueco/\nSueca', NULL, NULL, NULL, NULL, 'ACTIVE', 62),
(63, 'Suizo\n/Suiza', NULL, NULL, NULL, NULL, 'ACTIVE', 63),
(64, 'Tailandés\n/Tailandesa', NULL, NULL, NULL, NULL, 'ACTIVE', 64),
(65, 'Taiwanes\n/Taiwanesa', NULL, NULL, NULL, NULL, 'ACTIVE', 65),
(66, 'Turco\n/Turca', NULL, NULL, NULL, NULL, 'ACTIVE', 66),
(67, 'Ucraniano\n/Ucraniana', NULL, NULL, NULL, NULL, 'ACTIVE', 67),
(68, 'Uruguayo\n/Uruguaya', NULL, NULL, NULL, NULL, 'ACTIVE', 68),
(69, 'Venezolano\n/Venezolana', NULL, NULL, NULL, NULL, 'ACTIVE', 69),
(70, 'Vietnamita', NULL, NULL, NULL, NULL, 'ACTIVE', 70),
(71, 'Sin Especificación', NULL, NULL, NULL, NULL, 'ACTIVE', 71);

--
-- Dumping data for table `people_profession`
--

INSERT INTO `people_profession` (`id`, `name`, `description`, `created_at`, `updated_at`, `deleted_at`, `status`) VALUES
(1, 'Ninguna', 'Escoger esta opción cuando no se encuentra dentro del catálogo una sugerencia apropiada para paciente. Por ejemplo: niño/a menor de 4 años.', '2020-07-26 23:20:08', '2020-07-26 23:50:18', NULL, 'ACTIVE'),
(2, 'Mecánico/a', 'Persona que repara máquinas, autos, camiones, motores, etc.', NULL, '2020-07-19 03:48:39', NULL, 'ACTIVE'),
(3, 'Otras', 'En caso de que dentro del catálogo no exista la profesión u oficio del paciente escoger la opción Otras.', NULL, '2020-07-26 23:50:53', NULL, 'ACTIVE'),
(4, 'Diseñador/a', 'Persona que diseña creativa mente diferentes cosas, por ejemplo, ropa, muebles, papelería, etc.\nHace referencia a las profesiones de diseñador gráfico, de productos, de moda, entre otros.', '2019-10-26 18:24:13', '2020-07-19 03:38:00', NULL, 'ACTIVE'),
(5, 'Arquitecto/a', 'Persona que diseña edificios y casas, los diseños los representa en planos.', '2020-07-19 03:17:07', '2020-07-19 03:30:19', NULL, 'ACTIVE'),
(6, 'Bombero/a', 'Persona que apaga el fuego en un incendio.', '2020-07-19 03:20:15', '2020-07-19 03:31:42', NULL, 'ACTIVE'),
(7, 'Contador/a', 'Persona que trabaja con el dinero y trabaja con las cuentas de una compañía.', '2020-07-19 03:20:28', '2020-07-19 03:34:34', NULL, 'ACTIVE'),
(8, 'Doctor/a', 'Persona que se dedica a curar o prevenir enfermedades. Hace referencia a doctor en medicina general y a todas sus especialidades.', '2020-07-19 03:20:41', '2020-07-19 03:39:56', NULL, 'ACTIVE'),
(9, 'Enfermero/a', 'Persona que cuida a enfermos o a personas que están en un proceso de recuperación siguiendo las ordenes del doctor.', '2020-07-19 03:20:47', '2020-07-19 03:40:57', NULL, 'ACTIVE'),
(10, 'Agente de viaje', 'Persona que vende y organiza viajes, vacaciones y vuelos.', '2020-07-19 03:27:53', '2020-07-19 03:29:52', NULL, 'ACTIVE'),
(11, 'Carnicero/a', 'Persona que trabaja con carne. Ellos cortan la carne y la venden.', '2020-07-19 03:28:13', '2020-07-19 03:32:10', NULL, 'ACTIVE'),
(12, 'Abogado/a', 'Persona que defiende, representa o acusa a una persona en un juicio. cambiado', '2020-07-19 03:29:21', '2024-02-28 21:49:00', NULL, 'ACTIVE'),
(13, 'Carpintero/a', 'Persona que trabaja con madera haciendo casas o creando muebles.', '2020-07-19 03:32:44', '2020-07-19 03:32:44', NULL, 'ACTIVE'),
(14, 'Chofer', 'Persona que conduce o maneja vehículos, buses , transporte publico o privado, etc.', '2020-07-19 03:34:08', '2020-07-19 03:34:08', NULL, 'ACTIVE'),
(15, 'Chef/Cocinero/a', 'Persona que prepara comida para otros, comúnmente en un restaurante.', '2020-07-19 03:35:07', '2020-07-19 03:35:07', NULL, 'ACTIVE'),
(16, 'Estilista', 'Persona que corta el cabello y hace peinados, generalmente trabaja en un salón de belleza o peluquería.', '2020-07-19 03:41:52', '2020-07-19 03:41:52', NULL, 'ACTIVE'),
(17, 'Farmacéutico/a', 'Persona calificada que trabaja en una farmacia, chequea las prescripciones médicas o aconseja a los enfermos a comprar algún tipo de medicamentos.', '2020-07-19 03:42:19', '2020-07-19 03:42:19', NULL, 'ACTIVE'),
(18, 'Fontanero/a', 'Persona que repara las tuberías de agua o gas y realiza instalaciones de agua potable. Sinónimo: Plomero', '2020-07-19 03:42:50', '2020-07-19 03:42:50', NULL, 'ACTIVE'),
(19, 'Florista', 'Persona que trabaja en la producción de flores y diseña arreglos florales.', '2020-07-19 03:43:20', '2020-07-19 03:43:20', NULL, 'ACTIVE'),
(20, 'Fotógrafo/a', 'Persona que toma fotos de distintas cosas, por ejemplo de paisajes, personas, detalles, etc.', '2020-07-19 03:44:38', '2020-07-19 03:44:38', NULL, 'ACTIVE'),
(21, 'Jardinero/a', 'Persona que trabaja en el cuidado de un jardín, corta el pasto, realiza riegos periódicos, etc.', '2020-07-19 03:46:52', '2020-07-19 03:46:52', NULL, 'ACTIVE'),
(22, 'Juez/a', 'Persona que decide en un juicio si el acusado o demandado es culpable o inocente.', '2020-07-19 03:47:26', '2020-07-19 03:47:26', NULL, 'ACTIVE'),
(23, 'Maestro de construcción', 'Persona que construye casas o edificios y realiza diversas reparaciones.', '2020-07-19 03:48:02', '2020-07-19 03:48:02', NULL, 'ACTIVE'),
(24, 'Mesero/a', 'Persona que trabaja por lo general en un restaurante, atiende y sirve la comida a los clientes.', '2020-07-19 03:49:25', '2020-07-19 03:49:25', NULL, 'ACTIVE'),
(25, 'Modelo/a', 'Persona que muestra ropa o accesorios en un desfile de modas o revistas.', '2020-07-19 03:50:06', '2020-07-19 03:50:06', NULL, 'ACTIVE'),
(26, 'Oftalmólogo/a', 'Doctor especializado en el cuidado de la visión y corrige problemas relacionados con los ojos,', '2020-07-19 03:53:51', '2020-07-19 03:53:51', NULL, 'ACTIVE'),
(27, 'Panadero/a', 'Persona que hace pan y trabaja generalmente en una panadería.', '2020-07-19 03:54:52', '2020-07-19 03:54:52', NULL, 'ACTIVE'),
(28, 'Periodista', 'Persona que investiga e informa sobre las noticias, puede ser a través de un diario, revista, radio o televisión.', '2020-07-19 03:55:24', '2020-07-19 03:55:24', NULL, 'ACTIVE'),
(29, 'Pintor/a', '(1) Persona que pinta cuadros u obras de arte. \n(2) Persona que pinta casas por dentro o por fuera.', '2020-07-19 03:56:46', '2020-07-19 03:56:46', NULL, 'ACTIVE'),
(30, 'Piloto', 'Persona que pilotea aviones o aeroplanos.', '2020-07-19 03:57:12', '2020-07-19 03:57:12', NULL, 'ACTIVE'),
(31, 'Policía', 'Persona que estar encargado de velar por el mantenimiento del orden público.', '2020-07-19 03:59:42', '2020-07-19 03:59:42', NULL, 'ACTIVE'),
(32, 'Político', 'Persona que trabaja en la política.', '2020-07-19 04:00:05', '2020-07-19 04:00:05', NULL, 'ACTIVE'),
(33, 'Profesor/a', 'Persona que enseña en una escuela, instituto, universidad y entrega el conocimiento y potencia las destrezas de un estudiante.', '2020-07-19 04:00:35', '2020-07-19 04:00:35', NULL, 'ACTIVE'),
(34, 'Psiquiatra', 'Especialista que evalua, diagnostica, trata o rehabilita a las personas con trastornos mentales.', '2020-07-19 04:01:07', '2020-07-19 04:01:07', NULL, 'ACTIVE'),
(35, 'Recepcionista', 'Persona que trabaja en la recepción de una compañía, entrega información, realiza llamadas, entre otras responsabilidades.', '2020-07-19 04:02:10', '2020-07-19 04:02:10', NULL, 'ACTIVE'),
(36, 'Sastre', 'Persona que hace ropas para otros, generalmente crea diseños únicos y exclusivos.', '2020-07-19 04:02:45', '2020-07-19 04:02:45', NULL, 'ACTIVE'),
(37, 'Secretario/a', 'Persona que trabaja en una compañía escribiendo cartas, atendiendo el teléfono, organizando el horario de su jefe, etc.', '2020-07-19 04:03:12', '2020-07-19 04:03:12', NULL, 'ACTIVE'),
(38, 'Soldado', 'Persona que está en un batallón de guerra.', '2020-07-19 04:03:35', '2020-07-19 04:03:35', NULL, 'ACTIVE'),
(39, 'Taxista', 'Persona que conduce un auto y cobra una cantidad de dinero por el recorrido.', '2020-07-19 04:03:58', '2020-07-19 04:03:58', NULL, 'ACTIVE'),
(40, 'Traductor/a', 'Persona que traduce un texto o conversaciones de un lenguaje a otro sin perder la idea original.', '2020-07-19 04:20:04', '2020-07-19 04:20:04', NULL, 'ACTIVE'),
(41, 'Vendedor/a', 'Persona que trabaja en un lugar vendiendo productos o servicios.', '2020-07-19 04:20:32', '2020-07-19 04:20:32', NULL, 'ACTIVE'),
(42, 'Veterinario/a', 'Persona que atiende a los animales cuando están enfermos y les receta algún medicamento para que se sanen.', '2020-07-19 04:20:57', '2020-07-19 04:20:57', NULL, 'ACTIVE'),
(43, 'Agricultor', 'Persona que se dedica a cultivar la tierra en una explotación agraria para la extracción y explotación de los recursos que origina, tales como: alimentos vegetales como cereales, frutas, hortalizas, entre otros.', '2020-07-19 04:23:12', '2020-07-19 04:23:12', NULL, 'ACTIVE'),
(44, 'Artesano', 'Persona que realiza objetos artesanales o artesanías. Los artesanos realizan su trabajo a mano o con distintos instrumentos propios, por lo que hay que tener cierta destreza y habilidad para realizar su trabajo.', '2020-07-19 04:24:23', '2020-07-19 04:24:23', NULL, 'ACTIVE'),
(45, 'Cajero', 'Persona responsable de sumar la cantidad debida por una compra, cargar al consumidor esa cantidad y después, recoger el pago por las mercancías o servicios proporcionado.', '2020-07-19 04:25:26', '2020-07-19 04:25:26', NULL, 'ACTIVE'),
(46, 'Ingeniero/a', 'Persona que profesa la ingeniería o alguna de sus ramas.  Hace referencia a todas las profesiones de ingeniería. Por ejemplo: Ingeniero civil, en sistemas, minas y petroleo, redes, telecomunicaciones, turístico, entre otros.', '2020-07-19 04:27:52', '2020-07-25 18:13:22', NULL, 'ACTIVE'),
(47, 'Administrador', 'Persona que se ocupa de realizar la tarea administrativa por medio de la planificación, organización, dirección y control de todas las tareas dentro de un grupo social o de una organización para lograr los objetivos mediante el uso eficiente de los recursos.', '2020-07-19 04:29:20', '2020-07-19 04:29:20', NULL, 'ACTIVE'),
(48, 'Estudiante', 'Hace referencia a pacientes que se encuentren en educación primaria, educación secundaria, educación universitaria (sin egresar), cursos de profesionalizacion, tecnologias, otros.', '2020-07-25 18:01:07', '2020-07-25 18:01:07', NULL, 'ACTIVE'),
(49, 'Quehaceres domésticos', 'Persona que realiza oficios domésticos en instituciones, entidades publicas o privadas, establecimientos académicos, otros. Se refiere a un lugar distinto del propio hogar.', '2020-07-25 18:03:53', '2020-07-25 18:03:53', NULL, 'ACTIVE'),
(50, 'Ama de casa', 'Persona que se dedica netamente a desarrollar actividades dentro del hogar. Ya sea como madre de familia, esposa, hija, entre otros.', '2020-07-25 18:05:03', '2020-07-25 18:05:03', NULL, 'ACTIVE'),
(51, 'Técnico de sonido', 'Personas que trabajan en estudios de grabación. Preparan el equipo para hacer grabaciones musicales, equipos para cubrir una actuación u eventos. Entre otras funciones.', '2020-07-25 18:18:36', '2020-07-25 18:18:36', NULL, 'ACTIVE'),
(52, 'Psicólogo', 'Persona que busca orientar a sus pacientes en sesiones grupales o individuales, con la finalidad de evaluar sus problemas y ayudarles a lidiar con diferentes circunstancias y conflictos, mejorando su salud mental. Entre otras funciones.', '2020-07-25 18:19:57', '2020-07-25 18:19:57', NULL, 'ACTIVE'),
(53, 'Músico', 'Persona que se dedica a la composición, interpretación o edición de la música.', '2020-07-25 18:21:19', '2020-07-25 18:21:19', NULL, 'ACTIVE'),
(54, 'Economista', 'Persona capaz de realizar tablas, gráficos e informes que ilustren de forma clara la realidad que atraviesa la economía de la entidad para la que cumplen funciones, de tal forma que analiza los datos una entidad o de algunas y las compara estadisticamente.', '2020-07-25 18:24:40', '2020-07-25 18:24:40', NULL, 'ACTIVE'),
(55, 'Catedrático Universitario', 'Docente superior que ejerce funciones en universidades o instituciones. Además, se puede considerar a personas que forman parte de las autoridades académicas de una institución.', '2020-07-25 18:26:32', '2020-07-25 18:26:32', NULL, 'ACTIVE'),
(56, 'Comerciante', 'Persona que realiza actividades comerciales en las cuales se realiza la acción de comprar y vender.', '2020-07-26 23:20:08', '2020-07-30 22:44:38', NULL, 'ACTIVE'),
(57, 'Sociologo/a', 'Persona que se dedica a analizar la estructura de la sociedad y sus problemas, ademas de entender los comportamientos que se dan entre los grupos de personas.', '2020-07-26 23:20:08', '2020-07-30 23:00:01', NULL, 'ACTIVE'),
(58, 'Oficinista', 'Persona que realiza funciones administrativas u operativas dentro de una empresa o institución, ya sea pública o privada.', '2020-07-26 23:20:08', '2020-07-30 22:53:34', NULL, 'ACTIVE'),
(59, 'Artista', 'Persona que hace o practica arte, ya sea por talento innato o profesionalmente.', '2020-07-26 23:20:08', '2020-07-30 22:41:52', NULL, 'ACTIVE'),
(60, 'Bibliotecario/a', 'Persona que trabaja en una biblioteca manteniendo el orden de los libros, vídeos, discos, etc.', NULL, '2020-07-19 03:31:07', NULL, 'ACTIVE'),
(61, 'Odontólogo/a', 'Profesional encargado de la salud oral.', '2020-07-30 22:38:53', '2020-07-30 22:38:53', NULL, 'ACTIVE');

--
-- Dumping data for table `people_relationship`
--

INSERT INTO `people_relationship` (`id`, `name`, `description`, `status`) VALUES
(1, 'Padre', 'DESCRIPCION', 'ACTIVE'),
(2, 'Madre', 'DESCRIPCION', 'ACTIVE'),
(3, 'Tio', 'DESCRIPCION', 'ACTIVE'),
(4, 'Tia', 'DESCRIPCION', 'ACTIVE'),
(5, 'Abuelo Paterno', 'DESCRIPCION', 'ACTIVE'),
(6, 'Abuela Paterna', 'DESCRIPCION', 'ACTIVE'),
(7, 'Hermano', 'DESCRIPCION', 'ACTIVE'),
(8, 'Hermana', 'DESCRIPCION', 'ACTIVE');

--
-- Dumping data for table `people_type_identification`
--

INSERT INTO `people_type_identification` (`id`, `name`, `description`, `created_at`, `updated_at`, `deleted_at`, `status`, `code`) VALUES
(1, 'RUC', 'ada', '2019-10-26 18:19:10', '2019-10-28 09:48:48', NULL, 'ACTIVE', 'R'),
(2, 'CEDULA', 'Codigocam', '2019-10-26 18:19:11', '2024-02-28 22:52:48', NULL, 'ACTIVE', 'C'),
(3, 'OTROS', '', '2019-10-27 11:56:31', '2019-10-28 09:48:30', NULL, 'ACTIVE', '-'),
(4, 'PASAPORTE', '', '2019-10-27 11:56:39', '2019-10-28 09:48:36', NULL, 'ACTIVE', 'P'),
(5, 'CONSUMIDOR FINAL', '', '2019-10-27 11:56:47', '2019-10-28 09:48:23', NULL, 'INACTIVE', 'F'),
(6, 'PLACA-RAMV/CPN', '', '2019-10-27 11:56:57', '2019-10-28 09:48:42', NULL, 'INACTIVE', 'PL');

--
-- Dumping data for table `product`
--

INSERT INTO `product` (`id`, `code`, `name`, `state`, `product_trademark_id`, `product_category_id`, `product_subcategory_id`, `source`, `description`, `code_provider`, `code_product`, `has_tax`, `is_service`, `user_id`, `product_measure_type_id`, `view_online`) VALUES
(1, 'SER-001', 'Formateada CPU', 'ACTIVE', 1, 1, 1, '/uploads/products/product/1709316187_SERVICE-01.jpg', 'Resetear computadora', 'null', 'null', 1, 1, 1, 1, 1);

--
-- Dumping data for table `product_by_details`
--

INSERT INTO `product_by_details` (`id`, `product_id`, `tax_id`, `location_details`, `stock_control`, `ice_control`, `initial_stock_control`) VALUES
(1, 1, 4, 'none', 0, 0, 0);

--
-- Dumping data for table `product_category`
--

INSERT INTO `product_category` (`id`, `value`, `state`, `description`, `subtitle`, `source`, `business_id`) VALUES
(1, 'Sin definir', 'ACTIVE', 'null', 'null', '/uploads/products/productCategory/sindefinir.jpg', 0),
(2, 'Software', 'ACTIVE', 'null', 'null', '/uploads/products/productCategory/software.jpg', 0),
(3, 'Diseño', 'ACTIVE', 'null', 'null', '/uploads/products/productCategory/disenio.jpg', 0),
(4, 'Multimedia', 'ACTIVE', 'null', 'null', '/uploads/products/productCategory/multimedia.jpg', 0),
(5, 'Hoteleria', 'ACTIVE', 'null', 'null', '/uploads/products/productCategory/hoteleria.png', 0),
(6, 'Tecnologia', 'ACTIVE', 'null', 'null', '/uploads/products/productCategory/tecnologia.png', 0),
(7, 'Hardware', 'ACTIVE', 'null', 'null', '/uploads/products/productCategory/hardware.png', 0),
(8, 'Ocio', 'ACTIVE', 'null', 'null', '/uploads/products/productCategory/ocio.jpg', 0),
(9, 'Comida', 'ACTIVE', 'null', 'null', '/uploads/products/productCategory/comida.png', 0);

--
-- Dumping data for table `product_color`
--

INSERT INTO `product_color` (`id`, `value`, `state`, `description`, `multicolored`, `color`, `business_id`) VALUES
(1, 'Morado', 'ACTIVE', NULL, 0, '#5508C0', 0),
(2, 'Amarillo', 'ACTIVE', NULL, 0, '#E3ED0F', 0),
(3, 'Negro', 'ACTIVE', NULL, 0, '#000000', 0),
(4, 'Azul', 'ACTIVE', NULL, 0, '#1811F1', 0),
(5, 'Tomate', 'ACTIVE', NULL, 0, '#B85807', 0);

--
-- Dumping data for table `product_inventory`
--

INSERT INTO `product_inventory` (`id`, `business_id`, `avarage_kardex_value`, `tax`, `quantity_units`, `sale_price`, `total_price`, `product_id`, `tax_id`, `profit`, `profit_type`, `note`, `sale_price2`, `sale_price3`, `sale_price4`) VALUES
(1, 1, '0.0000', 'SI', '0.0000', '10.0000', '0.0000', 1, 4, 0, 0, 'Resetear computadora', '10.0000', '10.0000', '10.0000');

--
-- Dumping data for table `product_measure_type`
--

INSERT INTO `product_measure_type` (`id`, `value`, `state`, `description`, `abbreviation`, `unit`, `number_of_units`, `prefix`, `symbol`, `business_id`) VALUES
(1, 'Sin Definir', 'ACTIVE', 'SDF', 'SDF', 0, 1, 'U', 'U', 0),
(2, 'UNIDAD', 'ACTIVE', 'uNIDAD', 'U', 0, 1, 'U', 'U', 0),
(3, 'Docena', 'ACTIVE', NULL, 'Doce', 1, 12, 'DOC', 'DOC', 0),
(4, 'PAR', 'ACTIVE', 'AD', 'PAR', 1, 2, 'PAR', 'PAR', 0),
(5, 'Metro', 'ACTIVE', NULL, 'm', 0, 1, 'm', 'm', 0),
(6, 'Libra', 'ACTIVE', NULL, 'lb', 0, 1, 'lb', 'lb', 0);

--
-- Dumping data for table `product_sizes`
--

INSERT INTO `product_sizes` (`id`, `value`, `state`, `description`, `business_id`) VALUES
(1, 'XL', 'ACTIVE', 'XL', 0),
(2, 'XXL', 'ACTIVE', NULL, 0),
(3, 'L', 'ACTIVE', NULL, 0),
(4, 'XS', 'ACTIVE', NULL, 0),
(5, 'M', 'ACTIVE', NULL, 0),
(6, 'S', 'ACTIVE', NULL, 0),
(7, 'XXS', 'ACTIVE', NULL, 0);

--
-- Dumping data for table `product_subcategory`
--
INSERT INTO `product_subcategory` (`id`, `value`, `state`, `description`, `source`, `subtitle`, `product_category_id`, `business_id`) VALUES
                                                                                                                                          (1, 'Sin definir', 'ACTIVE', 'null', '/uploads/products/productSubcategory/sindefinir.jpg', 'null', 1, 1),
                                                                                                                                          (2, 'Artes', 'ACTIVE', 'null', '/uploads/products/productSubcategory/artes.jpg', 'null', 2, 1),
                                                                                                                                          (3, 'Tecnologia', 'ACTIVE', 'null', '/uploads/products/productSubcategory/tecnologia.jpg', 'null', 7, 1),
                                                                                                                                          (4, 'Videos', 'ACTIVE', 'null', '/uploads/products/productSubcategory/videos.jpg', 'null', 3, 1),
                                                                                                                                          (5, 'Sistemas', 'ACTIVE', 'null', '/uploads/products/productSubcategory/sistemas.jpg', 'null', 1, 1),
                                                                                                                                          (6, 'Aplicaciones Moviles', 'ACTIVE', 'null', '/uploads/products/productSubcategory/aplicacionesmoviles.png', 'null', 7, 1),
                                                                                                                                          (7, 'Hospedaje', 'ACTIVE', 'null', '/uploads/products/productSubcategory/hospedaje.png', 'null', 5, 1),
                                                                                                                                          (8, 'Atracciones Deportivas', 'ACTIVE', 'null', '/uploads/products/productSubcategory/atracionesdeportivas.jpg', 'null', 8, 1),
                                                                                                                                          (9, 'Asados', 'ACTIVE', 'null', '/uploads/products/productSubcategory/asados.jpg', 'null', 9,1);
--
-- Dumping data for table `product_trademark`
--

INSERT INTO `product_trademark` (`id`, `value`, `state`, `description`, `business_id`) VALUES
(1, 'Propia', 'ACTIVE', NULL, 0),
(2, 'La Favorita', 'ACTIVE', NULL, 0),
(3, 'ASUS', 'ACTIVE', NULL, 0),
(4, 'ACER', 'ACTIVE', NULL, 0),
(5, 'COMPAC', 'ACTIVE', NULL, 0),
(6, 'MAC', 'ACTIVE', NULL, 0),
(7, 'TOSHIBA', 'ACTIVE', NULL, 0),
(8, 'SONY VAIO', 'ACTIVE', NULL, 0),
(9, 'MSI', 'ACTIVE', NULL, 0),
(10, 'DELL', 'ACTIVE', NULL, 0),
(11, 'LG', 'ACTIVE', NULL, 0),
(12, 'HP', 'ACTIVE', NULL, 0),
(13, 'IBM', 'ACTIVE', NULL, 0),
(14, 'SONY', 'ACTIVE', NULL, 0),
(15, 'LENOVO', 'ACTIVE', NULL, 0),
(16, 'COMPAC', 'ACTIVE', NULL, 0),
(17, 'ALCATEL', 'ACTIVE', NULL, 0),
(18, 'NOKIA', 'ACTIVE', NULL, 0),
(19, 'HUAWEI', 'ACTIVE', NULL, 0),
(20, 'PHILIPS', 'ACTIVE', NULL, 0),
(21, 'SAMSUNG', 'ACTIVE', NULL, 0),
(22, 'MOTOROLA', 'ACTIVE', NULL, 0),
(23, 'XPERIA', 'ACTIVE', NULL, 0),
(24, 'GALAXY', 'ACTIVE', NULL, 0),
(25, 'SM', 'ACTIVE', NULL, 0),
(26, 'Otras', 'ACTIVE', NULL, 0);

--
-- Dumping data for table `provinces`
--

INSERT INTO `provinces` (`id`, `name`, `country_id`, `status`, `created_at`, `updated_at`, `deleted_at`, `place_id`) VALUES
(1, 'Galapagos', 18, 'ACTIVE', NULL, NULL, NULL, 'none-id'),
(2, 'Esmeraldas', 18, 'ACTIVE', NULL, NULL, NULL, 'none-id'),
(3, 'Manabí ', 18, 'ACTIVE', NULL, NULL, NULL, 'none-id'),
(4, 'Los Ríos', 18, 'ACTIVE', NULL, NULL, NULL, 'none-id'),
(5, 'Santa Elena', 18, 'ACTIVE', NULL, NULL, NULL, 'none-id'),
(6, 'Guayas ', 18, 'ACTIVE', NULL, NULL, NULL, 'none-id'),
(7, 'Santo Domingo de los Tsáchilas ', 18, 'ACTIVE', NULL, NULL, NULL, 'none-id'),
(8, 'El Oro', 18, 'ACTIVE', NULL, NULL, NULL, 'none-id'),
(9, 'Azuay ', 18, 'ACTIVE', NULL, NULL, NULL, 'none-id'),
(10, 'Bolívar ', 18, 'ACTIVE', NULL, NULL, NULL, 'none-id'),
(11, 'Cañar ', 18, 'ACTIVE', NULL, NULL, NULL, 'none-id'),
(12, 'Carchi', 18, 'ACTIVE', NULL, NULL, NULL, 'none-id'),
(13, 'Cotopaxi', 18, 'ACTIVE', NULL, NULL, NULL, 'none-id'),
(14, 'Chimborazo', 18, 'ACTIVE', NULL, NULL, NULL, 'none-id'),
(15, 'Imbabura ', 18, 'ACTIVE', NULL, NULL, NULL, 'none-id'),
(16, 'Loja', 18, 'ACTIVE', NULL, NULL, NULL, 'none-id'),
(17, 'Pichincha ', 18, 'ACTIVE', NULL, NULL, NULL, 'none-id'),
(18, 'Tungurahua', 18, 'ACTIVE', NULL, NULL, NULL, 'none-id'),
(19, 'Morona Santiago ', 18, 'ACTIVE', NULL, NULL, NULL, 'none-id'),
(20, 'Napo ', 18, 'ACTIVE', NULL, NULL, NULL, 'none-id'),
(21, 'Orellana', 18, 'ACTIVE', NULL, NULL, NULL, 'none-id'),
(22, 'Pastaza', 18, 'ACTIVE', NULL, NULL, NULL, 'none-id'),
(23, 'Sucumbíos', 18, 'ACTIVE', NULL, NULL, NULL, 'none-id'),
(24, 'Zamora Chinchipe', 18, 'ACTIVE', NULL, NULL, NULL, 'none-id'),
(25, 'Amazonas', 48, 'ACTIVE', '2020-07-27 06:20:14', '2020-07-27 06:20:14', NULL, 'none-id'),
(26, 'Antioquia', 48, 'ACTIVE', '2020-07-27 06:20:39', '2020-07-27 06:20:39', NULL, 'none-id'),
(27, 'Arauca', 48, 'ACTIVE', '2020-07-27 06:20:56', '2020-07-27 06:20:56', NULL, 'none-id'),
(28, 'Atlántico', 48, 'ACTIVE', '2020-07-27 06:21:19', '2020-07-27 06:21:19', NULL, 'none-id'),
(29, 'Bogotá', 48, 'ACTIVE', '2020-07-27 06:21:38', '2020-07-27 06:21:38', NULL, 'none-id'),
(30, 'Bolivar Co', 48, 'ACTIVE', '2020-07-27 06:22:42', '2020-07-27 06:22:42', NULL, 'none-id'),
(31, 'Boyacá', 48, 'ACTIVE', '2020-07-27 06:23:03', '2020-07-27 06:23:03', NULL, 'none-id'),
(32, 'Caldas', 48, 'ACTIVE', '2020-07-27 06:23:24', '2020-07-27 06:23:24', NULL, 'none-id'),
(33, 'Caquetá', 48, 'ACTIVE', '2020-07-27 06:23:44', '2020-07-27 06:23:44', NULL, 'none-id'),
(34, 'Casanare', 48, 'ACTIVE', '2020-07-27 06:24:01', '2020-07-27 06:24:01', NULL, 'none-id'),
(35, 'Cauca', 48, 'ACTIVE', '2020-07-27 06:24:16', '2020-07-27 06:24:16', NULL, 'none-id'),
(36, 'Cesar', 48, 'ACTIVE', '2020-07-27 06:24:32', '2020-07-27 06:24:32', NULL, 'none-id'),
(37, 'Chocó', 48, 'ACTIVE', '2020-07-27 06:24:44', '2020-07-27 06:24:44', NULL, 'none-id'),
(38, 'Córdoba', 48, 'ACTIVE', '2020-07-27 06:25:04', '2020-07-27 06:25:04', NULL, 'none-id'),
(39, 'Cundinamarca', 48, 'ACTIVE', '2020-07-27 06:25:21', '2020-07-27 06:25:21', NULL, 'none-id'),
(40, 'Guainía', 48, 'ACTIVE', '2020-07-27 06:25:39', '2020-07-27 06:25:39', NULL, 'none-id'),
(41, 'Guaviare', 48, 'ACTIVE', '2020-07-27 06:27:29', '2020-07-27 06:27:29', NULL, 'none-id'),
(42, 'Huila', 48, 'ACTIVE', '2020-07-27 06:27:45', '2020-07-27 06:27:45', NULL, 'none-id'),
(43, 'La Guajira', 48, 'ACTIVE', '2020-07-27 06:28:00', '2020-07-27 06:28:00', NULL, 'none-id'),
(44, 'Magdalena', 48, 'ACTIVE', '2020-07-27 06:28:16', '2020-07-27 06:28:16', NULL, 'none-id'),
(45, 'Meta', 48, 'ACTIVE', '2020-07-27 06:28:31', '2020-07-27 06:28:31', NULL, 'none-id'),
(46, 'Nariño', 48, 'ACTIVE', '2020-07-27 06:28:45', '2020-07-27 06:28:45', NULL, 'none-id'),
(47, 'Norte de Santander', 48, 'ACTIVE', '2020-07-27 06:29:02', '2020-07-27 06:29:02', NULL, 'none-id'),
(48, 'Putumayo', 48, 'ACTIVE', '2020-07-27 06:29:15', '2020-07-27 06:29:15', NULL, 'none-id'),
(49, 'Quindío', 48, 'ACTIVE', '2020-07-27 06:29:31', '2020-07-27 06:29:31', NULL, 'none-id'),
(50, 'Risaralda', 48, 'ACTIVE', '2020-07-27 06:29:57', '2020-07-27 06:29:57', NULL, 'none-id'),
(51, 'San Andrés y Providencia', 48, 'ACTIVE', '2020-07-27 06:30:12', '2020-07-27 06:30:12', NULL, 'none-id'),
(52, 'Santander', 48, 'ACTIVE', '2020-07-27 06:30:27', '2020-07-27 06:30:27', NULL, 'none-id'),
(53, 'Sucre', 48, 'ACTIVE', '2020-07-27 06:30:43', '2020-07-27 06:30:43', NULL, 'none-id'),
(54, 'Tolima', 48, 'ACTIVE', '2020-07-27 06:30:58', '2020-07-27 06:30:58', NULL, 'none-id'),
(55, 'Valle del Cauca', 48, 'ACTIVE', '2020-07-27 06:31:16', '2020-07-27 06:31:16', NULL, 'none-id'),
(56, 'Vaupés', 48, 'ACTIVE', '2020-07-27 06:31:32', '2020-07-27 06:31:32', NULL, 'none-id'),
(57, 'Vichada', 48, 'ACTIVE', '2020-07-27 06:31:48', '2020-07-27 06:31:48', NULL, 'none-id'),
(58, 'Amazonas', 48, 'ACTIVE', '2024-02-28 15:13:05', '2024-02-28 15:13:05', NULL, 'none-id'),
(59, 'Amazonas', 48, 'ACTIVE', '2024-02-29 12:25:01', '2024-02-29 12:25:01', NULL, 'none-id');

--
-- Dumping data for table `reference_piece`
--

INSERT INTO `reference_piece` (`id`, `name`, `type`, `status`, `reference_type_id`) VALUES
(1, 'Sin detalles', 'INDIVIDUAL', 'ACTIVE', 1),
(2, 'En Observacion', 'INDIVIDUAL', 'ACTIVE', 1),
(3, 'Ausente', 'COMPLETE', 'INACTIVE', 2),
(4, 'Remanente radicular', 'INDIVIDUAL', 'ACTIVE', 1),
(5, 'Caries', 'COMPLETE', 'ACTIVE', 1),
(6, 'Edentulo', 'INDIVIDUAL', 'ACTIVE', 1),
(7, 'Incrustacion', 'INDIVIDUAL', 'ACTIVE', 1),
(8, 'Obturacion', 'INDIVIDUAL', 'ACTIVE', 1),
(9, 'Intrusion', 'INDIVIDUAL', 'ACTIVE', 1),
(10, 'Extrusion', 'INDIVIDUAL', 'ACTIVE', 1),
(11, 'Protesis Removible', 'COMPLETE', 'ACTIVE', 2),
(12, 'Implante', 'COMPLETE', 'ACTIVE', 2),
(13, 'Ortodoncia', 'INDIVIDUAL', 'ACTIVE', 1),
(14, 'Clavija', 'INDIVIDUAL', 'ACTIVE', 1),
(15, 'Amalgama', 'INDIVIDUAL', 'ACTIVE', 1),
(16, 'Endodoncia', 'COMPLETE', 'ACTIVE', 2),
(17, 'Otro', 'INDIVIDUAL', 'ACTIVE', 3),
(18, 'No Erupcionada', 'COMPLETE', 'INACTIVE', 1),
(19, 'Corona', 'COMPLETE', 'ACTIVE', 2),
(20, 'Corona a realizar', 'COMPLETE', 'ACTIVE', 3),
(21, 'Corona realizada', 'COMPLETE', 'ACTIVE', 4),
(22, 'A extraer', 'COMPLETE', 'INACTIVE', 2),
(23, 'Extraida', 'COMPLETE', 'INACTIVE', 1),
(24, 'Fractura', 'COMPLETE', 'ACTIVE', 1),
(25, 'Infeccion Pulpar', 'COMPLETE', 'ACTIVE', 1),
(26, 'Movilidad', 'COMPLETE', 'ACTIVE', 1),
(27, 'Residuo Radicular', 'COMPLETE', 'ACTIVE', 1),
(28, 'Otro', 'COMPLETE', 'ACTIVE', 2),
(29, 'Restauracion', 'COMPLETE', 'ACTIVE', 2),
(30, 'Perno Muñon', 'COMPLETE', 'ACTIVE', 2);

--
-- Dumping data for table `reference_piece_position`
--

INSERT INTO `reference_piece_position` (`id`, `position`) VALUES
(1, 'TOP'),
(2, 'DOWN'),
(3, 'RIGHT'),
(4, 'LEFT'),
(5, 'CENTER'),
(6, 'COMPLETE');

--
-- Dumping data for table `reference_piece_type`
--

INSERT INTO `reference_piece_type` (`id`, `color`, `description`, `created_at`, `updated_at`, `deleted_at`, `status`, `name`) VALUES
(1, '#0b0a0a', 'cambiando', '2018-09-11 22:49:22', '2024-02-29 14:13:28', NULL, 'ACTIVE', 'Lesion'),
(2, '#247b1f', NULL, '2018-09-11 22:49:44', '2018-09-12 00:37:34', NULL, 'ACTIVE', 'Pre Existencias'),
(3, '#f81111', NULL, '2018-09-11 22:50:28', '2018-09-11 22:50:28', NULL, 'ACTIVE', 'Por Hacer'),
(4, '#1ec1fb', 'ag', '2018-09-11 22:51:15', '2018-09-14 08:43:19', NULL, 'ACTIVE', 'Hecho');

--
-- Dumping data for table `retention_tax_sub_type`
--

INSERT INTO `retention_tax_sub_type` (`id`, `value`, `description`, `status`, `type`, `retention_tax_type_id`, `percentage`, `accounting_account_id`) VALUES
(1, '712', 'RETENCIÓN DEL 10%', 'ACTIVE', 0, 3, 10, 100),
(2, '723', 'RETENCIÓN DEL 20%', 'ACTIVE', 0, 3, 20, 101),
(3, '725', 'RETENCIÓN DEL 30%', 'ACTIVE', 0, 3, 30, 102),
(4, '727', 'RETENCIÓN DEL 50%', 'ACTIVE', 0, 3, 50, 103),
(5, '729', 'RETENCIÓN DEL 70%', 'ACTIVE', 0, 3, 70, 104),
(6, '731', 'RETENCIÓN DEL 100%', 'ACTIVE', 0, 3, 100, 105),
(7, '712', 'RETENCIÓN DEL 10%', 'ACTIVE', 0, 4, 10, 30),
(8, '723', 'RETENCIÓN DEL 20%', 'ACTIVE', 0, 4, 20, 31),
(9, '725', 'RETENCIÓN DEL 30%', 'ACTIVE', 0, 4, 30, 32),
(10, '727', 'RETENCIÓN DEL 50%', 'ACTIVE', 0, 4, 50, 33),
(11, '729', 'RETENCIÓN DEL 70%', 'ACTIVE', 0, 4, 70, 34),
(12, '731', 'RETENCIÓN DEL 100%', 'ACTIVE', 0, 4, 100, 35),
(13, '303', 'Honorarios profesionales y demás pagos por servicios relacionados con el título profesional', 'ACTIVE', 0, 1, 10, 98),
(14, '304', 'Servicios predomina el intelecto no relacionados con el título profesional', 'ACTIVE', 0, 1, 8, 97),
(15, '304A', 'Comisiones y demás pagos por servicios predomina intelecto no relacionados con el título profesional', 'ACTIVE', 0, 1, 8, 97),
(16, '304B', 'Pagos a notarios y registradores de la propiedad y mercantil por sus actividades ejercidas como tales', 'ACTIVE', 0, 1, 8, 97),
(17, '304C', 'Pagos a deportistas, entrenadores, árbitros, miembros del cuerpo técnico por sus actividades ejercidas como tales', 'ACTIVE', 0, 1, 8, 97),
(18, '304D', 'Pagos a artistas por sus actividades ejercidas como tales', 'ACTIVE', 0, 1, 8, 97),
(19, '304E', 'Honorarios y demás pagos por servicios de docencia', 'ACTIVE', 0, 1, 8, 97),
(20, '307', 'Servicios predomina la mano de obra', 'ACTIVE', 0, 1, 2, 96),
(21, '308', 'Utilización o aprovechamiento de la imagen o renombre', 'ACTIVE', 0, 1, 10, 98),
(22, '309', 'Servicios prestados por medios de comunicación y agencias de publicidad', 'ACTIVE', 0, 1, 1, 95),
(23, '310', 'Servicio de transporte privado de pasajeros o transporte público o privado de carga', 'ACTIVE', 0, 1, 1, 95),
(24, '311', 'Pagos a través de liquidación de compra (nivel cultural o rusticidad)', 'ACTIVE', 0, 1, 2, 96),
(25, '312', 'Transferencia de bienes muebles de naturaleza corporal', 'ACTIVE', 0, 1, 1, 95),
(26, '312A', 'Compra de bienes de origen agrícola, avícola, pecuario, apícola, cunícula, bioacuático, y forestal', 'ACTIVE', 0, 1, 1, 95),
(27, '312B', 'Impuesto a la Renta único para la actividad de producción y cultivo de palma aceitera', 'ACTIVE', 0, 1, 1, 95),
(28, '314A', 'Regalías por concepto de franquicias de acuerdo a Ley de Propiedad Intelectual - pago a personas naturales', 'ACTIVE', 0, 1, 8, 97),
(29, '314B', 'Cánones, derechos de autor,  marcas, patentes y similares de acuerdo a Ley de Propiedad Intelectual – pago a personas naturales', 'ACTIVE', 0, 1, 8, 97),
(30, '314C', 'Regalías por concepto de franquicias de acuerdo a Ley de Propiedad Intelectual  - pago a sociedades', 'ACTIVE', 0, 1, 8, 97),
(31, '314D', 'Cánones, derechos de autor,  marcas, patentes y similares de acuerdo a Ley de Propiedad Intelectual – pago a sociedades', 'ACTIVE', 0, 1, 8, 97),
(32, '319', 'Cuotas de arrendamiento mercantil (prestado por sociedades), inclusive la de opción de compra', 'ACTIVE', 0, 1, 1, 95),
(33, '320', 'Arrendamiento bienes inmuebles', 'ACTIVE', 0, 1, 8, 97),
(34, '322', 'Seguros y reaseguros (primas y cesiones)', 'ACTIVE', 0, 1, 1, 95),
(35, '323', 'Rendimientos financieros pagados a naturales y sociedades  (No a IFIs)', 'ACTIVE', 0, 1, 2, 96),
(36, '323A', 'Rendimientos financieros: depósitos Cta. Corriente', 'ACTIVE', 0, 1, 2, 96),
(37, '323B1', 'Rendimientos financieros:  depósitos Cta. Ahorros Sociedades', 'ACTIVE', 0, 1, 2, 96),
(38, '323E', 'Rendimientos financieros: depósito a plazo fijo  gravados', 'ACTIVE', 0, 1, 2, 96),
(39, '323E2', 'Rendimientos financieros: depósito a plazo fijo exentos', 'ACTIVE', 0, 1, 0, 95),
(40, '323F', 'Rendimientos financieros: operaciones de reporto - repos', 'ACTIVE', 0, 1, 2, 96),
(41, '323G', 'Inversiones (captaciones) rendimientos distintos de aquellos pagados a IFIs', 'ACTIVE', 0, 1, 2, 96),
(42, '323H', 'Rendimientos financieros: obligaciones', 'ACTIVE', 0, 1, 2, 96),
(43, '323I', 'Rendimientos financieros: bonos convertible en acciones', 'ACTIVE', 0, 1, 2, 96),
(44, '323 M', 'Rendimientos financieros: Inversiones en títulos valores en renta fija gravados ', 'ACTIVE', 0, 1, 2, 96),
(45, '323 N', 'Rendimientos financieros: Inversiones en títulos valores en renta fija exentos', 'ACTIVE', 0, 1, 0, 95),
(46, '323 O', 'Intereses y demás rendimientos financieros pagados a bancos y otras entidades sometidas al control de la Superintendencia de Bancos y de la Economía Popular y Solidaria', 'ACTIVE', 0, 1, 0, 95),
(47, '323 P', 'Intereses pagados por entidades del sector público a favor de sujetos pasivos', 'ACTIVE', 0, 1, 2, 96),
(48, '323Q', 'Otros intereses y rendimientos financieros gravados ', 'ACTIVE', 0, 1, 2, 96),
(49, '323R', 'Otros intereses y rendimientos financieros exentos', 'ACTIVE', 0, 1, 0, 95),
(50, '323S', 'Pagos y créditos en cuenta efectuados por el BCE y los depósitos centralizados de valores, en calidad de intermediarios, a instituciones del sistema financiero por cuenta de otras personas naturales y sociedades', 'ACTIVE', 0, 1, 2, 96),
(51, '323T', 'Rendimientos financieros originados en la deuda pública ecuatoriana', 'ACTIVE', 0, 1, 0, 95),
(52, '323U', 'Rendimientos financieros originados en títulos valores de obligaciones de 360 días o más para el financiamiento de proyectos públicos en asociación público-privada', 'ACTIVE', 0, 1, 0, 95),
(53, '324A', 'Intereses y comisiones en operaciones de crédito entre instituciones del sistema financiero y entidades economía popular y solidaria.', 'ACTIVE', 0, 1, 1, 95),
(54, '324B', 'Inversiones entre instituciones del sistema financiero y entidades economía popular y solidaria', 'ACTIVE', 0, 1, 1, 95),
(55, '324C', 'Pagos y créditos en cuenta efectuados por el BCE y los depósitos centralizados de valores, en calidad de intermediarios, a instituciones del sistema financiero por cuenta de otras instituciones del sistema financiero', 'ACTIVE', 0, 1, 1, 95),
(56, '328', 'Dividendos distribuidos a sociedades residentes', 'ACTIVE', 0, 1, 0, 95),
(57, '329', 'Dividendos distribuidos a fideicomisos residentes', 'ACTIVE', 0, 1, 0, 95),
(58, '343', 'Otras retenciones aplicables el 1%', 'ACTIVE', 0, 1, 1, 95),
(59, '343A', 'Energía eléctrica', 'ACTIVE', 0, 1, 1, 95),
(60, '343B', 'Actividades de construcción de obra material inmueble, urbanización, lotización o actividades similares', 'ACTIVE', 0, 1, 1, 95),
(61, '343C', 'Impuesto Redimible a las botellas plásticas - IRBP', 'ACTIVE', 0, 1, 1, 95),
(62, '344', 'Otras retenciones aplicables el 2%', 'ACTIVE', 0, 1, 2, 96),
(63, '344A', 'Pago local tarjeta de crédito reportada por la Emisora de tarjeta de crédito, solo RECAP', 'ACTIVE', 0, 1, 2, 96),
(64, '344B', 'Adquisición de sustancias minerales dentro del territorio nacional', 'ACTIVE', 0, 1, 2, 96),
(65, '345', 'Otras retenciones aplicables el 8%', 'ACTIVE', 0, 1, 8, 97),
(66, '303', 'Honorarios profesionales y demás pagos por servicios relacionados con el título profesional', 'ACTIVE', 0, 2, 10, 27),
(67, '304', 'Servicios predomina el intelecto no relacionados con el título profesional', 'ACTIVE', 0, 2, 8, 26),
(68, '304A', 'Comisiones y demás pagos por servicios predomina intelecto no relacionados con el título profesional', 'ACTIVE', 0, 2, 8, 26),
(69, '304B', 'Pagos a notarios y registradores de la propiedad y mercantil por sus actividades ejercidas como tales', 'ACTIVE', 0, 2, 8, 26),
(70, '304C', 'Pagos a deportistas, entrenadores, árbitros, miembros del cuerpo técnico por sus actividades ejercidas como tales', 'ACTIVE', 0, 2, 8, 26),
(71, '304D', 'Pagos a artistas por sus actividades ejercidas como tales', 'ACTIVE', 0, 2, 8, 26),
(72, '304E', 'Honorarios y demás pagos por servicios de docencia', 'ACTIVE', 0, 2, 8, 26),
(73, '307', 'Servicios predomina la mano de obra', 'ACTIVE', 0, 2, 2, 25),
(74, '308', 'Utilización o aprovechamiento de la imagen o renombre', 'ACTIVE', 0, 2, 10, 27),
(75, '309', 'Servicios prestados por medios de comunicación y agencias de publicidad', 'ACTIVE', 0, 2, 1, 24),
(76, '310', 'Servicio de transporte privado de pasajeros o transporte público o privado de carga', 'ACTIVE', 0, 2, 1, 24),
(77, '311', 'Pagos a través de liquidación de compra (nivel cultural o rusticidad)', 'ACTIVE', 0, 2, 2, 25),
(78, '312', 'Transferencia de bienes muebles de naturaleza corporal', 'ACTIVE', 0, 2, 1, 24),
(79, '312A', 'Compra de bienes de origen agrícola, avícola, pecuario, apícola, cunícula, bioacuático, y forestal', 'ACTIVE', 0, 2, 1, 24),
(80, '312B', 'Impuesto a la Renta único para la actividad de producción y cultivo de palma aceitera', 'ACTIVE', 0, 2, 1, 24),
(81, '314A', 'Regalías por concepto de franquicias de acuerdo a Ley de Propiedad Intelectual - pago a personas naturales', 'ACTIVE', 0, 2, 8, 26),
(82, '314B', 'Cánones, derechos de autor,  marcas, patentes y similares de acuerdo a Ley de Propiedad Intelectual – pago a personas naturales', 'ACTIVE', 0, 2, 8, 26),
(83, '314C', 'Regalías por concepto de franquicias de acuerdo a Ley de Propiedad Intelectual  - pago a sociedades', 'ACTIVE', 0, 2, 8, 26),
(84, '314D', 'Cánones, derechos de autor,  marcas, patentes y similares de acuerdo a Ley de Propiedad Intelectual – pago a sociedades', 'ACTIVE', 0, 2, 8, 26),
(85, '319', 'Cuotas de arrendamiento mercantil (prestado por sociedades), inclusive la de opción de compra', 'ACTIVE', 0, 2, 1, 24),
(86, '320', 'Arrendamiento bienes inmuebles', 'ACTIVE', 0, 2, 8, 26),
(87, '322', 'Seguros y reaseguros (primas y cesiones)', 'ACTIVE', 0, 2, 1, 24),
(88, '323', 'Rendimientos financieros pagados a naturales y sociedades  (No a IFIs)', 'ACTIVE', 0, 2, 2, 25),
(89, '323A', 'Rendimientos financieros: depósitos Cta. Corriente', 'ACTIVE', 0, 2, 2, 25),
(90, '323B1', 'Rendimientos financieros:  depósitos Cta. Ahorros Sociedades', 'ACTIVE', 0, 2, 2, 25),
(91, '323E', 'Rendimientos financieros: depósito a plazo fijo  gravados', 'ACTIVE', 0, 2, 2, 25),
(92, '323E2', 'Rendimientos financieros: depósito a plazo fijo exentos', 'ACTIVE', 0, 2, 0, 24),
(93, '323F', 'Rendimientos financieros: operaciones de reporto - repos', 'ACTIVE', 0, 2, 2, 25),
(94, '323G', 'Inversiones (captaciones) rendimientos distintos de aquellos pagados a IFIs', 'ACTIVE', 0, 2, 2, 25),
(95, '323H', 'Rendimientos financieros: obligaciones', 'ACTIVE', 0, 2, 2, 25),
(96, '323I', 'Rendimientos financieros: bonos convertible en acciones', 'ACTIVE', 0, 2, 2, 25),
(97, '323 M', 'Rendimientos financieros: Inversiones en títulos valores en renta fija gravados ', 'ACTIVE', 0, 2, 2, 25),
(98, '323 N', 'Rendimientos financieros: Inversiones en títulos valores en renta fija exentos', 'ACTIVE', 0, 2, 0, 24),
(99, '323 O', 'Intereses y demás rendimientos financieros pagados a bancos y otras entidades sometidas al control de la Superintendencia de Bancos y de la Economía Popular y Solidaria', 'ACTIVE', 0, 2, 0, 24),
(100, '323 P', 'Intereses pagados por entidades del sector público a favor de sujetos pasivos', 'ACTIVE', 0, 2, 2, 25),
(101, '323Q', 'Otros intereses y rendimientos financieros gravados ', 'ACTIVE', 0, 2, 2, 25),
(102, '323R', 'Otros intereses y rendimientos financieros exentos', 'ACTIVE', 0, 2, 0, 24),
(103, '323S', 'Pagos y créditos en cuenta efectuados por el BCE y los depósitos centralizados de valores, en calidad de intermediarios, a instituciones del sistema financiero por cuenta de otras personas naturales y sociedades', 'ACTIVE', 0, 2, 2, 25),
(104, '323T', 'Rendimientos financieros originados en la deuda pública ecuatoriana', 'ACTIVE', 0, 2, 0, 24),
(105, '323U', 'Rendimientos financieros originados en títulos valores de obligaciones de 360 días o más para el financiamiento de proyectos públicos en asociación público-privada', 'ACTIVE', 0, 2, 0, 24),
(106, '324A', 'Intereses y comisiones en operaciones de crédito entre instituciones del sistema financiero y entidades economía popular y solidaria.', 'ACTIVE', 0, 2, 1, 24),
(107, '324B', 'Inversiones entre instituciones del sistema financiero y entidades economía popular y solidaria', 'ACTIVE', 0, 2, 1, 24),
(108, '324C', 'Pagos y créditos en cuenta efectuados por el BCE y los depósitos centralizados de valores, en calidad de intermediarios, a instituciones del sistema financiero por cuenta de otras instituciones del sistema financiero', 'ACTIVE', 0, 2, 1, 24),
(109, '328', 'Dividendos distribuidos a sociedades residentes', 'ACTIVE', 0, 2, 0, 24),
(110, '329', 'Dividendos distribuidos a fideicomisos residentes', 'ACTIVE', 0, 2, 0, 24),
(111, '343', 'Otras retenciones aplicables el 1%', 'ACTIVE', 0, 2, 1, 24),
(112, '343A', 'Energía eléctrica', 'ACTIVE', 0, 2, 1, 24),
(113, '343B', 'Actividades de construcción de obra material inmueble, urbanización, lotización o actividades similares', 'ACTIVE', 0, 2, 1, 24),
(114, '343C', 'Impuesto Redimible a las botellas plásticas - IRBP', 'ACTIVE', 0, 2, 1, 24),
(115, '344', 'Otras retenciones aplicables el 2%', 'ACTIVE', 0, 2, 2, 25),
(116, '344A', 'Pago local tarjeta de crédito reportada por la Emisora de tarjeta de crédito, solo RECAP', 'ACTIVE', 0, 2, 2, 25),
(117, '344B', 'Adquisición de sustancias minerales dentro del territorio nacional', 'ACTIVE', 0, 2, 2, 25),
(118, '345', 'Otras retenciones aplicables el 8%', 'ACTIVE', 0, 2, 8, 26);

--
-- Dumping data for table `retention_tax_type`
--

INSERT INTO `retention_tax_type` (`id`, `value`, `description`, `status`, `type`) VALUES
(1, 'Retención IR Compras', NULL, 'ACTIVE', 1),
(2, 'Retención IR Ventas', NULL, 'ACTIVE', 1),
(3, 'Retención Iva Compras', NULL, 'ACTIVE', 0),
(4, 'Retención Iva Ventas', NULL, 'ACTIVE', 0);

--
-- Dumping data for table `roles`
--

INSERT INTO `roles` (`id`, `name`, `status`, `created_at`, `updated_at`) VALUES
(1, 'GOD', 'ACTIVE', NULL, NULL),
(2, 'BUSINESS', 'ACTIVE', '2020-06-14 18:50:42', '2020-06-14 18:50:42'),
(3, 'EMPLOYER', 'ACTIVE', '2020-06-14 19:08:45', '2020-06-14 22:10:21'),
(4, 'CUSTOMER', 'ACTIVE', '2020-06-14 19:17:10', '2020-06-14 19:17:10');

--
-- Dumping data for table `routes_drawing`
--

INSERT INTO `routes_drawing` (`id`, `type`, `name`, `description`, `options_type`) VALUES
(1, 0, 'Dirección de Turismo - Otavalo', 'Información turística y entrega de guías turísticas impresas. Atención de lunes a sábado de 8:00 a 17:00', '{\"position\":{\"lat\":0.230731,\"lng\":-78.262207}}'),
(2, 0, 'Entrada a la Cascada de Peguche', '', '{\"position\":{\"lat\":0.243178,\"lng\":-78.242599}}'),
(3, 0, 'Estación de Policía', '', '{\"position\":{\"lat\":0.243348,\"lng\":-78.245392}}'),
(4, 0, 'Plaza Cultural de Peguche', '', '{\"position\":{\"lat\":0.250165,\"lng\":-78.243584}}'),
(5, 0, 'Plaza de Quinchuquí', '', '{\"position\":{\"lat\":0.252446,\"lng\":-78.234261}}'),
(6, 0, 'Rotonda', '', '{\"position\":{\"lat\":0.251294,\"lng\":-78.243927}}'),
(7, 0, 'Terminal de buses', '', '{\"position\":{\"lat\":0.230786,\"lng\":-78.257942}}'),
(8, 0, 'Wuantun Rumi', 'Elevación: 2939 m', '{\"position\":{\"lat\":0.253548,\"lng\":-78.217361}}'),
(9, 4, 'POLILINE', '', '{\"strokeColor\":\"#000000\",\"strokeOpacity\":1,\"strokeWeight\":4,\"path\":[{\"lat\":\"0.230731\",\"lng\":\"-78.262207\"},{\"lat\":\"0.230839\",\"lng\":\"-78.262383\"},{\"lat\":\"0.230901\",\"lng\":\"-78.262451\"},{\"lat\":\"0.230969\",\"lng\":\"-78.262535\"},{\"lat\":\"0.231146\",\"lng\":\"-78.262718\"},{\"lat\":\"0.231225\",\"lng\":\"-78.262787\"},{\"lat\":\"0.231327\",\"lng\":\"-78.262856\"},{\"lat\":\"0.23142\",\"lng\":\"-78.262878\"},{\"lat\":\"0.231541\",\"lng\":\"-78.262817\"},{\"lat\":\"0.231665\",\"lng\":\"-78.262733\"},{\"lat\":\"0.231751\",\"lng\":\"-78.262642\"},{\"lat\":\"0.231813\",\"lng\":\"-78.262566\"},{\"lat\":\"0.23177\",\"lng\":\"-78.262474\"},{\"lat\":\"0.231665\",\"lng\":\"-78.26236\"},{\"lat\":\"0.231599\",\"lng\":\"-78.262299\"},{\"lat\":\"0.231521\",\"lng\":\"-78.262222\"},{\"lat\":\"0.231446\",\"lng\":\"-78.262077\"},{\"lat\":\"0.231393\",\"lng\":\"-78.261978\"},{\"lat\":\"0.231341\",\"lng\":\"-78.261894\"},{\"lat\":\"0.231286\",\"lng\":\"-78.261749\"},{\"lat\":\"0.231216\",\"lng\":\"-78.261597\"},{\"lat\":\"0.231163\",\"lng\":\"-78.26152\"},{\"lat\":\"0.231108\",\"lng\":\"-78.261444\"},{\"lat\":\"0.231053\",\"lng\":\"-78.261368\"},{\"lat\":\"0.230996\",\"lng\":\"-78.261299\"},{\"lat\":\"0.230888\",\"lng\":\"-78.261162\"},{\"lat\":\"0.230813\",\"lng\":\"-78.26107\"},{\"lat\":\"0.230713\",\"lng\":\"-78.260994\"},{\"lat\":\"0.230627\",\"lng\":\"-78.260948\"},{\"lat\":\"0.230563\",\"lng\":\"-78.26088\"},{\"lat\":\"0.230487\",\"lng\":\"-78.26078\"},{\"lat\":\"0.230414\",\"lng\":\"-78.260674\"},{\"lat\":\"0.230345\",\"lng\":\"-78.260612\"},{\"lat\":\"0.230267\",\"lng\":\"-78.260529\"},{\"lat\":\"0.230246\",\"lng\":\"-78.260414\"},{\"lat\":\"0.2302\",\"lng\":\"-78.26033\"},{\"lat\":\"0.230149\",\"lng\":\"-78.260201\"},{\"lat\":\"0.2301\",\"lng\":\"-78.260109\"},{\"lat\":\"0.230028\",\"lng\":\"-78.260025\"},{\"lat\":\"0.229954\",\"lng\":\"-78.259926\"},{\"lat\":\"0.229877\",\"lng\":\"-78.259834\"},{\"lat\":\"0.229814\",\"lng\":\"-78.259758\"},{\"lat\":\"0.229753\",\"lng\":\"-78.259689\"},{\"lat\":\"0.229681\",\"lng\":\"-78.259605\"},{\"lat\":\"0.229602\",\"lng\":\"-78.259521\"},{\"lat\":\"0.229509\",\"lng\":\"-78.259407\"},{\"lat\":\"0.229401\",\"lng\":\"-78.259277\"},{\"lat\":\"0.229307\",\"lng\":\"-78.259148\"},{\"lat\":\"0.229234\",\"lng\":\"-78.259048\"},{\"lat\":\"0.229179\",\"lng\":\"-78.258957\"},{\"lat\":\"0.229151\",\"lng\":\"-78.258858\"},{\"lat\":\"0.229208\",\"lng\":\"-78.258728\"},{\"lat\":\"0.229334\",\"lng\":\"-78.258652\"},{\"lat\":\"0.229487\",\"lng\":\"-78.258591\"},{\"lat\":\"0.22957\",\"lng\":\"-78.258545\"},{\"lat\":\"0.229712\",\"lng\":\"-78.258476\"},{\"lat\":\"0.229831\",\"lng\":\"-78.258408\"},{\"lat\":\"0.229925\",\"lng\":\"-78.258339\"},{\"lat\":\"0.230014\",\"lng\":\"-78.258286\"},{\"lat\":\"0.230098\",\"lng\":\"-78.258232\"},{\"lat\":\"0.230184\",\"lng\":\"-78.258179\"},{\"lat\":\"0.23026\",\"lng\":\"-78.258118\"},{\"lat\":\"0.230341\",\"lng\":\"-78.258057\"},{\"lat\":\"0.230468\",\"lng\":\"-78.25795\"},{\"lat\":\"0.230549\",\"lng\":\"-78.257889\"},{\"lat\":\"0.230626\",\"lng\":\"-78.257835\"},{\"lat\":\"0.230698\",\"lng\":\"-78.257767\"},{\"lat\":\"0.230788\",\"lng\":\"-78.257698\"},{\"lat\":\"0.230884\",\"lng\":\"-78.257637\"},{\"lat\":\"0.230958\",\"lng\":\"-78.257568\"},{\"lat\":\"0.231065\",\"lng\":\"-78.257492\"},{\"lat\":\"0.23117\",\"lng\":\"-78.257416\"},{\"lat\":\"0.23126\",\"lng\":\"-78.257347\"},{\"lat\":\"0.231348\",\"lng\":\"-78.257278\"},{\"lat\":\"0.231427\",\"lng\":\"-78.25721\"},{\"lat\":\"0.231514\",\"lng\":\"-78.257141\"},{\"lat\":\"0.231603\",\"lng\":\"-78.257088\"},{\"lat\":\"0.231716\",\"lng\":\"-78.257004\"},{\"lat\":\"0.231841\",\"lng\":\"-78.25692\"},{\"lat\":\"0.231968\",\"lng\":\"-78.256836\"},{\"lat\":\"0.23209\",\"lng\":\"-78.256767\"},{\"lat\":\"0.232194\",\"lng\":\"-78.256706\"},{\"lat\":\"0.232269\",\"lng\":\"-78.25666\"},{\"lat\":\"0.232376\",\"lng\":\"-78.256592\"},{\"lat\":\"0.232466\",\"lng\":\"-78.256538\"},{\"lat\":\"0.232576\",\"lng\":\"-78.25647\"},{\"lat\":\"0.232708\",\"lng\":\"-78.256393\"},{\"lat\":\"0.232861\",\"lng\":\"-78.256287\"},{\"lat\":\"0.232942\",\"lng\":\"-78.256241\"},{\"lat\":\"0.233023\",\"lng\":\"-78.256195\"},{\"lat\":\"0.233107\",\"lng\":\"-78.256149\"},{\"lat\":\"0.233194\",\"lng\":\"-78.256104\"},{\"lat\":\"0.23328\",\"lng\":\"-78.256058\"},{\"lat\":\"0.233371\",\"lng\":\"-78.25602\"},{\"lat\":\"0.23346\",\"lng\":\"-78.255974\"},{\"lat\":\"0.233551\",\"lng\":\"-78.255928\"},{\"lat\":\"0.233639\",\"lng\":\"-78.25589\"},{\"lat\":\"0.233721\",\"lng\":\"-78.255844\"},{\"lat\":\"0.233874\",\"lng\":\"-78.255775\"},{\"lat\":\"0.234006\",\"lng\":\"-78.255722\"},{\"lat\":\"0.234091\",\"lng\":\"-78.255684\"},{\"lat\":\"0.234175\",\"lng\":\"-78.25563\"},{\"lat\":\"0.23427\",\"lng\":\"-78.255585\"},{\"lat\":\"0.234399\",\"lng\":\"-78.255524\"},{\"lat\":\"0.234546\",\"lng\":\"-78.255455\"},{\"lat\":\"0.234703\",\"lng\":\"-78.255371\"},{\"lat\":\"0.234784\",\"lng\":\"-78.255325\"},{\"lat\":\"0.234868\",\"lng\":\"-78.25528\"},{\"lat\":\"0.23495\",\"lng\":\"-78.255234\"},{\"lat\":\"0.235097\",\"lng\":\"-78.25515\"},{\"lat\":\"0.235236\",\"lng\":\"-78.255074\"},{\"lat\":\"0.235356\",\"lng\":\"-78.25502\"},{\"lat\":\"0.235464\",\"lng\":\"-78.254967\"},{\"lat\":\"0.235546\",\"lng\":\"-78.254921\"},{\"lat\":\"0.235648\",\"lng\":\"-78.254852\"},{\"lat\":\"0.235647\",\"lng\":\"-78.254745\"},{\"lat\":\"0.235583\",\"lng\":\"-78.254654\"},{\"lat\":\"0.235513\",\"lng\":\"-78.254532\"},{\"lat\":\"0.23543\",\"lng\":\"-78.254379\"},{\"lat\":\"0.235387\",\"lng\":\"-78.254295\"},{\"lat\":\"0.235342\",\"lng\":\"-78.254211\"},{\"lat\":\"0.235294\",\"lng\":\"-78.254128\"},{\"lat\":\"0.235246\",\"lng\":\"-78.254044\"},{\"lat\":\"0.235154\",\"lng\":\"-78.253876\"},{\"lat\":\"0.235107\",\"lng\":\"-78.253792\"},{\"lat\":\"0.235016\",\"lng\":\"-78.253632\"},{\"lat\":\"0.234972\",\"lng\":\"-78.253548\"},{\"lat\":\"0.234929\",\"lng\":\"-78.253464\"},{\"lat\":\"0.234845\",\"lng\":\"-78.253319\"},{\"lat\":\"0.234779\",\"lng\":\"-78.253197\"},{\"lat\":\"0.234727\",\"lng\":\"-78.253098\"},{\"lat\":\"0.234671\",\"lng\":\"-78.252998\"},{\"lat\":\"0.234622\",\"lng\":\"-78.252907\"},{\"lat\":\"0.234576\",\"lng\":\"-78.252808\"},{\"lat\":\"0.234641\",\"lng\":\"-78.252731\"},{\"lat\":\"0.234766\",\"lng\":\"-78.252663\"},{\"lat\":\"0.234881\",\"lng\":\"-78.252602\"},{\"lat\":\"0.235015\",\"lng\":\"-78.252533\"},{\"lat\":\"0.235158\",\"lng\":\"-78.252464\"},{\"lat\":\"0.235303\",\"lng\":\"-78.252396\"},{\"lat\":\"0.235454\",\"lng\":\"-78.252319\"},{\"lat\":\"0.2356\",\"lng\":\"-78.252258\"},{\"lat\":\"0.235743\",\"lng\":\"-78.252182\"},{\"lat\":\"0.235876\",\"lng\":\"-78.252121\"},{\"lat\":\"0.235995\",\"lng\":\"-78.25206\"},{\"lat\":\"0.236128\",\"lng\":\"-78.251991\"},{\"lat\":\"0.236266\",\"lng\":\"-78.251923\"},{\"lat\":\"0.236365\",\"lng\":\"-78.251869\"},{\"lat\":\"0.236455\",\"lng\":\"-78.251816\"},{\"lat\":\"0.236575\",\"lng\":\"-78.25177\"},{\"lat\":\"0.236702\",\"lng\":\"-78.251709\"},{\"lat\":\"0.236793\",\"lng\":\"-78.251671\"},{\"lat\":\"0.236921\",\"lng\":\"-78.251595\"},{\"lat\":\"0.237041\",\"lng\":\"-78.251526\"},{\"lat\":\"0.237175\",\"lng\":\"-78.251465\"},{\"lat\":\"0.237307\",\"lng\":\"-78.251404\"},{\"lat\":\"0.237448\",\"lng\":\"-78.251335\"},{\"lat\":\"0.237598\",\"lng\":\"-78.251266\"},{\"lat\":\"0.23775\",\"lng\":\"-78.25119\"},{\"lat\":\"0.237894\",\"lng\":\"-78.251114\"},{\"lat\":\"0.238037\",\"lng\":\"-78.251038\"},{\"lat\":\"0.238152\",\"lng\":\"-78.250984\"},{\"lat\":\"0.238245\",\"lng\":\"-78.250954\"},{\"lat\":\"0.238358\",\"lng\":\"-78.250916\"},{\"lat\":\"0.238459\",\"lng\":\"-78.25087\"},{\"lat\":\"0.238565\",\"lng\":\"-78.250824\"},{\"lat\":\"0.238671\",\"lng\":\"-78.250771\"},{\"lat\":\"0.238748\",\"lng\":\"-78.250717\"},{\"lat\":\"0.238836\",\"lng\":\"-78.250671\"},{\"lat\":\"0.238942\",\"lng\":\"-78.250626\"},{\"lat\":\"0.239051\",\"lng\":\"-78.250587\"},{\"lat\":\"0.239138\",\"lng\":\"-78.250534\"},{\"lat\":\"0.23922\",\"lng\":\"-78.250465\"},{\"lat\":\"0.239322\",\"lng\":\"-78.250397\"},{\"lat\":\"0.239406\",\"lng\":\"-78.25032\"},{\"lat\":\"0.239485\",\"lng\":\"-78.250252\"},{\"lat\":\"0.239556\",\"lng\":\"-78.250198\"},{\"lat\":\"0.239624\",\"lng\":\"-78.250122\"},{\"lat\":\"0.239679\",\"lng\":\"-78.250046\"},{\"lat\":\"0.239755\",\"lng\":\"-78.249954\"},{\"lat\":\"0.239825\",\"lng\":\"-78.249847\"},{\"lat\":\"0.239901\",\"lng\":\"-78.249718\"},{\"lat\":\"0.239986\",\"lng\":\"-78.24958\"},{\"lat\":\"0.240066\",\"lng\":\"-78.249451\"},{\"lat\":\"0.240118\",\"lng\":\"-78.249359\"},{\"lat\":\"0.24018\",\"lng\":\"-78.249245\"},{\"lat\":\"0.240236\",\"lng\":\"-78.249146\"},{\"lat\":\"0.240306\",\"lng\":\"-78.249016\"},{\"lat\":\"0.240386\",\"lng\":\"-78.248886\"},{\"lat\":\"0.240469\",\"lng\":\"-78.248741\"},{\"lat\":\"0.240543\",\"lng\":\"-78.248619\"},{\"lat\":\"0.240592\",\"lng\":\"-78.24852\"},{\"lat\":\"0.240635\",\"lng\":\"-78.248428\"},{\"lat\":\"0.240699\",\"lng\":\"-78.248306\"},{\"lat\":\"0.240769\",\"lng\":\"-78.248177\"},{\"lat\":\"0.240844\",\"lng\":\"-78.248024\"},{\"lat\":\"0.240906\",\"lng\":\"-78.247871\"},{\"lat\":\"0.240958\",\"lng\":\"-78.247734\"},{\"lat\":\"0.240996\",\"lng\":\"-78.247574\"},{\"lat\":\"0.241012\",\"lng\":\"-78.247482\"},{\"lat\":\"0.241028\",\"lng\":\"-78.247383\"},{\"lat\":\"0.241042\",\"lng\":\"-78.247276\"},{\"lat\":\"0.241054\",\"lng\":\"-78.247169\"},{\"lat\":\"0.241065\",\"lng\":\"-78.247063\"},{\"lat\":\"0.241077\",\"lng\":\"-78.246956\"},{\"lat\":\"0.241088\",\"lng\":\"-78.246864\"},{\"lat\":\"0.2411\",\"lng\":\"-78.246712\"},{\"lat\":\"0.241103\",\"lng\":\"-78.246552\"},{\"lat\":\"0.241102\",\"lng\":\"-78.246384\"},{\"lat\":\"0.241112\",\"lng\":\"-78.246201\"},{\"lat\":\"0.24114\",\"lng\":\"-78.246033\"},{\"lat\":\"0.241224\",\"lng\":\"-78.245888\"},{\"lat\":\"0.241297\",\"lng\":\"-78.245827\"},{\"lat\":\"0.241457\",\"lng\":\"-78.245766\"},{\"lat\":\"0.241624\",\"lng\":\"-78.245705\"},{\"lat\":\"0.241791\",\"lng\":\"-78.245644\"},{\"lat\":\"0.241879\",\"lng\":\"-78.245613\"},{\"lat\":\"0.241966\",\"lng\":\"-78.245583\"},{\"lat\":\"0.242141\",\"lng\":\"-78.24556\"},{\"lat\":\"0.242318\",\"lng\":\"-78.245544\"},{\"lat\":\"0.242411\",\"lng\":\"-78.245537\"},{\"lat\":\"0.242502\",\"lng\":\"-78.245537\"},{\"lat\":\"0.242662\",\"lng\":\"-78.245544\"},{\"lat\":\"0.242802\",\"lng\":\"-78.245552\"},{\"lat\":\"0.242936\",\"lng\":\"-78.24556\"},{\"lat\":\"0.243048\",\"lng\":\"-78.245575\"},{\"lat\":\"0.243146\",\"lng\":\"-78.245567\"},{\"lat\":\"0.243275\",\"lng\":\"-78.245529\"},{\"lat\":\"0.243344\",\"lng\":\"-78.245438\"},{\"lat\":\"0.243391\",\"lng\":\"-78.245316\"},{\"lat\":\"0.243418\",\"lng\":\"-78.245201\"},{\"lat\":\"0.243436\",\"lng\":\"-78.245102\"},{\"lat\":\"0.243409\",\"lng\":\"-78.244957\"},{\"lat\":\"0.243374\",\"lng\":\"-78.244781\"},{\"lat\":\"0.243348\",\"lng\":\"-78.244621\"},{\"lat\":\"0.243331\",\"lng\":\"-78.244492\"},{\"lat\":\"0.24332\",\"lng\":\"-78.244362\"},{\"lat\":\"0.243306\",\"lng\":\"-78.244217\"},{\"lat\":\"0.243288\",\"lng\":\"-78.244064\"},{\"lat\":\"0.243262\",\"lng\":\"-78.243912\"},{\"lat\":\"0.243231\",\"lng\":\"-78.243752\"},{\"lat\":\"0.24321\",\"lng\":\"-78.2435\"},{\"lat\":\"0.243203\",\"lng\":\"-78.24334\"},{\"lat\":\"0.243198\",\"lng\":\"-78.243172\"},{\"lat\":\"0.243193\",\"lng\":\"-78.243004\"},{\"lat\":\"0.243185\",\"lng\":\"-78.242859\"},{\"lat\":\"0.243178\",\"lng\":\"-78.242722\"},{\"lat\":\"0.24317\",\"lng\":\"-78.242615\"},{\"lat\":\"0.243229\",\"lng\":\"-78.242523\"},{\"lat\":\"0.243319\",\"lng\":\"-78.242493\"},{\"lat\":\"0.243468\",\"lng\":\"-78.24247\"},{\"lat\":\"0.243611\",\"lng\":\"-78.242477\"},{\"lat\":\"0.243703\",\"lng\":\"-78.242477\"},{\"lat\":\"0.243806\",\"lng\":\"-78.242485\"},{\"lat\":\"0.243904\",\"lng\":\"-78.242493\"},{\"lat\":\"0.244009\",\"lng\":\"-78.2425\"},{\"lat\":\"0.244115\",\"lng\":\"-78.242508\"},{\"lat\":\"0.244223\",\"lng\":\"-78.242516\"},{\"lat\":\"0.244333\",\"lng\":\"-78.242523\"},{\"lat\":\"0.244452\",\"lng\":\"-78.242531\"},{\"lat\":\"0.244574\",\"lng\":\"-78.242538\"},{\"lat\":\"0.244698\",\"lng\":\"-78.242546\"},{\"lat\":\"0.244825\",\"lng\":\"-78.242554\"},{\"lat\":\"0.244954\",\"lng\":\"-78.242569\"},{\"lat\":\"0.245071\",\"lng\":\"-78.242577\"},{\"lat\":\"0.245189\",\"lng\":\"-78.242584\"},{\"lat\":\"0.245305\",\"lng\":\"-78.242592\"},{\"lat\":\"0.245424\",\"lng\":\"-78.242599\"},{\"lat\":\"0.245544\",\"lng\":\"-78.242615\"},{\"lat\":\"0.245665\",\"lng\":\"-78.24263\"},{\"lat\":\"0.24579\",\"lng\":\"-78.242638\"},{\"lat\":\"0.24592\",\"lng\":\"-78.242653\"},{\"lat\":\"0.246045\",\"lng\":\"-78.242661\"},{\"lat\":\"0.24617\",\"lng\":\"-78.242676\"},{\"lat\":\"0.246297\",\"lng\":\"-78.242691\"},{\"lat\":\"0.246418\",\"lng\":\"-78.242706\"},{\"lat\":\"0.246534\",\"lng\":\"-78.242722\"},{\"lat\":\"0.246654\",\"lng\":\"-78.242752\"},{\"lat\":\"0.246765\",\"lng\":\"-78.242775\"},{\"lat\":\"0.246873\",\"lng\":\"-78.242805\"},{\"lat\":\"0.246975\",\"lng\":\"-78.242828\"},{\"lat\":\"0.247083\",\"lng\":\"-78.242851\"},{\"lat\":\"0.247182\",\"lng\":\"-78.242859\"},{\"lat\":\"0.247279\",\"lng\":\"-78.242874\"},{\"lat\":\"0.247451\",\"lng\":\"-78.242897\"},{\"lat\":\"0.247622\",\"lng\":\"-78.242912\"},{\"lat\":\"0.247717\",\"lng\":\"-78.24292\"},{\"lat\":\"0.247917\",\"lng\":\"-78.242935\"},{\"lat\":\"0.248021\",\"lng\":\"-78.242943\"},{\"lat\":\"0.24813\",\"lng\":\"-78.24295\"},{\"lat\":\"0.248239\",\"lng\":\"-78.242966\"},{\"lat\":\"0.248342\",\"lng\":\"-78.242973\"},{\"lat\":\"0.248448\",\"lng\":\"-78.242989\"},{\"lat\":\"0.248547\",\"lng\":\"-78.243011\"},{\"lat\":\"0.248642\",\"lng\":\"-78.243019\"},{\"lat\":\"0.248736\",\"lng\":\"-78.243027\"},{\"lat\":\"0.24883\",\"lng\":\"-78.243042\"},{\"lat\":\"0.248921\",\"lng\":\"-78.24305\"},{\"lat\":\"0.249104\",\"lng\":\"-78.243073\"},{\"lat\":\"0.2492\",\"lng\":\"-78.243088\"},{\"lat\":\"0.24929\",\"lng\":\"-78.243111\"},{\"lat\":\"0.249452\",\"lng\":\"-78.243172\"},{\"lat\":\"0.249584\",\"lng\":\"-78.243271\"},{\"lat\":\"0.249773\",\"lng\":\"-78.243439\"},{\"lat\":\"0.249939\",\"lng\":\"-78.243515\"},{\"lat\":\"0.25003\",\"lng\":\"-78.243561\"},{\"lat\":\"0.25013\",\"lng\":\"-78.243591\"},{\"lat\":\"0.250231\",\"lng\":\"-78.243645\"},{\"lat\":\"0.250372\",\"lng\":\"-78.243721\"},{\"lat\":\"0.250513\",\"lng\":\"-78.243759\"},{\"lat\":\"0.250672\",\"lng\":\"-78.24379\"},{\"lat\":\"0.250779\",\"lng\":\"-78.243813\"},{\"lat\":\"0.250875\",\"lng\":\"-78.243835\"},{\"lat\":\"0.250985\",\"lng\":\"-78.243858\"},{\"lat\":\"0.251075\",\"lng\":\"-78.243904\"},{\"lat\":\"0.251171\",\"lng\":\"-78.243919\"},{\"lat\":\"0.251283\",\"lng\":\"-78.243927\"},{\"lat\":\"0.251335\",\"lng\":\"-78.243843\"},{\"lat\":\"0.251375\",\"lng\":\"-78.243721\"},{\"lat\":\"0.251421\",\"lng\":\"-78.243645\"},{\"lat\":\"0.251465\",\"lng\":\"-78.243561\"},{\"lat\":\"0.251504\",\"lng\":\"-78.243454\"},{\"lat\":\"0.251514\",\"lng\":\"-78.243332\"},{\"lat\":\"0.251522\",\"lng\":\"-78.243217\"},{\"lat\":\"0.251534\",\"lng\":\"-78.243095\"},{\"lat\":\"0.251546\",\"lng\":\"-78.242981\"},{\"lat\":\"0.251552\",\"lng\":\"-78.242867\"},{\"lat\":\"0.251563\",\"lng\":\"-78.24276\"},{\"lat\":\"0.251582\",\"lng\":\"-78.242645\"},{\"lat\":\"0.251593\",\"lng\":\"-78.242538\"},{\"lat\":\"0.251604\",\"lng\":\"-78.242447\"},{\"lat\":\"0.251624\",\"lng\":\"-78.242325\"},{\"lat\":\"0.251631\",\"lng\":\"-78.242226\"},{\"lat\":\"0.251636\",\"lng\":\"-78.242096\"},{\"lat\":\"0.251655\",\"lng\":\"-78.241959\"},{\"lat\":\"0.251668\",\"lng\":\"-78.241814\"},{\"lat\":\"0.251679\",\"lng\":\"-78.241669\"},{\"lat\":\"0.251688\",\"lng\":\"-78.241539\"},{\"lat\":\"0.251699\",\"lng\":\"-78.241432\"},{\"lat\":\"0.251705\",\"lng\":\"-78.241325\"},{\"lat\":\"0.251709\",\"lng\":\"-78.241219\"},{\"lat\":\"0.251718\",\"lng\":\"-78.241112\"},{\"lat\":\"0.251724\",\"lng\":\"-78.24099\"},{\"lat\":\"0.251734\",\"lng\":\"-78.240898\"},{\"lat\":\"0.251748\",\"lng\":\"-78.240784\"},{\"lat\":\"0.251758\",\"lng\":\"-78.240669\"},{\"lat\":\"0.251782\",\"lng\":\"-78.240547\"},{\"lat\":\"0.251795\",\"lng\":\"-78.240448\"},{\"lat\":\"0.251814\",\"lng\":\"-78.240349\"},{\"lat\":\"0.25183\",\"lng\":\"-78.24025\"},{\"lat\":\"0.251859\",\"lng\":\"-78.24012\"},{\"lat\":\"0.251881\",\"lng\":\"-78.240028\"},{\"lat\":\"0.251916\",\"lng\":\"-78.239906\"},{\"lat\":\"0.251947\",\"lng\":\"-78.239792\"},{\"lat\":\"0.251952\",\"lng\":\"-78.23967\"},{\"lat\":\"0.251956\",\"lng\":\"-78.239578\"},{\"lat\":\"0.251968\",\"lng\":\"-78.239441\"},{\"lat\":\"0.251981\",\"lng\":\"-78.239342\"},{\"lat\":\"0.251991\",\"lng\":\"-78.23925\"},{\"lat\":\"0.251936\",\"lng\":\"-78.239174\"},{\"lat\":\"0.251914\",\"lng\":\"-78.239052\"},{\"lat\":\"0.251917\",\"lng\":\"-78.23896\"},{\"lat\":\"0.251928\",\"lng\":\"-78.238861\"},{\"lat\":\"0.251939\",\"lng\":\"-78.23877\"},{\"lat\":\"0.251943\",\"lng\":\"-78.238663\"},{\"lat\":\"0.251938\",\"lng\":\"-78.238541\"},{\"lat\":\"0.251926\",\"lng\":\"-78.238449\"},{\"lat\":\"0.251925\",\"lng\":\"-78.238358\"},{\"lat\":\"0.251933\",\"lng\":\"-78.238266\"},{\"lat\":\"0.251942\",\"lng\":\"-78.238144\"},{\"lat\":\"0.251938\",\"lng\":\"-78.238037\"},{\"lat\":\"0.251917\",\"lng\":\"-78.237915\"},{\"lat\":\"0.25191\",\"lng\":\"-78.237778\"},{\"lat\":\"0.251915\",\"lng\":\"-78.237671\"},{\"lat\":\"0.251922\",\"lng\":\"-78.237541\"},{\"lat\":\"0.251937\",\"lng\":\"-78.237404\"},{\"lat\":\"0.251961\",\"lng\":\"-78.237267\"},{\"lat\":\"0.251988\",\"lng\":\"-78.237114\"},{\"lat\":\"0.252006\",\"lng\":\"-78.236954\"},{\"lat\":\"0.25201\",\"lng\":\"-78.236794\"},{\"lat\":\"0.252006\",\"lng\":\"-78.236671\"},{\"lat\":\"0.251997\",\"lng\":\"-78.236557\"},{\"lat\":\"0.251988\",\"lng\":\"-78.236443\"},{\"lat\":\"0.251983\",\"lng\":\"-78.236336\"},{\"lat\":\"0.251979\",\"lng\":\"-78.236229\"},{\"lat\":\"0.251979\",\"lng\":\"-78.236099\"},{\"lat\":\"0.251988\",\"lng\":\"-78.235954\"},{\"lat\":\"0.251991\",\"lng\":\"-78.235786\"},{\"lat\":\"0.251981\",\"lng\":\"-78.235611\"},{\"lat\":\"0.251978\",\"lng\":\"-78.235481\"},{\"lat\":\"0.251977\",\"lng\":\"-78.235359\"},{\"lat\":\"0.25198\",\"lng\":\"-78.235214\"},{\"lat\":\"0.251993\",\"lng\":\"-78.235062\"},{\"lat\":\"0.252055\",\"lng\":\"-78.234947\"},{\"lat\":\"0.25213\",\"lng\":\"-78.23484\"},{\"lat\":\"0.252209\",\"lng\":\"-78.234772\"},{\"lat\":\"0.252299\",\"lng\":\"-78.234688\"},{\"lat\":\"0.252374\",\"lng\":\"-78.234596\"},{\"lat\":\"0.25239\",\"lng\":\"-78.234489\"},{\"lat\":\"0.252379\",\"lng\":\"-78.234375\"},{\"lat\":\"0.252427\",\"lng\":\"-78.234291\"},{\"lat\":\"0.25244\",\"lng\":\"-78.234154\"},{\"lat\":\"0.252431\",\"lng\":\"-78.234016\"},{\"lat\":\"0.252421\",\"lng\":\"-78.23391\"},{\"lat\":\"0.252416\",\"lng\":\"-78.233803\"},{\"lat\":\"0.252401\",\"lng\":\"-78.233681\"},{\"lat\":\"0.252402\",\"lng\":\"-78.233574\"},{\"lat\":\"0.252395\",\"lng\":\"-78.233459\"},{\"lat\":\"0.252387\",\"lng\":\"-78.233353\"},{\"lat\":\"0.252382\",\"lng\":\"-78.233231\"},{\"lat\":\"0.25238\",\"lng\":\"-78.233109\"},{\"lat\":\"0.252379\",\"lng\":\"-78.232994\"},{\"lat\":\"0.252381\",\"lng\":\"-78.232887\"},{\"lat\":\"0.252377\",\"lng\":\"-78.23278\"},{\"lat\":\"0.252372\",\"lng\":\"-78.232666\"},{\"lat\":\"0.252367\",\"lng\":\"-78.232552\"},{\"lat\":\"0.25236\",\"lng\":\"-78.232437\"},{\"lat\":\"0.252349\",\"lng\":\"-78.232246\"},{\"lat\":\"0.25234\",\"lng\":\"-78.232124\"},{\"lat\":\"0.252339\",\"lng\":\"-78.232018\"},{\"lat\":\"0.252343\",\"lng\":\"-78.231888\"},{\"lat\":\"0.252328\",\"lng\":\"-78.231796\"},{\"lat\":\"0.252201\",\"lng\":\"-78.231743\"},{\"lat\":\"0.252085\",\"lng\":\"-78.231735\"},{\"lat\":\"0.252006\",\"lng\":\"-78.231667\"},{\"lat\":\"0.251982\",\"lng\":\"-78.23156\"},{\"lat\":\"0.252005\",\"lng\":\"-78.231468\"},{\"lat\":\"0.252011\",\"lng\":\"-78.231369\"},{\"lat\":\"0.25201\",\"lng\":\"-78.231262\"},{\"lat\":\"0.252003\",\"lng\":\"-78.231133\"},{\"lat\":\"0.251997\",\"lng\":\"-78.231003\"},{\"lat\":\"0.251993\",\"lng\":\"-78.230873\"},{\"lat\":\"0.251987\",\"lng\":\"-78.230743\"},{\"lat\":\"0.251989\",\"lng\":\"-78.230606\"},{\"lat\":\"0.251996\",\"lng\":\"-78.230476\"},{\"lat\":\"0.252003\",\"lng\":\"-78.230347\"},{\"lat\":\"0.252012\",\"lng\":\"-78.230232\"},{\"lat\":\"0.252026\",\"lng\":\"-78.23011\"},{\"lat\":\"0.252041\",\"lng\":\"-78.229996\"},{\"lat\":\"0.252048\",\"lng\":\"-78.229866\"},{\"lat\":\"0.252057\",\"lng\":\"-78.229736\"},{\"lat\":\"0.25207\",\"lng\":\"-78.229614\"},{\"lat\":\"0.252072\",\"lng\":\"-78.2295\"},{\"lat\":\"0.25207\",\"lng\":\"-78.22937\"},{\"lat\":\"0.252067\",\"lng\":\"-78.229256\"},{\"lat\":\"0.252089\",\"lng\":\"-78.229156\"},{\"lat\":\"0.252204\",\"lng\":\"-78.229118\"},{\"lat\":\"0.2523\",\"lng\":\"-78.229111\"},{\"lat\":\"0.252392\",\"lng\":\"-78.229065\"},{\"lat\":\"0.252422\",\"lng\":\"-78.228958\"},{\"lat\":\"0.252432\",\"lng\":\"-78.228851\"},{\"lat\":\"0.252439\",\"lng\":\"-78.228737\"},{\"lat\":\"0.252443\",\"lng\":\"-78.22863\"},{\"lat\":\"0.252389\",\"lng\":\"-78.228523\"},{\"lat\":\"0.252333\",\"lng\":\"-78.228447\"},{\"lat\":\"0.252303\",\"lng\":\"-78.228325\"},{\"lat\":\"0.252313\",\"lng\":\"-78.228203\"},{\"lat\":\"0.25232\",\"lng\":\"-78.228081\"},{\"lat\":\"0.252332\",\"lng\":\"-78.227966\"},{\"lat\":\"0.252334\",\"lng\":\"-78.227844\"},{\"lat\":\"0.252333\",\"lng\":\"-78.227745\"},{\"lat\":\"0.252329\",\"lng\":\"-78.227646\"},{\"lat\":\"0.252328\",\"lng\":\"-78.227531\"},{\"lat\":\"0.252319\",\"lng\":\"-78.227425\"},{\"lat\":\"0.252312\",\"lng\":\"-78.22731\"},{\"lat\":\"0.252309\",\"lng\":\"-78.227196\"},{\"lat\":\"0.252305\",\"lng\":\"-78.227097\"},{\"lat\":\"0.252301\",\"lng\":\"-78.226997\"},{\"lat\":\"0.2523\",\"lng\":\"-78.226868\"},{\"lat\":\"0.252299\",\"lng\":\"-78.226776\"},{\"lat\":\"0.252293\",\"lng\":\"-78.226677\"},{\"lat\":\"0.252297\",\"lng\":\"-78.226547\"},{\"lat\":\"0.252303\",\"lng\":\"-78.22644\"},{\"lat\":\"0.25231\",\"lng\":\"-78.226341\"},{\"lat\":\"0.252313\",\"lng\":\"-78.226242\"},{\"lat\":\"0.252314\",\"lng\":\"-78.226135\"},{\"lat\":\"0.252317\",\"lng\":\"-78.226028\"},{\"lat\":\"0.252324\",\"lng\":\"-78.225929\"},{\"lat\":\"0.252329\",\"lng\":\"-78.225822\"},{\"lat\":\"0.252328\",\"lng\":\"-78.225708\"},{\"lat\":\"0.252325\",\"lng\":\"-78.225609\"},{\"lat\":\"0.252326\",\"lng\":\"-78.225502\"},{\"lat\":\"0.25233\",\"lng\":\"-78.225403\"},{\"lat\":\"0.252334\",\"lng\":\"-78.225304\"},{\"lat\":\"0.252337\",\"lng\":\"-78.225204\"},{\"lat\":\"0.252334\",\"lng\":\"-78.22509\"},{\"lat\":\"0.252332\",\"lng\":\"-78.224983\"},{\"lat\":\"0.252331\",\"lng\":\"-78.224876\"},{\"lat\":\"0.252329\",\"lng\":\"-78.224777\"},{\"lat\":\"0.25233\",\"lng\":\"-78.224678\"},{\"lat\":\"0.252331\",\"lng\":\"-78.224571\"},{\"lat\":\"0.252333\",\"lng\":\"-78.224472\"},{\"lat\":\"0.252338\",\"lng\":\"-78.224365\"},{\"lat\":\"0.252339\",\"lng\":\"-78.224258\"},{\"lat\":\"0.252341\",\"lng\":\"-78.224152\"},{\"lat\":\"0.252343\",\"lng\":\"-78.224052\"},{\"lat\":\"0.252346\",\"lng\":\"-78.223946\"},{\"lat\":\"0.25234\",\"lng\":\"-78.223846\"},{\"lat\":\"0.25234\",\"lng\":\"-78.22374\"},{\"lat\":\"0.252345\",\"lng\":\"-78.22364\"},{\"lat\":\"0.252352\",\"lng\":\"-78.223541\"},{\"lat\":\"0.252362\",\"lng\":\"-78.223434\"},{\"lat\":\"0.252369\",\"lng\":\"-78.22332\"},{\"lat\":\"0.252374\",\"lng\":\"-78.223213\"},{\"lat\":\"0.25236\",\"lng\":\"-78.223099\"},{\"lat\":\"0.252342\",\"lng\":\"-78.223007\"},{\"lat\":\"0.252315\",\"lng\":\"-78.222893\"},{\"lat\":\"0.252275\",\"lng\":\"-78.222794\"},{\"lat\":\"0.252249\",\"lng\":\"-78.222694\"},{\"lat\":\"0.252237\",\"lng\":\"-78.222603\"},{\"lat\":\"0.252238\",\"lng\":\"-78.222511\"},{\"lat\":\"0.25223\",\"lng\":\"-78.22242\"},{\"lat\":\"0.252216\",\"lng\":\"-78.222321\"},{\"lat\":\"0.252217\",\"lng\":\"-78.222221\"},{\"lat\":\"0.252221\",\"lng\":\"-78.22213\"},{\"lat\":\"0.252237\",\"lng\":\"-78.222031\"},{\"lat\":\"0.252256\",\"lng\":\"-78.221939\"},{\"lat\":\"0.252217\",\"lng\":\"-78.22184\"},{\"lat\":\"0.252235\",\"lng\":\"-78.221748\"},{\"lat\":\"0.252254\",\"lng\":\"-78.221642\"},{\"lat\":\"0.252277\",\"lng\":\"-78.22155\"},{\"lat\":\"0.252295\",\"lng\":\"-78.221451\"},{\"lat\":\"0.252318\",\"lng\":\"-78.221344\"},{\"lat\":\"0.25232\",\"lng\":\"-78.221245\"},{\"lat\":\"0.252294\",\"lng\":\"-78.221115\"},{\"lat\":\"0.25228\",\"lng\":\"-78.221001\"},{\"lat\":\"0.252279\",\"lng\":\"-78.220894\"},{\"lat\":\"0.252275\",\"lng\":\"-78.220795\"},{\"lat\":\"0.252268\",\"lng\":\"-78.220703\"},{\"lat\":\"0.252249\",\"lng\":\"-78.220604\"},{\"lat\":\"0.252224\",\"lng\":\"-78.220497\"},{\"lat\":\"0.252184\",\"lng\":\"-78.220398\"},{\"lat\":\"0.252156\",\"lng\":\"-78.220314\"},{\"lat\":\"0.252156\",\"lng\":\"-78.220192\"},{\"lat\":\"0.252166\",\"lng\":\"-78.2201\"},{\"lat\":\"0.252181\",\"lng\":\"-78.219994\"},{\"lat\":\"0.252189\",\"lng\":\"-78.219887\"},{\"lat\":\"0.252201\",\"lng\":\"-78.219795\"},{\"lat\":\"0.252204\",\"lng\":\"-78.219681\"},{\"lat\":\"0.252211\",\"lng\":\"-78.219582\"},{\"lat\":\"0.252198\",\"lng\":\"-78.21949\"},{\"lat\":\"0.252191\",\"lng\":\"-78.219398\"},{\"lat\":\"0.252178\",\"lng\":\"-78.219276\"},{\"lat\":\"0.252169\",\"lng\":\"-78.219154\"},{\"lat\":\"0.252178\",\"lng\":\"-78.219048\"},{\"lat\":\"0.252185\",\"lng\":\"-78.218941\"},{\"lat\":\"0.252189\",\"lng\":\"-78.218834\"},{\"lat\":\"0.252204\",\"lng\":\"-78.218727\"},{\"lat\":\"0.252218\",\"lng\":\"-78.218613\"},{\"lat\":\"0.25223\",\"lng\":\"-78.218506\"},{\"lat\":\"0.252217\",\"lng\":\"-78.218407\"},{\"lat\":\"0.252216\",\"lng\":\"-78.2183\"},{\"lat\":\"0.252215\",\"lng\":\"-78.218185\"},{\"lat\":\"0.252225\",\"lng\":\"-78.218079\"},{\"lat\":\"0.252234\",\"lng\":\"-78.217964\"},{\"lat\":\"0.252245\",\"lng\":\"-78.217842\"},{\"lat\":\"0.252264\",\"lng\":\"-78.217728\"},{\"lat\":\"0.252277\",\"lng\":\"-78.217621\"},{\"lat\":\"0.252296\",\"lng\":\"-78.217529\"},{\"lat\":\"0.252289\",\"lng\":\"-78.217422\"},{\"lat\":\"0.25229\",\"lng\":\"-78.217323\"},{\"lat\":\"0.252298\",\"lng\":\"-78.217232\"},{\"lat\":\"0.252398\",\"lng\":\"-78.217209\"},{\"lat\":\"0.252503\",\"lng\":\"-78.217232\"},{\"lat\":\"0.252604\",\"lng\":\"-78.217224\"},{\"lat\":\"0.252697\",\"lng\":\"-78.217232\"},{\"lat\":\"0.252597\",\"lng\":\"-78.217247\"},{\"lat\":\"0.252687\",\"lng\":\"-78.217216\"},{\"lat\":\"0.25278\",\"lng\":\"-78.217209\"},{\"lat\":\"0.252859\",\"lng\":\"-78.217255\"},{\"lat\":\"0.252928\",\"lng\":\"-78.217194\"},{\"lat\":\"0.25302\",\"lng\":\"-78.217201\"},{\"lat\":\"0.253117\",\"lng\":\"-78.217209\"},{\"lat\":\"0.253216\",\"lng\":\"-78.217216\"},{\"lat\":\"0.253307\",\"lng\":\"-78.217209\"},{\"lat\":\"0.253406\",\"lng\":\"-78.217209\"},{\"lat\":\"0.253489\",\"lng\":\"-78.217247\"},{\"lat\":\"0.253521\",\"lng\":\"-78.217339\"}]}'),
(10, 0, 'Parqueadero inicio ', 'Velocidad: 0.2 mph\nElevación: 8995 ft\nTiempo desde inicio: 00:00:00\nDistancia desde inicio: 70 ft', '{\"position\":{\"lat\":0.17024167,\"lng\":-78.165825}}'),
(11, 0, 'Planicie ruta del lobo ', 'Velocidad: 0 mph\nElevación: 9690 ft\nTiempo desde inicio: 00:32:39\nDistancia desde inicio: 2037 ft', '{\"position\":{\"lat\":0.16880333,\"lng\":-78.16169333}}'),
(12, 0, 'Diviiosion caminos ', 'Velocidad: 0 mph\nElevación: 9690 ft\nTiempo desde inicio: 00:32:39\nDistancia desde inicio: 2037 ft', '{\"position\":{\"lat\":0.16880333,\"lng\":-78.16169333}}'),
(13, 0, 'Punto final ', 'Velocidad: 0 mph\nElevación: 9699 ft\nTiempo desde inicio: 00:38:15\nDistancia desde inicio: 2312 ft', '{\"position\":{\"lat\":0.16864,\"lng\":-78.16148}}'),
(14, 4, 'POLILINE', '', '{\"strokeColor\":\"#0F7D4D\",\"strokeOpacity\":1,\"strokeWeight\":4,\"path\":[{\"lat\":\"0.17035167\",\"lng\":\"-78.16566667\"},{\"lat\":\"0.17024167\",\"lng\":\"-78.165825\"},{\"lat\":\"0.170345\",\"lng\":\"-78.16585\"},{\"lat\":\"0.17035167\",\"lng\":\"-78.165855\"},{\"lat\":\"0.17026333\",\"lng\":\"-78.165815\"},{\"lat\":\"0.17017167\",\"lng\":\"-78.16580167\"},{\"lat\":\"0.17008167\",\"lng\":\"-78.16577167\"},{\"lat\":\"0.16998833\",\"lng\":\"-78.165755\"},{\"lat\":\"0.16989667\",\"lng\":\"-78.16573\"},{\"lat\":\"0.169805\",\"lng\":\"-78.16569\"},{\"lat\":\"0.169715\",\"lng\":\"-78.16567167\"},{\"lat\":\"0.16963\",\"lng\":\"-78.16564\"},{\"lat\":\"0.16954\",\"lng\":\"-78.165625\"},{\"lat\":\"0.169445\",\"lng\":\"-78.16560667\"},{\"lat\":\"0.16936833\",\"lng\":\"-78.16554833\"},{\"lat\":\"0.16931833\",\"lng\":\"-78.16544833\"},{\"lat\":\"0.16931333\",\"lng\":\"-78.16535333\"},{\"lat\":\"0.16927333\",\"lng\":\"-78.16527167\"},{\"lat\":\"0.16926\",\"lng\":\"-78.16518167\"},{\"lat\":\"0.16923\",\"lng\":\"-78.16509167\"},{\"lat\":\"0.16922833\",\"lng\":\"-78.165\"},{\"lat\":\"0.169225\",\"lng\":\"-78.164905\"},{\"lat\":\"0.16921\",\"lng\":\"-78.16481\"},{\"lat\":\"0.1692\",\"lng\":\"-78.16471833\"},{\"lat\":\"0.16917667\",\"lng\":\"-78.16462833\"},{\"lat\":\"0.16917333\",\"lng\":\"-78.16453667\"},{\"lat\":\"0.16916667\",\"lng\":\"-78.16444\"},{\"lat\":\"0.16913167\",\"lng\":\"-78.16435333\"},{\"lat\":\"0.16918667\",\"lng\":\"-78.16428167\"},{\"lat\":\"0.16916333\",\"lng\":\"-78.16419\"},{\"lat\":\"0.16914\",\"lng\":\"-78.1641\"},{\"lat\":\"0.16914167\",\"lng\":\"-78.16400667\"},{\"lat\":\"0.16918\",\"lng\":\"-78.16392167\"},{\"lat\":\"0.16922\",\"lng\":\"-78.16383833\"},{\"lat\":\"0.16926167\",\"lng\":\"-78.163755\"},{\"lat\":\"0.16927667\",\"lng\":\"-78.16366167\"},{\"lat\":\"0.16926667\",\"lng\":\"-78.16356333\"},{\"lat\":\"0.16926\",\"lng\":\"-78.16346167\"},{\"lat\":\"0.16928667\",\"lng\":\"-78.16337333\"},{\"lat\":\"0.16929833\",\"lng\":\"-78.16326167\"},{\"lat\":\"0.16920333\",\"lng\":\"-78.16316167\"},{\"lat\":\"0.169145\",\"lng\":\"-78.16308\"},{\"lat\":\"0.16912833\",\"lng\":\"-78.16299167\"},{\"lat\":\"0.16911\",\"lng\":\"-78.16289667\"},{\"lat\":\"0.169015\",\"lng\":\"-78.16284167\"},{\"lat\":\"0.16900667\",\"lng\":\"-78.16286167\"},{\"lat\":\"0.16901833\",\"lng\":\"-78.16285\"},{\"lat\":\"0.16898167\",\"lng\":\"-78.162765\"},{\"lat\":\"0.16893667\",\"lng\":\"-78.162685\"},{\"lat\":\"0.16898\",\"lng\":\"-78.16256\"},{\"lat\":\"0.16892667\",\"lng\":\"-78.16248667\"},{\"lat\":\"0.16893333\",\"lng\":\"-78.16239\"},{\"lat\":\"0.16885833\",\"lng\":\"-78.16233333\"},{\"lat\":\"0.16883667\",\"lng\":\"-78.16228\"},{\"lat\":\"0.16884333\",\"lng\":\"-78.16215833\"},{\"lat\":\"0.168875\",\"lng\":\"-78.16203833\"},{\"lat\":\"0.168895\",\"lng\":\"-78.161945\"},{\"lat\":\"0.16888833\",\"lng\":\"-78.161855\"},{\"lat\":\"0.16887667\",\"lng\":\"-78.161755\"},{\"lat\":\"0.16880333\",\"lng\":\"-78.16169333\"},{\"lat\":\"0.16871833\",\"lng\":\"-78.16165667\"},{\"lat\":\"0.16863167\",\"lng\":\"-78.16169\"},{\"lat\":\"0.16853333\",\"lng\":\"-78.16174\"},{\"lat\":\"0.168625\",\"lng\":\"-78.16173167\"},{\"lat\":\"0.16871667\",\"lng\":\"-78.16171333\"},{\"lat\":\"0.16873333\",\"lng\":\"-78.16162333\"},{\"lat\":\"0.168715\",\"lng\":\"-78.161535\"},{\"lat\":\"0.16864\",\"lng\":\"-78.16148\"},{\"lat\":\"0.16860167\",\"lng\":\"-78.16151\"},{\"lat\":\"0.168655\",\"lng\":\"-78.16158333\"},{\"lat\":\"0.168715\",\"lng\":\"-78.16166667\"},{\"lat\":\"0.16875333\",\"lng\":\"-78.16169667\"},{\"lat\":\"0.16866333\",\"lng\":\"-78.16170667\"},{\"lat\":\"0.16863833\",\"lng\":\"-78.161695\"},{\"lat\":\"0.168555\",\"lng\":\"-78.16165833\"},{\"lat\":\"0.16847667\",\"lng\":\"-78.161605\"},{\"lat\":\"0.168475\",\"lng\":\"-78.16171\"},{\"lat\":\"0.16852\",\"lng\":\"-78.16162167\"},{\"lat\":\"0.16842833\",\"lng\":\"-78.16164\"}]}'),
(15, 0, 'Arbol Milenario', 'Un arbol que se quedo en el tiempo totalmente hermoso ,rodeado de toda la vida.', '{\"position\":{\"lat\":0.16792249269924656,\"lng\":-78.16151834256986}}'),
(16, 4, 'Chaqui ', 'Bajada para llegar al arbol milenario se pasa por una ruta de bamboos', '{\"strokeColor\":\"#B05520\",\"strokeOpacity\":1,\"strokeWeight\":3,\"path\":[{\"lat\":\"0.1684156029583935\",\"lng\":\"-78.16164109255836\"},{\"lat\":\"0.16824662451972325\",\"lng\":\"-78.16171887661979\"},{\"lat\":\"0.16815274760871335\",\"lng\":\"-78.16169473673865\"},{\"lat\":\"0.16810178585684452\",\"lng\":\"-78.16166255023047\"},{\"lat\":\"0.16804545970987472\",\"lng\":\"-78.1616303637223\"},{\"lat\":\"0.16801059114262176\",\"lng\":\"-78.16159013058707\"},{\"lat\":\"0.16791939642796647\",\"lng\":\"-78.16152039315268\"}]}');

--
-- Dumping data for table `routes_map`
--

INSERT INTO `routes_map` (`id`, `type`, `name`, `description`, `status`, `created_at`, `updated_at`, `deleted_at`, `options_map`, `src`) VALUES
(1, 1, 'Cómo llegar a Wuantun Rumi - Otavalo', 'Es una formación rocosa de origen volcánico de 15m de alto, a 7 km de la ciudad de Otavalo. Ideal para caminatas, senderismo, picnic, fotografía y camping.', 'ACTIVE', '2024-02-29 21:32:58', '2024-02-29 21:32:58', NULL, '{\"zoom\":14,\"tilt\":0,\"mapTypeId\":\"roadmap\",\"center\":{\"lat\":0.24134950546998465,\"lng\":-78.24003599999999}}', '/uploads/business/information/1709260378_01.jpg'),
(2, 1, 'La Cueva del Lobo', 'En un tranquilo recorrido de una hora y media yace una ruta hacia la morada del lobo, un santuario natural donde se entrelazan plantas y árboles autóctonos. A lo largo del sendero, se despliega un paisaje donde el bambú se alza majestuoso, saludando a los visitantes con su verdor exuberante. Al final del trayecto, emerge un escenario mágico: un inmenso árbol, como guardián centenario, reposa sobre una gigantesca piedra, como si de un trono se tratase. Su imponente presencia invita a la reflexión y al descanso, dejando una huella indeleble en el alma de quienes se aventuran a conocer el misterioso hogar del lobo.', 'ACTIVE', '2024-03-01 12:03:35', '2024-03-01 12:05:01', NULL, '{\"zoom\":17,\"tilt\":0,\"mapTypeId\":\"roadmap\",\"center\":{\"lat\":0.16908135756043238,\"lng\":-78.16334270402729}}', '/uploads/business/information/1709312615_01.jpeg');

--
-- Dumping data for table `routes_map_by_routes_drawing`
--

INSERT INTO `routes_map_by_routes_drawing` (`id`, `routes_map_id`, `routes_drawing_id`) VALUES
(1, 1, 1),
(2, 1, 2),
(3, 1, 3),
(4, 1, 4),
(5, 1, 5),
(6, 1, 6),
(7, 1, 7),
(8, 1, 8),
(9, 1, 9),
(10, 2, 10),
(11, 2, 11),
(12, 2, 12),
(13, 2, 13),
(14, 2, 14),
(15, 2, 15),
(16, 2, 16);

--
-- Dumping data for table `route_map_by_adventure_types`
--

INSERT INTO `route_map_by_adventure_types` (`id`, `business_by_routes_map_id`, `adventure_type`) VALUES
(1, 1, 10),
(2, 1, 6),
(3, 1, 8),
(4, 2, 6),
(5, 2, 10),
(6, 2, 5);

--
-- Dumping data for table `ruc_type`
--

INSERT INTO `ruc_type` (`id`, `name`, `description`) VALUES
(1, 'Persona Natural', 'Persona Natural'),
(2, 'Sociedad Privada', 'Sociedad Privada'),
(3, 'Sociedad Publica', 'Sociedad Publica'),
(4, 'Ninguno', 'Ningunos');

--
-- Dumping data for table `schedule_days_category`
--

INSERT INTO `schedule_days_category` (`id`, `name`, `weight_day`, `description`) VALUES
(1, 'Lunes', 0, NULL),
(2, 'Martes', 1, NULL),
(3, 'Miercoles', 2, NULL),
(4, 'Jueves', 3, NULL),
(5, 'Viernes', 4, NULL),
(6, 'Sabado', 5, NULL),
(7, 'Domingo', 6, NULL);

--
-- Dumping data for table `shipping_rate_business`
--

INSERT INTO `shipping_rate_business` (`id`, `title`, `description`, `state`, `created_at`, `updated_at`, `deleted_at`) VALUES
(1, 'Servientrega', NULL, 'ACTIVE', NULL, NULL, NULL),
(2, 'DHL', NULL, 'ACTIVE', NULL, NULL, NULL);

--
-- Dumping data for table `shipping_rate_kinds_of_way`
--

INSERT INTO `shipping_rate_kinds_of_way` (`id`, `value`, `description`, `state`) VALUES
(1, 'Aereo', 'hola', 'ACTIVE'),
(2, 'Terrestre', NULL, 'ACTIVE'),
(3, 'Maritimo', NULL, 'ACTIVE');

--
-- Dumping data for table `shipping_rate_services`
--

INSERT INTO `shipping_rate_services` (`id`, `value`, `description`, `state`, `shipping_rate_business_id`) VALUES
(3, 'Servicio Express', 'adad', 'ACTIVE', 1);

--
-- Dumping data for table `tax`
--

INSERT INTO `tax` (`id`, `value`, `percentage`, `state`) VALUES
(1, '12', 12, 'ACTIVE'),
(2, '0', 0, 'ACTIVE'),
(3, '13', 13, 'ACTIVE'),
(4, '15', 15, 'ACTIVE');

--
-- Dumping data for table `tax_by_business`
--

INSERT INTO `tax_by_business` (`id`, `tax_id`, `state`, `business_id`) VALUES
(1, 4, 'ACTIVE', 1);

--
-- Dumping data for table `tax_support`
--

INSERT INTO `tax_support` (`id`, `value`, `description`, `status`, `code`) VALUES
(1, ' Crédito Tributario para declaración de IVA (servicios y bienes distintos de inventarios y activos fijos)', ' Crédito Tributario para declaración de IVA (servicios y bienes distintos de inventarios y activos fijos)', 'ACTIVE', '01'),
(2, ' Costo o Gasto para declaración de IR (servicios y bienes distintos de inventarios y activos fijos)', ' Costo o Gasto para declaración de IR (servicios y bienes distintos de inventarios y activos fijos)', 'ACTIVE', '02'),
(3, ' Activo Fijo - Crédito Tributario para declaración de IVA', ' Activo Fijo - Crédito Tributario para declaración de IVA', 'ACTIVE', '03'),
(4, ' Activo Fijo - Costo o Gasto para declaración de IR', ' Activo Fijo - Costo o Gasto para declaración de IR', 'ACTIVE', '04'),
(5, ' Liquidación Gastos de Viaje, hospedaje y alimentación Gastos IR (a nombre de empleados y no de la empresa)', ' Liquidación Gastos de Viaje, hospedaje y alimentación Gastos IR (a nombre de empleados y no de la empresa)', 'ACTIVE', '05'),
(6, ' Inventario - Crédito Tributario para declaración de IVA', ' Inventario - Crédito Tributario para declaración de IVA', 'ACTIVE', '06'),
(7, ' Inventario - Costo o Gasto para declaración de IR', ' Inventario - Costo o Gasto para declaración de IR', 'ACTIVE', '07'),
(8, ' Valor pagado para solicitar Reembolso de Gasto (intermediario)', ' Valor pagado para solicitar Reembolso de Gasto (intermediario)', 'ACTIVE', '08'),
(9, ' Reembolso por Siniestros', ' Reembolso por Siniestros', 'ACTIVE', '09'),
(10, 'Distribución de Dividendos, Beneficios o Utilidades', 'Distribución de Dividendos, Beneficios o Utilidades', 'ACTIVE', '10'),
(11, 'Convenios de débito o recaudación para IFI´s', 'Convenios de débito o recaudación para IFI´s', 'ACTIVE', '11'),
(12, ' Impuestos y retenciones presuntivos', ' Impuestos y retenciones presuntivos', 'ACTIVE', '12'),
(13, 'Valores reconocidos por entidades del sector público a favor de sujetos pasivos', 'Valores reconocidos por entidades del sector público a favor de sujetos pasivos', 'ACTIVE', '13'),
(14, 'Valores facturados por socios a operadoras de transporte (que no constituyen gasto de dicha operadora)', 'Valores facturados por socios a operadoras de transporte (que no constituyen gasto de dicha operadora)', 'ACTIVE', '14'),
(15, 'Casos especiales cuyo sustento no aplica en las opciones anteriores', 'Casos especiales cuyo sustento no aplica en las opciones anteriores', 'ACTIVE', '00');

--
-- Dumping data for table `template_information`
--

INSERT INTO `template_information` (`id`, `value`, `description`, `status`, `business_id`) VALUES
(1, 'CMS-TURISMO', NULL, 'ACTIVE', 1);

--
-- Dumping data for table `template_payments`
--

INSERT INTO `template_payments` (`id`, `type_payment`, `status`, `template_information_id`, `type_manager`, `user`, `password`, `test_id`, `test_secret`, `live_id`, `live_secret`, `msj_to_customer`, `manager_type_modal`, `priority`) VALUES
(1, 2, 'INACTIVE', 1, 1, 'Banco del Pichincha', '2201497611', 'Test Bank', 'Test Secrete Bank', 'Live  Bank', 'Live  Secret Bank', '<p><span style=\"font-size: 14.4px;\">Subir la imagen del deposito realizado previamente.</span><br></p>', 1, 0),
(2, 3, 'INACTIVE', 1, 0, 'paymentez-user', 'paymentez-password', 'cVLhzwjd8Qz0wbQrd--rj4V6gADp9_N4r671kpIRePsJrHKJ1-G-QVS53r25AeaUECMxNGN6c36d5JHbaFEpMMNIJgalygASYdIrCMZTBashL-nv6upxUqS-mJML6f1RDLTVj6W50UOEl3xC-0Yxv7o6gT-gMh0wlT5FKV1LkRSO8XM84RUoAC18gdy5HfLfotakX7w9ViiZ3b4fUQw0D01R-MxcQUeO80V1dS73DFSU7Ud2-8LPrWgGYoZdUuFRUKi_2tPPGeFvLE0PmcYyTjdWJYlPIDDPpCL8KT0aY9vdLfcxPDssADzbtBHpvLfQA6kvI-7XMwjiQ9_BORIqsztrqeU', 'cVLhzwjd8Qz0wbQrd--rj4V6gADp9_N4r671kpIRePsJrHKJ1-G-QVS53r25AeaUECMxNGN6c36d5JHbaFEpMMNIJgalygASYdIrCMZTBashL-nv6upxUqS-mJML6f1RDLTVj6W50UOEl3xC-0Yxv7o6gT-gMh0wlT5FKV1LkRSO8XM84RUoAC18gdy5HfLfotakX7w9ViiZ3b4fUQw0D01R-MxcQUeO80V1dS73DFSU7Ud2-8LPrWgGYoZdUuFRUKi_2tPPGeFvLE0PmcYyTjdWJYlPIDDPpCL8KT0aY9vdLfcxPDssADzbtBHpvLfQA6kvI-7XMwjiQ9_BORIqsztrqeU', 'cVLhzwjd8Qz0wbQrd--rj4V6gADp9_N4r671kpIRePsJrHKJ1-G-QVS53r25AeaUECMxNGN6c36d5JHbaFEpMMNIJgalygASYdIrCMZTBashL-nv6upxUqS-mJML6f1RDLTVj6W50UOEl3xC-0Yxv7o6gT-gMh0wlT5FKV1LkRSO8XM84RUoAC18gdy5HfLfotakX7w9ViiZ3b4fUQw0D01R-MxcQUeO80V1dS73DFSU7Ud2-8LPrWgGYoZdUuFRUKi_2tPPGeFvLE0PmcYyTjdWJYlPIDDPpCL8KT0aY9vdLfcxPDssADzbtBHpvLfQA6kvI-7XMwjiQ9_BORIqsztrqeU', 'cVLhzwjd8Qz0wbQrd--rj4V6gADp9_N4r671kpIRePsJrHKJ1-G-QVS53r25AeaUECMxNGN6c36d5JHbaFEpMMNIJgalygASYdIrCMZTBashL-nv6upxUqS-mJML6f1RDLTVj6W50UOEl3xC-0Yxv7o6gT-gMh0wlT5FKV1LkRSO8XM84RUoAC18gdy5HfLfotakX7w9ViiZ3b4fUQw0D01R-MxcQUeO80V1dS73DFSU7Ud2-8LPrWgGYoZdUuFRUKi_2tPPGeFvLE0PmcYyTjdWJYlPIDDPpCL8KT0aY9vdLfcxPDssADzbtBHpvLfQA6kvI-7XMwjiQ9_BORIqsztrqeU', '<p><span style=\"font-size: 14.4px;\">Realiza atraves de Payphone</span><br></p>', 0, 0),
(3, 0, 'INACTIVE', 1, 0, 'kalexmiguelalba@gmail.com', 'Electra10172023', 'Aa-fLFwE2D4LNjDLs43RpFYT7DFQ3TlAInQSTeJLKauaFe8H2IgCyzmT4m8JqB5_S12GMJK7QkQkY1Mr', 'ENpFOD05J7UbaXkZPgZAk2c-T9-i27qwZHECzSiWJGlzW8HUgC2PVSeX90WR2GYtIJfiIJC2lZFad31J', 'Aa-fLFwE2D4LNjDLs43RpFYT7DFQ3TlAInQSTeJLKauaFe8H2IgCyzmT4m8JqB5_S12GMJK7QkQkY1Mr', 'ENpFOD05J7UbaXkZPgZAk2c-T9-i27qwZHECzSiWJGlzW8HUgC2PVSeX90WR2GYtIJfiIJC2lZFad31J', '<p><span style=\"font-size: 14.4px;\">Pagar con Payl Pal</span><br></p>', 1, 0);

--
-- Dumping data for table `template_slider`
--

INSERT INTO `template_slider` (`id`, `value`, `description`, `status`, `template_information_id`, `position_section`) VALUES
(1, 'Slider Principal', NULL, 'ACTIVE', 1, 0);

--
-- Dumping data for table `template_slider_by_images`
--

INSERT INTO `template_slider_by_images` (`id`, `source`, `template_slider_id`, `title`, `subtitle`, `options_title`, `button_name`, `options_button`, `options_subtitle`, `options_all`, `options_source`, `position`, `status`, `type_button`, `type_multimedia`) VALUES
(1, '/uploads/web/slider/images/1709260120_SLIDER-1.jpg', 1, 'only-background', 'only-background', 'class=\"tp-caption   tp-resizeme\"data-x=\"[\'center\',\'center\',\'center\',\'center\']\" data-hoffset=\"[\'1\',\'1\',\'10\',\'-3\']\" data-y=\"[\'top\',\'middle\',\'middle\',\'middle\']\" data-voffset=\"[\'279\',\'0\',\'-22\',\'-25\']\"data-fontsize=\"[\'90\',\'90\',\'90\',\'60\']\" data-lineheight=\"[\'110\',\'100\',\'100\',\'70\']\" data-width=\"none\" data-height=\"none\" data-whitespace=\"nowrap\" data-type=\"text\" data-responsive_offset=\"on\" data-frames=\'[{\"delay\":610,\"split\":\"chars\",\"splitdelay\":0.05,\"speed\":1850,\"split_direction\":\"forward\",\"frame\":\"0\",\"from\":\"y:[-100%];z:0;rZ:35deg;sX:1;sY:1;skX:0;skY:0;\",\"mask\":\"x:0px;y:0px;s:inherit;e:inherit;\",\"to\":\"o:1;\",\"ease\":\"Power4.easeInOut\"},{\"delay\":\"wait\",\"speed\":300,\"frame\":\"999\",\"to\":\"opacity:0;\",\"ease\":\"Power2.easeInOut\"}]\'data-textAlign=\"[\'inherit\',\'inherit\',\'inherit\',\'inherit\']\" data-paddingtop=\"[0,0,0,0]\"data-paddingright=\"[0,0,0,0]\" data-paddingbottom=\"[0,0,0,0]\" data-paddingleft=\"[0,0,0,0]\" style=\"z-index: 6; white-space: nowrap; font-size: 90px; line-height: 110px; font-weight: 600; color: #000000; letter-spacing: -2px;font-family:Source Sans Pro;\"', 'IR', '{\"data\":[{\"name\":\"IR\",\"link\":\"https://www.facebook.com/\"}]}', 'class=\"tp-caption   tp-resizeme\"data-x=\"[\'center\',\'center\',\'center\',\'center\']\" data-hoffset=\"[\'0\',\'3\',\'5\',\'0\']\" data-y=\"[\'top\',\'top\',\'top\',\'top\']\" data-voffset=\"[\'230\',\'260\',\'339\',\'228\']\" data-width=\"none\"data-height=\"none\" data-whitespace=\"nowrap\" data-type=\"text\" data-responsive_offset=\"on\"data-frames=\'[{\"delay\":610,\"speed\":1500,\"frame\":\"0\",\"from\":\"x:[-175%];y:0px;z:0;rX:0;rY:0;rZ:0;sX:1;sY:1;skX:0;skY:0;opacity:1;\",\"mask\":\"x:[100%];y:0;s:inherit;e:inherit;\",\"to\":\"o:1;\",\"ease\":\"Power3.easeOut\"},{\"delay\":\"wait\",\"speed\":300,\"frame\":\"999\",\"to\":\"opacity:0;\",\"ease\":\"Power3.easeInOut\"}]\'data-textAlign=\"[\'inherit\',\'inherit\',\'inherit\',\'inherit\']\" data-paddingtop=\"[0,0,0,0]\"data-paddingright=\"[0,0,0,0]\" data-paddingbottom=\"[0,0,0,0]\" data-paddingleft=\"[0,0,0,0]\"style=\"z-index: 5; white-space: nowrap; font-size: 22px; line-height: 35px; font-weight: 700; color: rgba(0,0,0,0.4); letter-spacing: 1px;font-family:Source Sans Pro;\"', 'data-transition=\"slideoverdown,slidingoverlayvertical,cube-horizontal,3dcurtain-vertical\"data-slotamount=\"default,default,default,default\" data-hideafterloop=\"0\" data-hideslideonmobile=\"off\"data-easein=\"default,default,default,default\" data-easeout=\"default,default,default,default\"data-masterspeed=\"1010,default,default,default\" data-thumb=\"\" data-delay=\"7010\" data-rotate=\"0,0,0,0\"data-saveperformance=\"off\" data-title=\"Slide\" data-param1=\"\" data-param2=\"\" data-param3=\"\"data-param4=\"\" data-param5=\"\" data-param6=\"\" data-param7=\"\" data-param8=\"\" data-param9=\"\"data-param10=\"\" data-description=\"\"', 'data-bgposition=\"center center\" data-bgfit=\"cover\" data-bgrepeat=\"no-repeat\" class=\"rev-slidebg\"data-no-retina', 0, 'ACTIVE', 1, 0);

--
-- Dumping data for table `types_payments`
--

INSERT INTO `types_payments` (`id`, `value`, `description`, `status`, `code`, `type_payment`) VALUES
(1, 'SIN UTILIZACION DEL SISTEMA FINANCIERO', NULL, 'ACTIVE', '01', 0),
(2, 'TARJETA DE CRÉDITO', NULL, 'ACTIVE', '19', 0),
(3, 'CHEQUE PROPIO', NULL, 'ACTIVE', '02', 0),
(4, 'TRANSFERENCIA PROPIO BANCO', NULL, 'ACTIVE', '07', 0),
(5, 'DINERO ELECTRÓNICO', NULL, 'ACTIVE', '17', 0),
(6, 'TARJETA DE DÉBITO', NULL, 'ACTIVE', '16', 0),
(7, 'TARJETA PREPAGO', NULL, 'ACTIVE', '18', 0),
(8, 'TRANSFERENCIA OTRO BANCO NACIONAL', NULL, 'INACTIVE', '08', 0),
(9, 'TRANSFERENCIA  BANCO EXTERIOR', NULL, 'INACTIVE', '09', 0),
(10, 'TARJETA DE CRÉDITO NACIONAL', NULL, 'INACTIVE', '10', 0),
(11, 'TARJETA DE CRÉDITO INTERNACIONAL', NULL, 'INACTIVE', '11', 0),
(12, 'GIRO', NULL, 'INACTIVE', '12', 0),
(13, 'DEPOSITO EN CUENTA (CORRIENTE/AHORROS)', NULL, 'INACTIVE', '13', 0),
(14, 'ENDOSO DE INVERSIÓN', NULL, 'INACTIVE', '14', 0),
(15, 'COMPENSACIÓN DE DEUDAS', NULL, 'ACTIVE', '15', 0),
(16, 'CHEQUE CERTIFICADO', NULL, 'INACTIVE', '03', 0),
(17, 'CHEQUE DEL EXTERIOR', NULL, 'INACTIVE', '05', 0),
(18, 'CHEQUE DE GERENCIA', NULL, 'INACTIVE', '04', 0),
(19, 'DÉBITO DE CUENTA', NULL, 'INACTIVE', '06', 0),
(20, 'OTROS CON UTILIZACION DEL SISTEMA FINANCIERO', NULL, 'ACTIVE', '20', 0),
(21, 'ENDOSO DE TÍTULOS', NULL, 'ACTIVE', '21', 0);

--
-- Dumping data for table `type_ruc`
--

INSERT INTO `type_ruc` (`id`, `value`, `descripcion`) VALUES
(1, 'Persona Natural', NULL),
(2, 'Sociedad Privada', NULL),
(3, 'Sociedad Pública', NULL),
(4, 'Sin Ruc', NULL);

--
-- Dumping data for table `users`
--

INSERT INTO `users` (`id`, `name`, `email`, `username`, `password`, `remember_token`, `status`, `created_at`, `updated_at`, `provider_id`, `provider`, `api_token`, `user_id`, `avatar`) VALUES
(1, 'Admin', 'admin@system.dev', NULL, '$2y$10$bzHa0mwLff7MNndE5DSOpu9Ae2CZefyQnqZW9f4PV3CWsFQnG.zeS', 'PwG4eaSy4IOmvx8ZaEJtaIUPHZBtjjOkkDevGreazyWapg7G9SzBzeDqemMY', 'ACTIVE', '2017-11-25 15:41:16', '2024-03-13 09:39:05', 'server', 'server', NULL, NULL, '/uploads/frontend/profile/1710340745_LOGO-MEETCLIC.png'),
(2, 'Supervisor', 'supervisor@system.dev', 'supervisor@system.dev', '$2y$10$bzHa0mwLff7MNndE5DSOpu9Ae2CZefyQnqZW9f4PV3CWsFQnG.zeS', NULL, 'ACTIVE', '2021-05-09 02:23:48', '2021-05-09 02:23:48', NULL, NULL, NULL, NULL, NULL),
(3, 'Alex', 'kalexmiguelalba@gmail.com', NULL, '$2y$10$bzHa0mwLff7MNndE5DSOpu9Ae2CZefyQnqZW9f4PV3CWsFQnG.zeS', NULL, 'ACTIVE', '2024-02-26 23:30:23', '2024-03-13 16:30:42', NULL, 'server', NULL, NULL, '/uploads/frontend/profile/1710365442_cota-imba.png'),
(4, 'Alex', 'alexmiguelalbabusiness@gmail.com', NULL, '$2y$10$F4pp1sP2d/LgspRAF0Wu6.2O14eWsRIiQfjG9TXp/PeE8w2Ed27ki', NULL, 'ACTIVE', '2024-03-12 15:18:59', '2024-03-12 15:18:59', NULL, 'server', NULL, NULL, NULL);

--
-- Dumping data for table `users_by_about_us`
--

INSERT INTO `users_by_about_us` (`id`, `users_id`, `description`, `web`) VALUES
(1, 1, 'En nuestra empresa, nos dedicamos apasionadamente al desarrollo de soluciones personalizadas, diseñadas específicamente para satisfacer las necesidades únicas de cada cliente. Nuestra filosofía se basa en el crecimiento mutuo, donde comprendemos profundamente las metas y desafíos de nuestros clientes para colaborar estrechamente en su éxito. A través de un enfoque centrado en el cliente, nos comprometemos a proporcionar soluciones innovadoras que impulsen el crecimiento y la prosperidad tanto para nuestros clientes como para nosotros mismos. Creemos en establecer relaciones a largo plazo basadas en la confianza, la transparencia y la excelencia en el servicio, donde el crecimiento de nuestros clientes se convierte en nuestro mayor logro.', 'https://meetclic.com/'),
(2, 3, 'UNA PERSONA MUY TRANQUILA', NULL);

--
-- Dumping data for table `users_has_roles`
--

INSERT INTO `users_has_roles` (`user_id`, `role_id`) VALUES
(1, 1),
(2, 2),
(3, 4),
(4, 4);

--
-- Dumping data for table `voucher_type`
--

INSERT INTO `voucher_type` (`id`, `value`, `description`, `status`, `code`) VALUES
(1, 'Factura', 'Factura', 'ACTIVE', '1'),
(2, 'Nota o boleta de venta', 'Nota o boleta de venta', 'ACTIVE', '2'),
(3, 'Liquidación de compra de Bienes o Prestación de servicios', 'Liquidación de compra de Bienes o Prestación de servicios', 'ACTIVE', '3'),
(4, 'Nota de crédito', 'Nota de crédito', 'ACTIVE', '4'),
(5, 'Nota de débito', 'Nota de débito', 'ACTIVE', '5'),
(6, 'Guías de Remisión', 'Guías de Remisión', 'ACTIVE', '6'),
(7, 'Comprobante de Retención', 'Comprobante de Retención', 'ACTIVE', '7'),
(8, 'Boletos o entradas a espectáculos públicos', 'Boletos o entradas a espectáculos públicos', 'ACTIVE', '8'),
(9, 'Tiquetes o vales emitidos por máquinas registradoras', 'Tiquetes o vales emitidos por máquinas registradoras', 'ACTIVE', '9'),
(10, 'Pasajes expedidos por empresas de aviación', 'Pasajes expedidos por empresas de aviación', 'ACTIVE', '11'),
(11, 'Documentos emitidos por instituciones financieras', 'Documentos emitidos por instituciones financieras', 'ACTIVE', '12'),
(12, 'Comprobante de venta emitido en el Exterior', 'Comprobante de venta emitido en el Exterior', 'ACTIVE', '15'),
(13, 'Formulario Único de Exportación (FUE) o Declaración Aduanera Única (DAU) o Declaración Andina de Valor (DAV)', 'Formulario Único de Exportación (FUE) o Declaración Aduanera Única (DAU) o Declaración Andina de Valor (DAV)', 'ACTIVE', '16'),
(14, 'Documentos autorizados utilizados en ventas excepto N/C N/D', 'Documentos autorizados utilizados en ventas excepto N/C N/D', 'ACTIVE', '18'),
(15, 'Comprobantes de Pago de Cuotas o Aportes', 'Comprobantes de Pago de Cuotas o Aportes', 'ACTIVE', '19'),
(16, 'Documentos por Servicios Administrativos emitidos por Inst. del Estado', 'Documentos por Servicios Administrativos emitidos por Inst. del Estado', 'ACTIVE', '20'),
(17, 'Carta de Porte Aéreo', 'Carta de Porte Aéreo', 'ACTIVE', '21'),
(18, 'RECAP', 'RECAP', 'ACTIVE', '22'),
(19, 'Nota de Crédito TC', 'Nota de Crédito TC', 'ACTIVE', '23'),
(20, 'Nota de Débito TC', 'Nota de Débito TC', 'ACTIVE', '24'),
(21, 'Comprobante de venta emitido por reembolso', 'Comprobante de venta emitido por reembolso', 'ACTIVE', '41'),
(22, 'Documento agente de retención Presuntiva', 'Documento agente de retención Presuntiva', 'ACTIVE', '42'),
(23, 'Liquidación para Explotación y Exploracion de Hidrocarburos', 'Liquidación para Explotación y Exploracion de Hidrocarburos', 'ACTIVE', '43'),
(24, 'Comprobante de Contribuciones y Aportes', 'Comprobante de Contribuciones y Aportes', 'ACTIVE', '44'),
(25, 'Liquidación por reclamos de aseguradoras', 'Liquidación por reclamos de aseguradoras', 'ACTIVE', '45'),
(26, 'Nota de Crédito por Reembolso Emitida por Intermediario', 'Nota de Crédito por Reembolso Emitida por Intermediario', 'ACTIVE', '47'),
(27, 'Nota de Débito por Reembolso Emitida por Intermediario', 'Nota de Débito por Reembolso Emitida por Intermediario', 'ACTIVE', '48'),
(28, 'Proveedor Directo de Exportador Bajo Régimen Especial', 'Proveedor Directo de Exportador Bajo Régimen Especial', 'ACTIVE', '49'),
(29, 'A Inst. Estado y Empr. Públicas que percibe ingreso exento de Imp. Renta', 'A Inst. Estado y Empr. Públicas que percibe ingreso exento de Imp. Renta', 'ACTIVE', '50'),
(30, 'N/C A Inst. Estado y Empr. Públicas que percibe ingreso exento de Imp. Renta', 'N/C A Inst. Estado y Empr. Públicas que percibe ingreso exento de Imp. Renta', 'ACTIVE', '51'),
(31, 'N/D A Inst. Estado y Empr. Públicas que percibe ingreso exento de Imp. Renta', 'N/D A Inst. Estado y Empr. Públicas que percibe ingreso exento de Imp. Renta', 'ACTIVE', '52'),
(32, 'Liquidación de compra de Bienes Muebles Usados', 'Liquidación de compra de Bienes Muebles Usados', 'ACTIVE', '294'),
(33, 'Liquidación de compra de vehículos usados', 'Liquidación de compra de vehículos usados', 'ACTIVE', '344'),
(34, 'Acta Entrega-Recepción PET', 'Acta Entrega-Recepción PET', 'ACTIVE', '364'),
(35, 'Factura operadora transporte / socio', 'Factura operadora transporte / socio', 'ACTIVE', '370'),
(36, 'Comprobante socio a operadora de transporte', 'Comprobante socio a operadora de transporte', 'ACTIVE', '371'),
(37, 'Nota de crédito operadora transporte / socio', 'Nota de crédito operadora transporte / socio', 'ACTIVE', '372'),
(38, 'Nota de débito operadora transporte / socio', 'Nota de débito operadora transporte / socio', 'ACTIVE', '373');

--
-- Dumping data for table `zones`
--

INSERT INTO `zones` (`id`, `name`, `city_id`, `color`, `zip_code`, `polygon_coordinates`, `polygon_spatial`, `status`, `created_at`, `updated_at`, `deleted_at`, `place_id`) VALUES
(1, 'Gonzales Suares', 1, '#ffa8b8', '100450', '[[0.19898877729791498,-78.25823140153514],[0.2015636822213178,-78.25724434861766],[0.2033232003518515,-78.25707268724071],[0.20400984152158985,-78.25625729570018],[0.20319445512926707,-78.25475525865184],[0.20336611542581728,-78.25376820573436],[0.20495397308212226,-78.25260949143993],[0.20611267992122725,-78.25153660783397],[0.2074001318658086,-78.25084996232616],[0.20873049876517405,-78.24801754960643],[0.2101466956634176,-78.24660134324657],[0.21083333653760608,-78.2446272374116],[0.21164872253637973,-78.24303936967479],[0.21023252577434026,-78.24007821092235],[0.21083333653760608,-78.23801827439891],[0.21860095929455028,-78.23741745957958],[0.2194163448782743,-78.23964905747997],[0.21993132522405012,-78.24200940141307],[0.21598314212208675,-78.25007748612987],[0.21302200412154337,-78.25557065019237],[0.21109082685763916,-78.25921845445262],[0.20662766071159372,-78.25994801530467]]', 0x0000000001030000000100000017000000281900dd869053c091fd61d97678c93f4a1900b1769053c00fd899b7d6ccc93f471900e1739053c083be03a07e06ca3f25190085669053c015ddb296fe1cca3f3d1900e94d9053c0db1ec1a14602ca3f191900bd3d9053c0a2296f9fe607ca3f371900c12a9053c01257c989ee3bca3f3419002d199053c08ebbc679e661ca3f271900ed0d9053c0ed5dc667168cca3f14190085df8f53c0ebe4ef54aeb7ca3f50190051c88f53c03b519e4016e6ca3f4e1900f9a78f53c0d6f4aa3696fcca3f411900f58d8f53c0d457c42a4e17cb3f191900715d8f53c05fcd603fe6e8ca3f381900b13b8f53c0d6f4aa3696fcca3f501900d9318f53c043ac85c11dfbcb3f34190069568f53c028e2bab4d515cc3f2d1900157d8f53c098039aacb526cc3f3b190045019053c0cb6af3e955a5cb3f181900455b9053c0dee383164e44cb3f4d190009979053c0ab69eb320605cb3f491900fda29053c010469a72c672ca3f281900dd869053c091fd61d97678c93f, 'ACTIVE', '2020-05-20 21:54:53', '2020-05-20 22:02:44', NULL, 'none-id'),
(2, 'El Jordan', 1, '#e5bedd', NULL, '[[0.2170141185930993,-78.2193915055365],[0.2086027691489902,-78.20892016154237],[0.20877442938728538,-78.19621721964783],[0.2175290990212006,-78.19175402384705],[0.2231938825614229,-78.20874850016541],[0.22370886277591814,-78.21424166422791],[0.22096230142418116,-78.22024981242127]]', 0x00000000010300000001000000080000004e53ab820a8e53c02e56105f1ec7cb3f1153abf25e8d53c028cbacdb7eb3ca3f3753abd28e8c53c0f9cf3ad91eb9ca3f2753abb2458c53c020b91c57fed7cb3f0e53ab225c8d53c04b6022fd9d91cc3f3153ab22b68d53c0b655b9f47da2cc3f1853ab92188e53c0020422217e48cc3f4e53ab820a8e53c02e56105f1ec7cb3f, 'ACTIVE', '2020-05-20 21:58:17', '2020-05-20 22:02:44', NULL, 'none-id'),
(3, 'San Rafael de la laguna', 1, '#e5bedd', NULL, '[[0.2048400917519579,-78.24626876404871],[0.19351050934756264,-78.2485003619491],[0.19351050934756264,-78.22481109192957],[0.20724333548969276,-78.23974563172449]]', 0x00000000010300000001000000050000007ae70fdec28f53c0cafd7d3b3338ca3f5ee70f6ee78f53c0d13f8acef3c4c83f83e70f4e638e53c0d13f8acef3c4c83f43e70ffe578f53c095ff1e1af386ca3f7ae70fdec28f53c0cafd7d3b3338ca3f, 'ACTIVE', '2020-05-20 21:58:17', '2020-05-20 22:02:44', NULL, 'none-id'),
(4, 'San Juan de Iluman', 1, '#e5bedd', NULL, '[[0.23111585890298292,-78.28933583598388],[0.22673852873244676,-78.28933583598388],[0.22862678896981717,-78.28555928569091],[0.23051504895887534,-78.28444348674071]]', 0x00000000010300000001000000050000002d47747a849253c0c7a1c9573495cd3f2d47747a849253c06313d3a2c405cd3f2a47749a469253c013b4ce82a443cd3f38477452349253c03dd241628481cd3f2d47747a849253c0c7a1c9573495cd3f, 'ACTIVE', '2020-05-20 22:02:44', '2020-05-20 22:02:44', NULL, 'none-id'),
(5, 'San Luis', 1, '#e5bedd', NULL, '[[0.2251935883549699,-78.2782636771704],[0.2168680735304996,-78.27208386760009],[0.21901382521895926,-78.26659070353759],[0.22261868736255455,-78.2683931479956]]', 0x000000000103000000010000000500000008477412cf9153c01e72a0bc24d3cc3f1e4774d2699153c02915ae4155c2cb3f414774d20f9153c03af95720a508cc3f4047745a2d9153c049add9e6c47ecc3f08477412cf9153c01e72a0bc24d3cc3f, 'ACTIVE', '2020-05-20 22:02:44', '2020-05-20 22:02:44', NULL, 'none-id'),
(6, 'San Pedro de Pataqui', 1, '#e5bedd', NULL, '[[0.22819763893760353,-78.2441888938452],[0.2242494580436194,-78.25002538066161],[0.22510775832918428,-78.25174199443114],[0.2297425789935009,-78.250454534104],[0.22957091899551568,-78.24796544413817]]', 0x0000000001030000000100000006000000164774caa08f53c0d375218a9435cd3f3f47746a009053c096b638cc34b4cc3f1a47748a1c9053c0f6c20cbe54d0cc3f24477472079053c0bb4ca36f3468cd3f184774aade8f53c0f26599729462cd3f164774caa08f53c0d375218a9435cd3f, 'ACTIVE', '2020-05-20 22:02:44', '2020-05-20 22:02:44', NULL, 'none-id'),
(7, 'San Jose de Quichinche', 1, '#e5bedd', NULL, '[[0.23403407826881503,-78.23337422709716],[0.23060087895244827,-78.23637830119384],[0.23635148733308337,-78.23663579325927],[0.2379822564430687,-78.23165761332763]]', 0x00000000010300000001000000050000001947749aef8e53c0fa332824d4f4cd3f2f4774d2208f53c0d5cac3605484cd3f1147740a258f53c0cd6f3afac340ce3f3e47747ad38e53c03fc339dc3376ce3f1947749aef8e53c0fa332824d4f4cd3f, 'ACTIVE', '2020-05-20 22:02:44', '2020-05-20 22:02:44', NULL, 'none-id'),
(8, 'Dr Miguel Egas', 1, '#e5bedd', NULL, '[[0.2289701089863594,-78.23886739115966],[0.2289701089863594,-78.23054181437743],[0.22570856849904763,-78.23792325358642]]', 0x00000000010300000001000000040000003c47749a498f53c006d2ed7ce44ecd3f06477432c18e53c006d2ed7ce44ecd3f074774223a8f53c0cdb010b404e4cc3f3c47749a498f53c006d2ed7ce44ecd3f, 'ACTIVE', '2020-05-20 22:02:44', '2020-05-20 22:02:44', NULL, 'none-id'),
(9, 'Selva Alegra', 1, '#e5bedd', NULL, '[[0.22845512895847364,-78.22702275614989],[0.23214581874799814,-78.22230206828368],[0.23300411856156872,-78.22693692546142]]', 0x00000000010300000001000000040000002c47748a878e53c0a173bd85043ecd3f3a4774323a8e53c0bc80b645f4b6cd3f07477422868e53c06c12873614d3cd3f2c47748a878e53c0a173bd85043ecd3f, 'ACTIVE', '2020-05-20 22:02:44', '2020-05-20 22:02:44', NULL, 'none-id'),
(10, 'Eugenio Espejo', 1, '#e5bedd', NULL, '[[0.22570856849904763,-78.22775231700194],[0.22648103868095426,-78.22234498362792],[0.22304783755930466,-78.22414742808593]]', 0x00000000010300000001000000040000002847747e938e53c0cdb010b404e4cc3f2a4774e63a8e53c0ca3e26a754fdcc3f2947746e588e53c0135fe1dfd48ccc3f2847747e938e53c0cdb010b404e4cc3f, 'ACTIVE', '2020-05-20 22:02:44', '2020-05-20 22:02:44', NULL, 'none-id'),
(11, 'San Pablo del Lago', 1, '#e5bedd', NULL, '[[0.24286668310337173,-78.20816716087256],[0.2347128385193923,-78.20773800743018],[0.23454117858174858,-78.21649273765479],[0.2382318667746855,-78.21563443077002]]', 0x00000000010300000001000000050000003f035b9c528d53c0acc59b664116cf3f13035b944b8d53c0a230b2fe110bce3f2f035b04db8d53c0f275c9017205ce3f1e035bf4cc8d53c0fcc654be617ece3f3f035b9c528d53c0acc59b664116cf3f, 'ACTIVE', '2020-05-20 22:02:44', '2020-05-20 22:02:44', NULL, 'none-id'),
(12, 'Cristoba Colon', 5, '#e5bedd', NULL, '[[0.6402458478000177,-77.74711566851752],[0.6382718648346677,-77.72600131915229],[0.6232524045846296,-77.73612934039252]]', 0x00000000010300000001000000040000004ca73cbed06f53c09b6d36dce47ce43f16a73cce766e53c0b77f2d1eb96ce43f4ca73cbe1c6f53c0e304db06aff1e33f4ca73cbed06f53c09b6d36dce47ce43f, 'ACTIVE', '2020-07-14 05:36:18', '2020-07-27 06:47:56', NULL, 'none-id'),
(13, 'Por definir', 215, '#e5bedd', NULL, '[[-0.16509509768396524,-78.48976135350341],[-0.15556792857568008,-78.47680091954345],[-0.16226269652208958,-78.46504211522216]]', 0x0000000001030000000100000004000000f7080140589f53c0772ba40ed621c5bff40801e8839e53c043fec45ea6e9c3bf09090140c39d53c0c329762706c5c4bff7080140589f53c0772ba40ed621c5bf, 'ACTIVE', '2020-07-27 06:35:16', '2020-07-27 06:35:16', NULL, 'none-id'),
(14, 'Chical', 6, '#e5bedd', NULL, '[[0.8239941784795906,-77.73905868270874],[0.8251956836756045,-77.72554034927369],[0.814167568858249,-77.73279304244996]]', 0x0000000001030000000100000004000000d703cabc4c6f53c05741150a295eea3fdb03ca406f6e53c06cfc45c70068ea3fc803ca14e66e53c06bb83625a90dea3fd703cabc4c6f53c05741150a295eea3f, 'ACTIVE', '2020-07-27 06:43:50', '2020-07-31 19:46:56', NULL, 'none-id'),
(15, 'Tulcan', 6, '#e5bedd', NULL, '[[0.7997494433501385,-77.76096696594239],[0.8400857356430022,-77.71582002380372],[0.8189735992815355,-77.67067308166504],[0.7769206414113045,-77.75976533630372]]', 0x0000000001030000000100000005000000aa03caaeb37053c098db05258c97e93fd903cafecf6d53c078870d7bfbe1ea3fc203ca4eec6a53c0b373261f0835ea3fd903cafe9f7053c0335d4ead88dce83faa03caaeb37053c098db05258c97e93f, 'ACTIVE', '2020-07-27 06:45:25', '2020-07-31 19:46:57', NULL, 'none-id'),
(16, 'Sin registro', 8, '#e5bedd', NULL, '[[0.5087050120222935,-77.94235172641358],[0.5141121299966296,-77.89222660434326],[0.5026112704647144,-77.93488445651612]]', 0x0000000001030000000100000004000000bf919d7d4f7c53c0024ebebb4f47e03f8e919d3d1a7953c066ff19489b73e03f99919d25d57b53c0efe6273b6415e03fbf919d7d4f7c53c0024ebebb4f47e03f, 'ACTIVE', '2020-07-27 06:46:34', '2020-07-31 20:02:25', NULL, 'none-id'),
(17, 'Sin registro', 7, '#e5bedd', NULL, '[[0.5048868951487201,-77.91947606202393],[0.5078050246003604,-77.87690404053956],[0.4932143643209043,-77.89492848511964]]', 0x000000000103000000010000000400000045f61fb2d87a53c0acf7da8f0828e03f5ff61f321f7853c08ee5ac52f03fe03f5af61f82467953c0953e2bfbd290df3f45f61fb2d87a53c0acf7da8f0828e03f, 'ACTIVE', '2020-07-27 06:46:58', '2020-07-31 19:57:51', NULL, 'none-id'),
(18, 'Sin registro', 9, '#e5bedd', NULL, '[[0.5557989348868654,-78.0542882720581],[0.5591461732930796,-78.01446283260498],[0.5430107502734334,-78.02175844112548]]', 0x0000000001030000000100000004000000e9428475798353c025b40fd91ac9e13ff24284f5ec8053c04446ff8386e4e13fce42847d648153c032a0b9145860e13fe9428475798353c025b40fd91ac9e13f, 'ACTIVE', '2020-07-27 06:48:18', '2020-07-27 06:48:18', NULL, 'none-id'),
(19, 'Sin registro', 10, '#e5bedd', NULL, '[[0.5724422490199026,-77.79592586260988],[0.5746737351073109,-77.75747371417238],[0.5551052893286973,-77.7585036824341]]', 0x0000000001030000000100000004000000d67c0773f07253c0fd734c687251e23fb27c07737a7053c079fe442cba63e23fc67c07538b7053c0b91bf02a6cc3e13fd67c0773f07253c0fd734c687251e23f, 'ACTIVE', '2020-07-27 06:48:40', '2020-07-27 06:48:40', NULL, 'none-id'),
(20, 'Zona Dos', 3, '#e5bedd', 'ZP01', '[[0.33538922308889224,-78.2347798133667],[0.34534540726068297,-78.20413825758057],[0.32242900270425207,-78.1959843421753],[0.32066950129918675,-78.22242019422607]]', 0x0000000001030000000100000005000000060be9a1068f53c0953f265c0477d53f0f0be999108d53c0fb89809f231ad63fdc0ae9018b8c53c0b4627941ada2d43fec0ae9213c8e53c0cbe5395fd985d43f060be9a1068f53c0953f265c0477d53f, 'ACTIVE', '2020-07-27 06:49:26', '2024-02-22 22:31:08', NULL, 'none-id'),
(21, 'Sin registro', 4, '#e5bedd', NULL, '[[0.3016286134508392,-78.2825102678589],[0.3193953049827574,-78.27504299796144],[0.3081516534151998,-78.23573254263917]]', 0x0000000001030000000100000004000000454ff2a5149253c0aac99319e24dd33f1f4ff24d9a9153c0cf665901f970d43f324ff23d168f53c0641a68b6c1b8d33f454ff2a5149253c0aac99319e24dd33f, 'ACTIVE', '2020-07-27 06:49:58', '2020-07-27 06:49:58', NULL, 'none-id'),
(22, 'Sin registro', 2, '#e5bedd', NULL, '[[0.3499792603059938,-78.15326457264403],[0.35040840573245896,-78.09592967274169],[0.33049603763935254,-78.13043360950927]]', 0x00000000010300000001000000040000000dc93516cf8953c04ab852690f66d63f25c935b6238653c09252b760176dd63ffcc83506598853c0089747dad826d53f0dc93516cf8953c04ab852690f66d63f, 'ACTIVE', '2020-07-27 06:50:21', '2020-07-27 06:50:21', NULL, 'none-id'),
(23, 'Sin registro', 106, '#e5bedd', NULL, '[[0.3970092922055667,-77.96046575093995],[0.3981250642942425,-77.90991147542725],[0.37426467510040734,-77.93557485128174]]', 0x0000000001030000000100000004000000c94d5745787d53c036c98ea99968d93fb34d57fd3b7a53c06825b78ce17ad93fd74d5775e07b53c049ade6d2f3f3d73fc94d5745787d53c036c98ea99968d93f, 'ACTIVE', '2020-07-27 06:50:55', '2020-07-27 06:50:55', NULL, 'none-id'),
(24, 'Sin registro', 107, '#e5bedd', NULL, '[[0.42724758074649016,-78.21046294615479],[0.42922163144264264,-78.18402709410401],[0.41917971613256977,-78.18497123167725]]', 0x00000000010300000001000000040000005bb09339788d53c0997ba63c0658db3f4bb09319c78b53c0b70a72015e78db3f3ab09391d68b53c0a2e6fb28d7d3da3f5bb09339788d53c0997ba63c0658db3f, 'ACTIVE', '2020-07-27 06:51:21', '2020-07-27 06:51:21', NULL, 'none-id'),
(25, 'Sin registro', 178, '#e5bedd', NULL, '[[-0.1773058194818411,-78.49062624779052],[-0.17043939602472563,-78.44487849083251],[-0.19155363991854032,-78.4537190517456]]', 0x00000000010300000001000000040000009434a26b669f53c058510804f5b1c6bf9534a2e3789c53c09327f047f5d0c5bf8f34a2bb099d53c037a07065d484c8bf9434a26b669f53c058510804f5b1c6bf, 'ACTIVE', '2020-07-27 06:52:12', '2020-07-27 06:52:12', NULL, 'none-id'),
(26, 'Sin registro', 179, '#e5bedd', NULL, '[[0.04184845467835922,-78.17012756949462],[0.05111816597312691,-78.12575310355224],[0.030347144724432343,-78.12970131522216]]', 0x000000000103000000010000000400000041c8be5ee38a53c016a07620296da53f16c8be560c8853c0be122c06292caa3f1bc8be064d8853c09e41796852139f3f41c8be5ee38a53c016a07620296da53f, 'ACTIVE', '2020-07-27 06:52:34', '2020-07-27 06:52:34', NULL, 'none-id'),
(27, 'Sin registro', 181, '#e5bedd', NULL, '[[0.08220280601059479,-79.073644822937],[0.09378993526952253,-79.02557963739012],[0.0690707221450119,-79.03244609246825]]', 0x00000000010300000001000000040000002f82c698b6c453c0cd76743b3e0bb53f2682c618a3c153c0ec32ad009e02b83f1e82c69813c253c07253b96c9eaeb13f2f82c698b6c453c0cd76743b3e0bb53f, 'ACTIVE', '2020-07-27 06:53:03', '2020-07-27 06:53:03', NULL, 'none-id'),
(28, 'Sin registro', 182, '#e5bedd', NULL, '[[0.11580869488155088,-79.28464852923585],[0.13160150470171353,-79.24645387286378],[0.10619567582393855,-79.24430810565187]]', 0x000000000103000000010000000400000014fb76ae37d253c0c1d31b7da3a5bd3f19fb76e6c5cf53c08e2c666f51d8c03f13fb76bea2cf53c0e3f3a3caa32fbb3f14fb76ae37d253c0c1d31b7da3a5bd3f, 'ACTIVE', '2020-07-27 06:53:23', '2020-07-27 06:53:23', NULL, 'none-id'),
(29, 'Sin registro', 183, '#e5bedd', NULL, '[[0.027748020379505172,-78.914918278479],[0.035129458472160056,-78.86676726224366],[0.015045079396745178,-78.8743203628296]]', 0x00000000010300000001000000040000001e2565058eba53c0e91f3c20fa699c3f3625651d79b753c0633a87067dfca13f3b2565ddf4b753c02846cc5ff4cf8e3f1e2565058eba53c0e91f3c20fa699c3f, 'ACTIVE', '2020-07-27 06:53:57', '2020-07-27 06:53:57', NULL, 'none-id'),
(30, 'Julio Andrade', 6, '#e5bedd', NULL, '[[0.7685111958183863,-77.81431054565819],[0.795116231990742,-77.75937890503319],[0.7546078525605212,-77.77036523315819]]', 0x0000000001030000000100000004000000e698faa91d7453c077cb94caa497e83fe698faa9997053c043689d989771e93fe698faa94d7153c0d0ab015ebf25e83fe698faa91d7453c077cb94caa497e83f, 'ACTIVE', '2020-07-31 19:41:33', '2020-07-31 19:46:57', NULL, 'none-id'),
(31, 'El Carmelo', 6, '#e5bedd', NULL, '[[0.7825907871309515,-77.81736632249496],[0.7743518015755979,-77.6930834855809],[0.6995136371567818,-77.74938841722152],[0.7839639498214088,-77.82354613206527],[0.8141734136839461,-77.78990050218246]]', 0x0000000001030000000100000006000000f1fdd5ba4f7453c0431b9cd5fb0ae93ff5fdd57a5b6c53c051b5eb6d7dc7e83f0ffed5faf56f53c05e38566c6a62e63fdbfdd5fab47453c0e93ab7903b16e93fcdfdd5ba8d7253c0a4722167b50dea3ff1fdd5ba4f7453c0431b9cd5fb0ae93f, 'ACTIVE', '2020-07-31 19:42:52', '2020-07-31 19:46:57', NULL, 'none-id'),
(32, 'Maldonado', 6, '#e5bedd', NULL, '[[0.8264210430190453,-77.75603649999455],[0.8339733507241377,-77.71415112401799],[0.8017042999160229,-77.7368104257758],[0.830540485373964,-77.74985669042424]]', 0x0000000001030000000100000005000000e583eae6627053c0e4c60f8b0a72ea3fc683eaa6b46d53c0221063e1e8afea3fd383eae6276f53c0d075a6c68fa7e93fb483eaa6fd6f53c08aecd5a3c993ea3fe583eae6627053c0e4c60f8b0a72ea3f, 'ACTIVE', '2020-07-31 19:43:32', '2020-07-31 19:46:57', NULL, 'none-id'),
(33, 'Pioter', 6, '#e5bedd', NULL, '[[0.8304957739278666,-77.6912247669671],[0.8170217485745882,-77.6816975605462],[0.8179657900482247,-77.69543047070245],[0.8310965255865157,-77.691568089721]]', 0x0000000001030000000100000005000000be13ce063d6c53c0ae908fdf6b93ea3fb713ceeea06b53c085f447cb0a25ea3fa513ceee816c53c00220b097c62cea3fc513cea6426c53c09bd3a6bd5798ea3fbe13ce063d6c53c0ae908fdf6b93ea3f, 'ACTIVE', '2020-07-31 19:44:11', '2020-07-31 19:46:57', NULL, 'none-id'),
(34, 'Tobar Donoso', 6, '#e5bedd', NULL, '[[0.821017235860916,-77.7534520161126],[0.8318307776351835,-77.74186487316827],[0.8028229569129044,-77.75061960339288]]', 0x0000000001030000000100000004000000e113ce8e387053c0f4322ff0c545ea3fb213ceb67a6f53c0a5fa37945b9eea3fce13ce260a7053c0d0670dc5b9b0e93fe113ce8e387053c0f4322ff0c545ea3f, 'ACTIVE', '2020-07-31 19:44:48', '2020-07-31 19:46:57', NULL, 'none-id'),
(35, 'Tufiño', 6, '#e5bedd', NULL, '[[0.8296375571142417,-77.76160593151788],[0.8238874996707007,-77.73199434399346],[0.8054357670465262,-77.75448198437432]]', 0x0000000001030000000100000004000000ce13ce26be7053c008d9ea0f648cea3fa413cefed86e53c05c675551495dea3fae13ce6e497053c0eccacf3a21c6e93fce13ce26be7053c008d9ea0f648cea3f, 'ACTIVE', '2020-07-31 19:45:23', '2020-07-31 19:46:57', NULL, 'none-id'),
(36, 'Urbina', 6, '#e5bedd', NULL, '[[0.8315716915271679,-77.7913321258852],[0.8336314105574412,-77.7441252472231],[0.7963846609581579,-77.7609480621645]]', 0x0000000001030000000100000004000000d13c802fa57253c0606f6c3c3c9cea3fd83c80bf9f6f53c0d766a8c71badea3f023d805fb37053c0383e3baffb7be93fd13c802fa57253c0606f6c3c3c9cea3f, 'ACTIVE', '2020-07-31 19:46:18', '2020-07-31 19:46:57', NULL, 'none-id'),
(37, 'Santa Marta de Cuba', 6, '#e5bedd', NULL, '[[0.81738828727564,-77.8087556010715],[0.802283595069792,-77.6769196635715],[0.7658947914361117,-77.69786235155978],[0.7923281991995731,-77.86609050097384]]', 0x0000000001030000000100000005000000a243daa6c27353c0386f3f7b0b28ea3fa243daa6526b53c050255ea54eace93fd543dac6a96c53c079a22ccb3582e83fd043da066e7753c0df57e8aac05ae93fa243daa6c27353c0386f3f7b0b28ea3f, 'ACTIVE', '2020-07-31 19:46:57', '2020-07-31 19:46:57', NULL, 'none-id'),
(38, 'Los Andes', 7, '#e5bedd', NULL, '[[0.505419146267689,-77.94539216535577],[0.5132294303139098,-77.92436364667901],[0.48524968833363424,-77.91629556196222],[0.49305999633706504,-77.95191529767999]]', 0x00000000010300000001000000050000005006244e817c53c036beffc5642ce03f3f0624c6287b53c0e25f5120606ce03f31062496a47a53c0666072b5540edf3f4106242eec7c53c03af3ce834b8edf3f5006244e817c53c036beffc5642ce03f, 'ACTIVE', '2020-07-31 19:53:10', '2020-07-31 19:57:51', NULL, 'none-id'),
(39, 'Garcia Moreno', 7, '#e5bedd', NULL, '[[0.511018515557544,-77.92083376257777],[0.4972003096062016,-77.87954920142055],[0.4824379706957606,-77.92203539221644]]', 0x0000000001030000000100000004000000cfd4bbf0ee7a53c0120b7f80435ae03fdfd4bb884a7853c00676543f21d2df3fa0d4bba0027b53c04c299f8243e0de3fcfd4bbf0ee7a53c0120b7f80435ae03f, 'ACTIVE', '2020-07-31 19:56:34', '2020-07-31 19:57:51', NULL, 'none-id'),
(40, 'Monte Olivo', 7, '#e5bedd', NULL, '[[0.4878721982842548,-77.90359262006768],[0.5041794179193684,-77.87561181562432],[0.4902753700083286,-77.86943200605401]]', 0x000000000103000000010000000400000056062476d47953c0f48a10504c39df3f290624060a7853c0d9f5e8df3c22e03f3f0624c6a47753c0bc150ef2ab60df3f56062476d47953c0f48a10504c39df3f, 'ACTIVE', '2020-07-31 19:57:04', '2020-07-31 19:57:51', NULL, 'none-id'),
(41, 'San Vicente de Pusir', 7, '#e5bedd', NULL, '[[0.49763567652737084,-77.94800523676622],[0.49471754254438155,-77.87195924677599],[0.48081347489604076,-77.91470292963731]]', 0x00000000010300000001000000040000003016281eac7c53c04181004f43d9df3f4116282ece7753c015147fc473a9df3f2a16287e8a7a53c01ce589e1a5c5de3f3016281eac7c53c04181004f43d9df3f, 'ACTIVE', '2020-07-31 19:57:51', '2020-07-31 19:57:51', NULL, 'none-id'),
(42, '27 de septiembre', 8, '#e5bedd', NULL, '[[0.5059313233342333,-77.95679202727482],[0.49202727911922695,-77.90529361418888],[0.48018307041973923,-77.9586803024213]]', 0x00000000010300000001000000040000000f8ea0143c7d53c0b8c2f7e29630e03f0b8ea054f07953c02da523fc5f7ddf3fed8da0045b7d53c0e7ebe2c551bbde3f0f8ea0143c7d53c0b8c2f7e29630e03f, 'ACTIVE', '2020-07-31 20:00:39', '2020-07-31 20:02:25', NULL, 'none-id'),
(43, 'El Goaltal', 8, '#e5bedd', NULL, '[[0.49106867390987624,-77.96324196988145],[0.4905537086739361,-77.92135659390489],[0.466865265656445,-77.92993966275255]]', 0x000000000103000000010000000400000081b1a5c1a57d53c00d1da24dab6ddf3fa9b1a581f77a53c0cce8eb613b65df3fc1b1a521847b53c02b7fe8d91ee1dd3f81b1a5c1a57d53c00d1da24dab6ddf3f, 'ACTIVE', '2020-07-31 20:01:17', '2020-07-31 20:02:25', NULL, 'none-id'),
(44, 'La Libertad', 8, '#e5bedd', NULL, '[[0.5032838029756448,-77.94571137076949],[0.5217366626606419,-77.9313776457939],[0.497705021078201,-77.91815971976851]]', 0x0000000001030000000100000004000000203afc88867c53c055614ca2e61ae03f493afcb09b7b53c0610de81511b2e03f643afc20c37a53c0ba7e252966dadf3f203afc88867c53c055614ca2e61ae03f, 'ACTIVE', '2020-07-31 20:01:54', '2020-07-31 20:02:25', NULL, 'none-id'),
(45, 'San Isidro', 8, '#e5bedd', NULL, '[[0.5082454804903404,-77.94681015762627],[0.5018084289241144,-77.91144791397393],[0.4914233057463509,-77.91788521560967],[0.5009501549016235,-77.95522156509698]]', 0x00000000010300000001000000050000008ea1a189987c53c05477a1068c43e03fa6a1a129557a53c018c2e28cd00ee03fb8a1a1a1be7a53c0dd0eabbc7a73df3fa3a1a159227d53c0a050879ec807e03f8ea1a189987c53c05477a1068c43e03f, 'ACTIVE', '2020-07-31 20:02:25', '2020-07-31 20:02:25', NULL, 'none-id'),
(46, 'Zona 1', 3, '#e5bedd', NULL, '[[0.33538922308889224,-78.2347798133667],[0.34534540726068297,-78.20413825758057],[0.32242900270425207,-78.1959843421753],[0.32066950129918675,-78.22242019422607]]', 0x0000000001030000000100000005000000060be9a1068f53c0953f265c0477d53f0f0be999108d53c0fb89809f231ad63fdc0ae9018b8c53c0b4627941ada2d43fec0ae9213c8e53c0cbe5395fd985d43f060be9a1068f53c0953f265c0477d53f, 'ACTIVE', '2024-02-22 22:30:49', '2024-02-22 22:30:49', NULL, 'none-id'),
(47, 'Zona uno', 218, '#e5bedd', NULL, '[[0.34174373807838776,-78.1954257229712],[0.3350490611458787,-78.20606872834229],[0.32998513580720057,-78.19971725739502],[0.32938433093416936,-78.19113418854737],[0.3401129838673165,-78.17774460114502],[0.34449027086001627,-78.18529770173096],[0.34268785881096353,-78.18958923615479]]', 0x0000000001030000000100000008000000493de4da818c53c0d634aa2021dfd53f433de43a308d53c0ef540b9e7171d53f553de42ac88c53c092509df9791ed53f3d3de48a3b8c53c0a1554b04a214d53f553de42a608b53c067eda93f69c4d53f5a3de4eadb8b53c0ed92c8eb200cd63f663de43a228c53c0e213950e99eed53f493de4da818c53c0d634aa2021dfd53f, 'ACTIVE', '2024-02-29 12:56:04', '2024-02-29 12:56:04', NULL, 'none-id');
SET FOREIGN_KEY_CHECKS=1;
COMMIT;

/*!40101 SET CHARACTER_SET_CLIENT=@OLD_CHARACTER_SET_CLIENT */;
/*!40101 SET CHARACTER_SET_RESULTS=@OLD_CHARACTER_SET_RESULTS */;
/*!40101 SET COLLATION_CONNECTION=@OLD_COLLATION_CONNECTION */;
